{"nuitka": {"warmup": [1.1728063999998994, 1.1682719000000361, 1.1540733999991062, 1.15780740000082, 1.150773900000786, 1.1498148999999103, 1.1569545999991533, 1.1662078000008478, 1.1515785999999935, 1.1603374000005715, 1.1454051000000618, 1.152017500000511, 1.162165499999901, 1.1560943000004045, 1.1647217999998247, 1.1594844000010198, 1.173937499999738, 1.1545220999996673, 1.1525029000003997, 1.1468640000002779, 1.1513031000013143, 1.156425400000444, 1.1527510000014445, 1.1534790999994584, 1.1655981999992946, 1.1672744000006787, 1.151460800001587, 1.1574980999994295, 1.1622023999989324, 1.154642800000147, 1.1446230000001378, 1.1583154999989347, 1.1564656999998988, 1.1511468999997305, 1.158511699999508, 1.1528099999995902, 1.1591840000000957, 1.1609588000010262, 1.1537736000009318, 1.1507497000002331, 1.1572270999986358, 1.1580058000017743, 1.2384748000004038, 1.1593308999999863, 1.1539069000009476, 1.1562827999987348, 1.1679343000014342, 1.1538306999991619, 1.166772900000069, 1.152044600001318, 1.1648619000006875, 1.1524023000001762, 1.1819617000001017, 1.2373574000012013, 1.1693987999988167, 1.1519839000011416, 1.1513963999987027, 1.1598604999999225, 1.166958000001614, 1.1545057999992423, 1.155023200000869, 1.1542268000011973, 1.15230530000008, 1.1672432000013941, 1.1504343999986304, 1.1528240000006917, 1.1512913000005938, 1.1537353999992774, 1.152755299999626, 1.1538098999990325, 1.1589306999994733, 1.1515500000004977, 1.1516214999992371, 1.1468069999991712, 1.149216499999966, 1.1486060000006546, 1.1554603000004136, 1.1530012999992323, 1.1524771000003966, 1.1516067999982624, 1.1558864999988145, 1.1535951000005298, 1.158097600000474, 1.1503002999997989, 1.150578900000255, 1.1552577999991627, 1.1575456999999005, 1.158449799999289, 1.159734799999569, 1.1509815999997954, 1.153910499999256, 1.1550703000011708, 1.166143700000248, 1.1447996999995667, 1.1520736000002216, 1.1510168999993766, 1.1578227000009065, 1.1637782999987394, 1.1510037999996712, 1.1611921999992774], "benchmark": [1.155182499998773, 1.1534644000003027, 1.151974500000506, 1.165879500000301, 1.153286199998547, 1.1545289999994566, 1.151433500001076, 1.1520104000010178, 1.1572321000003285, 1.1568554999994376, 1.148858200000177, 1.1511515000001964, 1.1499273000008543, 1.1595071000010648, 1.1460932000009052, 1.1574284999987867, 1.1584723000014492, 1.159604300000865, 1.152026300000216, 1.148718500000541, 1.15415159999975, 1.1506154999988212, 1.1539089999987482, 1.152482700001201, 1.1419332000004943, 1.1509958000006009, 1.1608211000002484, 1.154400599998553, 1.1546207999999751, 1.1558663000014349, 1.1588429000003089, 1.1577509999988251, 1.1494048999993538, 1.1540332999993552, 1.1672337999989395, 1.1443063999995502, 1.1641985000005661, 1.1516016000005038, 1.1510336999999708, 1.2397922000000108, 1.1538179999988643, 1.1500476000001072, 1.1573157999991963, 1.1510287000000972, 1.1564328000004025, 1.1556197000008979, 1.153544699998747, 1.1595503000007739, 1.1578468999996403, 1.1501635000004171, 1.1506055999998352, 1.1563476999999693, 1.1501251000008779, 1.1624793000009959, 1.1532329000001482, 1.15327360000083, 1.1534266999988176, 1.1637750999998389, 1.1519155999994837, 1.155623900000137, 1.1633536999997887, 1.1552049000001716, 1.1778828000005888, 1.1547661000004155, 1.1753996000006737, 1.1519872000008036, 1.1636189999990165, 1.150579099999959, 1.1559723999998823, 1.1515583999989758, 1.150754500000403, 1.1655554000008124, 1.163121499999761, 1.157005900000513, 1.152150800000527, 1.1539555999988806, 1.1602139999995416, 1.1571972999990976, 1.153615200000786, 1.2006368000002112, 1.148036200000206, 1.1674812000001111, 1.1502171000011003, 1.1644201000017347, 1.1534902000003058, 1.151238899999953, 1.1504089999998541, 1.1519588999999542, 1.1581289999994624, 1.1599737999986246, 1.159399800000756, 1.1517820999997639, 1.1542229000006046, 1.1519559000007575, 1.1514073999987886, 1.1568013999985851, 1.1499337000004743, 1.156017300001622, 1.1560793000007834, 1.1513734000000113]}, "cpython": {"warmup": [1.186130799998864, 1.181899399998656, 1.186064499999702, 1.170984900001713, 1.1729514000016934, 1.1652001999991626, 1.1716106999992917, 1.164084100000764, 1.166954700000133, 1.1835485000010522, 1.1692438000009133, 1.1770850000011706, 1.180565699998624, 1.1663208000009035, 1.167443500000445, 1.1725420000002487, 1.1705235999997967, 1.1793484000008903, 1.174914200000785, 1.1712900999991689, 1.168429900000774, 1.1747437000012724, 1.1758805000008579, 1.1691377999995893, 1.1703059999999823, 1.1707927999996173, 1.168318799998815, 1.182926800000132, 1.1726111999996647, 1.1679459000006318, 1.1859753000007913, 1.169166400000904, 1.1737378000016179, 1.1874550000011368, 1.1681968000011693, 1.1575199000017165, 1.1602958000003127, 1.1657033000010415, 1.197646700000405, 1.1678667999985919, 1.1663373000010324, 1.1770704999998998, 1.1640521999997873, 1.1648783000000549, 1.1704348000002938, 1.1662166999994952, 1.1678914000003715, 1.1706348000006983, 1.1759247000009054, 1.2026829999995243, 1.173939700000119, 1.1641443999997136, 1.1806883000008384, 1.1714234999999462, 1.1671026000003621, 1.262300000000323, 1.1573376000014832, 1.1664176000012958, 1.1730437999995047, 1.1638251000003947, 1.2127022000004217, 1.17375390000052, 1.1669769000000088, 1.1641043999989051, 1.1671439000001556, 1.1685443999995186, 1.1836996999991243, 1.202702999999019, 1.1704991000005975, 1.2030118000002403, 1.1825410000001284, 1.1735575999991852, 1.161382100000992, 1.1744577999998, 1.1750955999996222, 1.164783099999113, 1.1635132999999769, 1.228904400000829, 1.1695154999997612, 1.1694384000002174, 1.1670452999987901, 1.16929749999872, 1.1628937999994378, 1.171866200000295, 1.1713990999996895, 1.1662580000011076, 1.166780600000493, 1.1675763000002917, 1.1678566000009596, 1.1703264000007039, 1.1672471000001678, 1.1708099999996193, 1.2017888999998831, 1.175571100000525, 1.1726132999992842, 1.1651920000003884, 1.1653568000001542, 1.1742233999993914, 1.170955599998706, 1.1775510000006761], "benchmark": [1.1731284000015876, 1.1706195999995543, 1.1759088999988307, 1.1852604000014253, 1.1733605000008538, 1.1734796000000642, 1.1687851000006049, 1.1671136999993905, 1.1690674000001309, 1.1829089000002568, 1.1858142000000953, 1.1660224000006565, 1.1761089999999967, 1.1734620000006544, 1.1668774999998277, 1.1664319000010437, 1.2119029999994382, 1.202070499999536, 1.167223999998896, 1.1718904999997903, 1.1720672999999806, 1.1682593999994424, 1.1711064999999508, 1.169231600000785, 1.1690569000002142, 1.1765773000006448, 1.182778700000199, 1.1676104999987729, 1.1802686999999423, 1.1658434999990277, 1.165339799999856, 1.1707624000009673, 1.173993899999914, 1.1679699000014807, 1.1699759000002814, 1.169583100001546, 1.1663938999990933, 1.1751471999996284, 1.1649606000009953, 1.1759401999988768, 1.1736749000010605, 1.1639591000002838, 1.1672510000007605, 1.1686361000010947, 1.176815599999827, 1.1687870000005205, 1.1778353999998217, 1.1617733999992197, 1.173043000000689, 1.1816306999990047, 1.1689444999992702, 1.1701973999988695, 1.1706426000000647, 1.1687032000008912, 1.165387600000031, 1.1755622000000585, 1.1675471999988076, 1.174145099999805, 1.1808505999997578, 1.1731046000004426, 1.1813074000001507, 1.1732176999994408, 1.1622509000007994, 1.1635675999987143, 1.1693577000005462, 1.1691897000000608, 1.1733438999999635, 1.167331999999078, 1.1907073999991553, 1.1613631000000169, 1.1712320000006002, 1.1694884999997157, 1.1743224000001646, 1.1661585999991075, 1.1670742000005703, 1.1697251999994478, 1.1678431000000273, 1.1782960000000458, 1.1687402999996266, 1.1685763000004954, 1.159562899998491, 1.177180099999532, 1.1683548000000883, 1.1875264000009338, 1.1658422000000428, 1.1667540999987978, 1.1658912999992026, 1.1788094999992609, 1.1679339000002074, 1.1788030999996408, 1.1681295999987924, 1.1711752000010165, 1.1703061999996862, 1.169488800000181, 1.1640920000008919, 1.1711313999985578, 1.1710564999993949, 1.170913300000393, 1.1677070000005187, 1.2007322999997996]}}