{"nuitka": {"warmup": [1.251841900011641, 1.2505847000138601, 1.2353072999976575, 1.2310464000038337, 1.2535676999978023, 1.2297160999878542, 1.2516983000095934, 1.226160100006382, 1.2426508000062313, 1.2287682000023779, 1.2264232000015909, 1.236525199987227, 1.2291479999985313, 1.2320932000002358, 1.2292779999988852, 1.2334529000072507, 1.2619554999982938, 1.2286410999950022, 1.2412652999919374, 1.2485237999935634, 1.2336132000054931, 1.2283233999914955, 1.233285700000124, 1.2352439000096638, 1.2363840000034543, 1.226161200000206, 1.234112300007837, 1.229451200008043, 1.225005100000999, 1.2299687000049744, 1.2263109999912558, 1.2646308000112185, 1.2409170000028098, 1.235483500000555, 1.231617900004494, 1.2275167000043439, 1.2240286000014748, 1.2412177999940468, 1.2274256000091555, 1.2295912999979919, 1.2283523999940371, 1.238929699989967, 1.2432936000113841, 1.2339296999998624, 1.2376736999867717, 1.2263311999995494, 1.2264260000083596, 1.230897499990533, 1.2364369999995688, 1.2242385999998078, 1.2327669999940554, 1.239060799998697, 1.2290521999966586, 1.2465396000043256, 1.225745999996434, 1.2540034999983618, 1.239749300002586, 1.2346220000035828, 1.2361732999997912, 1.2320328999921912, 1.2274037000024691, 1.230079000000842, 1.2271087000117404, 1.2658665999915684, 1.2484273000009125, 1.233334200005629, 1.2336368999967817, 1.2316854000091553, 1.2311278999986826, 1.2242852000053972, 1.2354597999947146, 1.22993800000404, 1.2314078000053996, 1.2459380000072997, 1.2318487000011373, 1.247969699994428, 1.2262115000048652, 1.2263058999960776, 1.232158900005743, 1.2338919000030728, 1.2494195000035688, 1.225881099991966, 1.2390909000096144, 1.2338727999886032, 1.2393465000059223, 1.2276822999992874, 1.2348188000032678, 1.2288323000102537, 1.236052500011283, 1.2321414000034565, 1.232897399997455, 1.2416647999925772, 1.2286103000078583, 1.2274976000044262, 1.252093100003549, 1.236290700006066, 1.2269828999997117, 1.2417504000040935, 1.2357472000003327, 1.224853699997766], "benchmark": [1.2253094000043347, 1.237043100001756, 1.2396013999969, 1.235613299999386, 1.2347152000002097, 1.2505289999971865, 1.2549104999925476, 1.237017100007506, 1.2338133000012022, 1.2913541000016266, 1.2269684000057168, 1.230146899993997, 1.2275817000045208, 1.2527847000019392, 1.2345628000039142, 1.231545400005416, 1.236010599997826, 1.2427733999938937, 1.2290256999986013, 1.2319264999969164, 1.2390914999996312, 1.2394094999908702, 1.2283012999978382, 1.2362469000072451, 1.229011300005368, 1.2363917999900877, 1.2282059999997728, 1.2258392000076128, 1.2282389999891166, 1.2301342999999179, 1.2272743999928934, 1.2327252999966731, 1.2332893999991938, 1.227151800005231, 1.2446310000086669, 1.2349518999981228, 1.225093899993226, 1.2270750000025146, 1.227770800003782, 1.2349663999921177, 1.227340199999162, 1.2274675999942701, 1.2286243999988073, 1.2368195000017295, 1.233903399988776, 1.2360157999937655, 1.2275506000005407, 1.2296642000001157, 1.2330560000118567, 1.2357079000066733, 1.2315611000085482, 1.2341097000025911, 1.2356011999945622, 1.2353307000012137, 1.2505478000093717, 1.2330100999970455, 1.242570300004445, 1.242158399996697, 1.2293877999909455, 1.2401587000058498, 1.2328011999925366, 1.23176290000265, 1.2300184999912744, 1.2372321000002557, 1.2312450999888824, 1.231581299987738, 1.2264980000036303, 1.2298780999990413, 1.231127999999444, 1.2344493999989936, 1.2645611000043573, 1.235458999988623, 1.232918099995004, 1.236400900001172, 1.225807300012093, 1.2323040999908699, 1.2662967999931425, 1.2343106999906013, 1.2303613999974914, 1.2249062999908347, 1.2310062999895308, 1.2396485000062967, 1.2274557999917306, 1.2282099000003655, 1.2415455999871483, 1.228040299989516, 1.2294778999930713, 1.2265141999960179, 1.2376760999904945, 1.2307857999985572, 1.232131600001594, 1.2385312000114936, 1.22608210000908, 1.229052100010449, 1.2347325000009732, 1.2703311999939615, 1.2530862999992678, 1.2399855000112439, 1.2420911000081105, 1.2279995999997482]}, "cpython": {"warmup": [1.2673386999958893, 1.2767862000036985, 1.2407655000133673, 1.2829751999961445, 1.236954699998023, 1.2422204000031343, 1.239485500002047, 1.2369589000009, 1.2385306999931345, 1.2427333000086946, 1.264149599999655, 1.2424661999975797, 1.2492821000050753, 1.2467947999975877, 1.2473399000009522, 1.2436725000006845, 1.2430422000034014, 1.2411843000008957, 1.23874609998893, 1.2432453999936115, 1.2869962999975542, 1.2395328999991762, 1.2381383000029018, 1.2402652000018861, 1.239217100010137, 1.2405658000061521, 1.2432861999986926, 1.2778937999974005, 1.2372267000027932, 1.2583070999971824, 1.3126811999973143, 1.2376726000074996, 1.270124400005443, 1.2382925000129035, 1.2400484000099823, 1.2399525999935577, 1.2612353000004077, 1.2375972000008915, 1.2435253000003286, 1.2765665000042645, 1.2449632000061683, 1.23671430000104, 1.2432718000054592, 1.243080000000191, 1.2512042999878759, 1.2394649000052596, 1.240779100000509, 1.2387449000088964, 1.2416579999990063, 1.244659199990565, 1.2408769000030588, 1.2393772999930661, 1.241397899997537, 1.2387652000033995, 1.2510272999934386, 1.2392802000103984, 1.2401935999951093, 1.2417147000087425, 1.2393347999895923, 1.2393478000012692, 1.239924900000915, 1.241988699999638, 1.2654019999899901, 1.2643768999987515, 1.2400201000127709, 1.2472670999995898, 1.240791399992304, 1.2419134000083432, 1.2463973999983864, 1.2688341999892145, 1.2401218000013614, 1.260925499998848, 1.2667371999996249, 1.2400150000030408, 1.247137999991537, 1.2419778000039514, 1.2438107999914791, 1.2667900000087684, 1.2697699999989709, 1.236641099996632, 1.2466825999872526, 1.2425655999977607, 1.2414357000088785, 1.2557851000019582, 1.2425704000052065, 1.283520299999509, 1.2795618000091054, 1.2457873000093969, 1.244198000000324, 1.281051000012667, 1.246944300000905, 1.2389571000094293, 1.2400498999923002, 1.2605776999989757, 1.2395842999976594, 1.246060799996485, 1.2507672999927308, 1.2383362999971723, 1.2454732999904081, 1.2397370999970008], "benchmark": [1.238796799996635, 1.2427587999991374, 1.2420419999980368, 1.239519199996721, 1.2727668000006815, 1.238522900006501, 1.238565200008452, 1.2686342999950284, 1.2535384999937378, 1.2507881000055932, 1.2395130999939283, 1.2442678000079468, 1.241461799989338, 1.2434781000047224, 1.2962835999933304, 1.2423751000023913, 1.28423190000467, 1.2391684000031091, 1.257531100010965, 1.2655453999905149, 1.2430339999991702, 1.2425297000008868, 1.2399602999939816, 1.241909400006989, 1.239127599998028, 1.24376339999435, 1.2502936000091722, 1.238922000004095, 1.2628477999969618, 1.2481699000054505, 1.246453300002031, 1.2600402999960352, 1.2430510999984108, 1.3136920999968424, 1.2453920999978436, 1.2627475999906892, 1.2406391999975313, 1.2405285999993794, 1.240781500004232, 1.238402799994219, 1.2477501000103075, 1.2609835999901406, 1.237187399994582, 1.2397577000083402, 1.2416677000001073, 1.241644699999597, 1.2460050000081537, 1.2422819000057643, 1.2387941000051796, 1.2429214000003412, 1.3143185999942943, 1.250912800009246, 1.2393563000077847, 1.2494879000005312, 1.2420970000093803, 1.2502108000044245, 1.2456581000005826, 1.236518600009731, 1.243883300005109, 1.2532625000021653, 1.2400840000045719, 1.2412868999963393, 1.2411138000024948, 1.246891200004029, 1.2526538999954937, 1.266596399989794, 1.2376443999964977, 1.2507467000104953, 1.24096309999004, 1.2498666000028607, 1.2556433999998262, 1.2398769999999786, 1.238001699995948, 1.2572375000017928, 1.2596541000093566, 1.238240799997584, 1.2455535999906715, 1.2411477000132436, 1.2423134999989998, 1.2418929999985266, 1.244807299997774, 1.2397531000024173, 1.26070690000779, 1.2960967999970308, 1.2406481999933021, 1.2478670999989845, 1.2440086999995401, 1.2853988999995636, 1.240433099999791, 1.2439589999994496, 1.2440035000036005, 1.2410035000066273, 1.2751881000003777, 1.2643250999972224, 1.2419238000002224, 1.2648600000102306, 1.2392855000070995, 1.2377304000110598, 1.2390112000139197, 1.2587968000007095]}}