{"nuitka": {"warmup": [1.247030900005484, 1.2162117000116268, 1.219368799997028, 1.2287081999966176, 1.2318488000018988, 1.2431302000040887, 1.2477201000001514, 1.2250535000057425, 1.231862300002831, 1.2296035000035772, 1.2205598000000464, 1.224976700003026, 1.2355452999909176, 1.2268544000107795, 1.2301489999954356, 1.2171309999976074, 1.2280859000020428, 1.2248357999924337, 1.2367757000029087, 1.2385550000035437, 1.2435381999966921, 1.240481800006819, 1.2264062000031117, 1.237464399993769, 1.2330094000062672, 1.2375834999984363, 1.2326413999981014, 1.2376635999971768, 1.2408314999920549, 1.2292959000042174, 1.2379710999957751, 1.2352494999940973, 1.2282848000031663, 1.255314099995303, 1.23325350000232, 1.2273298999934923, 1.2275362000073073, 1.2369600999954855, 1.2381603000103496, 1.225448699988192, 1.2112816000008024, 1.232050500009791, 1.2312042999983532, 1.2289108999975724, 1.218759700001101, 1.2286009999952512, 1.2252635000040755, 1.2665559000015492, 1.2125206000055186, 1.2232703000045149, 1.2561338000086835, 1.215131199991447, 1.2416758999897866, 1.2332344000024023, 1.2365806000016164, 1.238925500001642, 1.247769599998719, 1.2139242999983253, 1.2267098000011174, 1.2275415000040084, 1.2371367000014288, 1.2375944000086747, 1.2256629000039538, 1.2539699000044493, 1.2417759000090882, 1.210277500009397, 1.232361000002129, 1.2222285000025295, 1.234478800004581, 1.2405223999958253, 1.2439183999958914, 1.2252892999968026, 1.231205600008252, 1.2108789000049, 1.2256878000043798, 1.2285282999946503, 1.2227713000029325, 1.2320260999986203, 1.2278997999965213, 1.2271193000051426, 1.2398727999971015, 1.2334560000017518, 1.2431709999946179, 1.2279530999949202, 1.2470267999888165, 1.2412111000012374, 1.2428711999964435, 1.2250701999873854, 1.2325724999973318, 1.2270284999976866, 1.220929300005082, 1.2218847000040114, 1.2222799000010127, 1.248926299987943, 1.2260283999930834, 1.2268171999894548, 1.226811100001214, 1.2280011999973794, 1.2415544000105, 1.2306291999993846], "benchmark": [1.2288292999874102, 1.2454097000008915, 1.241448999993736, 1.2274659999966389, 1.2381327000039164, 1.2278498000086984, 1.2237484999932349, 1.2463513000111561, 1.2384511999989627, 1.2444864999997662, 1.2335741999995662, 1.2317765000043437, 1.2307530999969458, 1.2540166999970097, 1.228658499996527, 1.2337314000033075, 1.2305855000013253, 1.2255970999976853, 1.2269439000083366, 1.231766000011703, 1.2206165000097826, 1.2275321000051918, 1.2219792999967467, 1.2183513000054518, 1.230566899990663, 1.2233864000008907, 1.2240501000051154, 1.226706200002809, 1.2253236999968067, 1.229255700003705, 1.2355576999980258, 1.2349632999976166, 1.239158900003531, 1.235861000008299, 1.2436407999921357, 1.24552459998813, 1.2282276999903843, 1.2259378000017023, 1.2240840999875218, 1.2224711000017123, 1.2191103999939514, 1.222930499992799, 1.2232694999984233, 1.2455055000027642, 1.2256760000018403, 1.2272836999909487, 1.2352086000028066, 1.225272199997562, 1.2168780999927549, 1.2379540000110865, 1.2198408999975072, 1.214611800009152, 1.228840499999933, 1.2375583999964874, 1.237772299995413, 1.221243299994967, 1.2206067000079202, 1.2325990999961505, 1.239446899999166, 1.2224243999953615, 1.233198399990215, 1.22893660000409, 1.2151461000030395, 1.2254059999977471, 1.2215888000064297, 1.209229599990067, 1.238557499993476, 1.2400431999994908, 1.215843700003461, 1.2288109000073746, 1.2349239000031957, 1.2459555999957956, 1.231755200002226, 1.2367468000011286, 1.2426241000066511, 1.217841400008183, 1.2210070000000997, 1.215029200000572, 1.2242196000006516, 1.2365883000020403, 1.2164847999956692, 1.2191051999980118, 1.2194546999962768, 1.2168286000087392, 1.2304157999897143, 1.238818400001037, 1.237167600003886, 1.2229214999970281, 1.2369518999912543, 1.2358219999878202, 1.2244682999880752, 1.2502438000083202, 1.2331931999942753, 1.2448485000059009, 1.2314422999916133, 1.2317220000113593, 1.211937100000796, 1.2466351999901235, 1.2329382000025362, 1.2378410000092117]}, "cpython": {"warmup": [1.6894518999906722, 1.6544649999996182, 1.6743481000012252, 1.7156499000120675, 1.6520243999984814, 1.6860415999981342, 1.6393268999963766, 1.6672375999914948, 1.7357706000038888, 1.6616379999904893, 1.7004163000092376, 1.6557706000021426, 1.6899686000106158, 1.6534696000016993, 1.6593571999983396, 1.681665600000997, 1.672099800009164, 1.6850516999984393, 1.652556100001675, 1.6576129000022775, 1.665483700009645, 1.6622205000021495, 1.7023703000013484, 1.6683677999972133, 1.6686751999950502, 1.6735914000018965, 1.764395299993339, 1.65694749999966, 1.662421599990921, 1.7146098000084748, 1.688094800003455, 1.6518772999988869, 1.654503300000215, 1.6586105999886058, 1.6695869000104722, 1.6545194999926025, 1.6789883999881567, 1.6607152999931714, 1.6698170000017853, 1.6817065999930492, 1.7561795999936294, 1.670468800002709, 1.6502832999976818, 1.6584926999930758, 1.6768608999991557, 1.7093182999960845, 1.6764672999997856, 1.6782883999985643, 1.6514826999919023, 1.681914400003734, 1.683372600004077, 1.6543201000022236, 1.6624828000058187, 1.7002325999928871, 1.6696778000041377, 1.6487661999999546, 1.683746800001245, 1.6595516000088537, 1.714521700007026, 1.677345600008266, 1.6454496000078507, 1.6545533000025898, 1.6829127999953926, 1.6702909000014188, 1.655477799999062, 1.6557037999882596, 1.660284199999296, 1.6869851000083145, 1.6618996000033803, 1.6716827000054764, 1.6645408000040334, 1.6884656000038376, 1.6597803000040585, 1.6793249999900581, 1.6705924999987474, 1.669650099996943, 1.6862705999956233, 1.664221799990628, 1.6562935000110883, 1.6542379000020446, 1.6645367999881273, 1.676815800004988, 1.6541930999956094, 1.6904815000016242, 1.7504109000001336, 1.672923299993272, 1.652056699997047, 1.6586153999960516, 1.6457857000059448, 1.6854354999959469, 1.662876199989114, 1.664538500001072, 1.6524011000001337, 1.6773961999861058, 1.6833968999999342, 1.6519220999907702, 1.6541696999920532, 1.6684070000046631, 1.6834544000012102, 1.6635177999996813], "benchmark": [1.6861109000019496, 1.6840480999962892, 1.6792682999948738, 1.6721643999917433, 1.6696185999899171, 1.6484197999961907, 1.6710782000009203, 1.8141104000096675, 1.6556951999955345, 1.6569829000072787, 1.6713549999985844, 1.6599242999946, 1.6624306000012439, 1.679258000003756, 1.67178970000532, 1.6978302000061376, 1.7077086999925086, 1.6588790999958292, 1.6715314000030048, 1.6632780999934766, 1.6756266000011237, 1.6557255999941844, 1.6556119000015315, 1.6846549000038067, 1.6558473000040976, 1.668785999994725, 1.6862970999936806, 1.6627431999950204, 1.6987789000122575, 1.6510674999881303, 1.6638744000083534, 1.674472099999548, 1.6891161000094144, 1.6662486999994144, 1.6579094000044279, 1.6877709999971557, 1.6643600999959745, 1.6832510999956867, 1.661020700004883, 1.6602847999893129, 1.6712127999926452, 1.6718820000096457, 1.679575999994995, 1.6627923000050941, 1.6745036999927834, 1.6564531000040006, 1.6575731999910204, 1.6541653000022052, 1.6866104000073392, 1.648023199988529, 1.6692029999976512, 1.665431700006593, 1.6705612999940058, 1.6508368999930099, 1.671139400001266, 1.685253699994064, 1.6557961999933468, 1.648456900002202, 1.6698746000038227, 1.6653760999906808, 1.6446848000050522, 1.7030323000071803, 1.6630620999931125, 1.6739282000053208, 1.6821395000006305, 1.6917313000012655, 1.661281799999415, 1.6560152000020025, 1.6629235000000335, 1.7139355999970576, 1.6662100999965332, 1.6930673000024399, 1.6800228000065545, 1.6964425999904051, 1.6618438000004971, 1.6422707000019727, 1.6797035000054166, 1.677630499994848, 1.6833940999931656, 1.6716924000065774, 1.6759588999993866, 1.6662512000038987, 1.6563888999953633, 1.6817038000008324, 1.6608689999993658, 1.6769232000078773, 1.6955229000013787, 1.6671491000015521, 1.6686520999937784, 1.6722024000046076, 1.6636755000072299, 1.667881600005785, 1.6935594999958994, 1.6809687000059057, 1.6696473000047263, 1.7001927999954205, 1.6725732999911997, 1.6635418000078062, 1.6775320999877295, 1.6667617999919457]}}