{"nuitka": {"warmup": [1.2798238000104902, 1.2713526000006823, 1.2799834000034025, 1.2700772999960463, 1.2653818000108004, 1.2776954000000842, 1.2609759999904782, 1.2596074000030058, 1.2558539000019664, 1.2617195000057109, 1.2790480999974534, 1.2547908999986248, 1.2481944000028307, 1.2592557000025408, 1.267550200005644, 1.2757073999964632, 1.2718708999891533, 1.2502861000102712, 1.2534281000116607, 1.2860567000025185, 1.2626370999932988, 1.2637077999970643, 1.2586459000012837, 1.2610383999999613, 1.2544861999922432, 1.2598996000015177, 1.2901249999995343, 1.273253500010469, 1.272837399999844, 1.2693875999975717, 1.2522289000044111, 1.2718026999937138, 1.2702933000109624, 1.2571349000063492, 1.2675455999997212, 1.2750693999987561, 1.2492520999949193, 1.2514128000038909, 1.2588318000052823, 1.2620072999998229, 1.280746899996302, 1.2689474999933736, 1.2673743999912404, 1.262994400007301, 1.2647604999947362, 1.2595398999983445, 1.2788891000091098, 1.2711590000108117, 1.2671007000026293, 1.2606554000085453, 1.2693570999981603, 1.2905717999965418, 1.2657597000070382, 1.297590999995009, 1.2611964999960037, 1.268203599989647, 1.2505136999971, 1.2753168999915943, 1.2594267999957083, 1.2626739999977872, 1.2825960000045598, 1.2703422000049613, 1.2572190000064438, 1.3039798000099836, 1.2680546000046888, 1.266698000006727, 1.2687189999996917, 1.2662689999997383, 1.280773299993598, 1.258891000004951, 1.2527512999949977, 1.247787900007097, 1.2638996000023326, 1.2653187999967486, 1.2694857999886153, 1.2711827000021003, 1.2573524000035832, 1.2533071000070777, 1.273355500001344, 1.285727800001041, 1.2622119000006933, 1.255884199999855, 1.269544800001313, 1.2917775000096299, 1.2568116000038572, 1.2664754000143148, 1.2632010000088485, 1.27259390000836, 1.258912599994801, 1.2788559000036912, 1.2764853999979096, 1.2767062000057194, 1.2586164999956964, 1.2839075999945635, 1.258889699995052, 1.2525866000069072, 1.2591984999889974, 1.2840706999995746, 1.265494099992793, 1.2551988999912282], "benchmark": [1.2596233999938704, 1.266980300002615, 1.2528662999975495, 1.27036660000158, 1.2533549000072526, 1.26954239999759, 1.2605789999943227, 1.2622127000067849, 1.25346229999559, 1.2600262000050861, 1.2643329999991693, 1.2665579000022262, 1.2566251999960514, 1.2548134000098798, 1.2851940000109607, 1.2659158000024036, 1.2708840000123018, 1.2634322999947472, 1.2669940000050701, 1.2681913999986136, 1.2761671000043862, 1.2554506000014953, 1.2574950000125682, 1.2644240999943577, 1.2689468000025954, 1.2752773000102025, 1.2711051999940537, 1.2707071999902837, 1.2636483000096632, 1.2985042000073008, 1.2676058000070043, 1.2692323999945074, 1.2544109000009485, 1.267599800004973, 1.2588056000095094, 1.2551839999941876, 1.2800709000002826, 1.2621851000003517, 1.285787500004517, 1.2565117999911308, 1.2713820999924792, 1.281443700005184, 1.2605143999971915, 1.2624981999979354, 1.2621668999927351, 1.2646423999976832, 1.2651744000031613, 1.2774705000047106, 1.2727831000083825, 1.2811813000007533, 1.2634364999976242, 1.264253600005759, 1.254558000000543, 1.2773807999910787, 1.2818313000025228, 1.2797045999905095, 1.2879506000026595, 1.2690380999993067, 1.2617587999993702, 1.2470062999927904, 1.2694109000003664, 1.27781369999866, 1.2617977999907453, 1.2634516999969492, 1.2508991999930004, 1.266630999991321, 1.268978199994308, 1.2574204999982612, 1.2756319000036456, 1.2809303999965778, 1.2727374999958556, 1.272964999996475, 1.2620984999957727, 1.2637793000030797, 1.2666649000020698, 1.2661359000048833, 1.2557644000044093, 1.2653646999970078, 1.248759499998414, 1.2534802000009222, 1.2858561000030022, 1.2679187999892747, 1.2608659000106854, 1.2613606999948388, 1.262580499998876, 1.2612751000124263, 1.262995700002648, 1.2551247000083094, 1.2767950000124983, 1.278342599995085, 1.254807700010133, 1.2740552999894135, 1.2637973000091733, 1.2567120000021532, 1.2588546000042697, 1.2465197000128683, 1.2758660999970743, 1.2660571000014897, 1.2715955000021495, 1.272815600008471]}, "cpython": {"warmup": [1.7982069999998203, 1.7646669999958249, 1.7664050000021234, 1.761301700011245, 1.7514930000033928, 1.7671474999951897, 1.7647244000108913, 1.7545262999919942, 1.7515516999992542, 1.7521437000104925, 1.759992899998906, 1.7787269000109518, 1.809613299992634, 1.789024800003972, 1.8133719000034034, 1.7890885999950115, 1.7422138999972958, 1.814848299996811, 1.8027575999876717, 1.7440765000064857, 1.7777203000005102, 1.8274617999995826, 1.814030499997898, 1.7773280999972485, 1.7451364000007743, 1.7465755000011995, 1.7439754999941215, 1.758053600002313, 1.7506234999891603, 1.7601809000043431, 1.762170599991805, 1.765289600007236, 1.769363900006283, 1.760408300004201, 1.761457500004326, 1.7737465999962296, 1.752187899997807, 1.7720725999970455, 1.7588085000024876, 1.751811900001485, 1.8136544000008143, 1.7667583000002196, 1.8035131999931764, 1.7704051999899093, 1.7758956000034232, 1.8061729000037303, 1.7649939999973867, 1.7418146999989403, 1.7797403000004124, 1.7858018999977503, 1.7998368999978993, 1.7788963000057265, 1.817338099994231, 1.7856653000053484, 1.7499282999924617, 1.7758308000047691, 1.7603139999991981, 1.774157900013961, 1.7597750999993877, 1.7714176000008592, 1.7784034000069369, 1.7832697999983793, 1.7549114000139525, 1.78465590000269, 1.765781900001457, 1.7697087999986252, 1.753444000001764, 1.78827160000219, 1.774452099998598, 1.7774599000113085, 1.7513338000135263, 1.7626479000027757, 1.7647383000003174, 1.7783933999889996, 1.763967999999295, 1.7716839999920921, 1.7901335000060499, 1.758169300010195, 1.7880778999970062, 1.7538303000037558, 1.7443160000111675, 1.7910772000032011, 1.8682283999951323, 1.7596522999956505, 1.7709820000018226, 1.800236800001585, 1.777468400003272, 1.7550554999907035, 1.748123299999861, 1.7521395000076154, 1.7660651999904076, 1.7762623000016902, 1.7802823999954853, 1.7691167000011774, 1.7669416999997338, 1.7464733000088017, 1.7486573999922257, 1.7775495999958366, 1.7766231999994488, 1.7629182999953628], "benchmark": [1.7619978000002448, 1.7565905000083148, 1.8026592999958666, 1.7494503999914741, 1.8738913999986835, 1.8028470000135712, 1.7880917000002228, 1.766686299990397, 1.7863786999951117, 1.7619581000035396, 1.7711912000086159, 1.7621412000007695, 1.7603503999998793, 1.7695568000053754, 1.766226599997026, 1.7531248000013875, 1.756663899999694, 1.7917981000064174, 1.7468307000090135, 1.775696099997731, 1.7628128999931505, 1.7641931000107434, 1.795270700007677, 1.7660995000042021, 1.7556019000039669, 1.7437091000028886, 1.7675239000091096, 1.75391889999446, 1.8178080000070622, 1.7630718000000343, 1.7447427000006428, 1.738096700006281, 1.7463372999918647, 1.773513100008131, 1.780313399998704, 1.7659409000043524, 1.7633957999933045, 1.7588312000007136, 1.773917700003949, 1.7985346999921603, 1.7713156999961939, 1.7717153999983566, 1.7935799999977462, 1.7515341000107583, 1.795189600001322, 1.7479522000066936, 1.7568721999996342, 1.7361731999990297, 1.7618577999965055, 1.7931053999927826, 1.7762053000042215, 1.7976941000088118, 1.7796532999927877, 1.7658075999934226, 1.757815599994501, 1.7885227000078885, 1.7360803999908967, 1.7593831999984104, 1.7827564000035636, 1.8371380000025965, 1.7706743000017013, 1.75993980000203, 1.7432158999872627, 1.7563040000095498, 1.8171849000063958, 1.7717149000091013, 1.7839928999892436, 1.7529918999935035, 1.8064402999880258, 1.7665841999987606, 1.740572800001246, 1.741705099993851, 1.7709902000060538, 1.7952237999998033, 1.7754330999887316, 1.745968500006711, 1.8044961000123294, 1.783408799994504, 1.7673379000043496, 1.7966854000114836, 1.7867971999949077, 1.7834354000078747, 1.7387664999987464, 1.8146746999991592, 1.7621437000052538, 1.7410241999896243, 1.7922763999958988, 1.7766028000041842, 1.8114137999946252, 1.8052655999927083, 1.7635601999936625, 1.8256088000052841, 1.7882756999897538, 1.7937919999967562, 1.80359419999877, 1.7707793000008678, 1.7671950000076322, 1.7649829000001773, 1.7842164000030607, 1.7697540999943158]}}