{"nuitka": {"warmup": [1.5988841999933356, 1.5729770999896573, 1.591408299995237, 1.5655686000100104, 1.570544299989706, 1.5832394999888493, 1.5995684999943478, 1.5764090000011493, 1.5705572000006214, 1.5862475999892922, 1.5818081000033999, 1.5726695000048494, 1.5650447999942116, 1.563558900001226, 1.5738154999999097, 1.5889414999983273, 1.5783266000071308, 1.5674654999893392, 1.5837049999972805, 1.5734035999921616, 1.585963300007279, 1.5695225999952527, 1.5676682000048459, 1.5665620999934617, 1.5917810999962967, 1.5722665000066627, 1.5690801999880932, 1.5700589000043692, 1.5718386999942595, 1.6047504000016488, 1.5692743999970844, 1.5697887999995146, 1.5792077999940375, 1.5735897999984445, 1.5702028000087012, 1.5850079999945592, 1.5758035000035306, 1.5761713999963831, 1.6119031000125688, 1.5780718000023626, 1.6269628000009106, 1.580260000002454, 1.5936607999901753, 1.566575599994394, 1.57700640000985, 1.5615333000023384, 1.5668426000047475, 1.5825977999920724, 1.5982252999965567, 1.5908224000013433, 1.5783462000108557, 1.5763183999952162, 1.5721035999886226, 1.5786629999929573, 1.5815428999922005, 1.5877053000003798, 1.591400999997859, 1.5893691999954171, 1.5668626999977278, 1.5762231999979122, 1.5893376000021817, 1.5915124000021024, 1.5914746000053128, 1.5949445000005653, 1.5818488000077195, 1.5703657999983989, 1.5649322999961441, 1.5785071999998763, 1.5897934999957215, 1.570839000007254, 1.5688149000052363, 1.5955503000004683, 1.5963519999932032, 1.5779818000009982, 1.5805470999912359, 1.5864031999954022, 1.599232900000061, 1.5711067999945953, 1.588554900008603, 1.5844909000006737, 1.5786103999998886, 1.5729846999893198, 1.5733694000082323, 1.5689703000098234, 1.587378100011847, 1.5814729999983683, 1.5864612000004854, 1.5782976000045892, 1.5836783000122523, 1.6000283000030322, 1.5715839000040432, 1.578130299996701, 1.5744146000070032, 1.5696557000046596, 1.5752377000026172, 1.5883190000022296, 1.5733072000002721, 1.5879969999950845, 1.6047287000110373, 1.5928660999925341], "benchmark": [1.5763874000112992, 1.6209068999887677, 1.567979599989485, 1.5903464000002714, 1.6407174999912968, 1.5794178999931319, 1.5795960999967065, 1.5806622999953106, 1.569110800002818, 1.5844033000030322, 1.577805900000385, 1.587359600001946, 1.5928762999974424, 1.584438300007605, 1.5886656000075163, 1.592113699996844, 1.603454199997941, 1.5768117000116035, 1.569382300003781, 1.5918213999975706, 1.5829503999993904, 1.5808981000009226, 1.603893599996809, 1.6265743999974802, 1.576717699994333, 1.5971928000071784, 1.6056287999963388, 1.5939109999890206, 1.590841699988232, 1.5740970999904675, 1.5968720000091707, 1.6293202999950154, 1.5905059000069741, 1.59411320000072, 1.6065788000123575, 1.58001650001097, 1.6024403000046732, 1.5999850999942282, 1.58918119998998, 1.5814645999926142, 1.6355024999938905, 1.5867304999992484, 1.5822668000037083, 1.6032732000021497, 1.5984672999911709, 1.5952929000050062, 1.577964099997189, 1.6027334000100382, 1.5916474999976344, 1.650673199997982, 1.579914900008589, 1.604654599999776, 1.5897814000054495, 1.5973888000007719, 1.5803446999925654, 1.587060099991504, 1.5949516000109725, 1.5816117999929702, 1.590380700014066, 1.5754080999904545, 1.585269100003643, 1.6046543999982532, 1.581784099995275, 1.5758257999987109, 1.593006900002365, 1.5780821000080323, 1.5920157000073232, 1.6052892000006977, 1.6182837000087602, 1.57378140000219, 1.5838460000086343, 1.5813303999893833, 1.5795618000120157, 1.5952667999954429, 1.6224268000078155, 1.596673499996541, 1.5793158000014955, 1.5772978000022704, 1.5921746999956667, 1.5856371999980183, 1.5962900000013178, 1.591438300005393, 1.5965228999993997, 1.6032226999959676, 1.5896960999962175, 1.5865986999997403, 1.5764446999965003, 1.5865103000105591, 1.598830100003397, 1.5746427000121912, 1.58271980000427, 1.5921486000006553, 1.5702327000035439, 1.6103079000022262, 1.5893837999901734, 1.5835290999966674, 1.583742600007099, 1.5915269000106491, 1.5945011999865528, 1.5914075999899069]}, "cpython": {"warmup": [1.924738999994588, 1.912018300005002, 1.9111253000010038, 1.934944099994027, 1.9239910000032978, 1.906940000000759, 1.9036331999959657, 1.9098180000000866, 1.9236409000004642, 1.9164693000057014, 1.919846199991298, 1.9297865999978967, 1.921579899993958, 1.9165738000010606, 1.926124500008882, 1.9228930999961449, 1.9551625000021886, 1.9338582000054885, 1.918192100012675, 1.9080189999949653, 1.9218837000080384, 1.9660486999928253, 1.9301681000069948, 1.9329441000008956, 1.923823999997694, 1.9433252000017092, 1.9925089000025764, 1.9134991000028094, 1.9299896000011358, 1.947446599995601, 1.9278183999995235, 1.928790099991602, 1.9189446999953361, 1.933996500010835, 1.9547438000008697, 1.9164499999897089, 1.9250022999913199, 1.9354577000049176, 1.9801142000069376, 1.9209205999941332, 1.913457999995444, 1.9442735000047833, 1.9349599999986822, 1.896967399996356, 1.9224670999974478, 1.9437920999916969, 1.9166349000006448, 1.9088795999996364, 1.9664850999979535, 1.9185731000034139, 1.9354499999899417, 1.9144707999948878, 1.9108519000001252, 1.919950700001209, 1.9259270000038669, 1.910297400012496, 1.948071799997706, 1.9148354000062682, 1.935538899997482, 1.930100700003095, 1.9369097000017064, 1.9261067000043113, 1.9747687000053702, 1.9146773999964353, 1.9099909000069601, 1.9503407000011066, 1.927765399988857, 1.9141916000080528, 1.9301744999975199, 1.90610170000582, 1.9323950999969384, 1.9328554999956395, 1.9154894000093918, 1.9160471000068355, 1.9254822000075364, 1.9023850000085076, 1.9000592000083998, 1.9152850999962538, 1.9162902999960352, 1.910844600002747, 1.9242914999922505, 1.9175746999972034, 1.972872099999222, 1.9072388999920804, 1.9049605999898631, 1.925424800007022, 1.9077995000116061, 1.9045522999949753, 1.9283425000030547, 1.9159528000018327, 1.9276244999928167, 1.9123985999904107, 1.9047724999982165, 1.9138147000048775, 1.9225994000007631, 1.939224200003082, 1.9219288000022061, 1.9051366000057897, 1.9273482999997213, 1.9202794000011636], "benchmark": [1.9216579000058118, 1.9099115999997593, 1.9297797000035644, 1.9222707000008086, 1.9058494000055362, 1.9107461999956286, 1.9166827000008198, 1.9251406000112183, 1.925103899993701, 1.9359970999939833, 1.9199560999986716, 1.9190139999991516, 1.97823470000003, 1.9317033999977866, 1.9146246000018436, 1.9302191000024322, 1.914057000001776, 1.9065697000041837, 1.9341625000088243, 1.936336200000369, 1.9566224000009242, 1.9270348999998532, 1.9387830999912694, 1.9138444999989588, 1.9150192000088282, 1.914852999994764, 1.911875500009046, 1.9249001999996835, 1.929351900005713, 1.93264120000822, 1.9774105999968015, 1.932739899988519, 1.9111639999900945, 1.9048793999972986, 1.908632500009844, 1.9109723000001395, 1.9175848000013502, 1.917995299998438, 1.9009378999908222, 1.8959583999967435, 1.906526799997664, 1.9596231000032276, 1.9434580000088317, 1.9136094999994384, 1.9299024999927497, 1.9191733000043314, 1.9161866000067675, 1.9232974000042304, 1.917677299992647, 1.9058641000010539, 1.9077116999978898, 1.9097518000053242, 1.9545531999901868, 1.9142251000012038, 1.9222278999950504, 1.9125705000042217, 1.9189030999987153, 1.9101340000052005, 1.932040200001211, 1.925386700007948, 1.9076322999899276, 1.9129414000053657, 1.9148977999866474, 1.9268608999991557, 1.9014362000016263, 1.9025335000042105, 1.9251984000002267, 1.9446826999919722, 1.9200417999963975, 1.923037500004284, 1.916782800006331, 1.9106367000058526, 1.9219057999871438, 1.9077570999943418, 1.9206058999989182, 1.9323970999976154, 1.9208664000034332, 1.9205494000052568, 1.9190527999890037, 1.9145086999924388, 1.9283254000038141, 1.9185333000059472, 1.9505429999990156, 1.9084173000010196, 1.9236896999937017, 1.899600200005807, 1.9296069999982137, 1.9172431000042707, 1.9120599000016227, 1.9121704999997746, 1.9495852999971248, 1.920292700000573, 1.9063062999921385, 1.9199872000026517, 1.914398099994287, 1.899841699996614, 1.9013209999975516, 1.9251102000125684, 1.904785599996103, 1.915596499995445]}}