{"nuitka": {"warmup": [0.6654035000010481, 0.6510980000002746, 0.6549644999995508, 0.6542095000004338, 0.6506853000009869, 0.651484400001209, 0.6525370999988809, 0.6528290000005654, 0.653208599998834, 0.6519958000008046, 0.6506812000006903, 0.6513673999997991, 0.6493639999989682, 0.6543094000007841, 0.6501198999994813, 0.6514165999997203, 0.6560220999999729, 0.6515027999994345, 0.6509174000002531, 0.6541968000001361, 0.6530526000005921, 0.6539240999991307, 0.6530641000008472, 0.6532817999996041, 0.6510349000000133, 0.6508754000005865, 0.6526143000010052, 0.6493289000009099, 0.6523665999993682, 0.6533904000007169, 0.6536629000001994, 0.6535918999998103, 0.6505988999997498, 0.6503694000002724, 0.6509575000000041, 0.6529214999991382, 0.6518947000004118, 0.6525612999994337, 0.6519501000002492, 0.649824100000842, 0.6528680000010354, 0.6501903000007587, 0.6524671000006492, 0.6516238000003796, 0.6536854000005405, 0.6512872999992396, 0.6493181000005279, 0.6509131000002526, 0.6535973000009108, 0.6542222000007314, 0.6496042999988276, 0.6493267999994714, 0.6497424000008323, 0.6503023999994184, 0.6534793000009813, 0.6498325000011391, 0.6512769000000844, 0.6511644999991404, 0.6529415999993944, 0.6532194999999774, 0.6512260999988939, 0.6502944999992906, 0.6532456999993883, 0.6524488999984897, 0.6497903999988921, 0.6495998999998847, 0.6527752999991208, 0.6528673999982857, 0.6536261000001105, 0.6524473999998008, 0.65080830000079, 0.651469200000065, 0.65267749999839, 0.6502411000001302, 0.6523436999996193, 0.6534157000005507, 0.6528877000000648, 0.652314099999785, 0.6515691999993578, 0.6528983999996854, 0.6534331000002567, 0.6509362000015244, 0.6529893000006268, 0.649795000001177, 0.6533407000006264, 0.6528390000003128, 0.6510662000000593, 0.6499452000007295, 0.6510453000009875, 0.6508660999988933, 0.6502700000000914, 0.6527089999999589, 0.6545349000007263, 0.653525499999887, 0.6497663999998622, 0.6503849000000628, 0.6540183000015531, 0.6519702000005054, 0.6515694999998232, 0.6517155000001367], "benchmark": [0.6523039000003337, 0.649631500000396, 0.6491949999999633, 0.650550899999871, 0.6518573999983346, 0.6513423999986117, 0.6489594000013312, 0.651019400000223, 0.6515971999997419, 0.6525091000003158, 0.6497665999995661, 0.6523531999991974, 0.6520667000004323, 0.6497713999997359, 0.6504447000006621, 0.6517507000007754, 0.652420999998867, 0.654973799999425, 0.6522714000002452, 0.6519031999996514, 0.650500199999442, 0.6516590000010183, 0.6531136999983573, 0.6507539000012912, 0.6488343000000896, 0.6525724999992235, 0.650487200000498, 0.6532712999996875, 0.6536699999996927, 0.6505858000000444, 0.6523925999990752, 0.6499543999998423, 0.6514143999993394, 0.6538940999998886, 0.6510330000000977, 0.6511648000014247, 0.6504555999999866, 0.6530232000004617, 0.6546283000006952, 0.6503921000003174, 0.6537144999983866, 0.6496537000002718, 0.6544291999998677, 0.6504805000004126, 0.6539709000007861, 0.6511075999987952, 0.650849499999822, 0.651913899999272, 0.6524889000011171, 0.6553519999997661, 0.6522105999993073, 0.654529099998399, 0.6516493999988597, 0.6521071999995911, 0.6533405000009225, 0.6518145000009099, 0.650134600000456, 0.650508799999443, 0.6501533999999083, 0.650337999999465, 0.6512775999999576, 0.6518860000014683, 0.6512045999988914, 0.6506068999988202, 0.6505699000008462, 0.6498534999991534, 0.6511007000008249, 0.6526508999995713, 0.6530337999993208, 0.6507144999995944, 0.6522675000014715, 0.6513304000000062, 0.6522457000010036, 0.6521695999999793, 0.6517319000013231, 0.651573200000712, 0.6510056000006443, 0.6515997000005882, 0.6518309999992198, 0.649574199998824, 0.6506434000002628, 0.651728799999546, 0.6520748000002641, 0.6510785999998916, 0.6529793999998219, 0.6508076999998593, 0.6519432000004599, 0.6523056000005454, 0.6530454000003374, 0.6510691000003135, 0.6491581000009319, 0.651022500000181, 0.6508114999996906, 0.6521353999996791, 0.6494860000002518, 0.6508345999991434, 0.6510892999995121, 0.6508897999992769, 0.6547198999996908, 0.6523672999992414]}, "cpython": {"warmup": [0.7501039999988279, 0.7467218999991019, 0.7480930000001536, 0.7470686999986356, 0.7472897000006924, 0.7491688000009162, 0.7523749000010866, 0.7481996000005893, 0.7481614000007539, 0.7484815000007075, 0.7466535000003205, 0.7471029999996972, 0.7477882000002865, 0.7472266999993735, 0.7491289000008692, 0.7466984000002412, 0.747724199998629, 0.7471378000009281, 0.7477006999997684, 0.7481834999998682, 0.748606799999834, 0.750984199999948, 0.7471820000009757, 0.7474720999998681, 0.7476907999989635, 0.7481492000006256, 0.7486047000002145, 0.7479953999991267, 0.7500922999988688, 0.7478553000000829, 0.7471427999989828, 0.7479899000009027, 0.7477729000002, 0.7512405999987095, 0.7485615000005055, 0.7492432999988523, 0.7469251000002259, 0.7485229000012623, 0.7465133999994578, 0.7477355000009993, 0.757397100000162, 0.7460377000006702, 0.7477856000004977, 0.7470016000006581, 0.7519275999984529, 0.7503366000000824, 0.7459036000000197, 0.7502162999990105, 0.7481915000007575, 0.7488943999996991, 0.7479996000001847, 0.7508272000013676, 0.7480466999986675, 0.7476879999994708, 0.7476543000011588, 0.7483262000005197, 0.7470994999985123, 0.7481817999996565, 0.7473806999987573, 0.7488182999986748, 0.750791799999206, 0.7477245000009134, 0.7465537999996741, 0.748919499999829, 0.7466640999991796, 0.7494344000006095, 0.7501922999999806, 0.7471281999987696, 0.7486886999995477, 0.7484366999997292, 0.7491437999997288, 0.7498451999999816, 0.7473816999990959, 0.7469287000003533, 0.7473410000002332, 0.7468582000001334, 0.7481922000006307, 0.7478398999992351, 0.7469726999988779, 0.7470845999996527, 0.7477879999987636, 0.7474335000006249, 0.7481643000010081, 0.7477684000004956, 0.7487058999995497, 0.7481764999993175, 0.7475629000000481, 0.7516142000004038, 0.7485374999996566, 0.7461138999988179, 0.7511181999998371, 0.74926349999987, 0.7479595000004338, 0.7469644000011613, 0.7496272999997018, 0.7496016999994026, 0.7470931999996537, 0.7476934999995137, 0.7504377999994176, 0.7471729000008054],