{"nuitka": {"warmup": [0.8609675000043353, 0.661801900001592, 0.661608399997931, 0.6588854000001447, 0.6595296000014059, 0.6607466999994358, 0.6596690000005765, 0.6588058000052115, 0.6579018999909749, 0.6581030999950599, 0.658293100001174, 0.6583432000043103, 0.6605369000026258, 0.6600735000101849, 0.657842200002051, 0.6576791999978013, 0.6607550000044284, 0.6569489999965299, 0.6574919999984559, 0.660024800003157, 0.6584669000003487, 0.66107619999093, 0.6584614000021247, 0.6586997999984305, 0.6575700999965193, 0.6582775999995647, 0.656215399998473, 0.6596070999949006, 0.6578165999962948, 0.656829799991101, 0.6588251999928616, 0.6579061999946134, 0.6599128000088967, 0.6593366000015521, 0.6588781000027666, 0.6567922999965958, 0.6580093999946257, 0.6577062999858754, 0.6577671999984886, 0.6585198999964632, 0.6572021000029054, 0.6565509000065504, 0.656850300001679, 0.6580150999943726, 0.6583543999877293, 0.6584288000012748, 0.6603228999883868, 0.6592464999994263, 0.6575234000047203, 0.659944999992149, 0.6563806000049226, 0.6569804000027943, 0.6566206999996211, 0.6576045000110753, 0.6591638999962015, 0.658387200004654, 0.6580786999984412, 0.6575292000052286, 0.6586682000051951, 0.6574765000113985, 0.6588269999920158, 0.6572152999870013, 0.6591906000103336, 0.6568631999980425, 0.6584311999904457, 0.6553892999945674, 0.6587495999992825, 0.6570000999927288, 0.6569636000058381, 0.6585806000075536, 0.6589977999974508, 0.6592318000039086, 0.6575167999981204, 0.6579032000008738, 0.6590236000047298, 0.6578125999949407, 0.6571421999979066, 0.6578282999980729, 0.6594014999864157, 0.6590385000017704, 0.6572377000120468, 0.6571764000109397, 0.6582367999944836, 0.6597659999970347, 0.6566853999975137, 0.6572852000099374, 0.6575224999978673, 0.6574690000124974, 0.6564736000000266, 0.657276500001899, 0.6580904000002192, 0.6578488000086509, 0.6588899999915157, 0.6593643999949563, 0.6568055999960052, 0.6578947000089101, 0.6556350000028033, 0.6590330000035465, 0.6582189000037033, 0.6573934000043664], "benchmark": [0.6600819000013871, 0.6583580000005895, 0.6581802000000607, 0.660716099999263, 0.6617332000023453, 0.6577832999901148, 0.6565130000089994, 0.6592358999914723, 0.6575321999989683, 0.6582392999989679, 0.658396900005755, 0.6579870999994455, 0.6572985999955563, 0.6600360000011278, 0.6561699000012595, 0.6584426999907009, 0.6587639000063064, 0.6576727999927243, 0.6587436999980127, 0.6598502999986522, 0.6570821000059368, 0.6582283999887295, 0.6601496000075713, 0.6574608999944758, 0.6570195999956923, 0.6565773000038462, 0.6578765000012936, 0.6584246999991592, 0.6858956000069156, 0.6574091999937082, 0.6587959000025876, 0.6579749000084121, 0.6572758999973303, 0.6582338999869535, 0.656188299995847, 0.6581858999998076, 0.6584173000010196, 0.6587565999943763, 0.6572928000095999, 0.6582071000011638, 0.6582253999949899, 0.6577389000012772, 0.6590899000002537, 0.6583054000075208, 0.6569148999988101, 0.6586547999904724, 0.6572096000018064, 0.6572982999932719, 0.6579787999944529, 0.657513400001335, 0.6591898999904515, 0.656030500002089, 0.6567796000017552, 0.6577198000013595, 0.6593280999950366, 0.6577016000082949, 0.6582311999954982, 0.6550786000007065, 0.6584987999958685, 0.6601163000013912, 0.6605904999887571, 0.658815400005551, 0.660234599999967, 0.6551863999920897, 0.6583805999980541, 0.6574681999918539, 0.6572961999918334, 0.657005000000936, 0.6581931999971857, 0.6563988999987487, 0.6610507000004873, 0.6577508000045782, 0.6557807000062894, 0.6577462999994168, 0.6573812999995425, 0.6580073999939486, 0.6581638000061503, 0.6575680999958422, 0.6574639999889769, 0.6589429000014206, 0.6591863000066951, 0.657235499995295, 0.6572990999993635, 0.6576063000102295, 0.6577428000018699, 0.6567537000082666, 0.6572976999887032, 0.6586399000079837, 0.6572264000133146, 0.6591130000015255, 0.6571371000027284, 0.6579139000095893, 0.6597648000024492, 0.6566464999923483, 0.6573122999980114, 0.6580159000004642, 0.6574713000009069, 0.6570649000059348, 0.6570790999976452, 0.6569417999999132]}, "cpython": {"warmup": [0.7693538999883458, 0.7634512000076938, 0.7659801999980118, 0.7659407000028295, 0.7663823999901069, 0.7687872000096831, 0.7660978000058094, 0.7646279000036884, 0.7638478000008035, 0.7670554000069387, 0.7642061999940779, 0.7689853999909246, 0.7685384000069462, 0.7681697000080021, 0.7676905999978771, 0.7734315999987302, 0.7644177000038326, 0.7739976000011666, 0.7673803999932716, 0.769283000001451, 0.7634838999947533, 0.7696981000044616, 0.764113900004304, 0.7663809999939986, 0.7658288999955403, 0.7678559000050882, 0.7632063000055496, 0.7673505999991903, 0.7679500000085682, 0.7700650000042515, 0.7711714999895776, 0.7700993000034941, 0.7663717999967048, 0.7694315000117058, 0.772817600009148, 0.7692475999938324, 0.7610691000008956, 0.7682074000040302, 0.7643820999946911, 0.7630428999982541, 0.7664947000012035, 0.7682526999997208, 0.7673396000027424, 0.7653301999962423, 0.7667339999898104, 0.7651975000044331, 0.7661101000121562, 0.7744597999990219, 0.7656443000014406, 0.7675496000010753, 0.7674851999909151, 0.7720239000045694, 0.7677868000027956, 0.7674310999864247, 0.7651419999892823, 0.7720685999956913, 0.7687038000003668, 0.7763197000022046, 0.767097100004321, 0.7679245000035735, 0.7670875000039814, 0.7693279000086477, 0.7650029999931576, 0.7679702000023099, 0.7683195999998134, 0.7724214999907417, 0.7669364000030328, 0.7682477000053041, 0.7664323999924818, 0.7660052999999607, 0.7653969999955734, 0.764572699990822, 0.7676843000081135, 0.7649221000028774, 0.7660705000016605, 0.7717563999904087, 0.7677912999934051, 0.7671991999959573, 0.7699523000046611, 0.7658981999993557, 0.7710895000054734, 0.7646655999997165, 0.7675364000024274, 0.7643244999926537, 0.7656793000060134, 0.7654386999929557, 0.7659525999915786, 0.7669463000056567, 0.7666773999953875, 0.7665257999906316, 0.7637303000083193, 0.7688448000117205, 0.7640917999960948, 0.7622930000070482, 0.7652857000066433, 0.7680555999977514, 0.7748365000006743, 0.7669640999956755, 0.7673953000048641, 0.7667343000066467],