{"nuitka": {"warmup": [0.732133800003794, 0.7132150000106776, 0.7174078000098234, 0.7156163000036031, 0.7150773000030313, 0.7143775000004098, 0.7129509999940637, 0.7146458999923198, 0.7131036999926437, 0.7216728000057628, 0.735374399999273, 0.7160817999974824, 0.7188525000092341, 0.7146287999930792, 0.7146882999950321, 0.7176890000118874, 0.7145278999960283, 0.713890300001367, 0.7142591000010725, 0.7131657000136329, 0.716678700002376, 0.7127975999901537, 0.7152681000006851, 0.7121586000139359, 0.7361547999898903, 0.7128456999926129, 0.7146263999893563, 0.7133477000024868, 0.7131521999981487, 0.7127195999928517, 0.7162430000025779, 0.7159233999991557, 0.7145237000077032, 0.7247165000007953, 0.7123047999921255, 0.7205448000022443, 0.7132159000029787, 0.7177484999992885, 0.7133948000118835, 0.7135905000031926, 0.7221470000076806, 0.7135617999883834, 0.7126815000083297, 0.7124684000009438, 0.7254437000083271, 0.7117965999932494, 0.716715500006103, 0.7213138000079198, 0.7142636999924434, 0.7155910000001313, 0.7214964000013424, 0.7209594000014476, 0.7134425999975065, 0.7114832999941427, 0.717544099999941, 0.7121026000095299, 0.7201548000011826, 0.7119746999960626, 0.7128140999993775, 0.7123681999946712, 0.7135433999937959, 0.7210162999981549, 0.7238858999917284, 0.7140804000082426, 0.7208285000087926, 0.7130654999928083, 0.7145734999940032, 0.7311316999985138, 0.7199642000050517, 0.711668699994334, 0.7119291999988491, 0.7150866000010865, 0.7132206999958726, 0.7154428000067128, 0.7208443999988958, 0.7145797999983188, 0.7156659000029322, 0.7178432999935467, 0.7131268999946769, 0.7269790999998804, 0.7182872999983374, 0.7133662999985972, 0.7130734999955166, 0.7142267000017455, 0.717441200002213, 0.7316813000070397, 0.7143136000086088, 0.7150382999971043, 0.7126668999990216, 0.7130059999908553, 0.714995699992869, 0.7158076000050642, 0.7109376000007614, 0.7183291999972425, 0.7141603000054602, 0.7120297999936156, 0.723931000000448, 0.7173441999912029, 0.7141114999976708, 0.7146438999916427], "benchmark": [0.7166080000024522, 0.7155426999961492, 0.7147816000069724, 0.7147733000019798, 0.7217956000095, 0.7139076000021305, 0.7129148999956669, 0.7135132000112208, 0.7145807999913814, 0.7152138999954332, 0.7243276000081096, 0.714968600004795, 0.7148293000063859, 0.7122253000125056, 0.7215876999980537, 0.7157124999939697, 0.7144943000021158, 0.7253950000012992, 0.7150619000021834, 0.7156949000054738, 0.7138266999972984, 0.7120772999915062, 0.7145069999969564, 0.712262599990936, 0.7139985000103479, 0.7132500000006985, 0.7142410999949789, 0.7139301999995951, 0.7130485999950906, 0.7142257999948924, 0.7177155999961542, 0.7151279000099748, 0.7149812999996357, 0.7165896000078646, 0.7139079000044148, 0.7152760000026319, 0.715818800003035, 0.7143061000097077, 0.7142294999939622, 0.7149055000045337, 0.7149189000047045, 0.7119000000093365, 0.7116247999947518, 0.7143450000003213, 0.7172836999961874, 0.7137437000055797, 0.7148529999976745, 0.7149290000088513, 0.7184980000020005, 0.7139250000036554, 0.7158200999983819, 0.7129821999988053, 0.7144527999917045, 0.7149280000012368, 0.7171030000026803, 0.7145818999997573, 0.7151245999993989, 0.7142117000039434, 0.7143680000008317, 0.7145585999969626, 0.7133584000112023, 0.716294600002584, 0.7156389999872772, 0.715500800011796, 0.7168120999995153, 0.7165362999949139, 0.7122511000052327, 0.7132169999968028, 0.7158580999966944, 0.7140744000062114, 0.7132281999947736, 0.7131346000096528, 0.7142097000032663, 0.7143234999966808, 0.7142469999962486, 0.7147110999940196, 0.7179994999896735, 0.7136266999877989, 0.7153561000013724, 0.7112498999922536, 0.7156527000042843, 0.7130993999890052, 0.7133769999927608, 0.7120567999954801, 0.7129663999949116, 0.7129186999954982, 0.7139456000004429, 0.7134395000030054, 0.7121721000003163, 0.71385569999984, 0.7119330999994418, 0.7141255000024103, 0.7149350000108825, 0.7126387000025716, 0.7137751999980537, 0.7124902000068687, 0.7147906999889528, 0.7125173999957042, 0.7123749000020325, 0.7144167999940692]}, "cpython": {"warmup": [0.7706353999965359, 0.7679062999959569, 0.7680906000023242, 0.7678259999956936, 0.7658353000006173, 0.7698866999999154, 0.769622599997092, 0.764802099991357, 0.7693236000050092, 0.7700534000032349, 0.7705226999969454, 0.7676425000099698, 0.7703886999952374, 0.7696979000029387, 0.7703061000065645, 0.7628260000055889, 0.7690053000114858, 0.7664376999891829, 0.7701664999913191, 0.7680054999946151, 0.7676072000031127, 0.764506599996821, 0.7709316000109538, 0.7717145000060555, 0.7639942999958294, 0.7694550000014715, 0.7694100000080653, 0.765596999990521, 0.7686408000008669, 0.772355700013577, 0.7654653000063263, 0.7684713000053307, 0.7724374000099488, 0.7710530999902403, 0.7683070000057342, 0.7678457000001799, 0.7654292000079295, 0.7725133000058122, 0.7702469000068959, 0.7695277000020724, 0.7710211999947205, 0.7672657999937655, 0.7677981000015279, 0.7700277999974787, 0.7695256999868434, 0.7682924999971874, 0.7670270999951754, 0.770066000011866, 0.7671318000066094, 0.7699939000012819, 0.7666021000040928, 0.7705492999957642, 0.7669621000095503, 0.772090800004662, 0.7656242000084603, 0.767340400008834, 0.7700637999951141, 0.7682560999965062, 0.7679470000002766, 0.7676091000030283, 0.763693200002308, 0.7698673999984749, 0.7727790999924764, 0.767995999995037, 0.7669555000029504, 0.7701435000053607, 0.767960299999686, 0.7717526999913389, 0.7693179000052623, 0.7686454000067897, 0.7708929000073113, 0.7703194000059739, 0.766204799991101, 0.7713204000028782, 0.7685204000008525, 0.7634714999876451, 0.7696133999997983, 0.7697169000020949, 0.7731874000019161, 0.7656267999991542, 0.7666858000011416, 0.7666776999976719, 0.7700828999950318, 0.7704389999998966, 0.7677494999952614, 0.7713659000000916, 0.7671584000054281, 0.7705901000008453, 0.7703707999899052, 0.7729511999932583, 0.7682326000067405, 0.7676408999977866, 0.7729620000027353, 0.7683969999925466, 0.7694713000091724, 0.7718527999968501, 0.7664067000005161, 0.7706302000005962, 0.7704192999954103, 0.7663158000068506],