{"nuitka": {"warmup": [1.6365806000103476, 1.616398999991361, 1.6153977000067243, 1.6126903999975184, 1.6114663000043947, 1.6119086000107927, 1.6033370999939507, 1.6085095000016736, 1.6017012999946019, 1.5980205999949249, 1.606376800002181, 1.6138332999980776, 1.5983225999952992, 1.604806200004532, 1.6196441000065533, 1.608947699991404, 1.6025907000002917, 1.5997007000114536, 1.6053379000077257, 1.606681600009324, 1.6073514000017894, 1.6098196000093594, 1.602776100000483, 1.6085893999988912, 1.6120596999971895, 1.6079773000092246, 1.6046936999919126, 1.6025192999950377, 1.6145728999981657, 1.5988700000016252, 1.611111999998684, 1.6018054000014672, 1.601808899999014, 1.6073464999935823, 1.612125499988906, 1.6003214999946067, 1.6063362999993842, 1.6114399999933084, 1.6130254000017885, 1.6078415999945719, 1.5990615000046091, 1.6065866999997525, 1.6097224999975879, 1.6033496000018204, 1.6112350000039442, 1.6105964000016684, 1.5993312999926275, 1.6001078999979654, 1.6079502000065986, 1.6078631999989739, 1.6150376000005053, 1.6048879000009038, 1.6084588000085205, 1.605289700004505, 1.6141084999981103, 1.6039688000018941, 1.6079675999935716, 1.6103615000029095, 1.6091786000033608, 1.6044963999884203, 1.6062747999967542, 1.6182550999947125, 1.59766959999979, 1.6033276000089245, 1.6069972000113921, 1.6064913000009255, 1.6056495000084396, 1.6077918999944814, 1.6093144999904325, 1.6080643000022974, 1.6098360999894794, 1.6093649999966146, 1.617623400001321, 1.6143798000121024, 1.6127759000082733, 1.6120693999982905, 1.5993932999990648, 1.60295679999399, 1.6100348999898415, 1.6048544000077527, 1.6025909000018146, 1.6031375999882584, 1.6132344999932684, 1.613320400007069, 1.6172380999923917, 1.6056580000004033, 1.613656900008209, 1.6092043999960879, 1.612822099996265, 1.6094331000058446, 1.5975653999921633, 1.6092783999920357, 1.5987510999984806, 1.6126539999968372, 1.6116680999984965, 1.6032691999862436, 1.610910999996122, 1.603468499990413, 1.601958500003093, 1.609874600006151], "benchmark": [1.6097189000138314, 1.6004457999952137, 1.6072223999944981, 1.604410400002962, 1.608219799993094, 1.5993804000027012, 1.6079255000076955, 1.6072802999988198, 1.6044306999974651, 1.599777700001141, 1.5989685999957146, 1.615598599993973, 1.6070523999951547, 1.607357700006105, 1.6051444000040647, 1.6111568000051193, 1.6072514999978011, 1.6218565000017406, 1.6081166000076337, 1.6014158000034513, 1.6250230000005104, 1.6004230999969877, 1.6108625000051688, 1.6115563000057591, 1.6074732999986736, 1.603868699996383, 1.6043590000044787, 1.601353999998537, 1.613728700001957, 1.6044369000010192, 1.611504899992724, 1.6098531000025105, 1.6171374999976251, 1.6303058000048622, 1.6158095999999205, 1.6127055999968434, 1.6109116000006907, 1.6104829000105383, 1.6182531000085874, 1.6133789999876171, 1.6040797000023304, 1.6204346000013174, 1.6254953000025125, 1.6079846000066027, 1.6007043000136036, 1.6081833999924129, 1.5944350000063423, 1.6030500999913784, 1.605820600001607, 1.6006087999994634, 1.6100005999905989, 1.6054663999966579, 1.605396999992081, 1.6118446999898879, 1.61268609999388, 1.6132374000007985, 1.6162222999992082, 1.6021201000112342, 1.606053499999689, 1.6059402999962913, 1.6139488999906462, 1.6104959000076633, 1.5980661000066902, 1.6013894000061555, 1.602991400010069, 1.610853499994846, 1.6104009000118822, 1.6027391999959946, 1.6026435999956448, 1.6120590000064112, 1.613910100000794, 1.602261300009559, 1.6111003999976674, 1.6083231000084197, 1.6144897999911336, 1.6042766000027768, 1.6049666999897454, 1.6055739000003086, 1.614354800010915, 1.6017804999864893, 1.6037111000041477, 1.6014550000109011, 1.6110120999946957, 1.6123293999989983, 1.6000768000085372, 1.6071384999959264, 1.6147639999981038, 1.5970507000020007, 1.6100482000038028, 1.594463799992809, 1.6023343999986537, 1.6200705999945058, 1.5954281000012998, 1.5985356999881333, 1.6149697000073502, 1.6054204999963986, 1.6030303000006825, 1.611885699996492, 1.6107365999923786, 1.611818299992592]}, "cpython": {"warmup": [1.5773243000003276, 1.5635112000018125, 1.5529406999994535, 1.5494701999996323, 1.5491964000102598, 1.5358885000023292, 1.5404583000054117, 1.5551468000048772, 1.5442117000056896, 1.5546482999925502, 1.5398153999994975, 1.5363360999908764, 1.5533730000024661, 1.5413446000020485, 1.5373405999998795, 1.5433685000025434, 1.5549512999859871, 1.5549313000083202, 1.5517275999882258, 1.5430150000029244, 1.5412272999965353, 1.5362500999908661, 1.5623156000074232, 1.5346467999916058, 1.560537999990629, 1.543012699999963, 1.5531194999930449, 1.5475726000004215, 1.5458202000008896, 1.5478696999925887, 1.5408693999925163, 1.5361128999938956, 1.5432507999939844, 1.5495890000020154, 1.536852600009297, 1.5419452999922214, 1.5567699999955948, 1.5332084999972722, 1.541114199993899, 1.5610546999960206, 1.5414183999964735, 1.560668899997836, 1.5460348000051454, 1.5360470000014175, 1.5433192999917082, 1.5678503999952227, 1.5582984999928158, 1.5389804000005824, 1.53940120000334, 1.5503857000003336, 1.5436157000076491, 1.545137799999793, 1.5641818000003695, 1.5534278999984963, 1.5440235999994911, 1.5590250999957789, 1.5680355000076815, 1.538022099994123, 1.5435127000091597, 1.5463196999917272, 1.5737582000001566, 1.537423999994644, 1.547408300000825, 1.5514563000033377, 1.5499856999958865, 1.5606353000039235, 1.545551399991382, 1.576051500000176, 1.5604101000062656, 1.5531676999962656, 1.530595899996115, 1.5394080999976723, 1.5475043000042206, 1.5555014999990817, 1.5341881000058493, 1.546748500011745, 1.5598222000116948, 1.5511781999957748, 1.552576300004148, 1.5386202999943634, 1.5481087000080151, 1.5541316000017105, 1.5499487999913981, 1.549945699996897, 1.558215900004143, 1.544718200006173, 1.545444100003806, 1.542274899999029, 1.5461765999934869, 1.5454218000086257, 1.5529423999978462, 1.551701000003959, 1.5461520999961067, 1.558744599999045, 1.5410259000054793, 1.5586221999983536, 1.535434699995676, 1.55070710000291, 1.54109939999762, 1.5475754999933997], "benchmark": [1.5599218999996083, 1.547188600001391, 1.5584464000130538, 1.5563578000001144, 1.5373772000020836, 1.554382499991334, 1.5508872999926098, 1.5525441000063438, 1.5591675999894505, 1.5531907000113279, 1.5368898000015179, 1.554130400007125, 1.5432143999933032, 1.5530887999921106, 1.550603499999852, 1.567471200003638, 1.5523301000066567, 1.5601627999858465, 1.553812600002857, 1.54808769999363, 1.5492612000089139, 1.556513299990911, 1.540378999998211, 1.5422494999947958, 1.5600570000096923, 1.5455899000080535, 1.5529620000015711, 1.549508500000229, 1.5442656999948667, 1.5525889999989886, 1.56067730000359, 1.5386819999985164, 1.541829299996607, 1.5472668000002159, 1.5412490999879083, 1.5526868000015384, 1.5631807000027038, 1.5529721999919275, 1.5380137000029208, 1.5305922999978065, 1.5520371000020532, 1.5505976999993436, 1.5431621000025189, 1.543752500001574, 1.5491032000136329, 1.5560746999981347, 1.5574932000017725, 1.5591746999998577, 1.5456005000014557, 1.5429822000005515, 1.5386555000004591, 1.5441277000063565, 1.5405752000078792, 1.5496682000084547, 1.5452154999948107, 1.5447468000056688, 1.550271200001589, 1.5403523999993922, 1.5505301000084728, 1.5379157999996096, 1.5452605000027688, 1.5395303999976022, 1.555033500000718, 1.54684460000135, 1.5465305999969132, 1.5549693999928422, 1.5499991999968188, 1.5545482999878004, 1.5561563999945065, 1.6278106999961892, 1.5512326000025496, 1.5533245999977225, 1.5770784999913303, 1.5486972999933641, 1.5621248000097694, 1.5390943000093102, 1.5594603999925312, 1.5559403000079328, 1.5608175999950618, 1.5422940000134986, 1.5393646000011358, 1.5551908999914303, 1.5521827000047779, 1.5375930000009248, 1.5472195000038482, 1.5700785999943037, 1.5354615999967791, 1.5398238000052515, 1.545723999995971, 1.5473351999971783, 1.5522015000024112, 1.570458600006532, 1.5422466000018176, 1.5547604000021238, 1.5506481000047643, 1.5550728999951389, 1.5545220999920275, 1.5493256000045221, 1.5562238999991678, 1.5315225000085775]}}