{"nuitka": {"warmup": [1.4422950000007404, 1.401191500001005, 1.3854671000008238, 1.3955348000017693, 1.3975328000087757, 1.405425600009039, 1.3946550999971805, 1.400321900000563, 1.393368899996858, 1.4070587000023806, 1.3976091999938944, 1.395989600001485, 1.3971029999956954, 1.3975478999927873, 1.4045546999986982, 1.3928449000086403, 1.3970329000003403, 1.3942179000005126, 1.4014565999968909, 1.3935619000112638, 1.3935079999937443, 1.3965194999909727, 1.396369299996877, 1.4060958000045503, 1.3906169999972917, 1.3983064999920316, 1.40384549999726, 1.407681099997717, 1.394933999996283, 1.3936492999928305, 1.393345300006331, 1.402743400001782, 1.4074638999882154, 1.395217400000547, 1.3971677999943495, 1.4108721000084188, 1.3932257000124082, 1.3937938000017311, 1.3932777000009082, 1.3956856000004336, 1.3972883999958867, 1.3965864000056172, 1.3921860999980709, 1.3911990000051446, 1.3956625999999233, 1.3966425999969942, 1.3896562000008998, 1.407810500008054, 1.383551399994758, 1.392556599996169, 1.4053378999960842, 1.3974000999878626, 1.3961362999980338, 1.3970899999985704, 1.3978807999956189, 1.3927300999930594, 1.3940715000062482, 1.3937632999877678, 1.3964292000018759, 1.3919450999965193, 1.3917291999969166, 1.3908368999982486, 1.3991217000002507, 1.4005321000004187, 1.3930835999926785, 1.4011490999982925, 1.39080660000036, 1.3989928000082728, 1.4063415999989957, 1.3878731000004336, 1.3899513999931514, 1.4027076000056695, 1.3990466999966884, 1.394125199993141, 1.3933417000080226, 1.39077840000391, 1.400279599998612, 1.3900620000058552, 1.3965330000064569, 1.400988999987021, 1.392099300006521, 1.3991256000008434, 1.403764399990905, 1.394440600008238, 1.3984424000082072, 1.3923837000038475, 1.3940791000059107, 1.3866089999937685, 1.3953833999985363, 1.415257600005134, 1.398785700002918, 1.4089586000045529, 1.4062894999951823, 1.4009039999946253, 1.3891021000017645, 1.3959295000095153, 1.4030293999967398, 1.397516099998029, 1.3966797000030056, 1.3902784999954747], "benchmark": [1.401022500009276, 1.3898274999955902, 1.3912055999971926, 1.4028890999907162, 1.4011664999998175, 1.3845704999985173, 1.3950122999958694, 1.4007758000079775, 1.3954406999982893, 1.3999162999971304, 1.3909099000011338, 1.3881954999960726, 1.395666299998993, 1.400846000004094, 1.3927938999986509, 1.3858763000025647, 1.391253499998129, 1.3928527999960352, 1.391422300002887, 1.3935906999977306, 1.402596400002949, 1.3965140000073006, 1.4079300000012154, 1.4000307000096655, 1.3986244999978226, 1.3975184999872, 1.3959126999980072, 1.4078852999955416, 1.3879863000038313, 1.4053295999910915, 1.392468000005465, 1.393437200007611, 1.3920115000073565, 1.4001437999977497, 1.4089117999974405, 1.3989094999997178, 1.4063725000014529, 1.4047458999993978, 1.4022572999965632, 1.3960825999965891, 1.394231199999922, 1.3969813000003342, 1.3913850000099046, 1.4046219000010751, 1.399392599996645, 1.3976589000085369, 1.3886052000016207, 1.3934420000005048, 1.3957570999918971, 1.3902412000024924, 1.4012588999903528, 1.3973341999953846, 1.3879893999983324, 1.398645299996133, 1.3818560999934562, 1.389492500005872, 1.3948430000018561, 1.3979651000117883, 1.3902436000062153, 1.3931861000019126, 1.3913523000082932, 1.3970808999874862, 1.4061509000021033, 1.3986271000030683, 1.3970046999893384, 1.3916803000029176, 1.399945099998149, 1.3971334000088973, 1.3939277999888873, 1.397419799992349, 1.4012254999979632, 1.401413900006446, 1.4006301000044914, 1.3919937000027858, 1.3971127999975579, 1.393212200011476, 1.3956711000064388, 1.3885544000077061, 1.3987723000027472, 1.4008926000096835, 1.3955946000060067, 1.3886419999907957, 1.397786699992139, 1.3991506000020308, 1.4020949999976438, 1.3931437999999616, 1.4065315000043483, 1.3981663000013214, 1.3960492000041995, 1.3912160000036238, 1.4035808999906294, 1.4006717999873217, 1.3874600999988616, 1.399237899997388, 1.3918621000048006, 1.3996442000061506, 1.397183799999766, 1.3948690999968676, 1.4008812000101898, 1.3973108000063803]}, "cpython": {"warmup": [1.7612790999992285, 1.7499454999924637, 1.7475616000010632, 1.7544637999963015, 1.7453134000097634, 1.7428797999891685, 1.7432361999963177, 1.747758800003794, 1.7519543999951566, 1.7478297999914503, 1.7531505999941146, 1.7510132000024896, 1.7444285999954445, 1.748832899989793, 1.7418839999882039, 1.7513917000032961, 1.7367824999964796, 1.7491957999882288, 1.7518294000037713, 1.7453314000013052, 1.744486199997482, 1.7503348999889567, 1.755435300001409, 1.7463507000065874, 1.7481120999873383, 1.75133790000109, 1.7469440999993822, 1.7507553000032203, 1.7556991999881575, 1.7481804999988526, 1.7375048000103561, 1.7468518999958178, 1.7429061000002548, 1.7467729000054533, 1.752907200003392, 1.7406431999988854, 1.7452382000046782, 1.7415429999964545, 1.7377587000082713, 1.7498447000107262, 1.753724099995452, 1.7524736000050325, 1.7466652000002796, 1.7419718000019202, 1.7451660000078846, 1.740252600007807, 1.7462081999983639, 1.749106799994479, 1.7497905000054743, 1.7565703000000212, 1.7523828000121284, 1.741674699995201, 1.7507369999948423, 1.753821499994956, 1.759457799998927, 1.7521139000018593, 1.7508528000034858, 1.7477726999932202, 1.747187799992389, 1.7495768000080716, 1.7506477999995695, 1.74829519999912, 1.7405632000009064, 1.7448544000071706, 1.750722400000086, 1.7503932999970857, 1.7462856999918586, 1.7568820000014966, 1.7475075999973342, 1.7505076999950688, 1.7444848000013735, 1.7408468999929028, 1.75031050000689, 1.7468824999959907, 1.7425340000045253, 1.7496003999985987, 1.7541884999955073, 1.748101500008488, 1.7497357999964152, 1.7600648999941768, 1.747735199998715, 1.7467968999990262, 1.755029399995692, 1.7557967000029748, 1.7652058000094257, 1.764618100001826, 1.7542560000001686, 1.7644376999960514, 1.7552603999938583, 1.7415354999975534, 1.7588167000067187, 1.754278600012185, 1.7477626000036253, 1.7501134000049205, 1.7436397999990731, 1.750981100005447, 1.7515083000034792, 1.7568733999942197, 1.7497561999916798, 1.756648499998846], "benchmark": [1.752396999989287, 1.7617589000001317, 1.7553719999996247, 1.7509564999927534, 1.7645241999998689, 1.753260900004534, 1.7583668000006583, 1.7539949000056367, 1.746258500003023, 1.7572246000054292, 1.7605637000087881, 1.7470694999938132, 1.7517545000009704, 1.7456988999911118, 1.763282400002936, 1.7569062000111444, 1.7538076000055298, 1.7569861999945715, 1.7594716000021435, 1.7571772000083001, 1.7651569000008749, 1.7556388999946648, 1.7538438999908976, 1.7629768999904627, 1.75148399999307, 1.7591007000009995, 1.7515642999933334, 1.7617057000024943, 1.7606071999907726, 1.756935400000657, 1.756555700005265, 1.746847100002924, 1.7506554999999935, 1.7538780000031693, 1.7448415999970166, 1.7503791999915848, 1.7712861000036355, 1.7574592000019038, 1.7552645999967353, 1.7610858999978518, 1.749960999994073, 1.7608037000027252, 1.7435204000066733, 1.7450871000037296, 1.7486347000085516, 1.7599752000096487, 1.7434503999975277, 1.7590828999964288, 1.7470311999932164, 1.7498125999991316, 1.7504181999975117, 1.7529170000052545, 1.7478157000005012, 1.7410685999930138, 1.7575036999915028, 1.759403599993675, 1.7522581999946851, 1.762088000003132, 1.7460309000016423, 1.7569984000001568, 1.7652539999980945, 1.7550685000023805, 1.7612568000040483, 1.751391900004819, 1.7571922000061022, 1.7685360000032233, 1.7698686999938218, 1.7569190000067465, 1.7524946999910753, 1.7535731999960262, 1.7588275000016438, 1.7538837000029162, 1.7568082000070717, 1.747306800010847, 1.7429709999996703, 1.7611089999991236, 1.7598460000008345, 1.7555601000058232, 1.754398000004585, 1.7640000999963377, 1.7501495000033174, 1.7501359000016237, 1.7535003000084544, 1.7604289000009885, 1.7625364999985322, 1.7497310000035213, 1.7618128000030993, 1.7387471999973059, 1.7518276000046171, 1.750329000002239, 1.7489286000054562, 1.7496243999921717, 1.7528736000094796, 1.7561082000029273, 1.7610013000085019, 1.749509000001126, 1.768062999995891, 1.7717935999971814, 1.7459746000095038, 1.759520400009933]}}