{"nuitka": {"warmup": [0.9543855999945663, 0.9331479999964358, 0.9301657000032719, 0.9309269999939715, 0.9248511000041617, 0.9314540000050329, 0.9294678000005661, 0.927286300007836, 0.9255542000028072, 0.9287290999927791, 0.9281080999935511, 0.9290955000033136, 0.9330126999993809, 0.9294957999954931, 0.9299396999995224, 0.9299203000118723, 0.9238373999978648, 0.9281142999971053, 0.9254290999961086, 0.9282296000019414, 0.9262833999964641, 0.9267797999928007, 0.9356490999925882, 0.91919919999782, 0.9294289000099525, 0.9246095000125933, 0.930294399993727, 0.9288605000037933, 0.928287700007786, 0.9376347000070382, 0.9242764999944484, 0.9299030999973183, 0.9291658000001917, 0.9260685999906855, 0.9241554000036558, 0.9240524000051664, 0.923282100004144, 0.922781400004169, 0.924506499999552, 0.9309546000004048, 0.93495380000968, 0.9253097000037087, 0.9254708000080427, 0.9276064000005135, 0.9298980000021402, 0.9281957999919541, 0.9284722000011243, 0.9353333000035491, 0.9362168999941787, 0.9404629000055138, 0.9332276999921305, 0.9306140999979107, 0.9358781999908388, 0.9344922000018414, 0.9316734000021825, 0.9292258999921614, 0.9363965000084136, 0.9244952000008198, 0.9258502000011504, 0.9275570000027074, 0.9350110999948811, 0.9321818000025814, 0.9257894000038505, 0.9299530999996932, 0.9332896999985678, 0.9250561999942875, 0.9263591000053566, 0.9257259000005433, 0.9282212000107393, 0.932279100001324, 0.9250634999916656, 0.9250730999920052, 0.9329930999956559, 0.9233111000066856, 0.9251910000020871, 0.9260868000128539, 0.9301723000098718, 0.9296199999953387, 0.9327771000098437, 0.9234808000037447, 0.9302328000048874, 0.9306013000023086, 0.9274403000017628, 0.9268588999984786, 0.9374314999877242, 0.9320999000046868, 0.9286462000018219, 0.9217079000081867, 0.92667299999448, 0.9242592000082368, 0.9289392000064254, 0.9311488999956055, 0.9264865000004647, 0.9242769999982556, 0.9323143999936292, 0.9290844000061043, 0.9265773999941302, 0.9295387000020128, 0.9230715000012424, 0.931113099999493], "benchmark": [0.926045600004727, 0.9317356000101427, 0.9293258000107016, 0.9306847999978345, 0.93199569999706, 0.9279826999991201, 0.9292032000084873, 0.933159499996691, 0.9277082000044174, 0.9340438999934122, 0.931143300011172, 0.9330947999987984, 0.9319603000039933, 0.92841110000154, 0.9295128999947337, 0.9265829000069061, 0.9271813000086695, 0.9267135999980383, 0.9320198999921558, 0.9301509999932023, 0.9368185000057565, 0.9349865999975009, 0.9238102999952389, 0.92720280001231, 0.9323794000083581, 0.92789520000224, 0.9270727000111947, 0.931179000006523, 0.9284581999963848, 0.9369416999979876, 0.9306551999907242, 0.9265916000003926, 0.9301504000031855, 0.9279612000100315, 0.9316954999958398, 0.9264821999968262, 0.9233403999969596, 0.9277014999970561, 0.9266540000098757, 0.9266115000064019, 0.9324313999968581, 0.9243448000052013, 0.9261051999928895, 0.9334040999965509, 0.9291321000055177, 0.9246628000109922, 0.9253166999988025, 0.9325430000026245, 0.9253719999978784, 0.9297877999924822, 0.9227719000045909, 0.929166100002476, 0.9338772999908542, 0.9338859999988927, 0.9298981999891112, 0.9242609999928391, 0.9273614999983693, 0.9250697999959812, 0.9242591999936849, 0.9243987999943784, 0.9328604000038467, 0.9276396000059322, 0.9291988000040874, 0.9274640999938129, 0.925938500004122, 0.9292433999944478, 0.9327328999934252, 0.9226922999951057, 0.9281995000055758, 0.9298746999993455, 0.9290870999975596, 0.92618309998943, 0.9302536999894073, 0.9261882999999216, 0.9375536000006832, 0.923562399999355, 0.9258138000004692, 0.9300840999931097, 0.9268034999986412, 0.9273818000074243, 0.9294054000056349, 0.9339201999973739, 0.9292642000073101, 0.9269109000015305, 0.9296522999939043, 0.9205366000096546, 0.9432378999918001, 0.9289679000066826, 0.9350011999922572, 0.9286346000008052, 0.9369987999962177, 0.9320819999993546, 0.9273762000084389, 0.92939090001164, 0.9282734000007622, 0.9293954000022495, 0.9292177000024822, 0.927618399990024, 0.9245736000011675, 0.9346284000057494]}, "cpython": {"warmup": [1.027054500009399, 1.0264004000055138, 1.0299131000065245, 1.0275232999993023, 1.0263891000067815, 1.0358844999864232, 1.0340400999994017, 1.0271502000105102, 1.0206059999909485, 1.0288084000058006, 1.0203058000042802, 1.0235140000004321, 1.0261792999954196, 1.0211847000027774, 1.0243846999946982, 1.019397600000957, 1.0258476000017254, 1.028896599993459, 1.025237499998184, 1.0222383999935118, 1.0218037000013283, 1.0205781999975443, 1.0212602999963565, 1.0226015000080224, 1.0261820000014268, 1.0168018999975175, 1.0218447000079323, 1.0211198000033619, 1.0294916000129888, 1.0278937999974005, 1.0358733999892138, 1.0287524000013946, 1.0254111000103876, 1.0216359000041848, 1.0248705000121845, 1.0286482999945292, 1.0279593000013847, 1.029087900009472, 1.0235386999993352, 1.0240537000063341, 1.027793200002634, 1.0230335999949602, 1.0208915999974124, 1.024706399999559, 1.022691100006341, 1.0273099000041839, 1.0292270999925677, 1.0206807000067784, 1.0201889000018127, 1.0296271000115667, 1.0250689000095008, 1.0480279000039445, 1.0240291000081925, 1.023684100000537, 1.0221637999929953, 1.0225746000069194, 1.0806890999956522, 1.022452399993199, 1.0199069999944186, 1.0504119000106584, 1.0882340999960434, 1.0161157999973511, 1.0156251000007614, 1.0369831000134582, 1.030300400001579, 1.017750300001353, 1.0273474999994505, 1.019462399999611, 1.0267069000110496, 1.0238412999897264, 1.0264555000030668, 1.0218559999921126, 1.028420400005416, 1.027614500009804, 1.020737700004247, 1.0152390000002924, 1.0272905000019819, 1.0260596000007354, 1.021078399993712, 1.0250432000029832, 1.0207528000028105, 1.0192508000036469, 1.022886800012202, 1.0214501000009477, 1.0249137000064366, 1.023218700007419, 1.0191113000037149, 1.0286696999974083, 1.0288372000068193, 1.0315758999931859, 1.0199949000088964, 1.0200785999913933, 1.036394199996721, 1.0225478000065777, 1.0245531999971718, 1.0215094000013778, 1.0262966000009328, 1.0359293999936199, 1.0251374000072246, 1.0197456999885617],