{"nuitka": {"warmup": [1.2319162000057986, 1.204635899994173, 1.2095733000023756, 1.210006199995405, 1.2077083000040147, 1.203394500000286, 1.2213875999877928, 1.1971292999951402, 1.2018706000089878, 1.2054559999960475, 1.2129649999988033, 1.2015709999977844, 1.2094843999948353, 1.206699899994419, 1.2184118000004673, 1.2032240999978967, 1.2137597999972058, 1.2047718999965582, 1.2067361999943387, 1.1976836000103503, 1.213834099995438, 1.2064941999997245, 1.20335859998886, 1.2069251000066288, 1.2017400000040652, 1.2045157000102336, 1.2091470000013942, 1.2037920000002487, 1.2053535999875749, 1.2025199999916367, 1.1973853000090457, 1.2006525000033434, 1.2056790000060573, 1.2101380999956746, 1.2022261999954935, 1.203312300000107, 1.2057734999980312, 1.2208702000061749, 1.205215500012855, 1.2110064000007696, 1.1961406000045827, 1.212784700008342, 1.2088994999940041, 1.2014237999974284, 1.20459180000762, 1.1983559999935096, 1.2036263000045437, 1.2053029999951832, 1.2052581000025384, 1.2024540999991586, 1.2082050000026356, 1.2039725000067847, 1.2063698999991175, 1.2035546999977669, 1.2006355000048643, 1.2002550000033807, 1.2073025999998208, 1.207538000002387, 1.2151298999961, 1.207931600001757, 1.2044757999974536, 1.217130500008352, 1.2147239999903832, 1.1924430999933975, 1.2003121000016108, 1.201804299998912, 1.203872500002035, 1.2036815999890678, 1.201527500001248, 1.1973997000022791, 1.2088833999878261, 1.2063614000071539, 1.2118507999985013, 1.2066416000016034, 1.2027377000049455, 1.2072237000102177, 1.2048661000007996, 1.2052368000004208, 1.2021606000052998, 1.2026575000054436, 1.2089240000059363, 1.2010675000055926, 1.2048020999936853, 1.2026535000040894, 1.2040372999908868, 1.2234275000082562, 1.206045200000517, 1.2021924000000581, 1.2113666999939596, 1.210341600002721, 1.2168309999979101, 1.213505299994722, 1.2073015000059968, 1.2109917999914614, 1.2040448000043398, 1.212541400003829, 1.2112785000063013, 1.2087478000030387, 1.1984529000037583, 1.2056241999962367], "benchmark": [1.2065696999925422, 1.1977673999936087, 1.203303499991307, 1.2012270999985049, 1.2024336000031326, 1.2063539000082528, 1.204005399995367, 1.1990534000069601, 1.2070982999866828, 1.2156227999948896, 1.1991943000030005, 1.2034658000047784, 1.2118778000003658, 1.2056968999968376, 1.213494299998274, 1.2083300999947824, 1.1968969000008656, 1.2047544000088237, 1.2155548999871826, 1.1966644000058295, 1.2091627000045264, 1.1994199000037042, 1.202088600010029, 1.2094252000097185, 1.2076875999919139, 1.2080629999982193, 1.1987126999883913, 1.2054834000009578, 1.2025558000023011, 1.2080042000015965, 1.2055503000010503, 1.2090210000023944, 1.2049966000049608, 1.209169000008842, 1.2039559999975609, 1.2057733999972697, 1.198840900004143, 1.2065841000003275, 1.2041113000013866, 1.2118754999974044, 1.2048206000035862, 1.2023794999986421, 1.1983321000006981, 1.2035668000025908, 1.207987099987804, 1.215654599989648, 1.2116273999999976, 1.210262699998566, 1.2033367000112776, 1.225285199994687, 1.2035466999950586, 1.2000049000052968, 1.205658199993195, 1.214696000010008, 1.200987599993823, 1.2018687999952817, 1.2020409999968251, 1.2113989000063157, 1.212874400007422, 1.1996452000021236, 1.2093305000016699, 1.2121982000098797, 1.2098411000042688, 1.1980900000053225, 1.220594300000812, 1.2022659000067506, 1.2031939000007696, 1.2013069999957224, 1.2111814000090817, 1.2105402000015602, 1.212731800012989, 1.203973000010592, 1.2079400000075111, 1.2023771999956807, 1.1992641999968328, 1.2032323000021279, 1.2026450999983354, 1.2036181000003126, 1.2130070999992313, 1.2066257999977097, 1.2067597999994177, 1.2044934000005014, 1.1989202999975532, 1.1992872999981046, 1.2192092000041157, 1.2037979000015184, 1.2099068999959854, 1.2036375000025146, 1.2020211999915773, 1.2024896999937482, 1.2033012000028975, 1.2042431000008946, 1.2068147999962093, 1.200758400009363, 1.201398999997764, 1.2056749999901513, 1.1998868000082439, 1.1986442999914289, 1.201428999993368, 1.197736200003419]}, "cpython": {"warmup": [1.4169253000000026, 1.417068399998243, 1.4171825999947032, 1.421799200004898, 1.410388400006923, 1.4224246999947354, 1.4235735999973258, 1.4094485000096029, 1.4127641999948537, 1.4298487000050955, 1.4168434999883175, 1.4211560999974608, 1.4131250999926124, 1.4043586999905529, 1.4134901000070386, 1.4068585999921197, 1.4288917999947444, 1.4196604000026127, 1.4338653000013437, 1.4318325000058394, 1.4277904000045964, 1.4100586999993538, 1.442918600005214, 1.4113707999931648, 1.4211746000073617, 1.4229506999981822, 1.4260129000031156, 1.4296948999981396, 1.4108147000079043, 1.4103161999955773, 1.4222813000087626, 1.4191506000061054, 1.4127066999935778, 1.4142457999987528, 1.434363399996073, 1.3934058000013465, 1.423539300012635, 1.4230604999902425, 1.4189307000051485, 1.4037716000020737, 1.4096448999916902, 1.4118509999971138, 1.409298200000194, 1.4140090000000782, 1.4031678000028478, 1.4096836999960942, 1.4431479999911971, 1.428314800010412, 1.3949835000094026, 1.4030208999902243, 1.4011830000090413, 1.4150147999898763, 1.4309700000012526, 1.4190680999890901, 1.4233845999988262, 1.4156809000123758, 1.4022341999952914, 1.4129529999918304, 1.4183934000029694, 1.401232500007609, 1.438404000000446, 1.3988925000012387, 1.4136272999894572, 1.410412199998973, 1.433304100006353, 1.418709100005799, 1.407519999993383, 1.411398599986569, 1.4292008000047645, 1.4058513999916613, 1.4195520000066608, 1.4175697999889962, 1.4183666000026278, 1.414233500006958, 1.4125629000045592, 1.4000602000014624, 1.3983236000058241, 1.4174071000015829, 1.4320019000006141, 1.417598599990015, 1.4142048999929102, 1.4118693000054918, 1.4225367999897571, 1.4089576999976998, 1.4103745000029448, 1.4214509000012185, 1.4230060999980196, 1.4265584999957355, 1.4056782999978168, 1.4133848000055877, 1.4070796000014525, 1.427831699998933, 1.405054899994866, 1.4229510000004666, 1.4127976000017952, 1.419297699991148, 1.422095799993258, 1.4131093000032706, 1.4140741999872262, 1.4193847999995342], "benchmark": [1.4107027999998536, 1.401337200004491, 1.4212954999966314, 1.415792200001306, 1.405895399992005, 1.4028254999866476, 1.4189078000053996, 1.423402400003397, 1.4065368000010494, 1.4115561999933561, 1.40430940000806, 1.4142330000031507, 1.4139828000043053, 1.426873299991712, 1.4130852999951458, 1.4332896999985678, 1.4027362999913748, 1.3915019999985816, 1.4171616999956314, 1.417306000003009, 1.4284183999989182, 1.4250195000058739, 1.4120903000002727, 1.4177005999954417, 1.4161961000063457, 1.403395700006513, 1.416076499997871, 1.429704500013031, 1.4199837000051048, 1.4187099999981, 1.4133351999917068, 1.4131098000070779, 1.4210324000014225, 1.4092273999995086, 1.4235554000042612, 1.4162903999967966, 1.422294799995143, 1.4299530999996932, 1.4216179000068223, 1.4119752999977209, 1.404662200002349, 1.4084313000057591, 1.4156345000083093, 1.4063685000000987, 1.4228530999971554, 1.4183138999942457, 1.4181334000022616, 1.4156867999990936, 1.407448400001158, 1.4154076999984682, 1.4183742000022903, 1.4293648000020767, 1.4225217000057455, 1.417586499999743, 1.4160161000036169, 1.4230136000114726, 1.4204153000027873, 1.4120658000028925, 1.4200673000013921, 1.448111899997457, 1.3986472000106005, 1.4286573999997927, 1.4173970999981975, 1.4077121000009356, 1.4140667999890866, 1.4130908999941312, 1.4178831000026548, 1.4150255999993533, 1.4261098999995738, 1.4039631999912672, 1.4277317999949446, 1.4145811000053072, 1.4313620000029914, 1.4155327000044053, 1.4090846999897622, 1.415586399991298, 1.413375600008294, 1.4212681999924826, 1.4218368000001647, 1.4278342000034172, 1.4175399000087054, 1.416882400008035, 1.4124146999965888, 1.428063800005475, 1.4163566999923205, 1.4322535999963293, 1.416908200000762, 1.4226181999983964, 1.430851500001154, 1.4227774000028148, 1.425151100003859, 1.4223133999912534, 1.4212544000038179, 1.4165126000007149, 1.4107588999904692, 1.4189331000088714, 1.4160735999903409, 1.4111514999967767, 1.418303600003128, 1.40954240001156]}}