{"nuitka": {"warmup": [1.2173631000041496, 1.1894404999911785, 1.1907399000047008, 1.1882927999977255, 1.1870163999992656, 1.208351599998423, 1.199578500003554, 1.2043067000049632, 1.1960001999977976, 1.1915077000012388, 1.1968305000045802, 1.1917640000028769, 1.1982382999995025, 1.1960779999935767, 1.1912777999968966, 1.1833372999972198, 1.2020927999983542, 1.1824606000009226, 1.1947944999992615, 1.190255099994829, 1.1905410999897867, 1.1869967999955406, 1.1944340000045486, 1.1948772000032477, 1.1945267999981297, 1.1871855000063078, 1.1868647999945097, 1.240618900003028, 1.1977389000094263, 1.188405300010345, 1.1901483999972697, 1.1907584000000497, 1.1925129000010202, 1.214401799996267, 1.1840314000000944, 1.1916130000026897, 1.1866335999948205, 1.203355499994359, 1.1889520999975502, 1.1927128000097582, 1.2082449000008637, 1.190441099999589, 1.1906764000013936, 1.1907637999975123, 1.1965982999972766, 1.1914402000111295, 1.190028800003347, 1.1847669999988284, 1.1881471999950008, 1.1922786999930395, 1.2013579000049504, 1.1819561000011163, 1.1872134000004735, 1.195639300000039, 1.1997005000011995, 1.1884511999960523, 1.1933453000092413, 1.1978303999931086, 1.1883251999970526, 1.187169000011636, 1.2020411000121385, 1.189690100000007, 1.1967082000046503, 1.1899864000006346, 1.194675599996117, 1.200152799996431, 1.204378499998711, 1.1979716000059852, 1.194324099997175, 1.1909033000119962, 1.1956077000068035, 1.198038100003032, 1.1942387000017334, 1.1918648999999277, 1.1878596000024118, 1.1929574999958277, 1.1987829999998212, 1.1953676999983145, 1.19610410000314, 1.1887065999908373, 1.1849797000031685, 1.1918426000047475, 1.1926091999921482, 1.1957606000069063, 1.1853357999934815, 1.1885661000123946, 1.1969670999969821, 1.1955323000001954, 1.2005998999957228, 1.1927070999954594, 1.1898011000012048, 1.1848528000118677, 1.1895169999916106, 1.1945830000040587, 1.200983200003975, 1.199468299993896, 1.193416399997659, 1.1837765999953263, 1.184579799999483, 1.1907581000123173], "benchmark": [1.201343300010194, 1.1858552999910899, 1.1908754000032786, 1.1857871999964118, 1.2095224000076996, 1.1949690999899758, 1.1949056000012206, 1.1899451000062982, 1.188999200006947, 1.1964843000023393, 1.1897653999913018, 1.188572099999874, 1.1932362000079593, 1.1829338999959873, 1.1894409000087762, 1.1910133000055794, 1.185688300000038, 1.1931191999901785, 1.1982493000105023, 1.1948214000003645, 1.1901591999921948, 1.1864614999940386, 1.1874196999997366, 1.20091090000642, 1.1952029999956721, 1.1937338000134332, 1.1938416000048164, 1.1819222000049194, 1.2142538000043714, 1.1876620999973966, 1.2203201999946032, 1.1921276000066428, 1.1893036000110442, 1.18636969999352, 1.188318900007289, 1.2057677999982843, 1.2024358000053326, 1.2001155000034487, 1.1994666000100551, 1.1950489000009838, 1.2083683999953791, 1.185453400001279, 1.1921893000107957, 1.1916583999991417, 1.1992869999958202, 1.1889464999985648, 1.2032837000006111, 1.1843928000016604, 1.1820965999941109, 1.1838615000015125, 1.1986899000039557, 1.196200399994268, 1.191983500000788, 1.1891521999932593, 1.1876965999981621, 1.1875837999978103, 1.1942844000004698, 1.1914917999965837, 1.1961238000076264, 1.1890599000034854, 1.1893927000055555, 1.1902427999884821, 1.1905371000029845, 1.1868677999882493, 1.1954710999998497, 1.1957884000003105, 1.187234900004114, 1.1935175000107847, 1.18412299999909, 1.1903719000110868, 1.1937997999921208, 1.1933056999987457, 1.2001224999985425, 1.1886833000025945, 1.1989895000006072, 1.1954318000061903, 1.1879415000003064, 1.1908868000027724, 1.1915480000025127, 1.2026254999946104, 1.1814561000064714, 1.1886710999970092, 1.1817540000047302, 1.1945687999977963, 1.2019889000075636, 1.2049623000057181, 1.1960493000078714, 1.1935414999898057, 1.1885408999951323, 1.1921569999976782, 1.1860960999911185, 1.190257299997029, 1.1877189000078943, 1.205788199993549, 1.2007141999929445, 1.2029246000020066, 1.1894839000015054, 1.1873333000112325, 1.1886384999961592, 1.1973886000050697]}, "cpython": {"warmup": [1.355846999998903, 1.3480340000096476, 1.3588898000016343, 1.3811965999921085, 1.3672681000025477, 1.3529377000086242, 1.3620865999982925, 1.3979569000075571, 1.3806601999967825, 1.3616212000051746, 1.3478907999960938, 1.359481199993752, 1.3507693999999901, 1.363168299998506, 1.352552200012724, 1.344467099988833, 1.3510599000001093, 1.3467694999999367, 1.3852218000101857, 1.3811214000015752, 1.3579044999933103, 1.387187600004836, 1.351762599995709, 1.357454900004086, 1.350898100004997, 1.3571518999960972, 1.3607320000010077, 1.3752798000059556, 1.3605451000039466, 1.3560690000012983, 1.3573763000022154, 1.3805252000020118, 1.3670177000021795, 1.3684218000125838, 1.3921235000016168, 1.3602594999974826, 1.354428699996788, 1.3569682000088505, 1.3562939999974333, 1.356399500000407, 1.399115799998981, 1.3572699999931501, 1.361460200001602, 1.3650431999994908, 1.3582483999925898, 1.3671328999917023, 1.365055600006599, 1.3555835000006482, 1.353000899995095, 1.3623785999952815, 1.352997799986042, 1.3503215999953682, 1.3567869000107748, 1.3603470999951242, 1.358271799996146, 1.3537865999969654, 1.3607069999998203, 1.3802326000004541, 1.3733015000034356, 1.3556496999954106, 1.3592591999913566, 1.3547693000000436, 1.357301699987147, 1.3437096999987261, 1.3757233999931486, 1.3501855000067735, 1.3811191999993753, 1.3538132999965455, 1.3490011999965645, 1.3546876000036718, 1.3600754999933997, 1.3567407000082312, 1.3863505000044825, 1.3702078000060283, 1.3519114000082482, 1.3546504999976605, 1.3760831000108737, 1.368123000007472, 1.355685699993046, 1.3607346000062535, 1.3543369000108214, 1.3470232999970904, 1.3554413999954704, 1.3588099000044167, 1.3584744999971008, 1.3478882999916095, 1.3627580000029411, 1.351236999995308, 1.3531857000052696, 1.3618006000033347, 1.3604267999908188, 1.3784157000045525, 1.451038700004574, 1.360285599992494, 1.38931969999976, 1.35694159999548, 1.3668106999975862, 1.374174500000663, 1.35450889999629, 1.3579326000035508], "benchmark": [1.356900400001905, 1.4781339000037406, 1.3536925000080373, 1.3613766000053147, 1.3883429000125034, 1.3648344999965047, 1.3652022999885958, 1.3542221000097925, 1.359510299997055, 1.348706000004313, 1.3575704999966547, 1.379302800007281, 1.3479004999971949, 1.4679987999988953, 1.8002753999899141, 1.4143561999953818, 1.3672803999943426, 1.3654228999948828, 1.3600612000009278, 1.4434949999995297, 1.3491573000064818, 1.3531374000012875, 1.4041096000000834, 1.3714540999935707, 1.3522084999858635, 1.346169700002065, 1.382777899998473, 1.3664944999909494, 1.3623491000034846, 1.3682796999928541, 1.364405500004068, 1.3579978999914601, 1.354406200000085, 1.3433321000047727, 1.3503418000036618, 1.3553656000003684, 1.3634189000003971, 1.3593175999994855, 1.3643376999971224, 1.3511811000062153, 1.3478675999940606, 1.3499500999896554, 1.3555160999967484, 1.3474546000070404, 1.367232000004151, 1.3618538000009721, 1.355039799993392, 1.3805294999910984, 1.3616349000076298, 1.3681909000006272, 1.3607593000051565, 1.3581807000009576, 1.3650013000005856, 1.358707499995944, 1.36518760000763, 1.3520805000007385, 1.3528902999969432, 1.3620264000055613, 1.3500734999979613, 1.353001299998141, 1.3499314000073355, 1.345979099991382, 1.3507379000075161, 1.3618072000099346, 1.3492117999994662, 1.3544163999904413, 1.3673692000011215, 1.3580502999975579, 1.359682200010866, 1.3521256999956677, 1.3534177999972599, 1.3566564999928232, 1.3552608000027249, 1.3525019999942742, 1.3762099999876227, 1.3568426999991061, 1.3473622000019532, 1.3492028000036953, 1.365008199994918, 1.3533382999885362, 1.3621508000069298, 1.3567535999900429, 1.3729788000055123, 1.3451075999910245, 1.3657691999978852, 1.3804285999940475, 1.3472618000087095, 1.3572555999999167, 1.3516723999928217, 1.3814796999940882, 1.3489658000034979, 1.374794400006067, 1.3759742000111146, 1.3556590000080178, 1.3514113999990514, 1.3539705000002868, 1.3701968999957899, 1.3708232000062708, 1.3496296999946935, 1.3678586999885738]}}