{"nuitka": {"warmup": [1.695236700004898, 1.6262581000046339, 1.6789599999901839, 1.5203697999822907, 1.4946535999770276, 1.5666735999984667, 1.5286813999991864, 1.481869600014761, 1.570958199998131, 1.5189909000182524, 1.4852365000115242, 1.6288532999751624, 1.4632060000149067, 1.6350901999976486, 1.4991923999914434, 1.513900799996918, 1.400830099999439, 1.428755299974, 1.460750199999893, 1.569571600004565, 1.4951843000017107, 1.4461003000033088, 1.5875210000085644, 1.4620998000027612, 1.3949422999867238, 1.4708182999747805, 1.4686401000071783, 1.595059500017669, 1.5158870000159368, 1.4375546999799553, 1.4557767000223976, 1.3720698000106495, 1.406243200006429, 1.5942490000161342, 1.406851400010055, 1.4653912000067066, 1.450390599988168, 1.4156267000071239, 1.3905952000059187, 1.4167339999985415, 1.5874575000198092, 1.4055006999988109, 1.417447199986782, 1.5706406999961473, 1.4826174000045285, 1.5675254999950994, 1.4187356999900658, 1.5725095999951009, 1.4317423999891616, 1.3730411999858916, 1.4020742000138853, 1.4301792999904137, 1.5207186999905389, 1.3842038000002503, 1.4338151999982074, 1.4189654999936465, 1.4183906000107527, 1.4077744999958668, 1.4486207000154536, 1.4055258999869693, 1.5721014000009745, 1.3923907999997027, 1.4260833000007551, 1.4722231000196189, 1.4060448000091128, 1.4153007000277285, 1.4123519999848213, 1.497194000025047, 1.3922584999818355, 1.3860318000079133, 1.4623756000073627, 1.4205659000144806, 1.4386918999953195, 1.4249697000195738, 1.4515721999923699, 1.4182399999990594, 1.426227599993581, 1.4929859999974724, 1.4434343999892008, 1.4452560000063386, 1.5922805000154767, 1.3296536999987438, 1.6031416999758221, 1.561585700022988, 1.3814760000095703, 1.4505597999959718, 1.4747416999889538, 1.5881331999844406, 1.3948804000101518, 1.4670619999815244, 1.4001700000080746, 1.4835330999922007, 1.4964255999948364, 1.424600800004555, 1.4423051000048872, 1.4268929999961983, 1.4301475000102073, 1.3946718999941368, 1.4547604999970645, 1.4150818999914918], "benchmark": [1.4451429000182543, 1.401552700001048, 1.4821741000050679, 1.4178839000232983, 1.394910400005756, 1.4497954999969807, 1.4109675000072457, 1.4229803000052925, 1.4032571999996435, 1.3945550999778789, 1.5850729999947362, 1.5450652000145055, 1.5679441000102088, 1.4099331999896094, 1.5275864999857731, 1.578141300007701, 1.4044745999854058, 1.4041839000128675, 1.4196093000064138, 1.4512771999870893, 1.3996753999963403, 1.4373981000098865, 1.4054233999922872, 1.4371308000118006, 1.4092118999978993, 1.402384900022298, 1.4111794000200462, 1.478857700014487, 1.4416107000142802, 1.3899274000141304, 1.3894358999968972, 1.443281100015156, 1.3546666000038385, 1.4145625000237487, 1.4687299999932293, 1.42783810000401, 1.4682222999981605, 1.4641756000055466, 1.4153050000022631, 1.3840773999982048, 1.4374777000048198, 1.4115888999949675, 1.490514000004623, 1.434232300001895, 1.3986464000190608, 1.4811600999964867, 1.483883999986574, 1.442465500003891, 1.4803246000083163, 1.4706618000054732, 1.4191101999895182, 1.4761094000132289, 1.4069342000002507, 1.3462327000161167, 1.3765786000003573, 1.4124290000181645, 1.4104936999792699, 1.4112229000020307, 1.3936758999770973, 1.42145100000198, 1.3969453999889083, 1.3872998000006191, 1.4122472000017297, 1.5847760000033304, 1.4297511000186205, 1.4148410999914631, 1.5826941999839619, 1.4330797000147868, 1.3685985000047367, 1.461874100001296, 1.3942772999871522, 1.5749496000062209, 1.4093516999855638, 1.4156870000006165, 1.491161900019506, 1.4747939000080805, 1.443029200017918, 1.3935997000080533, 1.4282007000001613, 1.4003100999980234, 1.4108597000013106, 1.617330499982927, 1.4262624999973923, 1.4450605000020005, 1.5595176999922842, 1.4127822000009473, 1.3986488000082318, 1.427619899972342, 1.4085380999895278, 1.3845211000007112, 1.4062443999864627, 1.4424016999837477, 1.3729910000110976, 1.3777299000066705, 1.4184642999898642, 1.4026918000017758, 1.3977999999769963, 1.436741500016069, 1.415538800007198, 1.4769285999936983]}, "cpython": {"warmup": [1.5556746999791358, 1.4638045000028796, 1.6220779000141192, 1.4750926999840885, 1.4376658000110183, 1.630797399993753, 1.459027100005187, 1.5285115000151563, 1.3843895999889355, 1.4995274000102654, 1.4427804999868385, 1.6541009999928065, 1.4753154999925755, 1.485316000005696, 1.5484558999887668, 1.4764968999952544, 1.5714676999778021, 1.633112000010442, 1.4409056000004057, 1.4786316999816336, 1.4866376999998465, 1.5619416999979876, 1.6180192999891005, 1.47073120001005, 1.6373392000095919, 1.4397365000040736, 1.5302923000126611, 1.439608299988322, 1.4330613999918569, 1.4072900000028312, 1.4952218999969773, 1.6364721999852918, 1.4768722000007983, 1.6241641000087839, 1.4454021000128705, 1.4534500000008848, 1.4575323999742977, 1.470752299996093, 1.4354214999766555, 1.5452087000012398, 1.4865291999885812, 1.5083893999981228, 1.4422395000001416, 1.4777041999914218, 1.6462434000277426, 1.459346200019354, 1.4756790999963414, 1.4457227000093553, 1.5334149999835063, 1.663170200015884, 1.5148173999914434, 1.5233679999946617, 1.616198700008681, 1.626454500015825, 1.5591599000035785, 1.4635277999914251, 1.6337651000067126, 1.4548897000204306, 1.4617849000205752, 1.509629699983634, 1.6399105000018608, 1.4621095999900717, 1.4834287000121549, 1.648575900006108, 1.4663321999832988, 1.5332751999958418, 1.4484031999891158, 1.5356309000053443, 1.6347987999906763, 1.4897684000025038, 1.5397190999938175, 1.4308229000016581, 1.4200238999910653, 1.425708199996734, 1.5103276000008918, 1.50063819999923, 1.4062134000123478, 1.4142807000025641, 1.4471712000085972, 1.4702593999973033, 1.4823980999935884, 1.6464636000164319, 1.424091099994257, 1.4677210999943782, 1.4561962999869138, 1.5203024999937043, 1.4636216000071727, 1.5956188999989536, 1.4619881999969948, 1.4605398999992758, 1.426544299989473, 1.4909353000111878, 1.3923714999982622, 1.5127831999852788, 1.461752700008219, 1.5861466999922413, 1.4631608999916352, 1.4418693000043277, 1.452814500022214, 1.4583304000261705], "benchmark": [1.3952200000057928, 1.4402722000086214, 1.4503036000241991, 1.4481641000020318, 1.4734416999854147, 1.6168439000030048, 1.5081940999953076, 1.4164031999825966, 1.4711415000201669, 1.4390495000116061, 1.609576199989533, 1.422855900018476, 1.5519938000070397, 1.640661600016756, 1.4347437999967951, 1.6276854000170715, 1.4279214000271168, 1.4240087999787647, 1.5008466999861412, 1.4605091999983415, 1.4003159999847412, 1.450466400012374, 1.5073104999901261, 1.4046872000035364, 1.456357899995055, 1.5006523000192828, 1.4302429999806918, 1.6252330999996047, 1.626575700007379, 1.4150380999781191, 1.6037845000100788, 1.5509650000021793, 1.6257783999899402, 1.4453717000142206, 1.4070862000226043, 1.4294611999939661, 1.4431028999970295, 1.4373371000110637, 1.4383226999780163, 1.4725803000037558, 1.4626565999933518, 1.4645951999991667, 1.4394402999896556, 1.6504552999977022, 1.5342812000017148, 1.6441215999948326, 1.4337580999999773, 1.4559248000150546, 1.6157662000041455, 1.4699625999783166, 1.4576676999859046, 1.6183589000138454, 1.4490048000006936, 1.4439742999966256, 1.42935099999886, 1.6241244999982882, 1.4509422999981325, 1.4843396999931429, 1.6073463000066113, 1.4528639999916777, 1.572658799996134, 1.484101300011389, 1.4429495999938808, 1.6485813000181224, 1.4543604000064079, 1.4422451999853365, 1.3950083999952767, 1.442310800019186, 1.4663518999877851, 1.3657378999923822, 1.4451833000057377, 1.5044691000075545, 1.4577831999922637, 1.4726680000021588, 1.6131364000029862, 1.5924388999992516, 1.4718997000018135, 1.6371037999924738, 1.6363679000060074, 1.5426218000066, 1.5346764999849256, 1.538644899992505, 1.448271700006444, 1.478663099987898, 1.5293553000083193, 1.5608410999993794, 1.4621313999814447, 1.5182487999845762, 1.409755300002871, 1.466044700006023, 1.5006545999785885, 1.4441664000041783, 1.4471028999832924, 1.4558871000190265, 1.4321290999941994, 1.5576646999979857, 1.4031504000013229, 1.5086977000173647, 1.44102309999289, 1.4425133999902755]}}