{"nuitka": {"warmup": [0.7450648999947589, 0.7292862000031164, 0.7349289999983739, 0.7313091999967583, 0.736271100002341, 0.7276516999991145, 0.726887099997839, 0.7266029999882448, 0.7287913999898592, 0.7377698000054806, 0.7347387000045273, 0.7289239999954589, 0.7376927000004798, 0.7357625000004191, 0.7255358999973396, 0.7261341999983415, 0.7295035999995889, 0.7274113000021316, 0.7286482999916188, 0.7286116999894148, 0.7297020999976667, 0.732015000001411, 0.7308216000092216, 0.7282408000028227, 0.7321541999990586, 0.7302570000028936, 0.7371557000005851, 0.728002000003471, 0.729585599998245, 0.7302823999925749, 0.7275016000057803, 0.7349467000021832, 0.7255893999972614, 0.7344741999986582, 0.7255765000008978, 0.7289299000112806, 0.7388765000068815, 0.7321365999960108, 0.724740900011966, 0.7285207000095397, 0.7283055000007153, 0.7364901999972062, 0.7351803000055952, 0.7295085999940056, 0.7318525000009686, 0.7335429000086151, 0.7291523000021698, 0.7299152000050526, 0.726085400005104, 0.7300579000002472, 0.741677099998924, 0.7366588000004413, 0.732173900003545, 0.7246799999993527, 0.7331906000035815, 0.7291826000000583, 0.7260141000006115, 0.734076599997934, 0.7275282000045991, 0.7284149999904912, 0.736986199990497, 0.7273226999968756, 0.7295423000032315, 0.7308191000047373, 0.7289975999883609, 0.7301540999906138, 0.731404999998631, 0.7285453000076814, 0.7278738999884808, 0.7327822000079323, 0.735163500008639, 0.7295967000100063, 0.7270647000113968, 0.7283529999986058, 0.7289032999979099, 0.72701249999227, 0.7282970999949612, 0.7285016999958316, 0.7294608999945922, 0.7273768000013661, 0.7318842000095174, 0.7291338999930304, 0.7288183000055142, 0.7283673000056297, 0.7296298000001116, 0.7259663000004366, 0.7305328999937046, 0.7345866999967257, 0.7371337000076892, 0.7267626999964705, 0.7346732000005431, 0.7277003999915905, 0.7301235000049928, 0.7303652999980841, 0.7286365999898408, 0.7336098000087077, 0.7282777999935206, 0.7290787999954773, 0.735451100001228, 0.729997700007516], "benchmark": [0.7308843999926466, 0.7279920000000857, 0.729944799997611, 0.7298918000014964, 0.7310925999918254, 0.7285392000048887, 0.7311187000013888, 0.7269546999887098, 0.7363429999968503, 0.7268060000060359, 0.7300600999878952, 0.7366478000039933, 0.7293593000067631, 0.73072449999745, 0.7312044000136666, 0.7305447000107961, 0.7293967000005068, 0.7365546000073664, 0.731559699997888, 0.7301016000128584, 0.7331524000037462, 0.7308448999974644, 0.7309033999918029, 0.731811599995126, 0.7267001000000164, 0.7297582000028342, 0.7298536000016611, 0.7251479000115069, 0.7284662000020035, 0.7303145000041695, 0.7273944000044139, 0.7283452999981819, 0.7325194000004558, 0.7275565000018105, 0.7287120000110008, 0.7300296999892453, 0.7371268999995664, 0.7275634999969043, 0.7366970000002766, 0.739349100011168, 0.7326905000081751, 0.7322431999928085, 0.7368012999941129, 0.7308114000043133, 0.7304198999918299, 0.7287739999883343, 0.7308107999997446, 0.7338479999889387, 0.7308925000106683, 0.7274420000030659, 0.7353581999923335, 0.7289612000022316, 0.7360346000059508, 0.7400901999935741, 0.7296322000038344, 0.7304673000035109, 0.7370748999965144, 0.7490343000099529, 0.7333404999953927, 0.7285696000035387, 0.7247154999931809, 0.731050000002142, 0.7293957000074442, 0.7271179999952437, 0.7302557999937562, 0.730129699993995, 0.7295041000033962, 0.7284205000032671, 0.7288034000084735, 0.7304474000120535, 0.7283437999867601, 0.7275270000100136, 0.7291463000001386, 0.7342664999887347, 0.7274225000001024, 0.7279720000078669, 0.7286318000114989, 0.7300887000019429, 0.7298327000025893, 0.7276504000037676, 0.7280742000002647, 0.7337038999976357, 0.7301783000002615, 0.7271016999875428, 0.7291654999862658, 0.7305448999977671, 0.731728300001123, 0.7342655000102241, 0.7277168000000529, 0.7298816999973496, 0.7350449999939883, 0.7294975000113482, 0.7289460999891162, 0.7256079999933718, 0.7293564999999944, 0.7250055000040447, 0.7350757999956841, 0.7317771999951219, 0.7300577999994857, 0.7312067000020761]}, "cpython": {"warmup": [0.8301781000045594, 0.8222900000109803, 0.8307873000012478, 0.8281248999992386, 0.8287416000093799, 0.8275361999985762, 0.8260593000013614, 0.830462300000363, 0.8288240999972913, 0.8371106999984477, 0.8271899999963352, 0.8274944000004325, 0.8342959999863524, 0.829470600001514, 0.8255265999905532, 0.8268247000087285, 0.826875899991137, 0.8299104000034276, 0.8253752000018721, 0.8367416000110097, 0.8280436999921221, 0.8365340000018477, 0.827615699992748, 0.825743399997009, 0.8277563000010559, 0.8413040000014007, 0.8332706000073813, 0.8323297999886563, 0.8278594000003068, 0.8284344999992754, 0.8289053999906173, 0.8393712000106461, 0.8347825000091689, 0.8300920999899972, 0.8248703999997815, 0.8248922000057064, 0.8365634000074351, 0.8276306999905501, 0.830209299994749, 0.8267886000103317, 0.8328921999927843, 0.8287812999915332, 0.8224632000055863, 0.8254310999909649, 0.829495300000417, 0.8323343999945791, 0.8404887000069721, 0.8450130999990506, 0.8238142000045627, 0.8250021999992896, 0.841461200005142, 0.8375219000008656, 0.8472920999920461, 0.8378091999911703, 0.8301213000086136, 0.8342280999931972, 0.8257352999935392, 0.8322434000001522, 0.8291667000012239, 0.8341818000044441, 0.8262432999908924, 0.8284850000054576, 0.82409040001221, 0.8250320999941323, 0.8264953000034438, 0.8289728999952786, 0.8271812000020873, 0.8346211000025505, 0.828810799997882, 0.8267391999979736, 0.8307095000054687, 0.8290803999989294, 0.8262573999963934, 0.8311692999996012, 0.8287721000087913, 0.8256785000121454, 0.8257727000018349, 0.8263569999980973, 0.8244917999982135, 0.8272446999908425, 0.8277395999903092, 0.8298594000079902, 0.828172599998652, 0.8337864000059199, 0.824991699992097, 0.8263546999951359, 0.8289110000041546, 0.8303583999950206, 0.8410716999933356, 0.8327617000031751, 0.8311317000043346, 0.8350953999906778, 0.8363011000037659, 0.8285209000023315, 0.8954580999998143, 0.8252089000015985, 0.83009379998839, 0.8307074000040302, 0.8330206999962684, 0.8341607000038493],