{"nuitka": {"warmup": [0.6831591999944067, 0.6637467999971705, 0.6633061000029556, 0.6620457999961218, 0.6657197000022279, 0.6683206999878166, 0.6659825000097044, 0.6653143000003183, 0.6704664999997476, 0.6697983000049135, 0.6682980000041425, 0.6657869999908144, 0.6632073000073433, 0.6633256000059191, 0.6619719000009354, 0.6617180999892298, 0.6650559999980032, 0.6635607999924105, 0.6621158000052674, 0.6630699000088498, 0.6638431000028504, 0.6637838000024203, 0.6648313999903621, 0.6621962999925017, 0.6643821000034222, 0.665781399991829, 0.6663731000007829, 0.6617244999943068, 0.664486300011049, 0.6625099000084447, 0.6623277000035159, 0.662149199997657, 0.6619830999989063, 0.6619427999976324, 0.6635630999953719, 0.6643853999994462, 0.6638944000005722, 0.6625592000054894, 0.6648019999993267, 0.6617292000009911, 0.6613958999951137, 0.663401799989515, 0.6621971999993548, 0.663531400001375, 0.6608886999893002, 0.6617086000042036, 0.661653600007412, 0.6645992999983719, 0.6647081000119215, 0.6636309000023175, 0.6619999000104144, 0.6613596000097459, 0.6645195000019157, 0.6688437999982852, 0.6615993000013987, 0.6628499000071315, 0.6643836999865016, 0.663125899998704, 0.6624386999901617, 0.6641498999961186, 0.6613891000015428, 0.6619077999930596, 0.6623074999952223, 0.6635431000031531, 0.6688157000025967, 0.6627314999932423, 0.6632278999895789, 0.663644900007057, 0.6630255000054603, 0.6654927999916254, 0.6660581000032835, 0.6621172000013757, 0.6624203000101261, 0.6633090999966953, 0.6614565000054426, 0.6669307999982266, 0.6641646000061883, 0.6625044999964302, 0.6623290999996243, 0.6635149000067031, 0.6623958999989554, 0.6639266999991378, 0.6623055000090972, 0.6629194999986794, 0.6614583000045968, 0.6633869000070263, 0.6621153000014601, 0.6623790000012377, 0.6921854999964125, 0.6628716999985045, 0.6629511000064667, 0.6629497999965679, 0.6642067999928258, 0.6638576999976067, 0.6720855000021402, 0.661949100001948, 0.6626265999948373, 0.6628554000053555, 0.6617011000053026, 0.6627960999903735], "benchmark": [0.6618102000065846, 0.662481299994397, 0.665240400005132, 0.6619023999955971, 0.6623508000047877, 0.6632461000117473, 0.6639549000101397, 0.6642317999940133, 0.6622575000073994, 0.6620468000037363, 0.6648180000047432, 0.663220000002184, 0.6612256999942474, 0.6624160999926971, 0.6631383000058122, 0.6637584999989485, 0.6628020000061952, 0.6701904000074137, 0.6631042000080924, 0.6637428999965778, 0.6669411000038963, 0.6623363000107929, 0.6641156999976374, 0.6669376999925589, 0.6861899999930756, 0.6621299999969779, 0.6639999999897555, 0.6636671000014758, 0.6736514999938663, 0.6644895999925211, 0.6638853000040399, 0.6680816000007326, 0.6628046000114409, 0.664131700003054, 0.6727370000007795, 0.6636966999940341, 0.6615138000051957, 0.6677068999997573, 0.664142499997979, 0.6694997000013245, 0.6678855000063777, 0.6813184000056935, 0.6637523999961559, 0.662366499993368, 0.6666020000120625, 0.6778034000017215, 0.6674484000104712, 0.6697681000077864, 0.6619289999944158, 0.6632295999879716, 0.6671664000023156, 0.6623393000045326, 0.6623089000058826, 0.6636853999953019, 0.6630886000057217, 0.6632127000048058, 0.664498599988292, 0.665797300011036, 0.6611724000104005, 0.6678746000106912, 0.6638001000101212, 0.6698181000101613, 0.6742976999958046, 0.6617590000096243, 0.66053209999518, 0.6657370000029914, 0.6634697999979835, 0.6615191000018967, 0.6650720000034198, 0.6650028000003658, 0.6610947000008309, 0.6622407999966526, 0.6686928999988595, 0.6677956000057748, 0.6714506999996956, 0.662401100009447, 0.6638772000005702, 0.6676423999888357, 0.6679721000109566, 0.668638600007398, 0.6634385000070324, 0.6664142000081483, 0.6668159999971977, 0.6654385000001639, 0.6658545999962371, 0.6613083000120241, 0.6633675000048243, 0.6675299000053201, 0.662843600002816, 0.6702360000053886, 0.6640683999867178, 0.6617435999942245, 0.6714695999980904, 0.6630913999979384, 0.6644555999955628, 0.6606266999879153, 0.6676665999984834, 0.6629154999973252, 0.6622180999984266, 0.6666161000030115]}, "cpython": {"warmup": [0.7812822999985656, 0.7791278999939095, 0.7716703000041889, 0.7744849000009708, 0.7713643000024604, 0.7686181000026409, 0.7711205999949016, 0.7753609000064898, 0.7684788999904413, 0.7709489999979269, 0.7671211999986554, 0.7698195999983, 0.7703658999962499, 0.7717545999912545, 0.7705984000058379, 0.770218699995894, 0.77444110000215, 0.7721024000056786, 0.772537500000908, 0.7703130999871064, 0.7690718999947421, 0.7695645999920089, 0.7728559999959543, 0.7701782999938587, 0.7700501999934204, 0.7722145000007004, 0.7715138999919873, 0.7735037000093143, 0.7729866000008769, 0.7679664000024786, 0.7687828000052832, 0.7782671000022674, 0.7794607999967411, 0.7682786999939708, 0.7748775000072783, 0.7714044000022113, 0.7738513000076637, 0.7722007999982452, 0.7732639000023482, 0.7691476000036346, 0.7769811000034679, 0.7793527000030736, 0.7720666999957757, 0.7706315000104951, 0.7712804000038886, 0.769991499997559, 0.7712430999963544, 0.770978999993531, 0.7716899999941234, 0.770851200009929, 0.7701876000064658, 0.7731132000044454, 0.7713066000142135, 0.7705634000012651, 0.7746471999998903, 0.772802599996794, 0.7726639000029536, 0.7728615999949398, 0.7715622999967309, 0.7729068999906303, 0.7690876999986358, 0.7727854999975534, 0.7736174000019673, 0.7700364999909652, 0.7727158999914536, 0.7710213999962434, 0.775105499997153, 0.7704126000026008, 0.7735226000077091, 0.7712252000055742, 0.7716342999920016, 0.7737213000073098, 0.7683914999943227, 0.7729947000043467, 0.7715888999955496, 0.7727461999893421, 0.7783605000004172, 0.7740464999951655, 0.774580999990576, 0.7717689999990398, 0.7706356999988202, 0.7719407999975374, 0.7734090000012657, 0.7733366999891587, 0.7713466999994125, 0.773927599992021, 0.7718864000053145, 0.7733896999998251, 0.7737189000035869, 0.768887199999881, 0.7797429999918677, 0.7708815000078175, 0.7738355999899795, 0.7737118999939412, 0.7736035999987507, 0.7703271999926073, 0.7690279999951599, 0.7749643999995897, 0.7724242999975104, 0.7793544000014663],