{"nuitka": {"warmup": [1.3008061999862548, 1.0164861000084784, 1.0309018999978434, 1.0266625000076601, 1.0196316999936244, 1.0187202000088291, 1.0327518999984022, 1.008666900001117, 1.2253669999918202, 1.22388890000002, 1.0376828000007663, 1.0240246999892406, 1.0366271999955643, 0.9853837999980897, 0.9665844999981346, 1.0218146999977762, 1.0271903999964707, 1.0304891999985557, 1.0104068999935407, 1.0135819999995874, 1.165941399987787, 1.02632459999586, 1.0233568000112427, 1.213389399999869, 1.2051064999977825, 1.0155748999968637, 1.0297913999966113, 1.0255805999913719, 1.0354678000003332, 1.0216413000016473, 1.181903999997303, 1.0611876000039047, 1.018669899989618, 1.0305128000036348, 1.2270657000044594, 1.0315909000055399, 1.08979559999716, 0.9990354000037769, 1.0562531999894418, 1.0356194999912987, 1.2092651999992086, 1.0196637000044575, 1.0277092000033008, 1.0391183000028832, 1.0266911999933654, 1.035164699991583, 1.06289139999717, 1.0616550000122515, 1.0492300999903819, 1.031208999993396, 1.0301716000103625, 1.2052611999970395, 1.0299028000008548, 1.0256904999987455, 1.0370436000084737, 1.243511499997112, 1.0405099000054179, 1.057962499995483, 1.0379484000004595, 1.0416110000078334, 1.0557727999985218, 0.9898935000092024, 0.955110800001421, 0.9882791999989422, 0.9919115999946371, 1.0379856999934418, 1.0442892999999458, 0.9662914000073215, 1.0154360000015004, 0.9989837000030093, 1.078991100002895, 1.2342258999997284, 1.224284899988561, 1.24021800000628, 1.0354324000072666, 1.0835036999924341, 1.0585995000001276, 1.1395263000013074, 1.064270699993358, 1.2409040000056848, 1.0731893999909516, 1.0252598999941256, 1.169295499988948, 1.0074757999973372, 1.0249706000031438, 1.0434680999896955, 1.049466399999801, 1.0414151000004495, 1.035305800003698, 1.0348301000049105, 1.3709420000086538, 1.0602192000078503, 1.0723064000048907, 1.0688432000024477, 0.985152699999162, 1.026120800001081, 1.0590416000050027, 1.0714120999909937, 1.0885816000081832, 1.2405480000015814], "benchmark": [1.0661909999907948, 1.0391979999985779, 1.0265456000051927, 1.0447103000042262, 1.026197699990007, 1.2036713999987114, 1.0084674999961862, 1.027977000005194, 1.2487075999961235, 1.1470074000098975, 1.0371019000012893, 1.0212055000010878, 1.0295667000027606, 1.0166028999956325, 1.0504612000077032, 1.0154908999975305, 1.0634588999964762, 1.015025600005174, 1.2326255000079982, 1.1511909999971977, 1.2505307999963406, 1.1899581000034232, 1.1999422000080813, 1.2284034000040265, 1.2500717999937478, 1.194537000003038, 1.2200397999986308, 1.2155837000027532, 1.1833732999948552, 1.1875546000082977, 1.0406044999981532, 1.0597615000006044, 1.0774882000114303, 1.0323661000002176, 2.152093700002297, 1.1339614000025904, 1.2050603999960003, 1.200651299994206, 1.2236420000117505, 1.0389525999926263, 0.9822183000069344, 1.160443699991447, 2.0641055000014603, 1.041010399989318, 1.0127437000046484, 1.1051778999972157, 1.1292429999884916, 1.0903255000011995, 1.0992784999980358, 1.0953286000003573, 1.0474544000026071, 1.0546641999972053, 1.022577399999136, 1.229088000007323, 1.0377038000005996, 1.0333071000059135, 1.0622385000024224, 1.0396869999967748, 1.0094437999941874, 1.0195399999938672, 1.0649046000035014, 1.0378873000008753, 1.0355116999999154, 1.2390044999920065, 1.0056160999956774, 1.2179961999936495, 1.0171216999879107, 1.086410200005048, 1.0512251000036485, 1.0289593000052264, 1.0554559000011068, 1.0451262999995379, 1.032939600001555, 1.1943490999983624, 1.0980520000011893, 1.2086719000071753, 1.209262200005469, 1.1901241000014124, 1.1452406999887899, 1.221970800004783, 1.1511267000023508, 1.1304012999898987, 1.290995400006068, 1.1001519999990705, 1.1367049999971641, 1.0763093999994453, 1.1020277999923564, 1.0877547999989474, 1.0924154999956954, 1.0701757000060752, 1.0144110999972327, 1.049664499994833, 1.0442193999915617, 1.0494769000069937, 1.0363217999984045, 0.9945949999964796, 1.0636793000012403, 1.0673548000049777, 1.0523847000004025, 1.0575440999964485]}, "cpython": {"warmup": [1.1594324000034248, 1.0567594000021927, 1.0565956000064034, 1.0565997999947285, 1.0472144999948796, 1.1131211000028998, 1.0831459000037285, 1.180532200000016, 1.0952957999979844, 1.0647366999910446, 1.1148881999979494, 1.1069594000000507, 1.1755076999979792, 1.2101262000069255, 1.0989777999930084, 1.0699938000034308, 1.0301248000032501, 1.1389571000036085, 1.0830274000036297, 1.0780664999911096, 1.071728399998392, 1.211918400003924, 1.1902391000039643, 1.2089871999924071, 1.0695658000040567, 1.0489609999931417, 1.0837277000100585, 0.9753766999929212, 1.1698828999942634, 1.1846097000088776, 1.0261547999980394, 1.111831300004269, 1.0526589999935823, 1.0026442999951541, 1.0774139000131981, 1.0191879000049084, 1.0594137000007322, 1.0480412000033539, 1.0029035000043223, 1.0673210000095423, 1.083577699988382, 1.1053534999955446, 1.067704600005527, 1.1939401999989059, 1.167181900003925, 0.9965569000050891, 1.0361321000091266, 1.0089379000128247, 1.0344455000013113, 1.0212054999865359, 1.041926499994588, 1.0807900999934645, 1.0693805000046268, 0.997253699999419, 1.0184815999964485, 1.040908800001489, 1.0503419000015128, 1.0734355000022333, 1.0898661999963224, 1.0204309999971883, 1.0634778999956325, 1.040919799997937, 1.069369100005133, 1.0447376999945845, 1.069583300006343, 1.023327300004894, 0.9837961000012001, 1.0610308000032092, 1.056998800006113, 1.0682702000049176, 1.0552106999966782, 1.0529572999948869, 1.067240700009279, 1.1636834999953862, 0.9863493000011658, 1.050076600004104, 1.041679899994051, 1.0479433000000427, 1.0584593999956269, 1.0512613000028068, 1.1952200000087032, 1.0533781999984058, 1.0723607999971136, 1.0329041999939363, 1.0520488999900408, 1.0457912999991095, 1.0447126000071876, 1.06888560000516, 1.0590914000058547, 1.0629531999875326, 1.068932499998482, 0.9744519999949262, 0.9853787000029115, 1.053614500007825, 1.0781229000131134, 1.0536140000040177, 1.0695881000137888, 1.029354999991483, 1.0345915999932913, 1.0546134000032907], "benchmark": [1.0739547999983188, 1.0717722999979742, 1.0566266999958316, 1.0772548000095412, 1.0841187000041828, 1.0731608999922173, 1.0226201000041328, 1.081022500002291, 1.0934990999958245, 1.0944438000005903, 1.0568856000027154, 0.9791156999999657, 1.054508099987288, 1.1072946999920532, 1.0602091000037035, 1.0385599000001093, 1.0554841999983182, 1.046049900003709, 1.0806609999999637, 1.0613367000041762, 0.9894605000008596, 1.1519632999988971, 1.0720279999950435, 1.067114200006472, 1.2110124000028009, 1.1293456999992486, 1.1106709000014234, 1.0884650999942096, 1.0332901000074344, 1.0518613000022015, 1.0816826000082074, 1.104570600000443, 1.0503565999970306, 1.0308786999958102, 1.0050217999960296, 1.0484458999999333, 1.2082110999908764, 0.9954370000050403, 1.2122640000015963, 1.0755721000023186, 1.1119907999964198, 1.0480840999953216, 1.0537246000021696, 0.9790902999957325, 1.106773699997575, 1.0751671000034548, 1.04438810001011, 1.0425826999999117, 1.0488574000046356, 1.0528499000065494, 1.0423044000053778, 1.0102391999971587, 1.0004878000036115, 1.0692732999887085, 1.0379090000060387, 1.064128800004255, 1.26024740000139, 1.0687942999938969, 1.0626052000006894, 1.0702597000054084, 1.1586925000010524, 1.0650317999970866, 1.1182232999999542, 1.0854450999904657, 1.2008150000037858, 1.0375615999946604, 1.0569249999971362, 1.0764205000014044, 1.0576571999990847, 1.0808458000101382, 1.119333299997379, 1.0666591999906814, 1.02568930000416, 1.0420772999932524, 1.059075599987409, 1.0217049999919254, 1.115415500011295, 1.123052100010682, 1.0652690999995684, 1.0897868999891216, 1.0386660000076517, 0.9949638999969466, 0.9723279000027105, 1.0481980000040494, 1.0282023000036133, 1.1314724999974715, 1.1041482000000542, 1.0306676000036532, 1.0324414000060642, 0.9678903000021819, 1.009969300008379, 1.0120182000100613, 1.0407018000114476, 1.1372636000014609, 1.0651818000042113, 1.0535785999963991, 0.9797702999931062, 1.1238347000034992, 1.029247899990878, 1.0451164000114659]}}