{"nuitka": {"warmup": [1.1395637999958126, 1.0994567000016104, 1.0897552000096766, 1.1011272000032477, 1.1514056000014534, 1.2722282000031555, 1.0897767999995267, 1.0917182000121102, 1.2788724999991246, 1.1288837000029162, 1.093638499994995, 1.1028784000081941, 1.2722200999996858, 1.1056389000004856, 1.0786783000075957, 0.9509204000059981, 1.259462000001804, 0.9783089999982622, 1.1225206999952206, 1.0903536999976495, 1.1379516000015428, 1.1070570000010775, 1.0956433999963338, 1.0824770000035642, 1.1352155000058701, 1.1200096000102349, 1.108904499997152, 1.1062927000020863, 1.1439962000004016, 1.1040215999964857, 1.1049341000034474, 1.1036974000016926, 1.0974315000057686, 1.109691899997415, 1.141327100005583, 1.0988707000069553, 1.0881110999907833, 1.1040853000013158, 1.1055918999918504, 1.095586399998865, 1.0742327999905683, 1.0755523999978323, 1.1002172000007704, 1.0859129000018584, 1.0998187999939546, 1.1350693999993382, 1.103737400000682, 1.1070865000074264, 1.1201225000113482, 1.1035628000099678, 1.0944464999920456, 1.3126063999952748, 1.118392500007758, 1.1223484999936773, 1.0880596999923, 1.1200949999911245, 1.0549923999933526, 0.9901762000081362, 1.1034593000076711, 1.2780845000088448, 1.0910330999904545, 1.1083894000039436, 1.0954360000032466, 1.1320450000057463, 1.0526761000073748, 1.0619463000039104, 1.0300474999967264, 1.100226999988081, 1.2146162999997614, 1.2254864999995334, 1.1324776000110433, 1.1083552000054624, 1.1570887999987463, 1.1641002999967895, 1.2461848999955691, 1.2823187000030885, 1.0037373999948613, 1.0997732999967411, 1.1515991000051145, 1.1659589999908349, 1.091461399992113, 1.1295615999988513, 1.1064452999999048, 1.1057814999949187, 1.1818662000005133, 1.2877959000034025, 1.2437511999887647, 1.2871961000055308, 1.2921594999934314, 1.267390199995134, 1.251562899997225, 1.0699645999993663, 1.136640400000033, 1.2770842000027187, 1.2699063999898499, 1.2767508999968413, 1.2505766999966, 1.2206135999877006, 1.2765619999991031, 1.2487458999967203], "benchmark": [1.255168900010176, 1.2746358000003966, 1.2504951000009896, 1.23447130000568, 1.2378812000097241, 1.2689996999979485, 1.257788899994921, 1.248180599999614, 1.2751262000092538, 1.3231010000017704, 1.274722500005737, 1.2819460999889998, 1.3161269999982323, 1.28085640000063, 1.27121900000202, 1.2831207999988692, 1.2449030999996467, 1.0820068000030005, 1.2760642999928677, 1.098868000000948, 1.252664100000402, 1.272838299992145, 1.2718702999991365, 1.2752066999964882, 1.2234639999951469, 1.2435474999947473, 1.265330599999288, 1.2784724999946775, 1.2402881999878446, 1.280409499988309, 1.2960346000036225, 1.2802750999981072, 1.2879182000033325, 1.252620500003104, 1.2556859999895096, 1.118249899998773, 1.2764698999963002, 1.2377379999961704, 1.2752755999972578, 1.2404009000019869, 1.224543200005428, 1.2967045999976108, 1.2747821000084514, 1.2782016999990446, 1.3075833000038983, 1.3018699000094784, 1.2354045999964, 1.2918076000059955, 1.2853824999911012, 1.2558573999995133, 1.2483726999926148, 1.248401200005901, 1.276993699997547, 1.2475132000108715, 1.2845506000012392, 1.2876658000022871, 1.2973774999991292, 1.2458203999995021, 1.250580899999477, 1.2506103000050643, 1.2493525000027148, 1.294530200000736, 1.2646443999983603, 1.2607310000021243, 1.2320234999933746, 1.2317952000012156, 1.2654997000063304, 4.993370299998787, 1.294464299993706, 1.3099580999987666, 1.2607472999952734, 1.2717210999981035, 1.292788400009158, 1.324383700004546, 1.2287375000014435, 1.2388179999979911, 1.2841656999953557, 1.266660299996147, 1.2632589999993797, 1.2699157999886665, 1.2742014999967068, 1.2659788000019034, 1.247155399993062, 1.2687797999969916, 1.284906700006104, 1.2738133999955608, 1.2629785000026459, 1.2611625000135973, 1.2811779000039678, 1.2434193000080995, 1.1997764999978244, 1.2561136000003899, 1.2650316999934148, 1.254792700012331, 1.3025751000095624, 1.2417935999983456, 1.2812620000040624, 1.2406111000018427, 1.2852630999987014, 1.237594000005629]}, "cpython": {"warmup": [1.197387099993648, 1.2173609000019496, 1.21175729999959, 1.2063010999991093, 1.208156799999415, 1.2382953999913298, 1.2004235000058543, 1.2394837999891024, 1.211008700003731, 1.1979541999899084, 1.2114723999984562, 1.1941957999952137, 1.2001783000014257, 1.1888597999932244, 1.1979186999960802, 1.2148746000020765, 1.1845880000037141, 1.2074220999929821, 1.2037505000043893, 1.2129741000098875, 1.2073142000008374, 1.210103799996432, 1.189850499999011, 1.2038880000036443, 1.2098898000112968, 1.1735189000028186, 1.2372426000074483, 1.2081143999967026, 1.164082100003725, 1.1967606999969576, 1.2013723999989452, 1.2324515000073006, 1.2246828000061214, 1.1610498000081861, 1.236914599998272, 1.2075137000065297, 1.2143302000040421, 1.2192557999951532, 1.1973917999857804, 1.2117235999903642, 1.1996193999948446, 1.162689999997383, 1.205328099997132, 1.2082880999951158, 1.2228692999924533, 1.178158099995926, 1.1743339999957243, 1.225579400008428, 1.250811000005342, 1.2254916000092635, 1.1959914000035496, 1.1797574999945937, 1.1803324000065913, 1.2012558999995235, 1.2166186999966158, 1.232869200001005, 1.1859777999925427, 1.2133554000029108, 1.1235461000032956, 1.2691810999967856, 1.2798123999964446, 1.2157211000012467, 1.2024013999907766, 1.200436200000695, 1.186955700002727, 1.2408661000081338, 1.1975626000057673, 1.1867072000022745, 1.198222999999416, 1.2573957000131486, 1.1901940999960061, 1.1761856999946758, 1.1963602000032552, 1.1797055999923032, 1.217351699990104, 1.1665289000084158, 1.153052800000296, 1.1869144999946002, 1.2070129000057932, 1.184791799998493, 1.22945250000339, 1.192619299996295, 1.2281270000094082, 1.2090527999971528, 1.2239336000056937, 1.1814220999949612, 1.2590890999999829, 1.2435186999937287, 1.220326099995873, 1.1959638999978779, 1.2300896999950055, 1.1643075999891153, 1.1960402999975486, 1.2104676000017207, 1.276550299997325, 1.1433483000000706, 1.2158086999988882, 1.217403300004662, 1.2095759000076214, 1.2171670999960043], "benchmark": [1.2198560000106227, 1.1672302000079071, 1.2238331999978982, 1.186558999994304, 1.1859189999959199, 1.2814205000031507, 1.2005631000065478, 1.2034425000019837, 1.2739423000020906, 1.1961016999994172, 1.1971379999886267, 1.2152359999890905, 1.208032499998808, 1.2180431000015233, 1.2636038999917218, 1.1935089999897173, 1.2124770999944303, 1.225972299987916, 1.1894869999960065, 1.199784999989788, 1.1827959999936866, 1.204710799996974, 1.1859499999991385, 1.2490353000030154, 1.2109130999888293, 1.1802752000075998, 1.2132944999902975, 1.1992628000007244, 1.201185500001884, 1.190257099995506, 1.1805600999941817, 1.2067438999947626, 1.1841791000042576, 1.1760176999960095, 1.2194444999913685, 1.2235766999947373, 1.206052900000941, 1.274091800005408, 1.180903300002683, 1.2023819999885745, 1.2071443000022555, 1.205882099995506, 1.2321764999942388, 1.2253052000014577, 1.2062708999874303, 1.2221097000001464, 1.1681496999954106, 1.2073173999961, 1.1715231999987736, 1.2295769000047585, 1.24133289999736, 1.2072783000039635, 1.1835807000024943, 1.217719499996747, 1.1811593000020366, 1.1525771000015084, 1.1576850000128616, 1.1298651000106474, 1.1712203000060981, 1.1163559999986319, 1.1435538999940036, 1.1098008999979356, 1.11639809999906, 1.1010447000007844, 1.1612692000053357, 1.1468407999927877, 1.1806553999922471, 1.1748302000050899, 1.2026112000021385, 1.1937996999913594, 1.1738114000036148, 1.206139699992491, 1.1800685999915004, 1.1391969999967841, 1.2177243000041926, 1.218917699996382, 1.1738710999925388, 1.1753756000107387, 1.168425500000012, 1.2042440000077477, 1.1909224999981234, 1.2033398999919882, 1.1713356999971438, 1.1937609000015073, 1.2080091999960132, 1.181526299988036, 1.1436258000030648, 1.2273310000018682, 1.1936463000020012, 1.1785004999983357, 1.1892492000042694, 1.1411509000026854, 1.1329660000046715, 1.2203316999948584, 1.1567039999936242, 1.191385199999786, 1.1555801999929827, 1.141160300001502, 1.1351340999972308, 1.1447054000018397]}}