{"nuitka": {"warmup": [1.7771666000189725, 1.6493302000162657, 1.6506573999940883, 1.6731074999843258, 1.6674849000119139, 1.6415590999822598, 1.6642360999830998, 1.6446977999876253, 1.6388618999917526, 1.6432636000099592, 1.680891399999382, 1.6301817999919876, 1.647818900004495, 1.6422873999981675, 1.6366546000062954, 1.6452815000084229, 1.636631600005785, 1.6566646000137553, 1.647560399986105, 1.6330116000026464, 1.6489063999906648, 1.635479300020961, 1.6498672000016086, 1.6553648000117391, 1.650381000014022, 1.6677415999874938, 1.6901843999803532, 1.6564377999748103, 1.6498675999755505, 1.6560340000141878, 1.6583860000246204, 1.6544668999849819, 1.6653265000204556, 1.6466544999857433, 1.6523913999844808, 1.641429600014817, 1.6536979999800678, 1.648022100009257, 1.640740500006359, 1.6350606000050902, 1.6392823999922257, 1.6422564999957103, 1.6359816000040155, 1.6591879000188783, 1.635194300004514, 1.6598255999851972, 1.652236099995207, 1.6563272000057623, 1.6811523000069428, 1.653887599997688, 1.644131999986712, 1.657642099977238, 1.679022399999667, 1.6615685000142548, 1.637182299979031, 1.6478282999887597, 1.6586092000070494, 1.6583705999946687, 1.6470666000095662, 1.640688899991801, 1.6410924000083469, 1.677325099997688, 1.6413889999967068, 1.6657318000216037, 1.64778979998664, 1.6444188999885228, 1.6575673000188544, 1.6372510000073817, 1.6603489000117406, 1.659413500019582, 1.6656927000149153, 1.6330879000015557, 1.6453844000061508, 1.6549634999828413, 1.6934414000133984, 1.6429978999949526, 1.647828599991044, 1.6593270000012126, 1.6479002000123728, 1.6462222000118345, 1.6545029999979306, 1.6423779999895487, 1.6421648999967147, 1.661306499998318, 1.6464572999975644, 1.6485082999861334, 1.6590075999847613, 1.6382744000002276, 1.6412296000053175, 1.6607101999979932, 1.6570404000231065, 1.67998479999369, 1.654605099989567, 1.6581116000015754, 1.6379130999848712, 1.649925700010499, 1.6488726999959908, 1.6661051000119187, 1.6481915999902412, 1.6556230999995023], "benchmark": [1.6431512999988627, 1.660808199987514, 1.6455697999917902, 1.6451710000110324, 1.6543332999863196, 1.6512868000136223, 1.6324650999740697, 1.6499134000041522, 1.6283524000027683, 1.6359221000166144, 1.6373209999874234, 1.638074200018309, 1.6498318999947514, 1.7007204000256024, 1.6370813999965321, 1.6522379000089131, 1.6802654000057373, 1.665296599996509, 1.6493660000269301, 1.6550806000013836, 1.637155900010839, 1.6538357999816071, 1.6509010999870952, 1.673263999982737, 1.6590848000196274, 1.6340773999982048, 1.6492347000166774, 1.6540979999990668, 1.652102099993499, 1.6686378000013065, 1.6546492999768816, 1.6370489999826532, 1.6497589999926277, 1.6654670999851078, 1.6332948000053875, 1.6399283000209834, 1.6458331999892835, 1.631007000018144, 1.6498854999954347, 1.649705299991183, 1.6896533999824896, 1.6445175999833737, 1.6288466999831144, 1.677783899998758, 1.6927125999936834, 1.6378875000227708, 1.6482416999933776, 1.6315083000226878, 1.6455836999812163, 1.6513501000008546, 1.6553310000163037, 1.6427776000055019, 1.6846360000199638, 1.6524216000107117, 1.6510923000168987, 1.6579920000222046, 1.635737299977336, 1.6320231000136118, 1.6618190000008326, 1.65925279998919, 1.631912699987879, 1.6470977000135463, 1.6490494000026956, 1.6538082000042778, 1.6560279999976046, 1.6669000999827404, 1.636352400004398, 1.6396765999961644, 1.6429873000015505, 1.666647300007753, 1.655354599992279, 1.6399509999901056, 1.6391220999939833, 1.6427368000149727, 1.6554877999878954, 1.6565197999880183, 1.6559941000014078, 1.6567089000018314, 1.636517199978698, 1.645834900002228, 1.6752255999890622, 1.638661900011357, 1.6385285000142176, 1.6647408000135329, 1.639533300010953, 1.63484059998882, 1.632179099979112, 1.6561603999871295, 1.6492608000116888, 1.6513096000126097, 1.6536063000094146, 1.6608560000022408, 1.6428814999817405, 1.66028019998339, 1.6442739999911282, 1.6637642999994569, 1.6662948000011966, 1.646395699994173, 1.6519751999876462, 1.6535833000089042]}, "cpython": {"warmup": [1.673425600019982, 1.6655543000088073, 1.668182199995499, 1.6983250000048429, 1.6656097999948543, 1.6679685999988578, 1.683741299988469, 1.6787563000107184, 1.698714199999813, 1.6954431999765802, 1.6712105000042357, 1.6753565999970306, 1.6775758999865502, 1.6876141999964602, 1.6673382000008132, 1.6725398999988101, 1.6728432000090834, 1.6994486000039615, 1.6863219999941066, 1.6739565000170842, 1.692276599991601, 1.6844052000087686, 1.6709140000166371, 1.6717135999933816, 1.6797832000011113, 1.7136117999907583, 1.6830307000200264, 1.685011099994881, 1.6718058999977075, 1.6805196999921463, 1.673261400021147, 1.6666893000074197, 1.7152634999947622, 1.6712790000019595, 1.6771824000170454, 1.7049342000100296, 1.684891199984122, 1.686687699984759, 1.6690439000085462, 1.6812283000035677, 1.6715993999969214, 1.6814179999928456, 1.6596837000106461, 1.674186499993084, 1.6914182000036817, 1.6836518999771215, 1.6675867000012659, 1.6646017000020947, 1.673162700026296, 1.6683847999956924, 1.6811787000042386, 1.6788728999963496, 1.6901857000193559, 1.681691999983741, 1.6585276999976486, 1.6655867000226863, 1.6902128999936394, 1.6863338999974076, 1.686824100004742, 1.6930525999923702, 1.6634430999984033, 1.691083699988667, 1.681939499976579, 1.6700494999822695, 1.6786031000083312, 1.6746262999949977, 1.6940301999857184, 1.6848081999924034, 1.665027300012298, 1.6782652999972925, 1.677422500011744, 1.6802690000040457, 1.7015453000203706, 1.6751907999860123, 1.677397799998289, 1.6610960999969393, 1.6889878000074532, 1.6728058999869972, 1.6832776000082958, 1.6944937000225764, 1.6729441999923438, 1.681276000017533, 1.6992236000078265, 1.6637631000194233, 1.6797930999891832, 1.6868967000045814, 1.6613347999809776, 1.6697038999991491, 1.6820034999982454, 1.6827270000067074, 1.7207254999957513, 1.6749188000103459, 1.6653962999989744, 1.6840564000012819, 1.685199300001841, 1.6766500000085216, 1.6696797999902628, 1.687620800017612, 1.6883759000047576, 1.6907956000068225], "benchmark": [1.678568000002997, 1.6760991999763064, 1.6916325999773107, 1.6880651999963447, 1.7223774000012781, 1.6693988000042737, 1.686928099981742, 1.6792618000181392, 1.6674196000094526, 1.6812595999799669, 1.6733263000205625, 1.6729886999819428, 1.691359399992507, 1.6721293999871705, 1.681992600002559, 1.7039733999990858, 1.6730135999969207, 1.677883500000462, 1.6689684000157285, 1.6666023000143468, 1.6905582000035793, 1.6903373000095598, 1.6845269000041299, 1.6746737000066787, 1.6681503999861889, 1.6910123999987263, 1.6726680000138003, 1.6824176000081934, 1.7103506000130437, 1.6788829999859445, 1.6804673000006005, 1.6878165999951307, 1.6939745000272524, 1.6731868999777362, 1.6954492999939248, 1.6699414000031538, 1.6673099999898113, 1.6966016000078525, 1.6841480000002775, 1.7001469999959227, 1.6925554999907035, 1.692252999986522, 1.6911033999931533, 1.701522199989995, 1.689990700018825, 1.6688932999968529, 1.69126399999368, 1.6739630000083707, 1.6746477999840863, 1.67976479997742, 1.6805834000115283, 1.6647033000190277, 1.6643776999844704, 1.7062104000069667, 1.7005954000051133, 1.681935100001283, 1.6842864000063855, 1.6788055000070017, 1.6745666000060737, 1.6822992000088561, 1.6734330999897793, 1.6775993999908678, 1.7026951000152621, 1.7028014999814332, 1.6716158000053838, 1.6835152999847196, 1.6743795000074897, 1.6896228000114206, 1.6770264999940991, 1.6703966000059154, 1.6889099000254646, 1.7000281999935396, 1.7036197999841534, 1.7068648999847937, 1.690785999991931, 1.6932099999976344, 1.6984884999983478, 1.6817384000169113, 1.7026008999964688, 1.6580867000157014, 1.6726646999886725, 1.6876309999788646, 1.6565804000128992, 1.692028300021775, 1.7004298999963794, 1.683304499980295, 1.6777681000239681, 1.6826969999819994, 1.6833905999956187, 1.7036881000094581, 1.6934171000029892, 1.6695036000164691, 1.671637000021292, 1.6878584999940358, 1.6732438000035472, 1.6770633999840356, 1.6877880000101868, 1.6760268000070937, 1.6816707999969367, 1.6887359000102151]}}