{"nuitka": {"warmup": [1.2823899000068195, 1.2722829999984242, 1.2714572999975644, 1.2653924000042025, 1.262129000009736, 1.2596521999803372, 1.271444000012707, 1.2986050000181422, 1.2607762000116054, 1.266787700005807, 1.2670713999832515, 1.2695271999982651, 1.2698958000109997, 1.259287700027926, 1.2689087000035215, 1.2580208000144921, 1.259203499997966, 1.271244100003969, 1.2669830999802798, 1.2894716000009794, 1.2582718000048772, 1.262165099993581, 1.2732364000112284, 1.25966189999599, 1.2644452000095043, 1.2674461999849882, 1.2614366000052541, 1.2592370000202209, 1.2591750000137836, 1.265491900005145, 1.26073290000204, 1.2564241000218317, 1.263169799989555, 1.259966399986297, 1.264406800008146, 1.2673430999857374, 1.2718980000063311, 1.2615647000202443, 1.2653567000234034, 1.2695291999843903, 1.2608989999862388, 1.2680270000128075, 1.2652575999964029, 1.2604988999955822, 1.2695776999753434, 1.268261999997776, 1.260777399991639, 1.2614224000135437, 1.2730453000112902, 1.2646919999970123, 1.2698201999883167, 1.2716502000112087, 1.2574629000155255, 1.2619914000097197, 1.2672783999878448, 1.2608297000115272, 1.263297199999215, 1.2663561000081245, 1.2640720999916084, 1.2650495000125375, 1.2621094999776687, 1.2624844000092708, 1.275659299979452, 1.2664421999943443, 1.272958200017456, 1.2692022999981418, 1.2588245999941137, 1.258933800010709, 1.265343099978054, 1.2589701999968383, 1.266439500002889, 1.2601947000075597, 1.264455700002145, 1.2703196999791544, 1.259206599992467, 1.2600335000024643, 1.268753199983621, 1.2663814999978058, 1.258665299974382, 1.2671819999814034, 1.2663416000141297, 1.2659694000030868, 1.2810006999934558, 1.2598543999774847, 1.2645483000087552, 1.2644587000249885, 1.2681185999826994, 1.2686097999976482, 1.2646399000077508, 1.2643393999896944, 1.2618928000156302, 1.2689160000008997, 1.2662525000050664, 1.2676266999915242, 1.2619880000129342, 1.2795857000164688, 1.2617389999795705, 1.2633387999958359, 1.2581695999833755, 1.2667205999896396], "benchmark": [1.2941182999929879, 1.2715849000087474, 1.286728100007167, 1.2625860999978613, 1.2696250999870244, 1.265119899995625, 1.2630225000029895, 1.26252590000513, 1.258337000006577, 1.2701210000086576, 1.2665814000065438, 1.271505699987756, 1.2658524000144098, 1.272449999989476, 1.2771706999919843, 1.263765700015938, 1.266345000010915, 1.2626091999991331, 1.2621408999839332, 1.2613973999978043, 1.26882550001028, 1.2580004000046756, 1.267275399994105, 1.2779505000216886, 1.2648329999938142, 1.2661527000018395, 1.2697676999960095, 1.272785200009821, 1.2609227999928407, 1.2618400999926962, 1.273775999987265, 1.2616236999747343, 1.259578600001987, 1.2596687000186648, 1.2675718999817036, 1.2820498000073712, 1.265540599997621, 1.2675448000081815, 1.26511679997202, 1.2612874999758787, 1.2596533999894746, 1.2711968000221532, 1.2655560999992304, 1.2633820000046398, 1.2649085000157356, 1.262940599990543, 1.2728028999990784, 1.258151399990311, 1.265484200004721, 1.2672242000116967, 1.2659604999935254, 1.2560587999760173, 1.2594113999803085, 1.2634408000158146, 1.2643236999865621, 1.2601921000168659, 1.265192599996226, 1.2654306000040378, 1.2704487000009976, 1.2690682999964338, 1.2605374999984633, 1.2621100999822374, 1.270417699997779, 1.2653837999969255, 1.265358600008767, 1.2672460000030696, 1.2669326000032015, 1.2608416999864858, 1.2641146999958437, 1.2744739000045229, 1.2658114999940153, 1.2679786999942735, 1.2628262000216637, 1.261901099991519, 1.2747304000076838, 1.260997800010955, 1.302258499985328, 1.2667535000073258, 1.2604872999945655, 1.2684764000005089, 1.275127800006885, 1.2641509000095539, 1.2592123000067659, 1.2642736999841873, 1.265880200022366, 1.2663861000037286, 1.2667611000069883, 1.2777008999837562, 1.2711156999866944, 1.2671556000132114, 1.2659931000089273, 1.2620983000088017, 1.2624454000033438, 1.2659674000169616, 1.263602599996375, 1.2847446000087075, 1.2589372000074945, 1.303214100014884, 1.279061900015222, 1.264471299975412]}, "cpython": {"warmup": [1.2782324999861885, 1.2746283000160474, 1.2928628000081517, 1.2857343999785371, 1.272776600002544, 1.2801238000101876, 1.2775278000044636, 1.2744440000096802, 1.2750431000022218, 1.2814699999871664, 1.2711817999952473, 1.269237400003476, 1.2919766000122763, 1.2672144999960437, 1.2773110999842174, 1.2815909000055399, 1.2830956999969203, 1.3029469999892171, 1.2807127000123728, 1.2856136999907903, 1.2969815999967977, 1.2957309000194073, 1.2712825999769848, 1.2767565999820363, 1.3003826000203844, 1.2805080999969505, 1.283243100013351, 1.3060735999897588, 1.272810299997218, 1.2858220000052825, 1.276499400002649, 1.2752067999972496, 1.2756708999804687, 1.272136900020996, 1.272722599998815, 1.2883782999997493, 1.2691973999899346, 1.2817871000152081, 1.2731785000069067, 1.268772799987346, 1.2826155999791808, 1.2720531000231858, 1.2759334000002127, 1.267673399997875, 1.2840887999918777, 1.283861900010379, 1.2783946999988984, 1.2819636999920476, 1.3057620000035968, 1.2750400000077207, 1.2694813000271097, 1.2785615999891888, 1.2734053000167478, 1.2858169999963138, 1.2821732999873348, 1.283291100000497, 1.2904811000043992, 1.2748005999892484, 1.2740338000003248, 1.2872338999877684, 1.2747350999852642, 1.2701244999771006, 1.2846088999940548, 1.2737362000043504, 1.285674199985806, 1.2819207000138704, 1.273344699991867, 1.2797604999796022, 1.2979972000175621, 1.2744721999915782, 1.2836807999992743, 1.2778803999826778, 1.272832800023025, 1.2749035999877378, 1.2845077000092715, 1.2787733000004664, 1.2716408999986015, 1.276019200013252, 1.293157500011148, 1.2768487999856006, 1.2865413000108674, 1.2845817999914289, 1.2725243999739178, 1.2957325000024866, 1.2796227000071667, 1.2688900000066496, 1.2760280999937095, 1.2777674999961164, 1.2949647000059485, 1.2806805000000168, 1.2798413999844342, 1.280038400000194, 1.280824500019662, 1.2730346000171266, 1.282672300003469, 1.2767156999907456, 1.275866700016195, 1.2840832999791019, 1.277861300011864, 1.2868832000240218], "benchmark": [1.2727367000188679, 1.292194899986498, 1.283582900010515, 1.2804406000068411, 1.2875533000042196, 1.2800835999951232, 1.281549899984384, 1.2712300999846775, 1.2779105000081472, 1.2783371999976225, 1.2912876000045799, 1.2816526000096928, 1.2633815000008326, 1.3072302999789827, 1.283686199982185, 1.2718705000006594, 1.2741410000016913, 1.2684145000239369, 1.271462300006533, 1.2912523999984842, 1.2702105000207666, 1.280354599992279, 1.27450480000698, 1.2903274999989662, 1.2754514000262134, 1.2654535000037868, 1.2731261999870185, 1.2779786000028253, 1.2717575000133365, 1.2709341000008862, 1.2741431999893393, 1.2882613000110723, 1.270737899991218, 1.3098270000191405, 1.2795349000080023, 1.2746979999938048, 1.2719098000088707, 1.2831462000031024, 1.2731092000030912, 1.2930392999842297, 1.276853299990762, 1.2747305000084452, 1.2736387000186369, 1.2783839000039734, 1.2807009000098333, 1.2745269000006374, 1.2756288000091445, 1.2806807000015397, 1.2782169999845792, 1.2802521999983583, 1.2724946000089403, 1.2820047000132035, 1.2712472999992315, 1.2863800000050105, 1.271907199989073, 1.2816143999807537, 1.2762405000103172, 1.277458700002171, 1.2797377000097185, 1.2738035999936983, 1.2789601999975275, 1.2802912000042852, 1.276110199978575, 1.276288499997463, 1.2887023000221234, 1.2719074999913573, 1.2726545999757946, 1.285538500000257, 1.275607100018533, 1.2806453999946825, 1.278046199993696, 1.2810311999928672, 1.2725187000178266, 1.277574099978665, 1.2785091000259854, 1.2772647000092547, 1.2934556000109296, 1.280522999993991, 1.287660500005586, 1.300314599997364, 1.275532600004226, 1.2735409000015352, 1.27851340000052, 1.274595800001407, 1.2805962999991607, 1.2822946999804117, 1.2785278000228573, 1.2784018999955151, 1.2762675000121817, 1.271747199993115, 1.283107299997937, 1.2947863999870606, 1.2864052000222728, 1.2825854000111576, 1.2832467000116594, 1.2791959999885876, 1.275983700004872, 1.2791856999974698, 1.2731193999934476, 1.2679994000063743]}}