{"nuitka": {"warmup": [1.397783399996115, 1.3910745000175666, 1.378142100002151, 1.3776034000038635, 1.3825378000037745, 1.383807699981844, 1.379970299982233, 1.3891193000017665, 1.3798925000010058, 1.3835412999906112, 1.386485499999253, 1.3904174000199419, 1.3841016999795102, 1.385446200001752, 1.3867121000075713, 1.3856555999955162, 1.393820900004357, 1.380318100011209, 1.3855062999937218, 1.3885259999951813, 1.3820472999941558, 1.3823177000158466, 1.3789417000079993, 1.377512300008675, 1.3855378000007477, 1.379891900025541, 1.3771118000149727, 1.3793195000034757, 1.3808194999874104, 1.3751659000117797, 1.3812763000023551, 1.3787981999921612, 1.3807923000131268, 1.38223069999367, 1.382355199981248, 1.3863187000097241, 1.3834091000026092, 1.3701749999891035, 1.3862621000153013, 1.3881964000174776, 1.3830272000050172, 1.3750623000087216, 1.3741038000152912, 1.3787944999930914, 1.385663499997463, 1.37901299999794, 1.380622399999993, 1.3822040999948513, 1.4123693000001367, 1.3886841000057757, 1.388376499991864, 1.3804237000003923, 1.388389300002018, 1.3807491000043228, 1.3864883999922313, 1.3941486999974586, 1.3882123999937903, 1.379401299986057, 1.378093200008152, 1.3792212000116706, 1.3806733000092208, 1.380609399988316, 1.4019637999881525, 1.3884324000100605, 1.3758176999981515, 1.3809289999771863, 1.3772569999855477, 1.3885366000176873, 1.385466500010807, 1.3749456999939866, 1.3860544999770354, 1.37565469997935, 1.3856793000013568, 1.374936499982141, 1.3777490000065882, 1.3834980999818072, 1.3771528000070248, 1.3831963000120595, 1.381324299989501, 1.383416099997703, 1.38402810000116, 1.3770809000125155, 1.3794399999896996, 1.3909649999986868, 1.3875159999879543, 1.3713094999839086, 1.381133500020951, 1.381497099995613, 1.3818816000130028, 1.3808410000056028, 1.39557860000059, 1.3824454999994487, 1.378948900004616, 1.3708524999965448, 1.3748368000087794, 1.3907464000221808, 1.3771848999895155, 1.3822595999808982, 1.3797917000192683, 1.373310399998445], "benchmark": [1.391910700011067, 1.3930515999963973, 1.3816436000051908, 1.3769909999973606, 1.3813503000128549, 1.391180299979169, 1.380666899989592, 1.388720299990382, 1.382094300002791, 1.3834532999899238, 1.3881426000152715, 1.383351099997526, 1.3788723000034224, 1.3765133999986574, 1.3879925000073854, 1.3726587000128347, 1.3852067999832798, 1.38616130000446, 1.3803435000008903, 1.3807278999884147, 1.3788989000022411, 1.3743195999995805, 1.3827638999791816, 1.3837966999853961, 1.380680600006599, 1.3884579000005033, 1.379611600015778, 1.384387500002049, 1.3741909000091255, 1.3778571000148077, 1.3818122000084259, 1.3783364999981131, 1.3838572999811731, 1.3810651999956463, 1.3841061999846715, 1.3829824000131339, 1.3800336999993306, 1.3765946000057738, 1.3786368999863043, 1.3887219000025652, 1.3840518000070006, 1.3711768999928609, 1.3874508000153583, 1.3773596999817528, 1.3918056999973487, 1.38751569998567, 1.385567900026217, 1.3843385999789461, 1.384163400012767, 1.3931326000019908, 1.3893255000002682, 1.3894523000053596, 1.377811099984683, 1.3793038000003435, 1.3754987000138499, 1.3821648999874014, 1.383953599986853, 1.38268509999034, 1.3787025999918114, 1.3803899000049569, 1.3799239000072703, 1.3761661000025924, 1.3899117999826558, 1.3881022999994457, 1.386272799980361, 1.3825180000276305, 1.3821076999884099, 1.3792816999775823, 1.3860245000105351, 1.3815171000023838, 1.378599799994845, 1.3836423000029754, 1.3863641000061762, 1.379596999991918, 1.3803218000102788, 1.372230299981311, 1.3749059999827296, 1.3843113000039011, 1.3820434999943245, 1.3867354999820236, 1.3835337999917101, 1.3898737000126857, 1.386204699985683, 1.375750799983507, 1.3818326000182424, 1.3763045000087004, 1.3806226000015158, 1.3819539000105578, 1.3826991000096314, 1.3841332000156399, 1.3757757999992464, 1.3919534999877214, 1.3748520000081044, 1.3783728000125848, 1.3804496999946423, 1.3756871999939904, 1.3854293999902438, 1.3756968000088818, 1.3797166000003926, 1.3910536000039428]}, "cpython": {"warmup": [1.4282360000070184, 1.4126998000137974, 1.4147736000013538, 1.4232503999955952, 1.4219226999848615, 1.4138233999838121, 1.423156700009713, 1.417214300017804, 1.4192520000215154, 1.412386099982541, 1.4173044999770354, 1.415782500000205, 1.413346499990439, 1.4141158999991603, 1.4153096999798436, 1.4133427999913692, 1.4208234999969136, 1.4221780000079889, 1.4205932000186294, 1.4183075999899302, 1.4231997999886516, 1.4176356999960262, 1.4223441999929491, 1.4165076999925077, 1.4180903999949805, 1.4195362000027671, 1.4132580000150483, 1.4144648000074085, 1.4196298999886494, 1.4224819999944884, 1.4144507000164595, 1.418394400010584, 1.4150723000057042, 1.4172072999936063, 1.4219225000124425, 1.4141049000027124, 1.416640399984317, 1.420061499986332, 1.4275284000032116, 1.4139514999988023, 1.4110001000226475, 1.4171153999923263, 1.419026199990185, 1.4167949999973644, 1.4175663000205532, 1.4230725000088569, 1.4128531999886036, 1.4140471999999136, 1.4154576000000816, 1.415912099997513, 1.4192760000005364, 1.424181199981831, 1.4169594999984838, 1.4214939999801572, 1.411282300017774, 1.4158131000003777, 1.4247139999934006, 1.4157372000045143, 1.4211144000000786, 1.4221741000073962, 1.4177674000093248, 1.4214468999998644, 1.414869500003988, 1.417067699978361, 1.4178844999987632, 1.4184707000094932, 1.4206736999913119, 1.411161700001685, 1.423440800019307, 1.4045642999990378, 1.417690300004324, 1.4084819000272546, 1.4273776999907568, 1.4185819000122137, 1.4191796999948565, 1.420875400013756, 1.419214799971087, 1.414301200013142, 1.426744399999734, 1.4138857999932952, 1.4130998000036925, 1.4209878999972716, 1.4296686000016052, 1.4218459000112489, 1.4171572999912314, 1.4132049000181723, 1.4212572999822441, 1.4293462999921758, 1.4141742000065278, 1.419298799999524, 1.4206799999810755, 1.4186710999929346, 1.417063100001542, 1.4226005999953486, 1.4122703000030015, 1.4189657999959309, 1.4211099999956787, 1.4235029999981634, 1.425006300007226, 1.422020900005009], "benchmark": [1.4245713999844156, 1.4166416000225581, 1.4112993000017013, 1.4124138999904972, 1.4196802000224125, 1.416512199997669, 1.4166578000003938, 1.4220528999867383, 1.4214298999868333, 1.4165652000228874, 1.419634199992288, 1.428644900006475, 1.4297961000120267, 1.4186702000151854, 1.4178965000028256, 1.4153986999881454, 1.4173504000063986, 1.4237491999811027, 1.4153436000051443, 1.4207046999945305, 1.4146683999861125, 1.4137705000175629, 1.4263301999890245, 1.4213474999996834, 1.4138227000075858, 1.4174126000143588, 1.4115914000140037, 1.4154139000165742, 1.4173160000063945, 1.4155945999955293, 1.412763400003314, 1.4097548999998253, 1.414570699998876, 1.4113007000123616, 1.4192514999886043, 1.4171133000054397, 1.4092951999919023, 1.4158412000106182, 1.4254599999985658, 1.417067300004419, 1.4244971000007354, 1.4158726000168826, 1.420464999973774, 1.420328399981372, 1.420377800008282, 1.421197099989513, 1.4171416999888606, 1.4146113000169862, 1.4158077999891248, 1.4201066000096034, 1.4154895000101533, 1.4216248000157066, 1.4202898000075947, 1.4241157000069506, 1.4184003999980632, 1.4144008999865036, 1.420884000021033, 1.4210973999870475, 1.422889200010104, 1.4454297000193037, 1.4130815000098664, 1.4166709999844898, 1.414451500022551, 1.4175360999943223, 1.4073330000101123, 1.420656100002816, 1.4188165999948978, 1.4120808000152465, 1.4267150000086986, 1.4258318999782205, 1.4182488000078592, 1.4173526000231504, 1.417278399982024, 1.4136437000124715, 1.4189602000114974, 1.4128767999936827, 1.4171477000054438, 1.4157286999979988, 1.4110519000096247, 1.4077357999922242, 1.4146043000218924, 1.4156814999878407, 1.4256741999997757, 1.4160394999780692, 1.4140467000252102, 1.4111190999974497, 1.4137777000141796, 1.4188124999927823, 1.412273499998264, 1.4230111000069883, 1.4232616999943275, 1.4144696000148542, 1.4129010000033304, 1.4271073999989312, 1.4234905000193976, 1.4158272000204306, 1.409836799983168, 1.4128839000186417, 1.4210234999773093, 1.4195231999910902]}}