{"nuitka": {"warmup": [1.4194187999964925, 1.2435194999998203, 1.2857779000041774, 1.239548300000024, 1.2566597999975784, 1.29371149999497, 1.2419898999942234, 1.2449949000001652, 1.2395126999908825, 1.329392800005735, 1.2439002000028268, 1.252183700009482, 1.2416675999993458, 1.2460204000090016, 1.2447912000061478, 1.2896024999936344, 1.239039199994295, 1.2985985000123037, 1.248173299987684, 1.241805600002408, 1.2448335999943083, 1.2452846999949543, 1.2505280999903334, 1.2414992999983951, 1.248833999998169, 1.2454834000091068, 1.2889788000029512, 1.2823090000019874, 1.2388733999978285, 1.2462641000020085, 1.2440764999919338, 1.2447565000038594, 1.251407299991115, 1.2486722999892663, 1.253291499990155, 1.3085378000105266, 1.296945499998401, 1.2411003000015626, 1.2433019000018248, 1.243669100003899, 1.243686700006947, 1.2640665999933844, 1.2455041999928653, 1.2405355999944732, 1.25434509999468, 1.283069199998863, 1.2487180000025546, 1.2953785999998217, 1.3060178000014275, 1.2393152000004193, 1.240886200001114, 1.2378266000014264, 1.2436558000044897, 1.244064200000139, 1.2437724000046728, 1.2544577999942703, 1.2451779000111856, 1.2461026999953901, 1.2667816000030143, 1.2618382000073325, 1.250392499990994, 1.247359899993171, 1.2484839999960968, 1.2445718999952078, 1.2469167000090238, 1.24182720000681, 1.2487631999974838, 1.2409989000007045, 1.2508827000128804, 1.244037299999036, 1.2470834000123432, 1.2492999999958556, 1.2435946999903535, 1.2411724999983562, 1.2900894000049448, 1.2494846000045072, 1.2498782000038773, 1.242962999996962, 1.2533676000020932, 1.2444240000040736, 1.2503511000104481, 1.2466854999947827, 1.2821764999971492, 1.2504439999902388, 1.243763200007379, 1.2411334000062197, 1.248278200000641, 1.2412925000098767, 1.256888500007335, 1.2874972999998135, 1.2410730999981752, 1.2383415000076639, 1.241043100002571, 1.2398192999971798, 1.248007400005008, 1.2489975999924354, 1.2945918000041274, 1.2462910000031115, 1.2426081000012346, 1.2903063999983715], "benchmark": [1.2512650999997277, 1.2982225000014296, 1.2392163000040455, 1.2530594999989262, 1.2951025000074878, 1.2396196000045165, 1.2449945999978809, 1.2415915000019595, 1.2491869999939809, 1.2422061999968719, 1.2439499999891268, 1.2443037000048207, 1.240262499995879, 1.236493899996276, 1.2442767000029562, 1.2462145000026794, 1.250599399994826, 1.2813090999989072, 1.2416242000035709, 1.242989199992735, 1.243417000005138, 1.2949871000018902, 1.2530764999974053, 1.2434902999957558, 1.244513099998585, 1.3270978000073228, 1.2443655999959446, 1.242547599991667, 1.2412185000139289, 1.2415634999924805, 1.2408233000023756, 1.2461748000059742, 1.2451794000080554, 1.24125200000708, 1.2427555000031134, 1.2395725999958813, 1.295584499996039, 1.2457343999994919, 1.2404928999894764, 1.2400515000044834, 1.2418286000029184, 1.2436011000099825, 1.2407314000010956, 1.240252600007807, 1.2415438999887556, 1.2437321999896085, 1.248510700010229, 1.2573665999952937, 1.2554920999973547, 1.2493736000033095, 1.2539322000084212, 1.2439164999959758, 1.2441329000139376, 1.2471154000086244, 1.2527444000006653, 1.249424399997224, 1.2584945999988122, 1.249090299999807, 1.2433657000074163, 1.2433074999862583, 1.2447217000008095, 1.2460948000079952, 1.2609693999984302, 1.248772100007045, 1.251977000007173, 1.2526732999976957, 1.2445430000079796, 1.244417500012787, 1.2469113999977708, 1.3111223000014434, 1.2450865999999223, 1.2475312000024132, 1.24401090000174, 1.2390306999877794, 1.2423332999896957, 1.2505690999969374, 1.3021394000097644, 1.2439857999997912, 1.2505914000066696, 1.252716100003454, 1.251259199998458, 1.2445271000033244, 1.241809800005285, 1.2516289000050165, 1.250571000011405, 1.2535109000018565, 1.2442269000021042, 1.248114700007136, 1.245258199996897, 1.243684499990195, 1.2436339999985648, 1.2452961999952095, 1.242406999997911, 1.248513600003207, 1.2482615000044461, 1.2517493000050308, 1.2855726999987382, 1.2397861999925226, 1.258254799991846, 1.2449990000022808]}, "cpython": {"warmup": [1.2831733000057284, 1.2566782000067178, 1.2663243999995757, 1.2610706999985268, 1.3000135999900522, 1.2621414000022924, 1.2629343000007793, 1.263758200002485, 1.2602769999939483, 1.2665222999930847, 1.2644030000083148, 1.2651713999948697, 1.261108200007584, 1.256333099998301, 1.2749825000064448, 1.2539097999979276, 1.2613655000022845, 1.3005196000012802, 1.2605239000113215, 1.264089399992372, 1.2585524000023725, 1.2767630000016652, 1.2559308999916539, 1.2574813999963226, 1.3298742000042694, 1.2691434000007575, 1.258619300002465, 1.2594262000056915, 1.302317599998787, 1.2730700999964029, 1.2629115000017919, 1.2596974000043701, 1.3072733000008157, 1.3108920999948168, 1.26335010000912, 1.2570841999986442, 1.2585109000065131, 1.3302743999956874, 1.2759915000060573, 1.2628575999988243, 1.2595423000020673, 1.2640810000011697, 1.2561282999959076, 1.2620772999944165, 1.2615309999964666, 1.2828904999914812, 1.2590252999943914, 1.2958995999943, 1.2703216000081738, 1.2612249000085285, 1.3026288000110071, 1.2629563000082271, 1.2771563999995124, 1.2579550999944331, 1.2605103000096278, 1.2603191000089282, 1.2629152000008617, 1.2587380000040866, 1.3107753000076627, 1.2757483000023058, 1.2602194000064628, 1.2793445999996038, 1.3282118000061018, 1.2573090999940177, 1.2753130000055535, 1.2635249999875668, 1.2746156000066549, 1.2634858999954304, 1.263234800004284, 1.2653960000025108, 1.2596934999892255, 1.2706310999928974, 1.2656846000027144, 1.2659009999915725, 1.2599618999956874, 1.2614363999891793, 1.2971275000018068, 1.317238300005556, 1.2560696000000462, 1.2722472999885213, 1.2598754999926314, 1.2601537000009557, 1.2618170000059763, 1.2554552999936277, 1.303661900004954, 1.2645932000014, 1.2566927000007126, 1.259647099999711, 1.25592539999343, 1.2610763999982737, 1.270397200001753, 1.2772048999904655, 1.2604199000052176, 1.261368699997547, 1.2682768999948166, 1.259238099999493, 1.2701467000006232, 1.3309813999949256, 1.2807532000006177, 1.2613858999975491], "benchmark": [1.2600913000060245, 1.2578939999948489, 1.2594570000073873, 1.256993600007263, 1.277475000009872, 1.255273999995552, 1.2715888999955496, 1.3087139999988722, 1.262816100002965, 1.2578108000016073, 1.2783347000076901, 1.2663886999944225, 1.2620181000092998, 1.3228088000032585, 1.263633700000355, 1.2599538000067696, 1.2584054000035394, 1.3176349999994272, 1.2578593000071123, 1.2572514000057708, 1.2641990999982227, 1.2608340000006137, 1.2669804000033764, 1.3107711000047857, 1.3121085000020685, 1.2608846999937668, 1.2612571000063326, 1.2618000999937067, 1.257695899999817, 1.2627939999947557, 1.2803404000005685, 1.2643147000053432, 1.2774491000018315, 1.262061100002029, 1.2574678999953903, 1.2597467000014149, 1.3171704999986105, 1.256911799995578, 1.261306100001093, 1.2624885999975959, 1.2652987000037683, 1.2569925999996485, 1.269815000006929, 1.3095681999984663, 1.2648962999955984, 1.2587945999985095, 1.257378599999356, 1.2617194000049494, 1.2616652000142494, 1.2647434000100475, 1.2757427999895299, 1.2595902000030037, 1.2926845999900252, 1.2615786000096705, 1.3006621999957133, 1.2730491000111215, 1.2573954999970738, 1.3008764999976847, 1.2597020999965025, 1.2634115999971982, 1.2637880000111181, 1.2608984999969834, 1.2568558000057237, 1.3507905000005849, 1.2571194000047399, 1.2594692999991821, 1.2667764999932842, 1.2972215000045253, 1.2628245999949286, 1.2576739999931306, 1.2997292000072775, 1.2645924999960698, 1.2584451000002446, 1.2596565000130795, 1.2555873999954201, 1.3427579999988666, 1.3449696000025142, 1.2747626999916974, 1.260710200003814, 1.2565542999946047, 1.262718500001938, 1.3010313999984646, 1.2664897000067867, 1.259360399999423, 1.300368600001093, 1.2631813000043621, 1.2618821000069147, 1.2712238000094658, 1.2591879999963567, 1.2666520000057062, 1.2575395000021672, 1.2671349000011105, 1.2655920000106562, 1.2671119000006001, 1.2609780000057071, 1.261714899999788, 1.2712923000071896, 1.2938104999921052, 1.2670822000072803, 1.2685050000000047]}}