{"nuitka": {"warmup": [1.140938800002914, 1.1174873000127263, 1.1223457000014605, 1.1278938999894308, 1.1702793000004021, 1.1221535000076983, 1.1249679000029573, 1.1181034999899566, 1.1467007000028389, 1.128974899998866, 1.1182891999924323, 1.1263546000118367, 1.1228392000048188, 1.1204943000047933, 1.123127700004261, 1.1707052999990992, 1.1176995999994688, 1.1204366000019945, 1.1298125000030268, 1.1178275999991456, 1.1320226000098046, 1.116882500005886, 1.120003000003635, 1.118666199996369, 1.115421399998013, 1.1196054000029108, 1.1223033999995096, 1.120277999987593, 1.1182143999903928, 1.1220384999905946, 1.1305050999944797, 1.1206944000005024, 1.1238044000056107, 1.1133199000032619, 1.1185909000050742, 1.1174737999972422, 1.167256599990651, 1.125127799998154, 1.1338969000062207, 1.1192068999953335, 1.131662600004347, 1.118525600002613, 1.1186479000025429, 1.123399200005224, 1.120584999996936, 1.1312635999929626, 1.1512011000013445, 1.1343919000064489, 1.1208340000011958, 1.124194100004388, 1.1191124000033597, 1.1209972999931779, 1.112761699987459, 1.1270962999988114, 1.1158132999989903, 1.1159007999958703, 1.1138446999975713, 1.1576321000029566, 1.128185300010955, 1.1278503000066848, 1.1237830000027316, 1.133747800005949, 1.1249040000111563, 1.1498560000036377, 1.1173082000022987, 1.1226864000054775, 1.1278946000093129, 1.1395460999920033, 1.1202554999908898, 1.1369078999996418, 1.121431700012181, 1.1338239000033354, 1.1247242000099504, 1.152904500006116, 1.1322284000052605, 1.1521283000038238, 1.126873599991086, 1.150056999991648, 1.1199167000013404, 1.1283509000058984, 1.118794699999853, 1.125119899996207, 1.1219170000113081, 1.132785799985868, 1.1278019000019412, 1.128693699996802, 1.1229486999945948, 1.1418757999927038, 1.1246946000028402, 1.1179928999918047, 1.152221999989706, 1.1239882999943802, 1.1251329999940936, 1.1334142999985488, 1.1144591000047512, 1.1200802999956068, 1.1746176000015112, 1.1446449999930337, 1.1187247000052594, 1.126683199996478], "benchmark": [1.1354550999967614, 1.1435476999904495, 1.136186200004886, 1.1206416000059107, 1.130270699999528, 1.1255012000037823, 1.120450800008257, 1.1179802999977255, 1.1184353999997256, 1.1439191999961622, 1.1337059999932535, 1.116268300000229, 1.1198811000067508, 1.1097865000047022, 1.1283253000001423, 1.1161680999939563, 1.118635599996196, 1.1276605999883031, 1.1136506000038935, 1.1195576000027359, 1.1379873000114458, 1.114284299997962, 1.1167928999930155, 1.1220888999960152, 1.1188863999996101, 1.1130632999993395, 1.1191064000013284, 1.153860699996585, 1.1199188000027789, 1.1457590999925742, 1.119915100003709, 1.1200465000001714, 1.1167390000045998, 1.1119197999942116, 1.1632558999990579, 1.1186777999973856, 1.1213643999944907, 1.1205677000107244, 1.1177142999949865, 1.1136151000100654, 1.1472083999979077, 1.1164275000046473, 1.1225836999947205, 1.117987899997388, 1.1098924999969313, 1.1490923000092153, 1.1182824999996228, 1.1392629000038141, 1.1154295000014827, 1.1106302999978652, 1.1427232999994885, 1.1093359000078635, 1.1213974999991478, 1.1193407000100706, 1.1229019000020344, 1.1727886000007857, 1.1204981000046246, 1.1180017000006046, 1.1134635000053095, 1.1178323999920394, 1.1215483999985736, 1.1208865999942645, 1.1425414999976056, 1.1190530000021681, 1.1231255999882706, 1.1222323999973014, 1.11247409999487, 1.1174649999884423, 1.1125468999962322, 1.1203825999982655, 1.1178896999917924, 1.1206839999940712, 1.1288974000053713, 1.1169319999899017, 1.122819600001094, 1.1149057000002358, 1.1409680000069784, 1.1167111999966437, 1.1177010999963386, 1.113391999999294, 1.1370087000104832, 1.1362285999930464, 1.1143652000027942, 1.1243027000018628, 1.1128238000092097, 1.1219588999956613, 1.1301443000120344, 1.1160816000046907, 1.1137808999919798, 1.1134093000000576, 1.114412099996116, 1.1161011000076542, 1.1130138000007719, 1.1177652000042144, 1.1419243999989703, 1.1496550000010757, 1.1175244000041857, 1.114145700004883, 1.1309363000036683, 1.2163714000053005]}, "cpython": {"warmup": [1.130858000004082, 1.1254260999994585, 1.1566860000020824, 1.1268065000040224, 1.1219782999978634, 1.1214772000093944, 1.1283858999959193, 1.1290469999948982, 1.143561300006695, 1.1535862000018824, 1.1436262999923201, 1.1189880000019912, 1.1185003999999026, 1.12269400000514, 1.11968170000182, 1.1268599000031827, 1.1248144000128377, 1.1220968999987235, 1.1273541999980807, 1.148488399994676, 1.1293119999900227, 1.1328652999945916, 1.1412592999986373, 1.1255748999974458, 1.1220677999954205, 1.1308930000086548, 1.1229569999995874, 1.147101400012616, 1.130908699997235, 1.1513455999956932, 1.1239032999874325, 1.165639500002726, 1.1222288999997545, 1.1180527999968035, 1.1227378000039607, 1.2344767000031425, 1.1337801999907242, 1.1571265999955358, 1.1286088999913773, 1.124227599997539, 1.123698900002637, 1.124272999993991, 1.1190867999976035, 1.1205974000040442, 1.120444599990151, 1.1186404000036418, 1.1626701000059256, 1.1238483999914024, 1.1247238999931142, 1.127049899994745, 1.116260399998282, 1.1212261999899056, 1.1390247999952408, 1.1285963999980595, 1.1227848999988055, 1.1287352999934228, 1.1108475000073668, 1.2047319000121206, 1.1245211000059498, 1.1233436000038637, 1.1290490999963367, 1.1264560000126949, 1.136718199995812, 1.1285320000024512, 1.1206820999941556, 1.1279282000032254, 1.1275626999995438, 1.1232012000109535, 1.1248546999995597, 1.1230576000089059, 1.1690640000015264, 1.1189489999960642, 1.1560711000056472, 1.132473800011212, 1.1293558000033954, 1.170790299991495, 1.1254781000025105, 1.1182151999964844, 1.145218699995894, 1.1209972999931779, 1.2174114000081317, 1.1231010999908904, 1.1353857000067364, 1.1234587999933865, 1.1394705999991857, 1.1374651999940397, 1.127795000007609, 1.1210161999915726, 1.1252945000014734, 1.124621599999955, 1.1514056000014534, 1.1278512999997474, 1.1253278000076534, 1.1251498000056017, 1.1568342000100529, 1.1249595999979647, 1.123753799998667, 1.2285097000130918, 1.1239949000009801, 1.1211249000043608], "benchmark": [1.1430094999959692, 1.1250289000017801, 1.1738141999958316, 1.1229738999973051, 1.1302387999894563, 1.120824800003902, 1.1468687000015052, 1.1217882000055397, 1.1359430000011344, 1.123884899992845, 1.1254083999956492, 1.1806347999954596, 1.1180076000018744, 1.12688419999904, 1.134191799996188, 1.1191973000095459, 1.1341375000047265, 1.1282161999988602, 1.1452851999929408, 1.1263171000027796, 1.2174757000029786, 1.1983251000056043, 1.1266929999983404, 1.1234602000040468, 1.1226654000056442, 1.1220595000049798, 1.1272427999938373, 1.1278432999970391, 1.1221793000004254, 1.1124989000090864, 1.1381192999979248, 1.1176761999959126, 1.1987306000082754, 1.1263394999987213, 1.1235251999896718, 1.118761000005179, 1.1836671999917598, 1.1232289000035962, 1.1314106000063475, 1.1247466999921016, 1.136361400000169, 1.1216510999947786, 1.1890605999942636, 1.1208732999948552, 1.205553499996313, 1.1252902999985963, 1.1891921999922488, 1.1311914999969304, 1.1469053000037093, 1.1158447000052547, 1.1294440000056056, 1.1605736000055913, 1.140567700000247, 1.12816130000283, 1.1842478000035044, 1.1208171000034781, 1.1340913999883924, 1.1265056999982335, 1.1443428000056883, 1.1368630999932066, 1.1180572000012035, 1.1644402000092668, 1.2350523000059184, 1.1267144000012195, 1.1473428000026615, 1.1222463000012795, 1.2013632000016514, 1.128548699998646, 1.1527016999898478, 1.1242215999955079, 1.1217438000021502, 1.1237545000039972, 1.173259200004395, 1.1314599000033922, 1.1251995000056922, 1.122839899995597, 1.1903595000039786, 1.1330025999923237, 1.1232021000032546, 1.1245156999939354, 1.1194758000056027, 1.1288932000024943, 1.1262832999927923, 1.1258239000017056, 1.1583198000007542, 1.125282499997411, 1.1230266000056872, 1.1768080000038026, 1.1810703000082867, 1.130820300008054, 1.1548994000040693, 1.1213872999942396, 1.1515804999944521, 1.1676109999971231, 1.3025545999989845, 1.124973800004227, 1.1217068999976618, 1.1220470999978716, 1.124654900006135, 1.1251555999915581]}}