{"nuitka": {"warmup": [1.250797100001364, 1.2353588999976637, 1.2311851999984356, 1.245139399994514, 1.2378949999983888, 1.2292971999995643, 1.2286563999950886, 1.229867000001832, 1.2331414999935078, 1.2340906000026735, 1.2712562999950023, 1.2465745999943465, 1.2239441999990959, 1.248824299997068, 1.23169919999782, 1.234257999996771, 1.237091100003454, 1.234800299993367, 1.2309622999891872, 1.2371347000007518, 1.2504201999981888, 1.2292256000073394, 1.231106599996565, 1.2278062000114005, 1.2255471999960719, 1.2315979999984847, 1.231737800000701, 1.229904899999383, 1.2287827999971341, 1.230159900005674, 1.241154600007576, 1.2229729000100633, 1.223973100000876, 1.2333070000022417, 1.2259264000022085, 1.2467994000035105, 1.227719899994554, 1.2378508000110742, 1.239445600003819, 1.252601499989396, 1.2295236999925692, 1.2337504000024637, 1.2343728999985615, 1.236779699989711, 1.231894700002158, 1.2354412999993656, 1.2302802000049269, 1.230367300013313, 1.2335977000038838, 1.2275577000109479, 1.2306986000039615, 1.2275050000025658, 1.230646899988642, 1.225781499990262, 1.2257927000027848, 1.2278791999997338, 1.2357083999959286, 1.2319031000079121, 1.2357651999918744, 1.2246792999940226, 1.224417600009474, 1.2281682000029832, 1.2320151000021724, 1.2269271000113804, 1.2297615999996196, 1.2355962000001455, 1.2330165000021225, 1.226794999995036, 1.2285012000065763, 1.2320599999948172, 1.2263401999953203, 1.236353100000997, 1.2350232000026153, 1.2308429000113392, 1.2324384999956237, 1.2247014000022318, 1.2336142999993172, 1.232021400006488, 1.227292800002033, 1.2308397000015248, 1.2305017999897245, 1.2265174000058323, 1.2240653000044404, 1.2411062000028323, 1.228333399994881, 1.2242886000021826, 1.2273290000011912, 1.2445775999949547, 1.235574300008011, 1.225988399994094, 1.2388309000089066, 1.2292270999896573, 1.2403548000002047, 1.2297312000009697, 1.2305847999959951, 1.2668110000086017, 1.2369055000017397, 1.2287557999952696, 1.2295750000048429, 1.2308486999972956], "benchmark": [1.2257784999965224, 1.22425210000074, 1.2341824999894015, 1.2275749999971595, 1.2249403000023449, 1.2247586000012234, 1.2423787000006996, 1.230919499997981, 1.226665399997728, 1.2279399000108242, 1.232177000012598, 1.2273469000065234, 1.2298920000030193, 1.2302418000035686, 1.2308243000006769, 1.2357155000063358, 1.225140199996531, 1.2418462999921758, 1.2223416999913752, 1.2324320000043372, 1.23997780001082, 1.2333127000019886, 1.2281553999928292, 1.2326216000074055, 1.2263827999995556, 1.2347980000049574, 1.2244497999927262, 1.2241649999923538, 1.2280598999932408, 1.2262190999899758, 1.2272129000048153, 1.2374649999983376, 1.2522910999978194, 1.2473654000059469, 1.237936700010323, 1.2294087999907788, 1.226963599998271, 1.2270094999985304, 1.2323933999869041, 1.2282761999958893, 1.2309416000061901, 1.225969500010251, 1.2483520999958273, 1.2297564999898896, 1.2369354999973439, 1.2308808999950998, 1.2303282999928342, 1.2329103000083705, 1.23607980000088, 1.2260062999994261, 1.2364749000116717, 1.2261195000028238, 1.2611847999942256, 1.2299666000035359, 1.2264087999938056, 1.2317742999875918, 1.2476328000047943, 1.229569500006619, 1.2511752999998862, 1.2271194999921136, 1.2361339000053704, 1.2396876999991946, 1.2286329000053229, 1.2274514000018826, 1.2442386000038823, 1.228059500004747, 1.235939000005601, 1.2298387000046205, 1.239220600007684, 1.228699700004654, 1.2321314000000712, 1.2293112999905134, 1.2385247000056552, 1.2278009000001475, 1.2311317999992752, 1.2298987999965902, 1.229012199997669, 1.2260062999994261, 1.2240333999943687, 1.2292522999923676, 1.2245844999997644, 1.2317406000074698, 1.229679900003248, 1.224182199992356, 1.226149499998428, 1.2329504000081215, 1.228009700003895, 1.2224532999971416, 1.2256783000048017, 1.2282019999984186, 1.2302839000039967, 1.2340834000060568, 1.2326542000082554, 1.2299657999974443, 1.2272067000012612, 1.2361433999903966, 1.2276503000030061, 1.2237778999988222, 1.2339570000040112, 1.231111700006295]}, "cpython": {"warmup": [1.2434349000104703, 1.2466908999922452, 1.2442787000036333, 1.2635952999989968, 1.2427998000057414, 1.237492000000202, 1.2392368000000715, 1.2431712999969022, 1.2393400000000838, 1.2403827999951318, 1.2587835000013001, 1.240492400000221, 1.2414281999954255, 1.2395302999939304, 1.2429600000032224, 1.2455268000048818, 1.2426208999968367, 1.2399168999982066, 1.2404173000104493, 1.2385447999986354, 1.244995300003211, 1.2426253000012366, 1.2454442999878665, 1.2445623000094201, 1.3064425000047777, 1.2429216000018641, 1.2402576999884332, 1.2402463000034913, 1.2407221000030404, 1.246861199993873, 1.2528000999882352, 1.2383777999930317, 1.2379708000080427, 1.2686565999902086, 1.2397014000016497, 1.2401546000037342, 1.2443677999981446, 1.2420897999982117, 1.2397112000035122, 1.2385522999975365, 1.256252899998799, 1.2439272999909008, 1.2515525000053458, 1.238397499997518, 1.24191910000809, 1.4055841000081273, 1.2404069999902276, 1.2844310000073165, 1.2464703000005102, 1.2713267999934033, 1.2443566000001738, 1.3319809999957215, 1.2393546999956015, 1.266008000005968, 1.2392162999894936, 1.2507832999981474, 1.239049800002249, 1.2462579000130063, 1.2385065999988, 1.2375606999994488, 1.24067020000075, 1.2424332000082359, 1.2387092000135453, 1.2390768000041135, 1.2410419000079855, 1.2396747000020696, 1.2702082000032533, 1.2690481999889016, 1.2470479000039632, 1.2856900000042515, 1.2427579999930458, 1.2369475000014063, 1.2432239999907324, 1.2462412000022596, 1.242596500000218, 1.2440057000058005, 1.2391384999937145, 1.2454266999993706, 1.2453126000036718, 1.254363200001535, 1.2645647000026656, 1.2652382000087528, 1.2371396999951685, 1.2738332000008086, 1.2434009999997215, 1.2419675999990432, 1.2570426000020234, 1.2619845000008354, 1.256227999998373, 1.2471032999892486, 1.2397760000021663, 1.261813599994639, 1.2747124000015901, 1.2409241999994265, 1.2413229999947362, 1.244772699996247, 1.2662909000064246, 1.2410221000027377, 1.2618246000056388, 1.238973100000294], "benchmark": [1.2385269999940647, 1.2440390000119805, 1.2435076000110712, 1.288235199986957, 1.2425472000031732, 1.2535193999938201, 1.2412655000080122, 1.2622144999913871, 1.2448867000057362, 1.2496639000019059, 1.2435489000054076, 1.2422347999963677, 1.259271400005673, 1.2622577999864006, 1.24142700000084, 1.243611800004146, 1.2750411000015447, 1.2440492999885464, 1.241487400009646, 1.2589042999898084, 1.253613900000346, 1.2424251000047661, 1.2417523999902187, 1.252252000005683, 1.2367510999902152, 1.2410238000011304, 1.248957200004952, 1.245303799994872, 1.2611469000112265, 1.2626662000111537, 1.2881771999964258, 1.24778150000202, 1.2426058999990346, 1.2434879999927944, 1.2566388999985065, 1.302678600011859, 1.259176200008369, 1.2475702000083402, 1.242376800000784, 1.2427859000017634, 1.251570400010678, 1.2439340999990236, 1.261349299995345, 1.2397656999964966, 1.2404606000054628, 1.2388003999949433, 1.2389025000011316, 1.2478621000045678, 1.2389867000019876, 1.2394793999992544, 1.239453300004243, 1.2400938000064343, 1.244259700004477, 1.2429201000049943, 1.3099114999931771, 1.2399543000065023, 1.2402289000019664, 1.2436003000038909, 1.239191699991352, 1.2399738000094658, 1.2414752000040608, 1.2506364000000758, 1.2865586999978404, 1.2430660999962129, 1.2424175000051036, 1.2452253999945242, 1.2666689999896334, 1.239280099995085, 1.242315299998154, 1.2597976999968523, 1.242288000008557, 1.2801126999984263, 1.244240500003798, 1.2452632999920752, 1.2800381999986712, 1.249486499989871, 1.2812379999959376, 1.253144300004351, 1.2438911000062944, 1.241234400004032, 1.2487505999888526, 1.2560826999979327, 1.2726615999999922, 1.2464036000019405, 1.2440757000003941, 1.2407875000062631, 1.2373341000056826, 1.2400428999972064, 1.263026800006628, 1.2410143000015523, 1.2412276999966707, 1.2410568999912357, 1.2469392999919364, 1.2412673999933759, 1.239214900007937, 1.2397998999949777, 1.2411936999997124, 1.2621434000029694, 1.2413269000098808, 1.240150800003903]}}