{"nuitka": {"warmup": [1.1022641000017757, 1.0773640999977943, 1.0754908999952022, 1.0718156000075396, 1.073417799998424, 1.0729598000034457, 1.0808327999984613, 1.0814403999975184, 1.0816825999936555, 1.0890503999980865, 1.0686626999959117, 1.0881897000072058, 1.0751645999989705, 1.0713402000110364, 1.0776302000012947, 1.0779804999910994, 1.089482199997292, 1.0792091000039363, 1.0767933999886736, 1.0859907000121893, 1.0711356999963755, 1.075058700007503, 1.0857640999893192, 1.0774462000117637, 1.082063299996662, 1.0945484999974724, 1.0853166000015335, 1.0762551999941934, 1.0903314000024693, 1.0888815999933286, 1.0828911999997217, 1.0955291999998735, 1.0780664000049, 1.084438499994576, 1.0873702000099001, 1.1029602999915369, 1.0877116000046954, 1.0782956000039121, 1.0819868999969913, 1.088994099991396, 1.092627400008496, 1.110881700005848, 1.079384199998458, 1.0906942000001436, 1.084410299998126, 1.0807755999994697, 1.0812513999990188, 1.0812827000045218, 1.0815812999935588, 1.0850868999987142, 1.0836158000020077, 1.0850157999957446, 1.0796444000006886, 1.087752299994463, 1.0775422000006074, 1.0773965000116732, 1.0798025999974925, 1.0899874000024283, 1.0867297999939183, 1.0864375999954063, 1.0820377999916673, 1.0838355000014417, 1.0869188000069698, 1.0885066000046209, 1.0768035000073723, 1.0797987000114517, 1.0796868999896105, 1.082905999996001, 1.0941710000042804, 1.0901928999955999, 1.0778084999910789, 1.0850187999894843, 1.0782464999938384, 1.0804938999935985, 1.0798727000073995, 1.093434399997932, 1.0813487999985227, 1.0829286000080174, 1.093756400005077, 1.0927713999990374, 1.079354700006661, 1.0843038000020897, 1.0894683000078658, 1.082882000002428, 1.090922600007616, 1.0935966999968514, 1.0893652999948245, 1.0917931000003591, 1.0950172000011662, 1.0776246000023093, 1.0802565000049071, 1.0943022999999812, 1.0826208000071347, 1.0801597000099719, 1.076822999995784, 1.0784354000061285, 1.0756906000024173, 1.0798745999927633, 1.0834972000011476, 1.0862276999978349], "benchmark": [1.0806062999909045, 1.0807149000029312, 1.0826460999960545, 1.0740877000062028, 1.0802766999986488, 1.0838125000009313, 1.079486500006169, 1.0833034999959636, 1.0941173000028357, 1.0758096000063233, 1.073513900002581, 1.0760547000099905, 1.079983399991761, 1.0884355999878608, 1.0926610000024084, 1.0841976999945473, 1.0926361000019824, 1.08152139998856, 1.0959603999945102, 1.0901757999963593, 1.0828862999915145, 1.0832710999966366, 1.079619999989518, 1.0918846999993548, 1.0888354000053369, 1.0826897999941139, 1.0842544000042835, 1.0862285000039265, 1.0721929999999702, 1.0996097000024747, 1.0802658999891719, 1.0871125999983633, 1.089907100002165, 1.0884360000054585, 1.0741731999878539, 1.0920706000033533, 1.0761300000012852, 1.0783193999959622, 1.0824108000088017, 1.0890863999957219, 1.0803663999977289, 1.0770315999980085, 1.0791896000009729, 1.0875587000045925, 1.0855883000040194, 1.0796625999937532, 1.0830268999998225, 1.0795006999978796, 1.0729901000013342, 1.0837228000018513, 1.0814126000041142, 1.0865434000006644, 1.0789521999977296, 1.0799823999986984, 1.0826826999982586, 1.076911399999517, 1.0752943999978015, 1.0745613000035519, 1.0857544000027701, 1.0688181000004988, 1.0820808000135003, 1.095936299985624, 1.0752626999892527, 1.0761996999935945, 1.0819625000003725, 1.0789815000025555, 1.0874995999911334, 1.0862960999947973, 1.0826404999970691, 1.082909999997355, 1.0801953000045614, 1.0797885000065435, 1.0831666000012774, 1.078439700009767, 1.1027612000034424, 1.0821055999986129, 1.0949243999930331, 1.0781131999974605, 1.0993229000014253, 1.0842095999978483, 1.0956352000066545, 1.0822551000019303, 1.0827573999995366, 1.0787508000066737, 1.095099999991362, 1.0831908000109252, 1.0815537000016775, 1.0899937999929534, 1.07171340000059, 1.0863539000129094, 1.084204899991164, 1.0708821000007447, 1.0818341999984113, 1.087778300003265, 1.0810196000093129, 1.0779894000006607, 1.0777295000007143, 1.0827243999956409, 1.0918877000076463, 1.071041499992134]}, "cpython": {"warmup": [1.1211652000056347, 1.1584621999936644, 1.1305794999934733, 1.1282689000072423, 1.1363600000040606, 1.1262385999871185, 1.1224847000121372, 1.1194031000050018, 1.1235135000024457, 1.1268020999996224, 1.118579600006342, 1.1291282000020146, 1.1548044999944977, 1.132222100000945, 1.123645600004238, 1.1284062000049744, 1.1252555999963079, 1.1162267999898177, 1.12532989999454, 1.1270569999906002, 1.123932499991497, 1.1231109000073047, 1.1207815000088885, 1.1314699000067776, 1.1446482000028482, 1.1252108000044245, 1.1210544999921694, 1.1348460000008345, 1.1223041000048397, 1.1464375000068685, 1.1214690000051633, 1.1212334999872837, 1.1258832000021357, 1.118529999992461, 1.126074100000551, 1.13117290000082, 1.1277217000024393, 1.1230440000072122, 1.1445621000020765, 1.1460251000098651, 1.1240345999976853, 1.1199301999877207, 1.117073999994318, 1.120993799995631, 1.1193464000098174, 1.1262305999989621, 1.118749100001878, 1.1359866999991937, 1.1509460999950534, 1.1237458999967203, 1.123644899998908, 1.1182220000046073, 1.1505017000017688, 1.137598799992702, 1.1539402000053087, 1.130270900001051, 1.1453470999986166, 1.1540354999888223, 1.157493999999133, 1.1203145000035875, 1.1221942999982275, 1.1312531000003219, 1.1485852000041632, 1.121507499992731, 1.1379239999951096, 1.1250361000129487, 1.1256518999871332, 1.1214374999981374, 1.1189438000001246, 1.1276844999956666, 1.13880890001019, 1.3711418000020785, 1.124390000011772, 1.124845500002266, 1.116713700001128, 1.146885599999223, 1.1230142999993404, 1.1472954000055324, 1.1164890999934869, 1.119968200000585, 1.1218590999924345, 1.1176074000104563, 1.1297178999957396, 1.119946599996183, 1.117653599998448, 1.1234276000031969, 1.1237595999991754, 1.1221840999933193, 1.1365880000084871, 1.133957099998952, 1.1222651000134647, 1.1199264000024414, 1.139957699997467, 1.123815699989791, 1.1157211999961874, 1.2022950999962632, 1.1295170999947004, 1.1353842000098666, 1.126552300003823, 1.149404499999946], "benchmark": [1.116127300003427, 1.136556900004507, 1.135265699995216, 1.118189100001473, 1.153575299991644, 1.1327774000092177, 1.126285000005737, 1.1265684999962104, 1.117818200000329, 1.132532599993283, 1.1190224000019953, 1.1521540000103414, 1.1389085999981035, 1.1403953999979421, 1.1326407000015024, 1.1139588999940315, 1.1252415000053588, 1.1164539000019431, 1.116951500007417, 1.1133211999986088, 1.1223546999972314, 1.128163699992001, 1.1285164000000805, 1.1239428000117186, 1.117528200004017, 1.1154889000026742, 1.1160569999919971, 1.1259213000012096, 1.1326931000076002, 1.1244694999913918, 1.1138371999986703, 1.1354076999996323, 1.11038520000875, 1.1346913000015775, 1.1301146000041626, 1.129433500012965, 1.1281353999947896, 1.1271186000085436, 1.1222563000046648, 1.122932000012952, 1.1130853000067873, 1.1522092999948654, 1.1278677999944193, 1.1216605000081472, 1.3496315999946091, 1.1155484000046272, 1.1252622000029078, 1.120154200005345, 1.1106320000108099, 1.1231219000037527, 1.1368652999954065, 1.1270152000070084, 1.1353753000003053, 1.1230179000122007, 1.1285751999967033, 1.1307102999999188, 1.1258159999997588, 1.140207200005534, 1.136489900003653, 1.1231936999975005, 1.1561139999976149, 1.1290952999988804, 1.137959799991222, 1.1137604000105057, 1.1171814999979688, 1.1256776000082027, 1.1219190999981947, 1.1199104999977862, 1.1209789999993518, 1.1454265999927884, 1.1113633999921149, 1.1110108000139007, 1.1199215999949956, 1.1206035000068368, 1.1137903000053484, 1.1168309000058798, 1.130315000002156, 1.1406131999974605, 1.122983799999929, 1.139979300001869, 1.1266047999961302, 1.1396501999988686, 1.1290832000086084, 1.137496800001827, 1.1212627999921096, 1.1239033000019845, 1.1294637999963015, 1.148812800005544, 1.1767847999872174, 1.1630130999983521, 1.1290911999967648, 1.1212443999975221, 1.152162500002305, 1.1224542999989353, 1.121736700006295, 1.1394392000074731, 1.1341208000085317, 1.1418923000019277, 1.20458810000855, 1.1161245999974199]}}