{"nuitka": {"warmup": [1.1797019000077853, 1.1585467999975663, 1.1560538000048837, 1.1534282000066014, 1.1548930999997538, 1.1526294000068447, 1.1510872000071686, 1.161448400001973, 1.15549170000304, 1.149171800003387, 1.1489304000133416, 1.1568716000037966, 1.1587997999886284, 1.1729063000093447, 1.1515345999941928, 1.1530982999975095, 1.1516001999989385, 1.1526391000079457, 1.152403999993112, 1.1553701999946497, 1.1525536999979522, 1.1564680000010412, 1.1609012999979313, 1.1610241000016686, 1.1526920000032987, 1.1557177000067895, 1.1540940999984741, 1.154551600004197, 1.157120899995789, 1.1555159999988973, 1.1655888999957824, 1.1536627000023145, 1.1590355999942403, 1.1543785000103526, 1.1535245000122814, 1.1537033000058727, 1.1563819000002695, 1.1544473999965703, 1.1500830000004498, 1.1478712999960408, 1.1506722000049194, 1.1548887999961153, 1.1682282999972813, 1.1460053000046173, 1.164679299996351, 1.151276799995685, 1.145475900004385, 1.153583899998921, 1.1537620000017341, 1.1660555000125896, 1.1812418000045, 1.2275452000030782, 1.1589096000097925, 1.153259300001082, 1.154364700007136, 1.1595125000021653, 1.1625065999978688, 1.1508251000050223, 1.1594054000015603, 1.1542654000077164, 1.1551539999927627, 1.1532885000051465, 1.1576008000120055, 1.1596412000071723, 1.151459500004421, 1.1537856000068132, 1.1576829999976326, 1.154579800000647, 1.150488100000075, 1.1577882999990834, 1.1564327999949455, 1.1510211999993771, 1.1563210000022082, 1.1496936000039568, 1.1573885999969207, 1.1524459999927785, 1.1488856000069063, 1.1524650999926962, 1.1674996999936411, 1.1726347000076203, 1.1502008000097703, 1.2295784000016283, 1.155439699999988, 1.1603779000142822, 1.1666934999957448, 1.1454861999955028, 1.184574300001259, 1.1584679999941727, 1.153725600001053, 1.1531004999997094, 1.1639537999872118, 1.1511420000024373, 1.1600611000030767, 1.1548789000080433, 1.146450600004755, 1.160248899992439, 1.1540151000081096, 1.1516008000035072, 1.1524035000038566, 1.159755500004394], "benchmark": [1.1525893000070937, 1.1555304000066826, 1.152635399994324, 1.1456729999918025, 1.151093899999978, 1.150669900001958, 1.1587722999975085, 1.1589822999958415, 1.1587640999932773, 1.1512658999999985, 1.1612615999911213, 1.1544466000050306, 1.1532249999872874, 1.15555760001007, 1.1520334999950137, 1.1532868000067538, 1.1502154000045266, 1.1519033000076888, 1.163447900005849, 1.1554644999996526, 1.151639099989552, 1.2410089000040898, 1.150101800012635, 1.158520299999509, 1.1530207999894628, 1.1597613000049023, 1.1493075000034878, 1.1583669000101509, 1.1654589000099804, 1.15008590000798, 1.150982799998019, 1.1498429000057513, 1.1610141999990446, 1.1513813999918057, 1.146768799997517, 1.1529991999996128, 1.150864899987937, 1.1543431999889435, 1.1599757999938447, 1.1504633000004105, 1.1518904999975348, 1.16275350000069, 1.154044500013697, 1.1546536999958334, 1.150109300011536, 1.1467052000080002, 1.1500204000039957, 1.1537090000056196, 1.1535625999968033, 1.1594321000011405, 1.1518782999919495, 1.1526892999972915, 1.154031700003543, 1.2019655000040075, 1.1554288999905111, 1.1477675000060117, 1.148296199986362, 1.1547439999994822, 1.1657975999987684, 1.1510727000131737, 1.1477006000059191, 1.1490613999922061, 1.1504525000054855, 1.1552307000092696, 1.1552432000025874, 1.151298599987058, 1.1901651000080165, 1.156331999998656, 1.160980100001325, 1.1577300999924773, 1.1505529999994906, 1.155021400001715, 1.148998999997275, 1.16080049998709, 1.1739976000098977, 1.1469895999907749, 1.1609874999994645, 1.1506438000069465, 1.1541897999995854, 1.1499461000057636, 1.151954000000842, 1.15129490000254, 1.1519569999945816, 1.1599046000046656, 1.158082399997511, 1.2383098999998765, 1.1545741000009002, 1.1670695999928284, 1.1510089999937918, 1.1559151999972528, 1.1575082000053953, 1.1593826000025729, 1.1601289999962319, 1.1631155999930343, 1.151950700004818, 1.152707700006431, 1.1550004000018816, 1.1489172000001417, 1.151171500008786, 1.151159799992456]}, "cpython": {"warmup": [1.170314100003452, 1.1664622999960557, 1.1704171000019414, 1.1720844999945257, 1.1707017000007909, 1.1661406000057468, 1.1839500999922166, 1.1723285999905784, 1.1725441000016872, 1.1674585000000661, 1.1658831999957329, 1.1677825999940978, 1.1742059999960475, 1.1731018999998923, 1.1721770000003744, 1.1630318999959854, 1.1724072999932105, 1.1678843999980018, 1.1710970000131056, 1.181092600003467, 1.2644525000068825, 1.1705114000069443, 1.1736258000019006, 1.1697792000049958, 1.17609999999695, 1.1652547999983653, 1.171096200007014, 1.1697650999994949, 1.170663600001717, 1.1687815000041155, 1.1767622000043048, 1.1717330999963451, 1.1698627000005217, 1.1993037999927765, 1.1615177000057884, 1.170146799995564, 1.168128400007845, 1.1662444999965373, 1.1681863000121666, 1.1606236000079662, 1.1692898999899626, 1.1689691000065068, 1.1676161999930628, 1.1785109000047669, 1.1688622999936342, 1.1597590000019409, 1.1705613000085577, 1.1751118999964092, 1.1670894999988377, 1.1632917000097223, 1.1670868000073824, 1.1700143000052776, 1.167683699997724, 1.165499800001271, 1.1763934999908088, 1.1682782999996562, 1.1787546999985352, 1.1806184000015492, 1.1680348999943817, 1.175061200003256, 1.1670224999979837, 1.1679446000052849, 1.203048299998045, 1.1719835000112653, 1.1661408000072697, 1.1674892000010004, 1.170041699995636, 1.1766596000088612, 1.1814606999978423, 1.1692715999961365, 1.164810700007365, 1.1728827000042656, 1.1708225999900606, 1.1674135000066599, 1.1621971999993548, 1.1619298000005074, 1.1773233999992954, 1.1690277000016067, 1.1690959999978077, 1.2060278999997536, 1.1704613999900175, 1.1718991000088863, 1.1718393999908585, 1.1798889000056079, 1.168434300008812, 1.1770474999939324, 1.1671685000037542, 1.1796988999994937, 1.1704037000017706, 1.1717686000047252, 1.1708943000121508, 1.187570299996878, 1.1689238000108162, 1.1723706000047969, 1.1770976999978302, 1.252115400013281, 1.188772199995583, 1.1654778000083752, 1.1670336999959545, 1.1707497000024887], "benchmark": [1.253972699996666, 1.176193700011936, 1.16840319999028, 1.1762234999914654, 1.1704465999937383, 1.17332859999442, 1.1822161999880336, 1.1735614000062924, 1.1687337000039406, 1.1755878000112716, 1.1667300999979489, 1.1693197000131477, 1.177291999993031, 1.1680833999998868, 1.1694354000064777, 1.1689118999929633, 1.1843971000052989, 1.170836799996323, 1.173015899999882, 1.1707021000038367, 1.1646729999920353, 1.1640965999977197, 1.1708139999973355, 1.165239499998279, 1.1695793999970192, 1.1671054000034928, 1.1803841999935685, 1.167826500008232, 1.1721642000047723, 1.1656570000050124, 1.197478999994928, 1.1777661000087392, 1.1688945999921998, 1.1660466000030283, 1.1692451999988407, 1.1733184000040637, 1.2041165999980876, 1.170346700004302, 1.1973872000089614, 1.1705456000054255, 1.1688998000026913, 1.1691191000136314, 1.172326100000646, 1.1964634000032675, 1.1654948999930639, 1.1910280999873066, 1.1594178000086686, 1.2377550000092015, 1.1707084000081522, 1.1685450999939349, 1.16588519999641, 1.1685893999965629, 1.1689345000049798, 1.1715000999975018, 1.1644274999998743, 1.1600397000001976, 1.167458900003112, 1.1759465999930399, 1.1718357999925502, 1.1793439000030048, 1.1656606999895303, 1.1608558000007179, 1.1744159999943804, 1.1686020999914035, 1.2527852000057464, 1.172009200003231, 1.1692850999970688, 1.1710702999989735, 1.1736296000017319, 1.167275100000552, 1.1742998999980045, 1.1685930000094231, 1.173113299999386, 1.166766300011659, 1.1735132000030717, 1.1954579000012018, 1.19507010000234, 1.1611350000021048, 1.168606399995042, 1.1660952999955043, 1.168347900005756, 1.1753065999946557, 1.1673047000076622, 1.1654839999973774, 1.1669324999966193, 1.1705695999989985, 1.1692775999981677, 1.1691848000045866, 1.170568399989861, 1.1741414000134682, 1.174052100002882, 1.2177365999959875, 1.1732646000018576, 1.1700903000019025, 1.1762439000012819, 1.1669922000000952, 1.168337100010831, 1.1696984000009252, 1.1802517999894917, 1.1608463000011398]}}