{"nuitka": {"warmup": [1.3745073000027332, 1.3615472999954363, 1.3699583999987226, 1.3601011999999173, 1.359594499997911, 1.3602688999962993, 1.3596152999962214, 1.3695436999987578, 1.3616347999923164, 1.36313899999368, 1.3626224999898113, 1.4281235999951605, 1.3577968000026885, 1.3623962999990908, 1.3655383000004804, 1.3652696999924956, 1.3617164999886882, 1.3696882000076585, 1.3611252999980934, 1.360306499991566, 1.3744219000072917, 1.360373299990897, 1.3707240000076126, 1.3693781999900239, 1.3693702000018675, 1.3603120000043418, 1.3596162000030745, 1.3620072000048822, 1.360494699998526, 1.360676299998886, 1.3626249000080861, 1.36265569999523, 1.3654703000065638, 1.3609495999990031, 1.358969499997329, 1.3679050000064308, 1.4037521999998717, 1.3595793999993475, 1.364386299988837, 1.364918300008867, 1.3662960000074236, 1.4337356000032742, 1.3713069000077667, 1.368959300001734, 1.3631290999910561, 1.3612506999925245, 1.4114942000014707, 1.365330400003586, 1.3638541999971494, 1.3591022999898996, 1.3701778999966336, 1.3718707999942126, 1.3606353999930434, 1.3640804999886313, 1.3601316999993287, 1.3672952000051737, 1.3601746000058483, 1.361425999988569, 1.3581989000085741, 1.360139500000514, 1.4741747000080068, 1.3621096999995643, 1.3555725999904098, 1.361187999995309, 1.3619029999972554, 1.3597884000046179, 1.3719470000069123, 1.3588215000054333, 1.3675341000052867, 1.3629156000097282, 1.3609304999990854, 1.3704734000057215, 1.3620200000004843, 1.3636833000055049, 1.3596887000021525, 1.3600224000110757, 1.359671199999866, 1.3729271000047447, 1.369123899989063, 1.3620163000014145, 1.3608812999882502, 1.3601881000067806, 1.369359300006181, 1.361037299997406, 1.3642089000059059, 1.3767029000009643, 1.365286800006288, 1.362437100004172, 1.3756838999979664, 1.367377700007637, 1.358680799996364, 1.3671054000005824, 1.358291000011377, 1.3601622999995016, 1.3758949999901233, 1.3778441000031307, 1.3595007999974769, 1.366694299998926, 1.3633166999934474, 1.360123200007365], "benchmark": [1.3607288000057451, 1.3594291000044905, 1.3593171999964397, 1.3702360000024782, 1.363419300003443, 1.3676010000053793, 1.3645288000116125, 1.3596045000012964, 1.359580400006962, 1.3588417999999365, 1.360398200005875, 1.3628227000008337, 1.3605645000061486, 1.3613461999921128, 1.3715894000051776, 1.3701230000006035, 1.3597391000075731, 1.3611269999964861, 1.3630780999956187, 1.359237700002268, 1.361319800009369, 1.364552700004424, 1.3659039000049233, 1.3572130000102334, 1.358558299994911, 1.3721169000054942, 1.368858799993177, 1.3602221999899484, 1.3731982999888714, 1.3709593999956269, 1.3596864999999525, 1.3704495999991195, 1.3607449000119232, 1.3602242000051774, 1.3656152000039583, 1.36778579998645, 1.3710158000030788, 1.3585133000015048, 1.3617725999938557, 1.3609004000027198, 1.3689134999876842, 1.3616048999974737, 1.3632037000061246, 1.360895799996797, 1.370655299993814, 1.3604558000079123, 1.3936337000050116, 1.3691152999963379, 1.3840062999952352, 1.3698713000048883, 1.358617600009893, 1.3743312000005972, 1.356982799989055, 1.3621935000119265, 1.3619846999936271, 1.360552900005132, 1.367745499999728, 1.3611732999997912, 1.3606845999893267, 1.37265920000209, 1.368054899998242, 1.364299499997287, 1.358479400005308, 1.3801485000003595, 1.3621776000072714, 1.3611525000014808, 1.3627183999924455, 1.4345996000047307, 1.3762641999928746, 1.3698170999996364, 1.3606560000043828, 1.3693916999909561, 1.3622325000033015, 1.3627121000026818, 1.3607148000010056, 1.3661141000047792, 1.3783753999887267, 1.3729820000007749, 1.3611628000071505, 1.3670000999991316, 1.361202799991588, 1.3617811000003712, 1.3685880999983056, 1.3606864000030328, 1.3610417999880156, 1.3604577999940375, 1.3606486000062432, 1.3622128999995766, 1.3641638999979477, 1.3643355999956839, 1.3612304999987828, 1.3646673999901395, 1.3780015999946045, 1.3668971000006422, 1.3604856000019936, 1.358743599994341, 1.3580411000002641, 1.3625812999962363, 1.3614025999995647, 1.3593378000077792]}, "cpython": {"warmup": [1.414919299990288, 1.4000839000073029, 1.3806727999908617, 1.3777274000021862, 1.3788726999919163, 1.383419000005233, 1.381441800011089, 1.3806316999980481, 1.3905975999950897, 1.3945606000052067, 1.3791683999879751, 1.3798870000027819, 1.3806215999939013, 1.3761526999878697, 1.3816384999954607, 1.3807828999997582, 1.3836837000126252, 1.3830562000075588, 1.382461000001058, 1.3774114999978337, 1.39123500000278, 1.379032200013171, 1.3764654000115115, 1.3777243999938946, 1.3783437000092817, 1.3800776999996742, 1.3841609999944922, 1.4018535000068368, 1.384290100002545, 1.3813997999968706, 1.3993250999919837, 1.3834789999964414, 1.3753571999986889, 1.3811762999976054, 1.3798418999940623, 1.3778345000027912, 1.379349100010586, 1.3970126000058372, 1.3781858999864198, 1.3780071000073804, 1.376860599993961, 1.3831009999994421, 1.3775967999972636, 1.3867003000050317, 1.3831869999994524, 1.3857126999937464, 1.3762250999861863, 1.3834509000007529, 1.3905436999921221, 1.380996599997161, 1.3813406999979634, 1.3790092999988701, 1.377547099997173, 1.3773875000042608, 1.379170600004727, 1.3788080000085756, 1.3925711999909254, 1.3873337999975774, 1.3836996000027284, 1.3795516999962274, 1.3773508000012953, 1.3739895000035176, 1.3787634000036633, 1.386396000001696, 1.3899451000033878, 1.4027906999981496, 1.3774774000048637, 1.380592900008196, 1.3971592000016244, 1.3802775000076508, 1.3778670000028796, 1.3830652000033297, 1.3787655000051018, 1.4230023999989498, 1.3805092999973567, 1.3870202999969479, 1.3790305000002263, 1.3767514000064693, 1.3774665999953868, 1.382311599998502, 1.3778893999988213, 1.388032500006375, 1.3781059000029927, 1.3756928999937372, 1.3799061000026995, 1.3808921000018017, 1.3782147000019904, 1.3796946000074968, 1.383557400011341, 1.377244100003736, 1.3806172999902628, 1.3800179999961983, 1.3784022000036202, 1.3751444999943487, 1.3811248999991221, 1.3869975999987219, 1.3783719000057317, 1.3803928999986965, 1.376877600006992, 1.3794526999990921], "benchmark": [1.387918599997647, 1.385729599991464, 1.3775672000047052, 1.380426499992609, 1.3825337999878684, 1.3805722999968566, 1.3782842999935383, 1.3927743000094779, 1.376995500002522, 1.3784829000069294, 1.3777827000012621, 1.4021045000117738, 1.382757200000924, 1.3816512000048533, 1.3793197000049986, 1.3791322000033688, 1.3933061999996426, 1.3916955000022426, 1.3846756999992067, 1.3853050000034273, 1.3874777000019094, 1.383370499999728, 1.3790338999970118, 1.3756398999976227, 1.3920131999911973, 1.3793232000025455, 1.3758815999899525, 1.387023200004478, 1.3774795999925118, 1.3780222999921534, 1.3876897000009194, 1.3797727999917697, 1.3808554999995977, 1.3825374000007287, 1.3830635999911465, 1.3761469000019133, 1.3808565000072122, 1.3767060999962268, 1.3780437000095844, 1.380601500000921, 1.3802100000029895, 1.3899138999986462, 1.3805983000056585, 1.3876705000002403, 1.3810003999969922, 1.3823723000095924, 1.3770360000053188, 1.3825303000048734, 1.3830930000112858, 1.3819221999874571, 1.3789360000082524, 1.3791592999914428, 1.3808622999931686, 1.37639940000372, 1.3807884999987436, 1.3822572999924887, 1.378051300009247, 1.3766280999989249, 1.3804270000109682, 1.3824681999976747, 1.3819757999881404, 1.3742643000005046, 1.3825490000017453, 1.3847152999951504, 1.3757965000113472, 1.378391099991859, 1.3810586000035983, 1.3792501999996603, 1.377464899996994, 1.3958164000068791, 1.3810853000031784, 1.3781276000081562, 1.3821377999993274, 1.3798948000039672, 1.381016900006216, 1.3779361000051722, 1.3825045999983558, 1.3804824999970151, 1.3779005000105826, 1.3772510000126204, 1.3801196999993408, 1.382416499996907, 1.3906747000000905, 1.3800785000057658, 1.3934975000011036, 1.379240199996275, 1.3800593000050867, 1.378596299997298, 1.3779921999957878, 1.3756898999999976, 1.3767458999936935, 1.385832499989192, 1.3822701000026427, 1.3775328000047011, 1.3786377999931574, 1.3770186000037938, 1.381028999996488, 1.379251500009559, 1.3792950000060955, 1.3822280999884242]}}