{"nuitka": {"warmup": [0.8518044999982521, 0.57142119999844, 0.5659163999989687, 0.5643577000009827, 0.5647979000023042, 0.5644406999999774, 0.564641600001778, 0.5607777000004717, 0.5638450000005832, 0.5652201999982935, 0.5668202000015299, 0.5644896000012523, 0.559754800000519, 0.5634049999971467, 0.5656933999998728, 0.5645905999990646, 0.5617789999996603, 0.5614777999981015, 0.570090799999889, 0.5626774999982445, 0.5647527000000991, 0.565982799998892, 0.564358200001152, 0.5691087000013795, 0.5619799000014609, 0.5629750999978569, 0.5652484000020195, 0.5665000000008149, 0.5630445000024338, 0.5628620999996201, 0.5620378000021446, 0.5693213000013202, 0.5604507999996713, 0.5594856999996409, 0.5664207000008901, 0.5619038000004366, 0.5674806999995781, 0.5651567999993858, 0.5633645999987493, 0.5687207000009948, 0.5652413999996497, 0.561020400000416, 0.5606238000000303, 0.569402799999807, 0.5625159000010171, 0.5676784999996016, 0.5586263000004692, 0.5658342999995511, 0.5626335000015388, 0.5671499999989464, 0.5666832999995677, 0.5658675999984553, 0.5632234000004246, 0.5649099000002025, 0.5628106000003754, 0.5640602999992552, 0.5682645999986562, 0.5637368999996397, 0.5575281999990693, 0.5685116999993625, 0.5615219999999681, 0.5655819999992673, 0.5618911999990814, 0.5592624000018986, 0.564533400000073, 0.5615629999992962, 0.5728957999999693, 0.5642829999997048, 0.568098399999144, 0.561883599999419, 0.5666940000010072, 0.5603276000001642, 0.5644823000002361, 0.5663229000019783, 0.5656300000009651, 0.564732400001958, 0.5714043999978458, 0.5624136999977054, 0.5645030000014231, 0.5607267000013962, 0.5628719000014826, 0.5602962999982992, 0.5645565000013448, 0.564679499999329, 0.567633400001796, 0.5624887000012677, 0.5684851999976672, 0.565142499999638, 0.5670160000008764, 0.56868570000006, 0.5632521000006818, 0.5642504000024928, 0.5607969999982743, 0.5655444999974861, 0.5679055000000517, 0.5613985000018147, 0.5636161000002176, 0.5625102000012703, 0.5612531000006129, 0.5647121000001789], "benchmark": [0.5699225999996997, 0.5637394999976095, 0.5622569000006479, 0.5652305000003253, 0.5602455999978702, 0.5628552999987733, 0.5634638000010455, 0.5629547000025923, 0.5633301999987452, 0.5645665000010922, 0.5682319000006828, 0.5631113999988884, 0.5637735999989673, 0.5664086999968276, 0.5614296000021568, 0.5665312000019185, 0.5633704000028956, 0.5626140999993368, 0.5673819999974512, 0.5623476000000664, 0.563871399997879, 0.5624401999994006, 0.5617578999990656, 0.5715139999992971, 0.5599221000011312, 0.5698330000013812, 0.5661001000007673, 0.5597955000012007, 0.5599793000001227, 0.5666411999991396, 0.5700990000004822, 0.5688937999984773, 0.5658542999990459, 0.5624080000015965, 0.5594645999990462, 0.5681347000027017, 0.5603394000027038, 0.5643702000015764, 0.5629124999977648, 0.5606566999995266, 0.5663846999996167, 0.5632578000004287, 0.5646812000013597, 0.564060700002301, 0.563290699999925, 0.5633945999979915, 0.5653124999989814, 0.5608175000015763, 0.561104799999157, 0.5669912000012118, 0.5604972000000998, 0.5723241999985476, 0.5652416000011726, 0.5656653000005463, 0.5630172999990464, 0.5618832000000111, 0.5660610999984783, 0.5661925000022165, 0.5706632999972499, 0.568855599998642, 0.5678254000013112, 0.5619766000017989, 0.5613955000007991, 0.5681595999994897, 0.562431900001684, 0.5645868999999948, 0.5646185000005062, 0.5735611999989487, 0.5614722999998776, 0.5639781999998377, 0.5621215999999549, 0.5639432999996643, 0.5633765000020503, 0.5624690000004193, 0.5687825999993947, 0.5635404999993625, 0.562249000002339, 0.5652744999970309, 0.5638967000013508, 0.56529589999991, 0.5680616999998165, 0.5684446999985084, 0.5613089999969816, 0.5649879000011424, 0.5688622000016039, 0.5636961000018346, 0.5642124999976659, 0.5641155999983312, 0.5637668000017584, 0.566001099999994, 0.562324800001079, 0.565471300000354, 0.5614667000008922, 0.5612567999996827, 0.5635062000001199, 0.5629146999999648, 0.5672228000003088, 0.5621929999979329, 0.5698916000001191, 0.5616005000010773]}, "cpython": {"warmup": [0.6536230999990948, 0.6447628999994777, 0.6411595999998099, 0.6421087999988231, 0.642071099999157, 0.6443928999979107, 0.6501954999985173, 0.6507210000017949, 0.6442289000005985, 0.6433815999989747, 0.6484659000016109, 0.6460650000008172, 0.6438353000012285, 0.643014299999777, 0.6475448000019242, 0.6460808000010729, 0.6476052999969397, 0.6449665000000095, 0.6473694000014802, 0.6439874999996391, 0.6435505000008561, 0.651107999998203, 0.6403625999992073, 0.6633894999977201, 0.6480085000002873, 0.6443365999984962, 0.6458118000009563, 0.6424246999995376, 0.6448892000007618, 0.6370963000008487, 0.6460644000035245, 0.6444019000009575, 0.6446695999984513, 0.6423720999991929, 0.6455804999968677, 0.6516422999993665, 0.6444210000008752, 0.6423520999996981, 0.6531647999981942, 0.6442048999997496, 0.6446160999985295, 0.6440246000020124, 0.6480216000018117, 0.6418048999985331, 0.6393699000000197, 0.6474373999990348, 0.6491854000014428, 0.6457005000011122, 0.6375699999989592, 0.6486500999999407, 0.641630800000712, 0.64469729999837, 0.6428133999979764, 0.650176700000884, 0.6471148999989964, 0.6496472999970138, 0.6470717000011064, 0.6519015999983822, 0.6380872000008821, 0.6398722999983875, 0.6468133999987913, 0.6467185000001336, 0.6410899000002246, 0.6434397999983048, 0.6461245999998937, 0.6442693999997573, 0.6485317000006035, 0.6407992999993439, 0.6529526000012993, 0.6483203000025242, 0.6461580999966827, 0.6494987999976729, 0.6545839999998861, 0.6499490999995032, 0.6459952000004705, 0.6416653999986011, 0.6441391999978805, 0.6425553000008222, 0.6446520999998029, 0.645319200000813, 0.6436719999983325, 0.6464702000012039, 0.645789700000023, 0.6594798999976774, 0.6440566000019317, 0.6439274000003934, 0.6460360000019136, 0.6462166000019351, 0.6444460999991861, 0.6458338000011281, 0.6432000999993761, 0.6451007000032405, 0.6485619000013685, 0.6432010000025912, 0.6433594999980414, 0.6494633000002068, 0.6478250000000116, 0.6399936999987403, 0.6492440000001807, 0.6517490000005637],