{"nuitka": {"warmup": [1.078105399996275, 1.0722063000139315, 1.0647960999922361, 1.0707544000179041, 1.0617271999944933, 1.0649380999966525, 1.063664199988125, 1.062976899993373, 1.0752549000026193, 1.0691168000048492, 1.0850978000089526, 1.061557700013509, 1.0762280999915674, 1.0603523000027053, 1.067861699993955, 1.0612145000195596, 1.0640880000137258, 1.0859292999957688, 1.0645881000091322, 1.0628331000043545, 1.061673200019868, 1.0645281999895815, 1.0687401000177488, 1.061195599992061, 1.0715275999973528, 1.0609696000174154, 1.0706917999777943, 1.062986400007503, 1.0647005999926478, 1.0626174999924842, 1.0809168000123464, 1.0628293000045232, 1.069137899990892, 1.0686322000110522, 1.0874099000066053, 1.06266220001271, 1.0577530000009574, 1.0571780999889597, 1.06177940001362, 1.0680599999905098, 1.0694620000140276, 1.0654361000051722, 1.0631139000179246, 1.0666131999751087, 1.0642193999956362, 1.0733120000222698, 1.097758399992017, 1.0650202999822795, 1.0645148000039626, 1.062829900009092, 1.069149400020251, 1.0748217000218574, 1.06343039998319, 1.0847767999803182, 1.0681601000251248, 1.082178999989992, 1.0628677000058815, 1.0638491999998223, 1.0626778000150807, 1.0656429000082426, 1.0774071000050753, 1.060087099991506, 1.0760718999954406, 1.0649979999870993, 1.0707757000054698, 1.0726135000004433, 1.0676525000017136, 1.060411699989345, 1.0678585999994539, 1.0694739000173286, 1.0571942000242416, 1.0694035000051372, 1.0670419000089169, 1.0642303000204265, 1.062703400006285, 1.0655623000056949, 1.0654387999966275, 1.0660550999746192, 1.0733780000009574, 1.0698457999969833, 1.063357700011693, 1.062685299984878, 1.0698237999749836, 1.0702618999930564, 1.0639680000022054, 1.0704165000061039, 1.0722463999991305, 1.0599661000014748, 1.0703254000109155, 1.0651071000029333, 1.0623816000006627, 1.066428000020096, 1.061095999990357, 1.0649824000138324, 1.062296599993715, 1.0626607000012882, 1.068021899991436, 1.0648412999871653, 1.0640285999979824, 1.0609610000101384], "benchmark": [1.0688107000023592, 1.066592099989066, 1.0697654000250623, 1.0725456999789458, 1.0699279000109527, 1.0581489999894984, 1.0649437000101898, 1.0638995000044815, 1.061575100000482, 1.0657211000216193, 1.0648150999913923, 1.0645198000129312, 1.0612611999968067, 1.0618041999987327, 1.0622182999795768, 1.0583825999929104, 1.0626014999870677, 1.0646118999866303, 1.0584306000091601, 1.0635952000156976, 1.062578899989603, 1.0621312000148464, 1.0642377999902237, 1.0704098000132944, 1.069828800013056, 1.0717904000193812, 1.0659305999870412, 1.066051100002369, 1.0636206999770366, 1.0708973000000697, 1.0603708999988157, 1.0634327000007033, 1.0654497999930754, 1.0735284999827854, 1.0625529999961145, 1.0658792000031099, 1.0701501999865286, 1.059884400019655, 1.0610058000020217, 1.0695139000017662, 1.0762666999944486, 1.0608248000207823, 1.0653753000078723, 1.0670535000099335, 1.069150700001046, 1.082109600014519, 1.060912199987797, 1.0665141999779735, 1.063298000022769, 1.0704330999869853, 1.0608869999996386, 1.0649311999732163, 1.0691832000156865, 1.068964500009315, 1.0752797999884933, 1.0620049000135623, 1.0577200000116136, 1.0623748000070918, 1.0671003000170458, 1.065925300004892, 1.0658702999935485, 1.0634075999842025, 1.0791539000056218, 1.0864450999943074, 1.0665770000196062, 1.0624462000268977, 1.0618505000020377, 1.0645553999929689, 1.0764778000011574, 1.0650966999819502, 1.0705454999988433, 1.0602908000000753, 1.067936599982204, 1.0799505999893881, 1.0797077000024728, 1.0700427000119817, 1.0651230000075884, 1.0669154999777675, 1.066322600003332, 1.065070199983893, 1.062633099994855, 1.0656607999990229, 1.0928222000075039, 1.0697485999844503, 1.065200899989577, 1.0803978000185452, 1.0750945000036154, 1.0650171000161208, 1.0637281000090297, 1.068125499994494, 1.0618579000001773, 1.0623913000163157, 1.0751316999958362, 1.0720196999900509, 1.0733287000039127, 1.07143619999988, 1.065483000013046, 1.0624496999953408, 1.0617760000168346, 1.0667751999862958]}, "cpython": {"warmup": [0.7701552000071388, 0.7693752000050154, 0.767436699999962, 0.7725162999995518, 0.7689124000025913, 0.7693413000088185, 0.7688497000199277, 0.7666542000079062, 0.7660190000024159, 0.7725587000022642, 0.7685661000141408, 0.7668144000053871, 0.7684587000112515, 0.7664920999959577, 0.7682556999789085, 0.7653314000053797, 0.7645070999860764, 0.7686002999835182, 0.7676383999933023, 0.7700958999921568, 0.7758276999811642, 0.7799247999791987, 0.7721410999947693, 0.7706048999971244, 0.7886815000092611, 0.7676312999974471, 0.7650800999836065, 0.7728595999942627, 0.7739947999943979, 0.7704947000020184, 0.7660876000009011, 0.7645985999843106, 0.7731825999799185, 0.7809718000062276, 0.7714912999945227, 0.7717180000036024, 0.7686159999866504, 0.7730441000021528, 0.7719079999951646, 0.7678029999951832, 0.7667497000074945, 0.7645636000088416, 0.7716477999929339, 0.7672428000078071, 0.7703308000054676, 0.77558789998875, 0.7708282999810763, 0.7718671000038739, 0.7644610999850556, 0.7681639999791514, 0.7636038000055123, 0.7707082999986596, 0.7744511000055354, 0.7691171000187751, 0.7689404000120703, 0.7703935999888927, 0.7697575000056531, 0.7713450999872293, 0.7687663999968208, 0.7783081000088714, 0.7697751999949105, 0.7651579000230413, 0.7722782999917399, 0.7675097000028472, 0.7731557000079192, 0.7656905000039842, 0.7739607999974396, 0.7766995999845676, 0.7670895000046585, 0.7684267000004184, 0.7653100999887101, 0.7696006000041962, 0.7689500999986194, 0.7697008000104688, 0.7682762000185903, 0.7747422000102233, 0.7692042000126094, 0.767825700022513, 0.767702899989672, 0.7741298000037204, 0.7684390000067651, 0.7679082000104245, 0.7752764000033494, 0.7685963000112679, 0.7663468999962788, 0.7669215000059921, 0.765737599984277, 0.7729188999801408, 0.7765715000277851, 0.7706195999926422, 0.7696588999824598, 0.7771377000026405, 0.7809867000032682, 0.7685211999923922, 0.767302699998254, 0.7714963000034913, 0.7693932999973185, 0.7678473999840207, 0.7707913999911398, 0.7692804999824148],