{"nuitka": {"warmup": [1.0226822000113316, 1.0100634999980684, 1.0102547999995295, 1.0326508000143804, 1.0140310999995563, 1.0089552999997977, 1.02101140000741, 1.0451407000073232, 1.0105032999999821, 1.0191359000164084, 1.007996500004083, 1.0088493000075687, 1.0311743000056595, 1.0356830000237096, 1.0086369999917224, 1.0118713999981992, 1.0065098999766633, 1.0097248000092804, 1.019427799998084, 1.0208382999990135, 1.0287944999872707, 1.008463700010907, 1.0152428000001237, 1.0115096000081394, 1.0201568999909796, 1.0081224000023212, 1.0127565000148024, 1.0079728999990039, 1.0106596999976318, 1.0253516999946442, 1.0091122000012547, 1.0096886999963317, 1.0095356000238098, 1.061580600013258, 1.0123629000154324, 1.0101028999779373, 1.0092978000175208, 1.008352000004379, 1.0092374999949243, 1.0138024000043515, 1.0196903999894857, 1.007273700000951, 1.0079364999837708, 1.019976300012786, 1.0438514999987092, 1.0157675999798812, 1.0089249000011478, 1.0134816999780014, 1.0106544999871403, 1.0311647999915294, 1.0102077999908943, 1.0102591999748256, 1.0140399999800138, 1.0171333999896888, 1.0111826000211295, 1.0323474000033457, 1.0237105000123847, 1.0159372999914922, 2.2010062000190374, 1.0077624999976251, 1.013266099995235, 1.0111381000024267, 1.0086647999996785, 1.010184200014919, 1.0096030000131577, 1.009158100001514, 1.0110457999981008, 1.0165884000016376, 1.051294600008987, 1.0071023000054993, 1.0362041000043973, 1.0088463999854866, 1.0079893999791238, 1.0388275999866892, 1.0106743999931496, 1.0097158999997191, 1.0201467000006232, 1.0160545999824535, 1.0103808999992907, 1.0330623000045307, 1.0256864000111818, 1.0089807999902405, 1.0267251000041142, 1.0096744000038598, 1.0090127000003122, 1.009178400010569, 1.0100901999976486, 1.0225183000147808, 1.0254191999847535, 1.0108565999835264, 1.0150858999986667, 1.04839670000365, 1.008161800011294, 1.0085099000134505, 1.0072770999977365, 1.0178540999768302, 1.0135850999795366, 1.032714599976316, 1.0118783000216354, 1.0082164999912493], "benchmark": [1.050444399996195, 1.0178934000141453, 1.029861399991205, 1.005109200021252, 1.0302063999988604, 1.0216632999945432, 1.0086910999962129, 1.0205335000064224, 1.0103135000099428, 1.0178600000217557, 1.02062989998376, 1.0120005999924615, 1.0191262000007555, 1.005182299995795, 1.0076952999806963, 1.0092348999751266, 1.0099184999999125, 1.00562660000287, 1.0068663000129163, 1.0210399999923538, 1.0086900000169408, 1.005681700014975, 1.022493399999803, 1.009328899992397, 1.0173904999974184, 1.0287985000177287, 1.0092203000094742, 1.0090286000049673, 1.0199986000079662, 1.0172813000099268, 1.0091687999956775, 1.0328059000021312, 1.0190066999930423, 1.0100101999996696, 1.013340400008019, 1.0296288000245113, 1.0115590000059456, 1.0123880000028294, 1.0089847999915946, 1.0148636999947485, 1.0087484999967273, 1.0092809000052512, 1.0114080000203103, 1.0075799000042025, 1.0086874999979045, 1.0278285999957006, 1.0112300000037067, 1.0086065000214148, 1.0308822999941185, 1.0210068000014871, 1.008172600006219, 1.0228754999989178, 1.0125053999945521, 1.008239600021625, 1.00788979997742, 1.016580299998168, 1.00976260000607, 1.013340999983484, 1.037646599987056, 1.0084351999976207, 1.0067957999999635, 1.0075491000025067, 1.0135354999802075, 1.0175618000212125, 1.021016700018663, 1.0103151999937836, 1.006960300001083, 1.0081233000091743, 1.0091244999784976, 1.0098004000028595, 1.02863059999072, 1.0191699000133667, 1.0079622000048403, 1.0102151000173762, 1.009675299981609, 1.019627000001492, 1.0180249999975786, 1.016242699988652, 1.0093151000037324, 1.0075241999875288, 1.0082200000179, 1.0106551999924704, 1.0208150999969803, 1.00851149999653, 1.0135027000214905, 1.0128767999995034, 1.018682699999772, 1.017812199977925, 1.012192900001537, 1.0078455999901053, 1.0091891000047326, 1.028518899984192, 1.01597100001527, 1.0165063999884296, 1.0207496999937575, 1.0085422999982256, 1.038184499979252, 1.0100268999813125, 1.0124293000262696, 1.011930399981793]}, "cpython": {"warmup": [0.829197999992175, 0.805632700008573, 0.8044614999962505, 0.827363200020045, 0.8070176999899559, 0.8149200000043493, 0.8187957999762148, 0.8218943999963813, 0.8090090999903623, 0.8170142000017222, 0.8214644999825396, 0.8215458999911789, 0.8239068999828305, 0.8116151000140235, 0.8214189999853261, 0.8211266999715008, 0.8198143999907188, 0.8366525000019465, 0.8204705000098329, 0.8129303999885451, 0.8285693999787327, 0.8229264999972656, 0.8096227999776602, 0.8100618000025861, 0.8420382000040263, 0.8088912999955937, 0.8242366000195034, 0.8209656999970321, 0.8083254999946803, 0.8200180999992881, 0.8114688000059687, 0.8100177000160329, 0.8223075999994762, 0.8321288000151981, 0.8136834999895655, 0.8099722000188194, 0.8150194000045303, 0.8139443999971263, 0.8160045999975409, 0.8279611999751069, 0.8197892000025604, 0.8262915999803226, 0.8181313000095543, 0.8101505000086036, 0.8027006999764126, 0.8075603000179399, 0.8266045000054874, 0.8241957999998704, 0.8111408000113443, 0.8219353999884333, 0.8224001000053249, 0.808689899975434, 0.8180288999865297, 0.8198356000066269, 0.8164869000029285, 0.8233331000083126, 0.8085031999798957, 0.8075224999920465, 0.827804800006561, 0.821551000000909, 0.82673070000601, 0.8053224999748636, 0.8132342000026256, 0.8313715000113007, 0.814578999998048, 0.8227570000162814, 0.8013405000092462, 0.8198373999912292, 0.8197305000212509, 0.8172423999931198, 0.8208727000164799, 0.8272166000097059, 0.8215993999911007, 0.8026796000194736, 0.8116345000162255, 0.8024742999987211, 0.8111835999879986, 0.855739300022833, 0.823912099993322, 0.8324963000195567, 0.8094111999962479, 0.8091797000088263, 0.8250353000184987, 0.8647094999905676, 0.8198693000013009, 0.8172522000095341, 0.8074400000041351, 0.8159964999940712, 0.8050251000095159, 0.8113310000044294, 0.8363172000099439, 0.8213740000210237, 0.8119813000084832, 0.826295199978631, 0.8328649000031874, 0.8151490000018384, 0.8296157000004314, 0.8128247999993619, 0.8275528000085615, 0.82487250000122], "benchmark": [0.8201844000141136, 0.8103957000130322, 0.8327920000010636, 0.8020458999963012, 0.8026769999996759, 0.8074062999803573, 0.8073963999922853, 0.8217592000146396, 0.8315048000076786, 0.819628900004318, 0.8231154999812134, 0.8105043000250589, 0.8088262999954168, 0.8015023999905679, 0.8114382000057958, 0.8099847999983467, 0.8106448000180535, 0.8215233999944758, 0.8040566999989096, 0.8177854999958072, 0.809922699991148, 0.8108618999831378, 0.8252009999996517, 0.8113173999881838, 0.8284887000045273, 0.8052777000120841, 0.8065725999767892, 0.8235579000029247, 0.8118322000082117, 0.8406535999965854, 0.8268566000042483, 0.8102943999983836, 0.8033259999938309, 0.8063389000017196, 0.831043000012869, 0.8138278999831527, 0.8153870000096504, 0.8252283000038005, 0.8067627999989782, 0.8069131000083871, 0.8138523000234272, 0.8161222999915481, 0.8203904000110924, 0.8231441000243649, 0.8192524999903981, 0.828491300024325, 0.8122452000097837, 0.8261878000048455, 0.8031757000135258, 0.8180214999883901, 0.8078392999887001, 0.8103694000164978, 0.8288233999919612, 0.8134538999875076, 0.8197286000067834, 0.8201635000004899, 0.828951200004667, 0.8113708000164479, 0.8274870000022929, 0.8221332000102848, 0.8273255999956746, 0.8258998999954201, 0.8229194000014104, 0.8068349999957718, 0.8087454999913462, 0.8194030000013299, 0.8095485999947414, 0.8103788000007626, 0.8065330999961589, 0.8197513000050094, 0.8109515000251122, 0.8292481999960728, 0.8244252000004053, 0.828127199987648, 0.822858500003349, 0.8199442000186536, 0.8333939999865834, 0.8219546999898739, 0.8043296999821905, 0.8066813999903388, 0.8113926000078209, 0.8117284000036307, 0.8138340000004973, 0.8329879999801051, 0.8026720999914687, 0.8363058999821078, 0.814210299984552, 0.808109700010391, 0.8049716999812517, 0.8045535999990534, 0.8124086000025272, 0.8222071999916807, 0.8085280999948736, 0.822220500005642, 0.8077000999765005, 0.8122509999957401, 0.8210614999989048, 0.8164988000062294, 0.8189772999903653, 0.8204802999971434]}}