{"nuitka": {"warmup": [1.1661156000045594, 0.986629199993331, 0.9890217000211123, 0.99355579999974, 0.9944832000182942, 0.9988400999864098, 0.9937394000007771, 0.9977050000161398, 0.9861725000082515, 0.9848915000038687, 1.0002145000034943, 0.9766206000058446, 0.9830368999973871, 1.0032769999816082, 0.9820530000142753, 1.004700799996499, 1.0178856999846175, 0.978418699989561, 0.984049100021366, 0.9903017999895383, 0.9882147000171244, 0.9985990000132006, 0.9855137999984436, 0.9829966000106651, 0.9925750000111293, 1.0205613000143785, 0.9818834000034258, 0.9803420999960508, 1.0039157000137493, 0.9886598000011873, 0.9810919000010472, 0.9883969999791589, 0.9766137000115123, 0.9863831000111531, 0.9874242999940179, 0.9958162999828346, 0.9876298999879509, 0.9987329000141472, 1.0021766999852844, 0.997940600005677, 0.9813040999870282, 0.9822937000135425, 0.9971019999939017, 0.986332999978913, 0.9817133000178728, 0.9900659999984782, 0.988979100016877, 0.9811457000032533, 0.9905693999899086, 0.9828133000119124, 0.9864575999963563, 0.99099789999309, 0.9896787999896333, 0.9807456999842543, 0.9807225000113249, 1.001384200004395, 0.9919436000054702, 1.0227987999969628, 0.9958050000132062, 0.9928724000055809, 1.0134380999952555, 0.984415800019633, 1.0165659000049345, 0.9815136999823153, 0.9951147999963723, 1.0152194000256713, 1.0060495999932755, 0.9846503000007942, 0.9925426999980118, 0.9820096000039484, 0.9979938000033144, 1.0162913000094704, 1.0078842999937478, 0.9824556999956258, 0.9875400000018999, 0.985603600012837, 0.9799113000044599, 0.9851792999834288, 0.9771840999892447, 1.0004290000069886, 0.9795472999976482, 0.9838108000112697, 0.981716200010851, 1.0022755000100005, 0.9806223000050522, 0.9840738000057172, 0.9809026000148151, 0.9976368999923579, 0.9829053000139538, 0.981726099998923, 0.9898920000123326, 0.9830369999981485, 0.9998178999812808, 0.984943099989323, 0.9770987999800127, 0.991702900006203, 0.9977731999824755, 0.9817094000172801, 0.9791671000130009, 0.9886811999895144], "benchmark": [0.9815354000020307, 0.9740811999945436, 0.9982147999980953, 0.9889601999893785, 0.9951398999837693, 1.0004052000003867, 0.9786335999961011, 0.9862083999905735, 0.9774954000022262, 1.0051515999948606, 0.980911799997557, 0.9870563000149559, 0.9839586000016425, 0.9792475999856833, 0.9907995999965351, 0.982027999998536, 0.9992106000136118, 1.0051438999944367, 0.9813546999939717, 0.985526700009359, 0.9897430999844801, 0.9999775000032969, 0.9836034000036307, 0.9927385000046343, 0.985261800000444, 0.991998000012245, 0.9855681000044569, 0.9890608999994583, 0.9808981000096537, 0.9813070000091102, 0.9880621000193059, 0.9959115000092424, 0.9837904000014532, 0.9974058000079822, 0.9892914000083692, 0.9899752999772318, 0.9946216000244021, 0.9975890000059735, 0.9831475999963004, 1.0027394000208005, 0.9834301999944728, 0.9931543999991845, 1.006914700003108, 0.9788819999957923, 0.9869476000021677, 0.9814909999840893, 0.9844168999989051, 0.9972623999929056, 0.9807215000037104, 0.9803467000019737, 0.9803912999923341, 0.9966030000068713, 0.9933558000193443, 0.9967340999864973, 1.0062018999888096, 0.9839652999944519, 0.9876183999876957, 0.9850636000046507, 1.0037163000088185, 0.9947841999819502, 0.9916540999838617, 0.9982917000015732, 1.0064272000163328, 0.9819365000003017, 0.9939107999962289, 0.9869120000221301, 0.9789392999955453, 0.9844387999910396, 0.9816604000225198, 1.0033511999936309, 1.009431400016183, 0.9840595000132453, 0.9990323999954853, 0.9913584999740124, 1.0008134000236169, 0.9782863000000361, 0.9901944000157528, 0.9858799999929033, 0.9871356999792624, 0.9807178000046406, 0.9775634999969043, 0.9832938000035938, 0.9814413999847602, 0.9962836000195239, 0.9798480000172276, 0.9865221999934874, 0.9816134000138845, 0.9909187000012025, 0.9937611999921501, 0.9875222999835387, 0.9767205000098329, 0.9821723999921232, 0.9964346999768168, 0.9926891000068281, 0.9900613000208978, 1.0256148999906145, 0.9881707000022288, 0.988379000016721, 0.9874306000128854, 1.0123842000029981]}, "cpython": {"warmup": [1.0324824000126682, 1.0327537000121083, 1.030712300009327, 1.0289306000049692, 1.0356237000087276, 1.0424115000059828, 1.0294748999876902, 1.0278447000018787, 1.0330807999998797, 1.0271830999990925, 1.0299049000022933, 1.0329064000106882, 1.0303191999846604, 1.0308666000200901, 1.0279986999812536, 1.034462399984477, 1.0317666000046302, 1.0309263999806717, 1.0383154999872204, 1.0296366999973543, 1.027057400002377, 1.0345309000113048, 1.0259204999892972, 1.0345462000113912, 1.0383230000152253, 1.0304154999903403, 1.033407700015232, 1.032432300009532, 1.032349700020859, 1.0338056999898981, 1.0291495000128634, 1.0332616000087, 1.0357715999998618, 1.0323028999846429, 1.032377900002757, 1.031083200010471, 1.0268496999924537, 1.032857200014405, 1.032933000009507, 1.0350996000051964, 1.0307800000009593, 1.02417270001024, 1.0289678999979515, 1.0382590999943204, 1.033153800002765, 1.0313024999923073, 1.0296979999984615, 1.0276782999862917, 1.0323376000160351, 1.0307515999884345, 1.0298675000085495, 1.0343150999979116, 1.033333399973344, 1.034387899999274, 1.0281669000105467, 1.0355153999989852, 1.0309614000143483, 1.028075699985493, 1.026064600009704, 1.0268549000029452, 1.0283374999999069, 1.0330925000016578, 1.032086999999592, 1.0340960000175983, 1.033672799996566, 1.0322019000013825, 1.0308331999985967, 1.0312793999910355, 1.031090900010895, 1.028997299988987, 1.0317963999987114, 1.0313696999801323, 1.0355123999761418, 1.0313387000060175, 1.027352199977031, 1.0327783999964595, 1.0335022999788634, 1.0377748000028078, 1.029700299986871, 1.0318232000281569, 1.0301117000053637, 1.0302870000014082, 1.0324237999739125, 1.0384214000077918, 1.0284353999886662, 1.0303116000141017, 1.0271478999929968, 1.0416172000113875, 1.0299660000018775, 1.027174200018635, 1.029884999996284, 1.026407500001369, 1.0385113999946043, 1.0379780999792274, 1.0295885999803431, 1.034087299980456, 1.032967799983453, 1.0329820000042673, 1.0379295000166167, 1.0308539999823552], "benchmark": [1.0300588000100106, 1.027754200011259, 1.038006899994798, 1.0278841000108514, 1.0283484999963548, 1.0323385000228882, 1.0447486999910325, 1.0306342999974731, 1.0357438999926671, 1.033085899980506, 1.03502280000248, 1.038930899987463, 1.0297377999813762, 1.0319430000090506, 1.0312127000070177, 1.033891400002176, 1.0314086000144016, 1.0292645000154153, 1.036010100011481, 1.0389225000108127, 1.0317903000104707, 1.0284946000028867, 1.0316757999826223, 1.0310471999982838, 1.030919399985578, 1.0320349999819882, 1.0288485999917611, 1.0313834999979008, 1.0289533000031952, 1.031589599995641, 1.0323853000008967, 1.0303768999874592, 1.0301240000117105, 1.0297410000057425, 1.0286036999896169, 1.0299884999985807, 1.0378712000092492, 1.037018300005002, 1.0297319999954198, 1.0256172999797855, 1.0294390999770258, 1.0333462999842595, 1.0265195999818388, 1.0291957999870647, 1.0299338000186253, 1.0310224000131711, 1.029722800012678, 1.0316344999882858, 1.0317292000108864, 1.0305068000161555, 1.034537800005637, 1.0379218000161927, 1.0257984999916516, 1.0282838999992236, 1.036761099996511, 1.0320905999979004, 1.028308199980529, 1.0303895000251941, 1.0392126999795437, 1.028672500018729, 1.0316350999928545, 1.0284017999947537, 1.025728300010087, 1.0313727000029758, 1.0287269999971613, 1.0366587000025902, 1.0279699999955483, 1.0286384999926668, 1.030814099998679, 1.0352067000058014, 1.0283065999974497, 1.0273472999979276, 1.039483200001996, 1.034238699998241, 1.0335021000064444, 1.0352015999960713, 1.0319463000050746, 1.0326510000159033, 1.0284430999890901, 1.0427395000006072, 1.0300194000010379, 1.0309575999854133, 1.0281536999973468, 1.0321692999859806, 1.0296966999885626, 1.0295154000050388, 1.0285044999909587, 1.027549899998121, 1.027537799993297, 1.0267828999785706, 1.027386799978558, 1.0295440999907441, 1.0257243000087328, 1.038059799990151, 1.0384701000002678, 1.0326370999973733, 1.0306678999913856, 1.0381159000098705, 1.0288449999934528, 1.0283887000114191]}}