{"nuitka": {"warmup": [1.1526249999878928, 1.0162528999790084, 1.0160436000151094, 1.0379671000118833, 1.0192750999995042, 1.013397000002442, 1.0096840000187512, 1.0132149000128265, 1.0099940999934915, 1.0153086000063922, 1.0116860000125598, 1.0285824000020511, 1.0122907999902964, 1.0191712000232656, 1.0476469999994151, 1.0230309999897145, 1.0219724999915343, 1.0114614999911282, 1.0228398000181187, 1.0539640999922995, 1.020009800005937, 1.021661300008418, 1.0146974000090268, 1.0140506000025198, 1.0194233999936841, 1.0127741000032984, 1.027685700013535, 1.0141389000054915, 1.0213547000021208, 1.0303247999981977, 1.0212812999961898, 1.0210089999891352, 1.0424343000049703, 1.046784200007096, 1.0174488000047859, 1.02905019998434, 1.0175908000092022, 1.0363751999975648, 1.0190789999905974, 1.0169496999878902, 1.017957000003662, 1.0336331000144128, 1.0310424000199419, 1.0134570999944117, 1.0158697000006214, 1.0248752000043169, 1.0177370000164956, 1.019848900003126, 1.0225304999912623, 1.0221573000017088, 1.0183391000027768, 1.0240807000081986, 1.0295072000008076, 1.0185173000209033, 1.041503799991915, 1.0221387000055984, 1.0178381000005174, 1.0183424999995623, 1.0143321999930777, 1.011062999983551, 1.0218155000184197, 1.0177862000127789, 1.0137845999852289, 1.0146969000052195, 1.0320457000052556, 1.0318148999940604, 1.0142878000042401, 1.020908700011205, 1.0279796999820974, 1.015445400000317, 1.0098776000086218, 1.0349408999900334, 1.0287983000162058, 1.0241638000006787, 1.0164960999973118, 1.0326392000133637, 1.0193929999950342, 1.028402099997038, 1.0232814999762923, 1.0303752000036184, 1.0240352000109851, 1.0144317999947816, 1.0121237999992445, 1.0145937000052072, 1.0146521999849938, 1.0284761999791954, 1.0141727000009269, 1.0184076000005007, 1.0109171000076458, 1.0314474999904633, 1.030350399989402, 1.030425800010562, 1.0151366000063717, 1.0173364999936894, 1.0168160000175703, 1.0144167999969795, 1.0299904999847058, 1.0327593999973033, 1.024518199992599, 1.0265033000032417], "benchmark": [1.015602300001774, 1.0201650999952108, 1.0185643000004347, 1.014238400006434, 1.0134090000065044, 1.01411720001488, 1.0263777000072878, 1.037261799996486, 1.016489300003741, 1.0151692999934312, 1.016077199979918, 1.0207379999919794, 1.015825100010261, 1.0168771000171546, 1.0116946999914944, 1.0197479000198655, 1.0194401000044309, 1.026998099987395, 1.0117176999920048, 1.012839900009567, 1.0352430999919306, 1.0209922000067309, 1.0207967000023928, 1.0184914999990724, 1.0296196000126656, 1.0126063999778125, 1.0168042999866884, 1.0133400000049733, 1.0130180999985896, 1.011697899986757, 1.0215631000173744, 1.0188601999834646, 1.0195475999789778, 1.016363899980206, 1.0147170999844093, 1.0165823000133969, 1.0108010999974795, 1.0111639999959152, 1.035663900023792, 1.0146871999895666, 1.0135316999803763, 1.0319839000003412, 1.0150964999920689, 1.0179589000181295, 1.015694200003054, 1.0148808999801986, 1.0344420000037644, 1.029807399987476, 1.0204462000110652, 1.0371596000040881, 1.0196773000061512, 1.0297094999987166, 1.022720200009644, 1.0168462000146974, 1.0189990999933798, 1.0163004999922123, 1.0115021000092383, 1.0223397000227123, 1.019617299985839, 1.0137887000164483, 1.0224172000016551, 1.0153563000203576, 1.0150827000034042, 1.0139910000143573, 1.0483614999975543, 1.01096100002178, 1.0371266000147443, 1.028297199984081, 1.02577609999571, 1.031753600022057, 1.0294730000023264, 1.018319299997529, 1.0148177999944892, 1.0220078999991529, 1.0140386999992188, 1.0157219999819063, 1.0301152000029106, 1.0150576000160072, 1.010729600006016, 1.0239725999999791, 1.0313431000104174, 1.013826100010192, 1.0206589000008535, 1.0164426999981515, 1.0305238000000827, 1.0149047000159044, 1.013147099991329, 1.0181921999901533, 1.0127637000114191, 1.0146455999929458, 1.036389799992321, 1.0110061000159476, 1.0175937000021804, 1.0339539000124205, 1.0366340999898966, 1.0124509999877773, 1.0149361999938264, 1.0242848999914713, 1.0302986000024248, 1.0182571999903303]}, "cpython": {"warmup": [1.1076110000140034, 1.0934528000070713, 1.0979983999859542, 1.103688000002876, 1.0956694000051357, 1.1051102000055835, 1.093798500020057, 1.094236600009026, 1.0941081000200938, 1.0940382000117097, 1.1015237999963574, 1.0942773999995552, 1.0948603000142612, 1.0910505000210833, 1.1073260999983177, 1.0924176000116859, 1.1379863000183832, 1.1033074999868404, 1.095246999990195, 1.1057738000235986, 1.0935718000109773, 1.1396909000177402, 1.1030838000006042, 1.1376226000138558, 1.1260938000050373, 1.0956488000229, 1.094640299997991, 1.0939767000090797, 1.1087877999816556, 1.098836500023026, 1.0907131000130903, 1.1406080999877304, 1.0943311000009999, 1.0936033999896608, 1.1079550000140443, 1.095063000015216, 1.1081275999895297, 1.1003569999884348, 1.1029713999887463, 1.1043968000158202, 1.0936810999992304, 1.0926703999866731, 1.1403726999997161, 1.0969671999919228, 1.0940912999794818, 1.094060699979309, 1.0908406999951694, 1.1071744999790099, 1.16690819998621, 1.094609899999341, 1.1392171999905258, 1.0963279999850783, 1.1414857999770902, 1.1474629000003915, 1.0999245999846607, 1.1149141999776475, 1.0993491999979597, 1.094708599994192, 1.0940003999858163, 1.0940544999903068, 1.0921897999942303, 1.095841800008202, 1.0924019000085536, 1.1093732000153977, 1.1110139999946114, 1.0962585000088438, 1.0943928000051528, 1.0954812999989372, 1.1059823000105098, 1.097450300003402, 1.0935749000054784, 1.105255300004501, 1.0976941999979317, 1.1199677000113297, 1.0946670999983326, 1.0976175999967381, 1.0956198000058066, 1.0965982000052463, 1.1037160999840125, 1.1013793000020087, 1.0929612999898382, 1.1129057000216562, 1.1060692000028212, 1.1033131000003777, 1.0954582999984268, 1.093951399991056, 1.0935503000218887, 1.104884900007164, 1.11603340000147, 1.0959055999992415, 1.092791800008854, 1.1000502999813762, 1.098815100005595, 1.093894099991303, 1.1068599999998696, 1.0956137000175659, 1.0986058999842498, 1.0950706000148784, 1.1105275000154506, 1.0944790999928955], "benchmark": [1.0942216999828815, 1.1033995999896433, 1.09615009999834, 1.0909648000088055, 1.1433027000166476, 1.0989488000050187, 1.0947110000124667, 1.094627499987837, 1.1013115999812726, 1.143547400017269, 1.0920687000034377, 1.0953690000169445, 1.1076072000141721, 1.104911100002937, 1.103507099993294, 1.11020210001152, 1.1516721000079997, 1.0921365999965928, 1.1191900999983773, 1.0927577999827918, 1.1002134000009391, 1.0926032999996096, 1.1017889000067953, 1.1046080999949481, 1.0967401000089012, 1.1033975000027567, 1.0966519999783486, 1.1040347999951337, 1.0954094000044279, 1.1051676999777555, 1.098440199973993, 1.0915516999957617, 1.1001360999944154, 1.1034473000036087, 1.095798599999398, 1.104012199997669, 1.0979310999973677, 1.0897211999981664, 1.1351055999984965, 1.0969933999876957, 1.1400102000043262, 1.1029689999995753, 1.1350639000011142, 1.0995131999952719, 1.1377189999911934, 1.0919997000019066, 1.0929463999927975, 1.0918324000085704, 1.1038767000136431, 1.1005445000191685, 1.0964524000009988, 1.1394830000062939, 1.162430799973663, 1.1045149999845307, 1.0974742000107653, 1.093822299997555, 1.1118985999783035, 1.1342322999844328, 1.0926748999918345, 1.0940115000121295, 1.0965237999917008, 1.0914458999759518, 1.0961654999991879, 1.0908987000002526, 1.089901400002418, 1.1318587000132538, 1.1383538999943994, 1.0985953999916092, 1.093124800012447, 1.1049807000090368, 1.0938617000065278, 1.09259149999707, 1.095270799996797, 1.0934693000162952, 1.0982481999963056, 1.0940606000076514, 1.0952829000016209, 1.0973073999921326, 1.1037959000095725, 1.097414799995022, 1.0991189999913331, 1.1015943999809679, 1.0959577000176068, 1.1025909000018146, 1.0907728000020143, 1.0910797999822535, 1.1381144999759272, 1.1376450000097975, 1.0939804000081494, 1.137177700002212, 1.1187944999837782, 1.135333799989894, 1.1374600999988616, 1.135479500022484, 1.0991732999973465, 1.107910200022161, 1.0948422999936156, 1.1058692999940831, 1.0929704000009224, 1.1064149999874644]}}