{"nuitka": {"warmup": [1.2673558000096818, 1.1555640000005951, 1.2939781000022776, 1.28529920001165, 1.2014269000064814, 1.3039159000036307, 1.1363676999899326, 1.1308046000049217, 1.1737257999920985, 1.0886221999971895, 1.1962691000080667, 1.1460400000069058, 1.1390364999970188, 1.3058993000013288, 1.1119063999940408, 1.1821760000020731, 1.0867584999941755, 1.2365497999999207, 1.1248817000014242, 1.23885260001407, 1.0944499999895925, 1.1149183999950765, 1.1236801000050036, 1.2556705999886617, 1.1539638999965973, 1.3261441000067862, 1.0801818999898387, 1.133174800008419, 1.0900472000066657, 1.1384201000037137, 1.34362699999474, 1.3224112000025343, 1.1604861999949208, 1.1427320999937365, 1.1509568000037689, 1.145922600000631, 1.124529499997152, 1.1410976000042865, 1.163157199989655, 1.161611300005461, 1.3350837000034517, 1.1344666999939363, 1.1430219000030775, 1.1248567000002367, 1.163106100008008, 1.1277649999974528, 1.1320409000036307, 1.1032171999977436, 1.149079900002107, 1.1485334000026342, 1.1492873999959556, 1.0570807999902172, 1.2772909000050277, 1.133469000007608, 1.122153200005414, 1.1416003000049386, 1.1433001999976113, 1.137226600010763, 1.1853624000068521, 1.1507665999961318, 1.1361675999942236, 1.158195900003193, 1.0309971999959089, 1.1077080000104615, 1.1387187999935122, 1.310272900009295, 1.1408096000086516, 1.1417938000085996, 1.333142700008466, 1.1192664000118384, 1.2063586000003852, 1.1827035000023898, 1.15261050000845, 1.303727299993625, 1.109478800004581, 1.0901398999994854, 1.143659099994693, 1.125359199999366, 1.1524023999954807, 1.1557695000083186, 1.1457650000083959, 1.1260203999991063, 1.1274360000097658, 1.3134406000026502, 1.2747739999904297, 1.1372182999912184, 1.1419930000120075, 1.158121200001915, 1.263783800008241, 1.163049199996749, 1.1439420000097016, 1.1602112999971723, 1.1376116999890655, 1.1400900000007823, 1.1690869000012754, 1.1370745000021998, 1.3231206000054954, 1.2883002000016859, 1.150525999997626, 1.120513200003188], "benchmark": [1.1383302999893203, 1.140099199998076, 1.2643491999915568, 1.2707654000114417, 1.0475697999936529, 1.0902783000055933, 1.1037390000128653, 1.1284982000070158, 1.1535803000006126, 1.1606695000082254, 1.118008400007966, 1.2823200999991968, 1.1344418000080623, 1.1272967999975663, 1.296753799993894, 1.2746679999982007, 1.0999905999924522, 1.1355810999957612, 1.113016500006779, 1.1364816999994218, 1.0564357999974163, 1.242994500003988, 1.1424692000000505, 1.3192314999905648, 1.1440370000054827, 1.3605897999950685, 1.147346199999447, 1.1448937999957707, 1.1302850999927614, 1.139864700002363, 1.1372020999988308, 1.1351914999977453, 1.5775013000093168, 1.0967950000049314, 1.2764430999959586, 1.1280274000018835, 1.1167875000101048, 1.1461936999985483, 1.1371374000009382, 1.113573799986625, 1.12539069999184, 1.1186465000064345, 1.1170559000020148, 1.154555299988715, 1.1523947999958182, 1.1582901000074344, 1.1372360999957891, 1.162258500000462, 1.2689212999976007, 1.1761219000036363, 1.1079917999886675, 1.1410458000027575, 1.1234671999991406, 1.077940299990587, 1.3332630000077188, 1.1371144999866374, 1.1427701000066008, 1.2559197999944445, 1.1354976000002353, 1.319834499998251, 1.2170025000086753, 1.1525741999939783, 1.1278153999883216, 1.285527900006855, 1.14226239999698, 1.2395079999987502, 1.1491174000111641, 1.2995003999967594, 2.218257200001972, 2.0844552000053227, 2.2873426000005566, 2.0727033999864943, 2.162048099999083, 2.1604612000082852, 2.1097392000083346, 1.3580801999924006, 1.9387284999975236, 2.146745199992438, 2.0991177999967476, 2.01677909999853, 2.07824950000213, 1.403252899996005, 2.1267339999903925, 2.090566700004274, 3.5208931999950437, 1.972730199995567, 2.198749200004386, 2.1164054999971995, 2.585181799993734, 2.1696492999908514, 2.097330599994166, 2.1847779999952763, 2.1424556999991182, 2.9518892000050982, 2.1756557999906363, 2.101162699997076, 2.141686099988874, 2.1148149999935413, 1.7647289000015007, 1.7283262999990257]}, "cpython": {"warmup": [2.139714200005983, 2.1089815000013914, 2.1682897999999113, 2.1127432999928715, 1.5009358999959659, 2.1675274000008358, 2.091775900000357, 2.148691599999438, 2.107239100005245, 2.786519599991152, 2.1691152999992482, 2.0891402999986894, 2.1805262999987463, 2.091273400001228, 2.9189542999956757, 2.17282220000925, 3.0621782999951392, 2.174499000000651, 1.2638388000050327, 1.7596344999910798, 2.1148747999977786, 2.163858700005221, 1.7257909000036307, 2.0990896000002977, 2.1431123000074876, 2.1043582999991486, 2.765742500007036, 2.180342700012261, 2.060753500001738, 3.1392384999926435, 2.094634099994437, 2.083613399998285, 2.196453599986853, 2.0222128000023076, 2.0909823999973014, 3.1002511999977287, 2.1371957000083057, 2.181924300006358, 2.1023797999951057, 1.8810490000032587, 3.0521899000013946, 2.099905900002341, 2.1771473999979207, 2.067427999994834, 1.886147199998959, 2.844138299988117, 2.1257933999877423, 2.1584969999967143, 2.1199386000080267, 2.852911200010567, 2.153596499993, 2.1341436999937287, 2.2016369000048144, 2.142450100000133, 1.8016454000025988, 1.746251200005645, 2.168114499989315, 2.1445934000075795, 2.2128482999978587, 2.108431100001326, 1.5709061000088695, 1.9792294999933802, 1.40323329999228, 1.1796819000010146, 1.1704961999930674, 1.1548485999956029, 1.1795255000033649, 1.191545199995744, 1.1744930999993812, 1.2048035000043456, 1.197087200009264, 1.230629300000146, 1.153040899996995, 1.1862894999940181, 1.1870764999912353, 1.2245760999940103, 1.1486033999972278, 1.1468728000036208, 1.177968800009694, 1.1751485999993747, 1.1424408000020776, 1.1896436999959406, 1.1603210999892326, 1.1601553999935277, 1.1645446000038646, 1.2487354000040796, 1.1441749000077834, 1.1128746999893337, 1.1609643999981927, 1.0731909000023734, 1.1318829999945592, 1.1394035999983316, 1.2620243999990635, 1.1457750999979908, 1.264375900005689, 1.1788206000055652, 1.1010926000017207, 1.159151700005168, 1.1484625000011874, 1.1489819999987958], "benchmark": [1.0952465000009397, 1.174929400003748, 1.135370399992098, 1.16643219999969, 1.2494378999981564, 1.149547299995902, 1.1511711999919498, 1.173376399994595, 1.1826245999982348, 1.172304499996244, 1.1300747000059346, 1.1554783000028692, 1.181243099999847, 1.175459400008549, 1.185053399996832, 1.1640695999958552, 1.1828303999936907, 1.1578211000014562, 1.2018059999973048, 1.170038399999612, 1.1715649999969173, 1.1583310999994865, 1.22273480000149, 1.1694260999938706, 1.1701428000087617, 1.171172700007446, 1.1459006999939447, 1.1474457000003895, 1.1253206000110367, 1.1549058999953559, 1.1946556000038981, 1.152209000007133, 1.1598610999935772, 1.1724587000062456, 1.1254328999930294, 1.1996056999923894, 1.1714008000126341, 1.1701952000003075, 1.1728321999980835, 1.1261066000006394, 1.156191599991871, 1.176335600001039, 1.2281479999946896, 1.1745578999980353, 1.1609260999975959, 1.2145568999985699, 1.2182775999972364, 1.2036119999975199, 1.1705191000073683, 1.1819984000030672, 1.1645968000084395, 1.1597117000055732, 1.1731735999928787, 1.1505092000006698, 1.170892099995399, 1.1685258000070462, 1.1638053000060609, 1.1646102000086103, 1.1586563000018941, 1.1474502000055509, 1.16281650000019, 1.1873336000135168, 1.1945626999950036, 1.159780200003297, 1.1201705999992555, 1.1542731999943499, 1.1620849000028102, 1.1608415999944555, 1.1128578999923775, 1.1081999000016367, 1.1929872000036994, 1.0638125999976182, 1.1743395999947097, 1.2284742999909213, 1.1829511999967508, 1.1805827999924077, 1.1780263999971794, 1.1566517000028398, 1.168978600006085, 1.1737526999932015, 1.1754859999928158, 1.171079199993983, 1.2074218000052497, 1.1559864000009838, 1.1984355000022333, 1.1734272000030614, 1.2025565999938408, 1.0445016000012401, 1.220765999998548, 1.200808399997186, 1.1750341999868397, 1.285659700006363, 1.154303000002983, 1.194642800008296, 1.1768765000015264, 1.1591999999945983, 1.1661203000112437, 1.1729666000028374, 1.169219500006875, 1.192327099997783]}}