{"nuitka": {"warmup": [1.8568994000088423, 1.569585499993991, 2.498497299995506, 1.6845923999935621, 1.7012155000120401, 1.5825874000001932, 1.6734558000025572, 3.009138299996266, 2.2519813000108115, 1.6445886000001337, 1.5755002000078093, 1.590424299996812, 1.8002600999898277, 1.8601052000012714, 1.7782836999977008, 1.7853111000003992, 1.5483835000050021, 1.657603300001938, 1.6060710000019753, 1.8666095999942627, 1.739224799996009, 1.8050873000029242, 1.8115448000025935, 1.629907299997285, 1.303466400000616, 1.8338102999987314, 1.7087979999923846, 1.839397400006419, 1.7388180999987526, 1.738454799997271, 1.6942259999923408, 1.6358604000124615, 1.742809399991529, 1.5000186000106623, 1.5255481999920448, 1.893652300001122, 1.812059899995802, 1.5822657999960938, 1.7871567999973195, 1.685966000004555, 1.6426443999953335, 1.6023190000123577, 1.7090106999967247, 1.5364551999955438, 1.521410300003481, 1.601096400001552, 1.7726382999971975, 1.6058873000001768, 1.8608799000066938, 1.5751832000096329, 1.5871306999906665, 1.5509082000062335, 1.8414737999992212, 1.6231109999935143, 1.5582649999996647, 1.8505259000085061, 1.7853434999997262, 1.5998550999938743, 1.5659473999985494, 1.9033759999874746, 1.5676868999871658, 1.6499423000059323, 1.9140484999952605, 1.6852782999922056, 1.7803514999977779, 1.7990019999997457, 2.0528906999970786, 1.8786089000059292, 1.8463843000063207, 1.7356660999939777, 1.619283500011079, 1.6803589000046486, 1.6811984999949345, 1.8423943999951007, 1.865760800006683, 1.8216879000101471, 1.877098199998727, 1.8258632000070065, 1.5899755999998888, 2.823364700001548, 1.830990100002964, 1.7885707999957958, 1.5371250000025611, 1.888240999993286, 1.629196599998977, 1.7786649000045145, 1.84883030000492, 1.7981684999977006, 1.721862799997325, 1.6837788999982877, 1.6517941000056453, 1.5257608000101754, 1.8831768999953056, 1.7226127999892924, 1.904888499993831, 1.8194831000000704, 1.7388904999970691, 1.5895371999940835, 1.6716527000098722, 1.813805699988734], "benchmark": [1.6323502000013832, 1.563306999989436, 1.7052357000065967, 1.715936699998565, 1.6455576000007568, 1.8115500999992946, 1.5399312999943504, 1.6676184999960242, 1.7485099000041373, 1.6786794000072405, 1.740914399997564, 1.655773099992075, 1.8250869999901624, 1.6584697999933269, 1.723184400005266, 1.7929170999996131, 2.4800044000003254, 1.8067708000016864, 1.7050538999901619, 1.820250799995847, 1.5468882000131998, 1.4637776000017766, 2.19114460000128, 1.7649483999994118, 1.759488000010606, 2.489453999995021, 1.781969300005585, 1.8450939000031212, 1.8032239000021946, 1.7194329999911133, 1.540105299995048, 1.6058021999924676, 1.4543962000025203, 1.7563311999983853, 1.7877107999956934, 1.8013726999924984, 1.6911286000104155, 1.91324490000261, 1.5023289999953704, 1.5886437999870395, 1.6650125000014668, 1.4939659000083338, 2.321878199989442, 1.5881508000020403, 1.7017831999983173, 1.5770457000035094, 1.645037800000864, 1.5814661999902455, 1.5414347000041744, 1.7062265999993542, 1.6485882000124548, 1.4947887000016635, 2.4635115999990376, 1.8379604999936419, 1.8117853000003379, 1.8864463000063552, 1.5650706000014907, 1.8326817999914056, 1.7012599000008777, 1.7822042999905534, 1.5441518000006909, 1.7419792000000598, 1.677726600013557, 1.8923582999996142, 1.5823508000030415, 1.6582180999976117, 1.7394006999966223, 1.8528490000026068, 1.8210639000026276, 1.7435874000075273, 1.528426999997464, 1.717564399994444, 1.5623935000039637, 1.5572638000012375, 1.723230000003241, 2.489668599999277, 1.629471399995964, 1.6567945999995572, 1.6628762999898754, 1.814242299995385, 1.7847321000008378, 1.660832699999446, 1.7916352000029292, 1.3838666999945417, 1.6660753000032855, 0.9801732000050833, 0.9983655999967596, 0.9889817999937804, 0.9626803999999538, 0.995920199988177, 0.9569946999981767, 0.9649476999911712, 0.9901955000095768, 0.9659876999940025, 0.974729199995636, 0.9751984000031371, 0.967703900008928, 0.9734690000041155, 0.9830625999893527, 0.951969999994617]}, "cpython": {"warmup": [1.0094796000048518, 0.9581505999958608, 1.0140379000076791, 1.0095136000018101, 1.0282543000066653, 0.9967391000100179, 1.0119721999944886, 1.0434822999959579, 1.0100495999940904, 1.0031598000059603, 1.028487799994764, 1.0349563000054331, 1.0200461000058567, 1.014722600011737, 0.9516591999999946, 1.008189800006221, 1.020020600000862, 1.0256808000121964, 1.013305999993463, 1.011895799994818, 1.0169127999979537, 1.0179226999898674, 1.0152536000096006, 0.9877947999921162, 1.6278186999988975, 0.974373300006846, 1.0195093000074849, 1.004493200001889, 1.019993499998236, 0.9948274000053061, 1.011216400002013, 1.1046940000087488, 0.9748537999985274, 0.9744761000038125, 1.0149917999951867, 1.0859305999911157, 1.0266911999933654, 1.0065962999942712, 1.04398790000414, 1.012143300002208, 1.0128515000105835, 1.0062410999962594, 0.9810658000060357, 1.018596100009745, 1.0022662999981549, 1.03687440000067, 1.0058046000049217, 1.0309822999988683, 1.015617299999576, 0.976277099995059, 1.0086637000058545, 1.0202850000059698, 1.0194483999948716, 1.0082973999960814, 0.9914988999953493, 1.024766600006842, 1.0143098999978974, 1.00994640000863, 0.9897004000085872, 0.9875014999997802, 1.0233220999944024, 1.0046291000035126, 1.015759900008561, 0.9672349000029499, 1.001952299993718, 1.005443700007163, 1.0261541999934707, 1.000274599995464, 1.039750500000082, 1.0337178999907337, 1.0048384999972768, 1.0162196000019321, 1.0011030999885406, 0.9945688000007067, 1.0089035999990301, 1.0153344999998808, 0.9777580999943893, 1.043295900002704, 1.0176135999936378, 1.0967013000044972, 1.0147665000113193, 1.0488863000064157, 0.9676136000052793, 1.0017794000013964, 1.0235915999946883, 1.0275112000090303, 1.0135995000018738, 0.9887507999956142, 1.020538700002362, 1.0067670999997063, 1.005705500007025, 1.0063595999963582, 1.003935900007491, 1.0159825000009732, 0.9868819999974221, 0.9764469999936409, 0.983520599998883, 0.9721634000015911, 0.9708950999920489, 0.9938906000024872], "benchmark": [1.0193399999989197, 0.9703712000045925, 1.0295983999967575, 1.0070118000003276, 1.0641151000017999, 0.9689288999943528, 0.971487500006333, 1.0140183000039542, 1.020933600011631, 1.0242033999966225, 1.0427808999957051, 0.9533021999959601, 1.0079018999967957, 0.9811067999980878, 0.9578543000097852, 1.1058285999897635, 0.999935200001346, 0.9965476000070339, 1.0041192999924533, 0.9918743000016548, 1.0121529000025475, 1.0150859999994282, 1.0076437999960035, 0.9970460999902571, 1.032111199994688, 0.9588202000013553, 1.0221587999985786, 1.0136072000022978, 1.0330628999945475, 1.0140186000062386, 1.0097668999951566, 1.0144379999983357, 1.0206884000072023, 1.012109999996028, 1.0166812999959802, 1.0291973999992479, 1.014312199986307, 1.0171484000020428, 1.0187192000012146, 0.9972198000032222, 1.0040184000099543, 1.0129079000034835, 1.0127616999961901, 0.9691827000060584, 1.0195960999990348, 0.996220800006995, 1.0109973999933572, 0.9937587000022177, 0.9999184000043897, 0.9615804000059143, 0.9977086999861058, 1.0374165000102948, 0.9660830000066198, 0.9605226999992738, 1.0507951000035973, 0.988177999999607, 1.0077684999996563, 1.0179899000067962, 0.9996909999899799, 1.006346800000756, 1.0064457999978913, 1.01650630000222, 1.0103807000123197, 1.0456489999924088, 0.9605288000020664, 0.9701505999983056, 1.0165839999972377, 1.0102520000073127, 1.0000424000027124, 0.9816681000083918, 0.9769617999991169, 1.0138674000045285, 1.0106855000049109, 0.9873016000055941, 1.0244450000027427, 1.0109241000027396, 1.0110676000040257, 1.0090501999948174, 1.0123765000025742, 1.0166572000016458, 0.9996566999907373, 1.0385240000032354, 0.9853960999898845, 1.0418111000035424, 1.008640900006867, 0.9837881999992533, 1.0129936000012094, 1.0096649000042817, 0.9689653999957955, 1.0263604999927338, 0.9985910000104923, 1.0076739999931306, 1.0187011000089115, 1.0057844999973895, 0.9978139000013471, 0.9664030999992974, 1.0141892000101507, 0.996480400004657, 1.0162152999982936, 1.0349756000068737]}}