{"nuitka": {"warmup": [1.1378667000099085, 1.1217005999933463, 1.1477622000093106, 1.1263620000099763, 1.1110638999962248, 1.1199007999966852, 1.1323451999924146, 1.1260973000025842, 1.115684999997029, 1.11907169999904, 1.1214015999867115, 1.1138719000155106, 1.123485799995251, 1.1265174000000115, 1.1278205999988131, 1.1177048000099603, 1.117052399989916, 1.118949600000633, 1.119472800026415, 1.1182143999903928, 1.1128831999958493, 1.1144900000072084, 1.1162234999937937, 1.1210916000127327, 1.1171602999966126, 1.111583400022937, 1.1317395999794826, 1.1159647000022233, 1.1667622000095434, 1.1385112999996636, 1.1243117999983951, 1.1141772999835666, 1.118633600010071, 1.1140319000114687, 1.1245153000054415, 1.1139550999796484, 1.1255538999976125, 1.1388714000058826, 1.122281899995869, 1.1203202999895439, 1.118971900024917, 1.1167174000001978, 1.1290872999816202, 1.1441974000190385, 1.135703999985708, 1.122378200001549, 1.1358045999950264, 1.1313000000081956, 1.1186492000124417, 1.124817299976712, 1.1193900000071153, 1.135195399983786, 1.1283414000063203, 1.150551499973517, 1.1300714000244625, 1.1272354999964591, 1.1251229000044987, 1.1314597000018694, 1.1451314000005368, 1.120401199994376, 1.1236022000084631, 1.1178646000043955, 1.124285099998815, 1.1200960000278428, 1.167525700002443, 1.1402358999766875, 1.1665460000222083, 1.1260787000064738, 1.1223507999966387, 1.158351100020809, 1.124730700015789, 1.115726900025038, 1.1214422000048216, 1.1167876000108663, 1.1224035000195727, 1.126576999988174, 1.1309538999921642, 1.1754795000015292, 1.1318090000131633, 1.1385425000044052, 1.1386050999863073, 1.1330029999953695, 1.1168301000143401, 1.1459992000018246, 1.19915120000951, 1.138303999992786, 1.1183421000023372, 1.1246799000073224, 1.1156994000193663, 1.1195989999978337, 1.1188980999868363, 1.1252358999918215, 1.134326500003226, 1.1231215000152588, 1.1212554999801796, 1.1289839000091888, 1.1251499000063632, 1.1522095999971498, 1.1319999999832362, 1.123929700028384], "benchmark": [1.1300514999893494, 1.1247096000006422, 1.1162970000004862, 1.1211218999815173, 1.1200778000056744, 1.1163202000025194, 1.147840699995868, 1.1357041000155732, 1.1306455000012647, 1.1201307000010274, 1.1171329000208061, 1.120289899990894, 1.1453722000005655, 1.1428870999952778, 1.1181941999820992, 1.154630900011398, 1.1210301999817602, 1.1279030999867246, 1.1242896000039764, 1.1208713999949396, 1.1228142000036314, 1.1135651000076905, 1.1631096999917645, 1.117862100014463, 1.1229987999831792, 1.1191274999873713, 1.1886910000175703, 1.1563200000091456, 1.1223605000122916, 1.1277256999746896, 1.1266573000175413, 1.1404977999918628, 1.1251245000166818, 1.1184141999983694, 1.1202130999881774, 1.121202499984065, 1.1309908000112046, 1.1578768999897875, 1.154690199997276, 1.1224411000148393, 1.126122799993027, 1.1354179000190925, 1.1446968999807723, 1.1182146999926772, 1.144373999995878, 1.1505527000117581, 1.1301604000036605, 1.1234655999869574, 1.121358100004727, 1.142808700009482, 1.126639800000703, 1.1204941000032704, 1.1508484999940265, 1.1629510000057053, 1.1212994999950752, 1.1222422999853734, 1.1180152999877464, 1.1255621000018436, 1.121773300023051, 1.124893100000918, 1.1237526000186335, 1.1297026999818627, 1.1216251000005286, 1.1191669999971054, 1.1203776000184007, 1.1518615999957547, 1.1292228999955114, 1.1303630000038538, 1.125993900001049, 1.120233499997994, 1.1414065999852028, 1.1150146000145469, 1.1286862999841105, 1.1208409999962896, 1.1220165000122506, 1.1261209000076633, 1.1225164999777917, 1.1321871999825817, 1.152383300010115, 1.1223212000040803, 1.1239050999865867, 1.122371400007978, 1.185662100004265, 1.1248118999938015, 1.1457251999818254, 1.1283354999904986, 1.1250316000077873, 1.1231014000077266, 1.1260498000192456, 1.1192900000023656, 1.1233805999800097, 1.129446300008567, 1.1314128000230994, 1.1207510000094771, 1.1149994999868795, 1.1315094000019599, 1.125329900009092, 1.1198124999937136, 1.1558987000025809, 1.1196575000067241]}, "cpython": {"warmup": [1.141389500000514, 1.155643100006273, 1.1953056000056677, 1.1285382999922149, 1.1284809999924619, 1.133317600004375, 1.1292036999948323, 1.1593913999968208, 1.1436357999918982, 1.136081100004958, 1.1713814999966417, 1.1356079000106547, 1.1375385000137612, 1.1887187999964226, 1.131520199996885, 1.1352499999920838, 1.143058600020595, 1.2205313999729697, 1.1239048000134062, 1.1400943000044208, 1.1380263999744784, 1.1229002999898512, 1.1661949999979697, 1.1836577999929432, 1.1594564999977592, 1.1626743000233546, 1.1500278000021353, 1.132725199975539, 1.121543199988082, 1.1240786999987904, 1.1524981999828015, 1.1236946000135504, 1.1452195000019856, 1.1502743999881204, 1.1738115999905858, 1.129537300002994, 1.1227767999807838, 1.1433002999983728, 1.1203033000056166, 1.1200537999975495, 1.119483799993759, 1.1197104000020772, 1.1293299000244588, 1.1290726999868639, 1.1215998999832664, 1.1213287999853492, 1.1765035000280477, 1.126823999977205, 1.1279966000001878, 1.147212000010768, 1.1232866999926046, 1.119087999977637, 1.121433699998306, 1.1357064000039827, 1.1272904000070412, 1.124439400009578, 1.13595220001298, 1.1905031999922357, 1.1347763999947347, 1.1293172999867238, 1.1499277999973856, 1.1381509999919217, 1.1271531000093091, 1.1302052000246476, 1.1352826000074856, 1.1237575000268407, 1.127070399990771, 1.1259990000107791, 1.132054599991534, 1.1553154999855906, 1.1279238999995869, 1.1267545000009704, 1.1771649000002071, 1.1248395000002347, 1.121099600015441, 1.1340807999949902, 1.1290695000207052, 1.118172999995295, 1.1211381000175606, 1.1215512999915518, 1.177908000012394, 1.1279074000194669, 1.1233019000210334, 1.1175192999944557, 1.1246349999855738, 1.1935260999889579, 1.129112199996598, 1.1254061000072397, 1.1221612000081223, 1.1265072000096552, 1.1222133999981452, 1.127105699997628, 1.1260945000103675, 1.1257164999842644, 1.1480733999924269, 1.1321667000011075, 1.1231279000057839, 1.1299520999891683, 1.1205000999907497, 1.1310966000019107], "benchmark": [1.1215880999807268, 1.2881606000009924, 1.1227676999988034, 1.1302836000104435, 1.1162151000171434, 1.1473216000013053, 1.1239238000125624, 1.1266172000032384, 1.1368120000115596, 1.1223027000087313, 1.1265419000119437, 1.1409310999733862, 1.149698499997612, 1.1208734000101686, 1.1261141000140924, 1.1241989000118338, 1.1376014999987092, 1.1349027999967802, 1.1250871999945957, 1.125322399981087, 1.135590099991532, 1.1375881000130903, 1.182732200017199, 1.1227384000085294, 1.1282414000015706, 1.1277506000187714, 1.1349770999804605, 1.119255700003123, 1.1498742999974638, 1.1256831999926362, 1.1335612000257242, 1.1218932999763638, 1.1311091000097804, 1.134930100000929, 1.1246348999848124, 1.1239457000046968, 1.1218228999932762, 1.2018192000105046, 1.1203945000015665, 1.14507660001982, 1.133012600010261, 1.1232125999813434, 1.1340453999873716, 1.122342499991646, 1.1283471999922767, 1.1212789999844972, 1.1232108999975026, 1.1244714999920689, 1.128117199987173, 1.1343547999858856, 1.1256171999848448, 1.1271246000251267, 1.1224999999976717, 1.163130100001581, 1.1635707000095863, 1.184228099999018, 1.1424179000023287, 1.1302009999926668, 1.1258065000001807, 1.1228561000025366, 1.1319596999965142, 1.1284052999981213, 1.120741500024451, 1.154026000003796, 1.1250664000108372, 1.1266224999853875, 1.1259720999805722, 1.1354902000166476, 1.1307347000110894, 1.123113799985731, 1.123863100016024, 1.1219158000021707, 1.1193157999950927, 1.120459400000982, 1.1202675999957137, 1.1351633000012953, 1.1214713999943342, 1.1237105000182055, 1.2114630000141915, 1.127574199985247, 1.1272422000183724, 1.1227238999854308, 1.129062399995746, 1.1185462000139523, 1.1186264999851119, 1.1590192000148818, 1.130745600006776, 1.1383945000125095, 1.1536946999840438, 1.2920789000054356, 1.1411559999978635, 1.1166037999792024, 1.1401162999973167, 1.1223811999952886, 1.1307168000203092, 1.1271306999842636, 1.183060800016392, 1.1415502000018023, 1.1368149999761954, 1.1256518999871332]}}