{"nuitka": {"warmup": [1.1090502000006381, 0.7114178000047104, 0.7113253999996232, 0.7111289000022225, 0.7114002000016626, 0.7155140000104439, 0.7126914999971632, 0.7130661999981385, 0.7137403999950038, 0.7149052000022493, 0.7138309000001755, 0.7117285999993328, 0.7148096000018995, 0.7142409000080079, 0.7149537000077544, 0.7125486000004457, 0.7107246000086889, 0.7172853999945801, 0.7123044000036316, 0.7137837999907788, 0.71370740000566, 0.7147722999943653, 0.712684199999785, 0.7143249000073411, 0.7154241000098409, 0.7125368999986676, 0.717764500004705, 0.7109978999942541, 0.7128510000038659, 0.7124591000028886, 0.7137468000000808, 0.7122918999957619, 0.7123725999990711, 0.7122237000003224, 0.7128642000025138, 0.7120293000043603, 0.713179600003059, 0.7155179999972461, 0.7135267999983625, 0.713185299988254, 0.7153541000006953, 0.7128578999981983, 0.7107775000040419, 0.7138118000002578, 0.7132070999941789, 0.7127693000074942, 0.7123853000084637, 0.7128976999956649, 0.7145678999950178, 0.716104200007976, 0.7132241000072099, 0.7135146999935387, 0.7138593999989098, 0.7126227000117069, 0.7132421999995131, 0.7130204999994021, 0.7114703999977792, 0.716336900004535, 0.7138223999936599, 0.712958999996772, 0.7109748000075342, 0.7134443999966606, 0.7134126999881119, 0.7135935999976937, 0.713762700004736, 0.7147244999941904, 0.7115797000005841, 0.7115669999911916, 0.7137136999954237, 0.7135648000112269, 0.7123539000021992, 0.720707799991942, 0.7148626999987755, 0.7147044000012102, 0.7129759000090417, 0.715109400000074, 0.7122180000005756, 0.7137922999972943, 0.7120668999996269, 0.7160606999968877, 0.7122866999998223, 0.7129888999916147, 0.7140518999949563, 0.7126295999914873, 0.7150324000103865, 0.7174730000115233, 0.7136981999938143, 0.7163786000019172, 0.7125585999892792, 0.715615599998273, 0.7134714999992866, 0.7138658000039868, 0.7148446999926819, 0.720615700003691, 0.7145340999995824, 0.722056500002509, 0.7270053000102052, 0.7136191000026884, 0.7138114999979734, 0.7137829999992391], "benchmark": [0.7274325000034878, 0.7147628000093391, 0.7135319000080926, 0.7165957000106573, 0.7298843000025954, 0.7155836000019917, 0.7150851000042167, 0.7171819000068353, 0.7139146999979857, 0.7139170000009472, 0.714842100001988, 0.7136802999884821, 0.716799700006959, 0.7174777000036556, 0.7176731000072323, 0.7137828999984777, 0.7160291000036523, 0.7139674999925774, 0.7146692000096664, 0.7139472999988357, 0.714336999997613, 0.7159974999958649, 0.7123724999983096, 0.7214500999980373, 0.7182388000073843, 0.7130809999944177, 0.7145596000045771, 0.7127480999915861, 0.7149479999934556, 0.7171821000083582, 0.7129955000127666, 0.7138597000011941, 0.7149012000008952, 0.7154108999966411, 0.7131263000046602, 0.7153700000053504, 0.714897199999541, 0.7164896000031149, 0.7140147000027355, 0.7143584000004921, 0.7148956999881193, 0.7230515999981435, 0.7217518000106793, 0.716612799995346, 0.7141537000134122, 0.7132520000013756, 0.7140530999895418, 0.715018599992618, 0.7139178999932483, 0.7136172000027727, 0.7140739000024041, 0.712386700004572, 0.7155799999891315, 0.713253199995961, 0.714723099998082, 0.7136881000042195, 0.7131010000011884, 0.7143714999983786, 0.7137868999998318, 0.7154999000049429, 0.7157541999913519, 0.7153016999945976, 0.7142852000106359, 0.7169938999868464, 0.7181665000098292, 0.7134347999963211, 0.7164898000046378, 0.7137946000002557, 0.7134268999943743, 0.7169352000055369, 0.7135032999940449, 0.7158720000006724, 0.7139807999919867, 0.7159185000055004, 0.7132106000062777, 0.718098800003645, 0.714334799995413, 0.7133123999956297, 0.718291400000453, 0.719340600000578, 0.7215942999901017, 0.7169326000002911, 0.7148049000097672, 0.7210730000078911, 0.713013000000501, 0.712998900009552, 0.7163929999951506, 0.7162111000070581, 0.7150215000001481, 0.7123098000010941, 0.7202114999963669, 0.7137917000072775, 0.7147094999963883, 0.714280800006236, 0.7201583999994909, 0.7130688000033842, 0.7128610999934608, 0.7136685000004945, 0.7168004999984987, 0.7122533999936422]}, "cpython": {"warmup": [0.7677780000085477, 0.7667422000085935, 0.7720203999924706, 0.7674597000004724, 0.7704114999942249, 0.7747889999882318, 0.7723355000052834, 0.769437700000708, 0.7712414999987232, 0.7721462000044994, 0.7715636999928392, 0.7670288999943295, 0.7676456000044709, 0.7696468999929493, 0.7744632999965688, 0.7794226999976672, 0.7715313999942737, 0.7698025999998208, 0.7672676999936812, 0.7724827999918489, 0.7689601000020048, 0.7745935999992071, 0.7705936999991536, 0.7775549000070896, 0.7641967999952612, 0.7688823000062257, 0.7694595999928424, 0.7664107000018703, 0.7667513000051258, 0.7691455000021961, 0.7691722999879858, 0.7677897999965353, 0.7773651999887079, 0.7707145000022138, 0.7687083000055281, 0.765866100002313, 0.7655951000051573, 0.770336599991424, 0.7711984000052325, 0.7686952999938512, 0.7694906999968225, 0.7720750999869779, 0.7674286999972537, 0.7666099000052782, 0.7682960000092862, 0.7677303999953438, 0.7658502999984194, 0.7698679000022821, 0.7674772000027588, 0.7756285000068601, 0.7689086000027601, 0.7689844999986235, 0.7688492000015685, 0.7664572000066983, 0.7670141999988118, 0.7727557000034722, 0.7698560999997426, 0.7619149000092875, 0.7669289999903413, 0.7706517000042368, 0.766850499989232, 0.7661378000047989, 0.7735806999990018, 0.7650158000033116, 0.7679049999860581, 0.7646685999934562, 0.7658799000055296, 0.7698702999914531, 0.7681221000093501, 0.7668792000040412, 0.7638798999978462, 0.7700718000123743, 0.7675013000116451, 0.7673311000107788, 0.7692739000049187, 0.7694973000034224, 0.7665207999962149, 0.766865500001586, 0.7657723000011174, 0.7721737999963807, 0.7708723999967333, 0.7700334999972256, 0.766939299996011, 0.7700830999965547, 0.7661807999975281, 0.7683144000038737, 0.769928899986553, 0.7693139000039082, 0.7621977999951923, 0.7693939000018872, 0.7672998000052758, 0.7658142000000225, 0.7647453000099631, 0.7653508999937912, 0.7677381999965291, 0.7708163000061177, 0.7702609000116354, 0.7645894000015687, 0.7662192999996478, 0.7702804000000469],