{"nuitka": {"warmup": [1.0410240000055637, 1.0503081000060774, 1.0342825999978231, 1.0315649999974994, 1.0420006999920588, 1.0404621999914525, 1.0406102999986615, 1.03144040000916, 1.032231999997748, 1.058014499998535, 1.033477100005257, 1.0494931000139331, 1.0326141999976244, 1.031345199997304, 1.036635100012063, 1.0343167999963043, 1.0287165999907302, 1.0394613999960711, 1.0475078000017675, 1.027087099995697, 1.0319087999960175, 1.0315164999919944, 1.0312551999959396, 1.0397249999950873, 1.0464162999996915, 1.032558599996264, 1.0359154000034323, 1.0396796999993967, 1.0359066999953939, 1.0495663000037894, 1.048254100009217, 1.0599722000042675, 1.042210800005705, 1.0288310999894748, 1.0580302000016673, 1.0270968999975594, 1.0419681000057608, 1.0297437999979593, 1.0308087000012165, 1.0367107999918517, 1.0440880999958608, 1.042717199990875, 1.040748999992502, 1.0426345000014408, 1.0278558999998495, 1.0332306000054814, 1.0572307999973418, 1.050202200000058, 1.0342143000016222, 1.0412980999972206, 1.0391954999940936, 1.0802857000089716, 1.0355745999986539, 1.0578336999897147, 1.0400329000112833, 1.0379476000089198, 1.031248900006176, 1.0530050999950618, 1.0344574000046123, 1.0378609000035794, 1.0500284000008833, 1.0399937000038335, 1.041232100003981, 1.07350860000588, 1.0535156999976607, 1.0451197999936994, 1.0531281000003219, 1.0287915999942925, 1.0416188999952283, 1.0680492000101367, 1.0326404999941587, 1.037381699992693, 1.053195999993477, 1.0337541999906534, 1.0668779999978142, 1.0369230000069365, 1.0328692000039155, 1.0629794000124093, 1.0548150000104215, 1.0422391000029165, 1.046208800005843, 1.0411776000109967, 1.0516992000048049, 1.0504806999961147, 1.036928400004399, 1.0425044000003254, 1.039420799992513, 1.0418340999895008, 1.0608076999924378, 1.0308872999885352, 1.0624236000003293, 1.0431170999945607, 1.0396295999962604, 1.0451428999949712, 1.0624021999974502, 1.0392840999993496, 1.0319528999971226, 1.0332505999977002, 1.0543449999968288, 1.045678599999519], "benchmark": [1.041902700002538, 1.0530935999995563, 1.0511289999994915, 1.0420689000020502, 1.0390674000082072, 1.0366393000003882, 1.035886900004698, 1.0617481999943266, 1.0386005000036675, 1.0415382999926805, 1.041539300000295, 1.0529255000001285, 1.053467699995963, 1.0350061999924947, 1.0344375999993645, 1.0350364000041736, 1.0472777999966638, 1.0362251000042306, 1.0357920999958878, 1.0393505999963963, 1.036933900002623, 1.045727699995041, 1.0369479000073625, 1.040326999995159, 1.0511413000058383, 1.0436577000073157, 1.050607500001206, 1.0344294999958947, 1.0463141999935033, 1.0526309999986552, 1.0443744999938644, 1.055538999993587, 1.0523877999949036, 1.0365614999900572, 1.0590669000084745, 1.041745800001081, 1.0386239999934332, 1.07597680001345, 1.0339199000009103, 1.0514939999993658, 1.0654192000074545, 1.0343769999890355, 1.0326263999886578, 1.0498529000033159, 1.0526621999888448, 1.0411433999979636, 1.0466159000061452, 1.035047500001383, 1.0353657000086969, 1.045302400001674, 1.0418849999987287, 1.033453299998655, 1.0405537000042386, 1.0373030000046128, 1.0718661999999313, 1.0542759999952978, 1.062697000001208, 1.0479042999941157, 1.0398616999882506, 1.0372083999973256, 1.0438677000056487, 1.0499892000079853, 1.0383193000016036, 1.042654599994421, 1.0430917000048794, 1.0352172999992035, 1.0351909000019077, 1.0528247999900486, 1.0358444000012241, 1.0422240999905625, 1.04189100000076, 1.0362231000035536, 1.032211700003245, 1.0351090999902226, 1.0302950000041164, 1.0443551000062143, 1.048407499998575, 1.0360354000004008, 1.040070499991998, 1.0343607000104384, 1.0384347999934107, 1.0462478000117699, 1.0361123000038788, 1.0338680999993812, 1.048241299999063, 1.0255276999960188, 1.058379900001455, 1.0352859000122407, 1.030583800005843, 1.03298150000046, 1.0428928000037558, 1.0398384000000078, 1.0412469000002602, 1.0347581999958493, 1.0472219999937806, 1.0297792999917874, 1.035514500006684, 1.0424515999911819, 1.034336800003075, 1.0290213999978732]}, "cpython": {"warmup": [1.0807829999976093, 1.086146400004509, 1.079893499991158, 1.0839910000067903, 1.079720299996552, 1.074432199995499, 1.0817353000020375, 1.0921152999944752, 1.0803646000131266, 1.0856853000004776, 1.0908366999938153, 1.0812761999986833, 1.088693500001682, 1.085394499998074, 1.0828029999975115, 1.0829855999909341, 1.0830815000081202, 1.0803331000061007, 1.0849193000030937, 1.0888585999928182, 1.0828910999989603, 1.085953999994672, 1.081291800001054, 1.078749800013611, 1.0884011000016471, 1.0812039999873377, 1.081385199999204, 1.0839125999918906, 1.082396300000255, 1.0784707999991952, 1.0807072000025073, 1.0825114999897778, 1.0847575000079814, 1.0806538999895565, 1.0833619000040926, 1.0814986000041245, 1.0908498000062536, 1.077322600001935, 1.080351199998404, 1.081384999997681, 1.082139799997094, 1.0936362000065856, 1.0855177999910666, 1.0810717999993358, 1.077738899999531, 1.0803603999956977, 1.0825844000064535, 1.074244200004614, 1.0807095000054687, 1.0790133999980753, 1.072608800008311, 1.107758099999046, 1.0968267999996897, 1.0851593000115827, 1.0807466999976896, 1.0866402999963611, 1.0839075999974739, 1.0785241999983555, 1.0810725999908755, 1.0831270000053337, 1.0813192000059644, 1.080767100007506, 1.0795667999918805, 1.0817248999956064, 1.0844672999955947, 1.0844093000050634, 1.0715977999934694, 1.0793544000043767, 1.0885107000067364, 1.0825936999899568, 1.0802175999997417, 1.0958772000012686, 1.0888716999907047, 1.0796417000092333, 1.0850059000076726, 1.0824734999914654, 1.0913786000019172, 1.0828446000086842, 1.0793280999932904, 1.081579599995166, 1.0998719000053825, 1.080701200000476, 1.0844900999945821, 1.0768087999895215, 1.0871054000017466, 1.0823297000024468, 1.0830966000066837, 1.0946041999995941, 1.0889361000008648, 1.0800476000003982, 1.0884804999950575, 1.0963715999969281, 1.0813649000047008, 1.082402700005332, 1.0869254999997793, 1.0785132000019075, 1.0804662000009557, 1.0802556999988155, 1.0780421999952523, 1.0865864000079455], "benchmark": [1.081256100005703, 1.0893007999984547, 1.0860798999929102, 1.0840443000051891, 1.083531900003436, 1.0833085999911418, 1.0869829000002937, 1.0940949999931036, 1.0812634000030812, 1.0855887000070652, 1.0796449999907054, 1.079474799989839, 1.0813517000060529, 1.0779123000102118, 1.0910135000012815, 1.0746944999991683, 1.0860536000109278, 1.0857567000057315, 1.0832216999988304, 1.0830525999917882, 1.0791906999947969, 1.0838817999901948, 1.0798272999963956, 1.085517899991828, 1.0925857999973232, 1.080564299991238, 1.0805740000068909, 1.0869457999942824, 1.0815183000086108, 1.0789111999911256, 1.0811588000069605, 1.0935104000091087, 1.0897832000046037, 1.0848964000033448, 1.085710300001665, 1.0875875999918208, 1.087844199995743, 1.0795636999973794, 1.080380499988678, 1.0912223999912385, 1.0835886999993818, 1.0965317000081996, 1.0983171000116272, 1.0840995000035036, 1.0857207000080962, 1.0925104999914765, 1.0902939999941736, 1.0930654000112554, 1.0792983999999706, 1.0920896000025095, 1.081264899999951, 1.0807551999896532, 1.0881768999970518, 1.0772351000050548, 1.089332400006242, 1.0805106000043452, 1.0870821999997133, 1.0785359000001336, 1.0779845000070054, 1.0819320000009611, 1.0946495999960462, 1.0949789000005694, 1.0829938999959268, 1.081727900003898, 1.079587200001697, 1.08416679999209, 1.084757399992668, 1.0804626000026474, 1.0867536000005202, 1.0840356999979122, 1.0849916000006488, 1.0895082000060938, 1.0875763000076404, 1.0857188000081806, 1.0796635000006063, 1.0819114999903832, 1.0814033999922685, 1.0783583000011276, 1.0883652000047732, 1.0853960999957053, 1.083599800011143, 1.0862940000079107, 1.079299799996079, 1.0799158000008902, 1.0901783000008436, 1.0816599000099814, 1.0780299000034574, 1.0800774000090314, 1.0738664000091376, 1.0896155999944312, 1.0853605000011157, 1.083442200004356, 1.0787311000021873, 1.0827083000040147, 1.0798606000025757, 1.0758077999926172, 1.0820397000061348, 1.0962978000025032, 1.0823240000027, 1.081686899997294]}}