{"nuitka": {"warmup": [1.3462381999997888, 1.2956850999908056, 1.3046554999891669, 1.2931245000072522, 1.2940741000056732, 1.2855291000014404, 1.3229805000009947, 1.286791999998968, 1.3070032999967225, 1.294474700000137, 1.3252403999940725, 1.2860549000033643, 1.2949850000004517, 1.299598400000832, 1.2820393000001786, 1.283788500004448, 1.2895081999886315, 1.2919402999978047, 1.2899076000030618, 1.2946603000018513, 1.2963460000028135, 1.2922509999916656, 1.307501899995259, 1.301500000001397, 1.2929676999920048, 1.2910489000059897, 1.2954651999898488, 1.2929559000040172, 1.2833402999967802, 1.2972106999950483, 1.289735300000757, 1.311411999995471, 1.2972218999930192, 1.2807049000111874, 1.2890528999996604, 1.326128200002131, 1.2891374000028009, 1.2836068000033265, 1.2925539999996545, 1.3101360000000568, 1.283416300007957, 1.2986713999998756, 1.3133493000059389, 1.2889985000074375, 1.3058650000020862, 1.3053952999907779, 1.3017106999905081, 1.2916612999979407, 1.2871016999997664, 1.2866887999989558, 1.3378387999982806, 1.3063820999959717, 1.2949720999895362, 1.283978899999056, 1.2923012000101153, 1.29797710001003, 1.2958607000036864, 1.2941632000001846, 1.2970920999941882, 1.3034828999952879, 1.6977813999983482, 1.6431381000002148, 1.293119400012074, 1.2935160000051837, 1.3064963999931933, 1.285147800008417, 1.2849300999951083, 1.286014299999806, 1.3055024999921443, 1.2935341000120388, 1.2859532000002218, 1.2879702000063844, 1.2870267999969656, 1.2960497999883955, 1.294766899998649, 1.2958933000045363, 1.3056601999996928, 1.2927596000081394, 1.2968612000113353, 1.2833003999985522, 1.2916609000094468, 1.2994515000027604, 1.304656900014379, 1.2888642000034451, 1.2861956999986432, 1.3051615000003949, 1.2985933000018122, 1.3054192999989027, 1.329793900004006, 1.2918730999954278, 1.2888987000042107, 1.2875845999951707, 1.2947942000027979, 1.2829544999985956, 1.2940565000026254, 1.3097259000060149, 1.2895105000061449, 1.3208176999905845, 1.3000643999985186, 1.2952291000110563], "benchmark": [1.2888813999888953, 1.3119375000096625, 1.2880420000001322, 1.285557199997129, 1.2826318000006722, 1.2813547999976436, 1.2802706999937072, 1.284023200001684, 1.2834975000005215, 1.2895714000042062, 1.2920311999914702, 1.2952495999925304, 1.293878800002858, 1.288291399992886, 1.2959511000080965, 1.2844249000045238, 1.3003833999973722, 1.2967651999933878, 1.2988679999980377, 1.2983403999969596, 1.2950225999957183, 1.2901857999968342, 1.3425928999931784, 1.285521300000255, 1.2919913999940036, 1.2856068999972194, 1.3241447000036715, 1.2827926000027219, 1.3150628999865148, 1.2962494999956107, 1.3051534999976866, 1.290938099991763, 1.2867860999976983, 1.3072479999973439, 1.2877011000091443, 1.2942956000042614, 1.2864086999907158, 1.3264318000001367, 1.2850565999979153, 1.2901535999990301, 1.2977701000054367, 1.321129000003566, 1.2954889999964507, 1.2888371999870287, 1.2905068000109168, 1.28636290000577, 1.334519600000931, 1.305200100003276, 1.287396699990495, 1.3076893999968888, 1.2911333999945782, 1.3153632000030484, 1.2926275999925565, 1.3040309000061825, 1.2878332000109367, 1.340570900007151, 1.2947048000060022, 1.2857996999955503, 1.2900875999912387, 1.2943731999985175, 1.2967400000052294, 1.2810428999946453, 1.3137403000000631, 1.2900060999963898, 1.3061874999984866, 1.2930951000016648, 1.297419299997273, 1.2874127999966731, 1.3158033000072464, 1.2927189000038197, 1.3449265000090236, 1.2907374999922467, 1.2961991999909515, 1.286038299993379, 1.306367400000454, 1.2850305999891134, 1.2995537999959197, 1.2944905000040308, 1.3361780999985058, 1.3074287000054028, 1.28930930000206, 1.3012321999995038, 1.2860919999948237, 1.299868799993419, 1.2868879000016022, 1.2919309999997495, 1.2814485999988392, 1.2846338999952422, 1.3052559000061592, 1.3058629000006476, 1.295216900005471, 1.31468589999713, 1.3129798000009032, 1.300176200005808, 1.2909500999958254, 1.292869700002484, 1.307900800005882, 1.3062381000054302, 1.2968182000040542, 1.2840920999879017]}, "cpython": {"warmup": [0.6668470000004163, 0.6664454999990994, 0.6630294999922626, 0.6726074000034714, 0.6665536000073189, 0.6646265999879688, 0.6687066000013147, 0.6668834000010975, 0.6738064999954076, 0.6729521999950521, 0.6634020000055898, 0.6750674999930197, 0.6631895999889821, 0.6659132999920985, 0.6727382999961264, 0.676462100003846, 0.6857714999932796, 0.6636419999995269, 0.6627377999975579, 0.6679168999980902, 0.6694805000006454, 0.684438099997351, 0.6628752999968128, 0.672173600003589, 0.6641061999980593, 0.6613849999994272, 0.6738114000036148, 0.6726253000088036, 0.6624366999894846, 0.6693614999967394, 0.6741771999950288, 0.6694952999969246, 0.6801793000049656, 0.6699052000039956, 0.7219592000037665, 0.6747102000081213, 0.6729886999964947, 0.6798047000047518, 0.6773611999960849, 0.6639978000021074, 0.6722598999913316, 0.6632937999966089, 0.667173299996648, 0.6615811999945436, 0.664530800000648, 0.6661653000046499, 0.6653740999900037, 0.6866943000059109, 0.6664209000009578, 0.6636999000038486, 0.6637344999908237, 0.6674140999966767, 0.6755732000019634, 0.6670656999922357, 0.6776379000075394, 0.667322499997681, 0.6771920999890426, 0.6738054000015836, 0.6771389000059571, 0.6755900999996811, 0.6706705999968108, 0.669579800000065, 0.6742855999909807, 0.6769364000065252, 0.6757896000053734, 0.663177700000233, 0.7247044999967329, 0.6747599000082118, 0.6702165000024252, 0.664269199987757, 0.6677863999939291, 0.665570499986643, 0.6764608999947086, 0.6708684000041103, 0.6638089999905787, 0.6724646999937249, 0.6707883999915794, 0.6716395999974338, 0.6652033999998821, 0.6664778999984264, 0.6642178000038257, 0.6697899999999208, 0.6695936000032816, 0.677791399997659, 0.6712569999945117, 0.6738886999955866, 0.6780482000031043, 0.6668008999986341, 0.6751799000048777, 0.6910170000046492, 0.6656412000011187, 0.6745168999914313, 0.673876000000746, 0.6626329999999143, 0.6656598999979906, 0.6657177000015508, 0.6661877000005916, 0.6692815999995219, 0.6746839999977965, 0.6711404000088805],