{"nuitka": {"warmup": [1.0170489999873098, 0.9973707000026479, 0.9899628000130178, 0.9936295999941649, 1.0236887999926694, 0.9902434000105131, 0.9896574000013061, 0.9924264000001131, 1.0088510000059614, 1.0171953000099165, 0.9905204999959096, 0.998884899992845, 0.9919901999965077, 1.0112709999957588, 0.998638100005337, 1.006432100009988, 0.9979811999946833, 0.9900454000016907, 1.0070401999983005, 1.0061216000030981, 0.9925633999955608, 1.0246631000045454, 0.9913722000055714, 0.9963822999998229, 1.005524799998966, 0.9863514999888139, 0.9945669000007911, 0.9901251999981469, 1.0025465999933658, 1.0264926000090782, 1.0298003000061726, 1.0096272000082536, 1.0125564000045415, 0.9933653000043705, 0.9958056999894325, 1.0155392000015127, 1.0274367000092752, 1.010789100007969, 0.9986612000066089, 1.03471890000219, 1.0027827000012621, 1.0096429999975953, 0.9862847000040347, 0.989957300000242, 1.0075041000091005, 1.0163293999939924, 0.9932964999898104, 1.0008492000051774, 1.0091708000109065, 1.0028891999972984, 0.9937265000044135, 0.9945806000032462, 0.9982999000058044, 0.9972794000059366, 0.9932565000053728, 0.9958579000085592, 0.9973553000018001, 1.002421899989713, 1.0341140999953495, 1.001652599996305, 0.9966226999968057, 0.9924353999958839, 1.0048233999987133, 1.0002273999998579, 0.9871284000109881, 0.9915135999908671, 0.9909849999967264, 0.9968756000016583, 0.9895613999979105, 1.013445300006424, 0.9959353000012925, 0.9910464999993565, 0.9904830000014044, 1.0118388999981107, 0.991928999996162, 0.9950539999990724, 1.0043390000064392, 0.9911898999998812, 1.0020500000100583, 0.9941137000132585, 0.9899973999999929, 1.029894500010414, 0.9876557000097819, 0.999965399998473, 1.009994399995776, 0.9921835999994073, 1.0254325999994762, 1.0042845999996644, 0.9929017999966163, 1.0167010000004666, 0.9953755999886198, 1.0145171000040136, 0.9887662999972235, 1.0245632000005571, 0.9979243999987375, 0.993396699996083, 1.0065802000026451, 0.998955200004275, 0.9938115999975707, 1.0046743999992032], "benchmark": [0.9912019000039436, 0.9922866999986582, 0.9906593000050634, 1.0237919999926817, 0.9913552999933017, 0.9909302000014577, 0.9967648000019835, 1.000563499997952, 1.0167586999887135, 1.0259860999940429, 0.993375299993204, 1.007189500000095, 1.003767300004256, 1.0056777999998303, 0.9971514999924693, 1.0022886999940965, 1.0017658999859123, 1.0065468000102555, 1.0033067000040319, 1.0068290000053821, 0.9967754999961471, 1.0034051999973599, 0.9872771999944234, 0.9911315999925137, 0.9908713000040734, 0.9952211999916472, 1.006274500003201, 0.9916582000005292, 1.0223638000024948, 0.997308999998495, 0.9826983999955701, 1.0014302000054158, 1.0004741999873659, 0.9922704000055091, 1.0126785000029486, 0.9889274000015575, 0.9926078999997117, 0.988249400004861, 0.9863958999922033, 1.0029597999964608, 1.0114428000088083, 0.9907321000064258, 0.9895955999963917, 0.9957557000016095, 0.9928734999994049, 1.0490366000012727, 1.001155000005383, 1.0079544000036549, 1.003939400005038, 1.003476199999568, 0.999684199996409, 0.9982374000101117, 1.0007865000079619, 0.9933244999992894, 0.989608899995801, 0.9895927000034135, 0.9982045000069775, 0.98792919999687, 0.9999602999887429, 0.9912751999945613, 1.0043527000088943, 0.9991306000010809, 0.9942969999974594, 1.027768300002208, 0.9991732999915257, 0.9951081999897724, 1.005904300007387, 0.9885339000029489, 0.9932413999922574, 0.9970725000021048, 1.0140396999922814, 1.0008839999936754, 0.9982696999941254, 0.9904567000048701, 0.9975808999879519, 0.994385300000431, 1.0030346999992616, 1.0040931999974418, 1.017239899985725, 1.0011478999949759, 0.9949023999943165, 1.0013341000012588, 0.9898746000108076, 1.0570364999875892, 0.995170500013046, 0.9987079999991693, 1.0192553999950178, 0.9945771000056993, 0.9922042999969563, 1.0241553000087151, 0.9872280999989016, 0.985958400007803, 1.0051782000082312, 0.9976110999996308, 1.0459883000003174, 1.0103892000042833, 0.9927568999992218, 1.0440395999903558, 0.9923431999923196, 0.9897388999961549]}, "cpython": {"warmup": [0.8099774000002071, 0.8108665999898221, 0.8043104999960633, 0.7978299999958836, 0.8045743999973638, 0.816564600012498, 0.8036941000027582, 0.795234100005473, 0.8092831000103615, 0.7977033999923151, 0.8046831999963615, 0.7998177999979816, 0.8021349999908125, 0.8094286000123248, 0.799299099991913, 0.7982470999995712, 0.8152946000045631, 0.8117544999986421, 0.8027388000045903, 0.8159097999887308, 0.8089101999939885, 0.8061022000038065, 0.816098499999498, 0.8124632999970345, 0.7974724999949103, 0.8015408000064781, 0.805913000003784, 0.8024038999865297, 0.8149957999994513, 0.8028549000009662, 0.7952975999942282, 0.8029120999999577, 0.806489499998861, 0.8018326000019442, 0.8095188000006601, 0.8061518000031356, 0.8119204999966314, 0.8062348999956157, 0.7996219000051497, 0.8009528999973554, 0.8024254000047222, 0.8233144999976503, 0.8104206999996677, 0.8026457999949344, 0.7974314000020968, 0.7987225999968359, 0.7992899999953806, 0.8101916000014171, 0.8054021999996621, 0.8025390000111656, 0.7993450000067241, 0.810067500002333, 0.8044073000055505, 0.7994723000010708, 0.8003013999987161, 0.803974800001015, 0.808349700004328, 0.8049303999869153, 0.8152772999892477, 0.8028292000090005, 0.8048145999928238, 0.8002661000064109, 0.7997453999996651, 0.7998016000055941, 0.8034600999963004, 0.805137300005299, 0.8099407999980031, 0.7996100999880582, 0.8194962999987183, 0.8010888999997405, 0.8049004999920726, 0.8017169999948237, 0.8219584000034956, 0.8043204999994487, 0.7959840999974404, 0.8160254000104032, 0.8041535000083968, 0.8014360999950441, 0.8081109000049764, 0.7988936999900034, 0.8043625999998767, 0.8051292000018293, 0.8029335000028368, 0.8093759999901522, 0.8075803000101587, 0.8008856999949785, 0.8054219000041485, 0.7968887999886647, 0.8009050999971805, 0.8085872999945423, 0.8031500000070082, 0.8073683000111487, 0.8108718000003137, 0.8015641999954823, 0.8045074999972712, 0.8026337999908719, 0.8283020999951987, 0.8005781000101706, 0.8008478000119794, 0.8189727999997558],