{"nuitka": {"warmup": [1.089748200000031, 1.0702526999957627, 1.0671398999984376, 1.0750753000029363, 1.0604290000046603, 1.0594978000008268, 1.0723168999975314, 1.0680002000008244, 1.0727534000034211, 1.069283999997424, 1.0620863999938592, 1.0694590999919455, 1.0657888999994611, 1.06878859999415, 1.075142000001506, 1.0702884999918751, 1.074734099995112, 1.064188699994702, 1.0725664000055986, 1.0708058000018355, 1.0729239000065718, 1.076712399997632, 1.070052700000815, 1.070167700003367, 1.0679481999977725, 1.0752097999938997, 1.0696080000052461, 1.065499100004672, 1.069937000007485, 1.071625500000664, 1.0695240999921225, 1.0734751999989385, 1.0698775999917416, 1.0600131999963196, 1.0692290000006324, 1.070131800006493, 1.0713504000013927, 1.0634694999898784, 1.0700779000035254, 1.0778283000108786, 1.070943000013358, 1.0761484999966342, 1.0657180999987759, 1.0715028999984497, 1.0644183999975212, 1.066026900007273, 1.064416599998367, 1.0804996999941068, 1.0700865000108024, 1.0694732000119984, 1.0676088000036543, 1.073132200006512, 1.069685099995695, 1.0691815999889513, 1.0654834000015398, 1.0641243000136456, 1.068519100008416, 1.0704840000107652, 1.0616166999971028, 1.0702281999983825, 1.0768005999998422, 1.0725627999927383, 1.061595999999554, 1.0674858999991557, 1.0655293000017991, 1.0642895999917528, 1.072744999997667, 1.0713305000099353, 1.0662558999902103, 1.0663547000003746, 1.0688350000127684, 1.0710494999948423, 1.065138100006152, 1.06718450000335, 1.0776926999969874, 1.0690175000054296, 1.0627949000045191, 1.0699278999964008, 1.0710880999977235, 1.0661260999913793, 1.0650182999961544, 1.072023700005957, 1.0692216000024928, 1.073705599992536, 1.0760725000000093, 1.0696208000008482, 1.0740471000026446, 1.0620647000032477, 1.0687738000124227, 1.0656422000029124, 1.0742740999994567, 1.0692853000073228, 1.0732083000038983, 1.0712375000002794, 1.0622689000010723, 1.076237700006459, 1.0724274999956833, 1.0674324999999953, 1.076209300008486, 1.0621252999990247], "benchmark": [1.0666020000062417, 1.0734891000029165, 1.0780746999953408, 1.0687240999977803, 1.070555799989961, 1.06982259999495, 1.066150300001027, 1.0705542999930913, 1.06787980000081, 1.0685956999950577, 1.0717639999929816, 1.0663311000098474, 1.0685450000019046, 1.0757329000043683, 1.0751535999879707, 1.0692617000022437, 1.0881850000005215, 1.0630578999989666, 1.0743401000072481, 1.0677488000073936, 1.0660071000020253, 1.0748098000040045, 1.0676632000104291, 1.070902199993725, 1.071882700009155, 1.0711512000125367, 1.0755727999930969, 1.0751072999992175, 1.0618593999970471, 1.0737713999988046, 1.0741289000143297, 1.0712004999950295, 1.0799389999883715, 1.0661410999891814, 1.080444700011867, 1.0667983000021195, 1.0642110999906436, 1.0663943000108702, 1.0715557999938028, 1.068187199998647, 1.073198100013542, 1.0695925999898463, 1.073367099990719, 1.064458900000318, 1.0696010999963619, 1.0645006999984616, 1.0585417999973288, 1.066545399997267, 1.0734508000023197, 1.0681785000051605, 1.0715509000001475, 1.069294600005378, 1.073758300000918, 1.0746332999988226, 1.0665008000069065, 1.07435369999439, 1.0745993000018643, 1.0637424000015017, 1.069660399996792, 1.07265840000764, 1.0754782000003615, 1.0755979000095977, 1.0783478999946965, 1.0775616000028094, 1.0700892000022577, 1.0655523000023095, 1.070859700004803, 1.0697805999952834, 1.0620858000038425, 1.0726743000122951, 1.0624682000052417, 1.0726968999952078, 1.0686679000064032, 1.0644947999971919, 1.067375800004811, 1.0624928000033833, 1.0667449000029592, 1.0682499000104144, 1.0634038999996847, 1.0653027000080328, 1.076160800002981, 1.0738305999984732, 1.0679568000050494, 1.0690778999996837, 1.0694933999911882, 1.0624930999911157, 1.062030400004005, 1.0697307999944314, 1.0792858000058914, 1.0671480000019073, 1.0858912000112468, 1.0734373000013875, 1.070085500003188, 1.0720631000003777, 1.0690516000031494, 1.065632199999527, 1.0882652000000235, 1.0630212999967625, 1.067745799999102, 1.0734356000029948]}, "cpython": {"warmup": [1.0952703000075417, 1.087519099994097, 1.0895178000064334, 1.0852672000037273, 1.104288300004555, 1.102491400000872, 1.0971673000021838, 1.0928129999956582, 1.0858783000003314, 1.085539300009259, 1.0930120999983046, 1.0945473999890964, 1.0939452000020538, 1.0895996000035666, 1.0893019999930402, 1.0903879999968922, 1.0933949000027496, 1.110915400000522, 1.0867699000082212, 1.1093149000080302, 1.0882374000066193, 1.1073596999922302, 1.0876274000038393, 1.0947164000099292, 1.0880112000013469, 1.0996441999886883, 1.0982239999866579, 1.1031603000010364, 1.1105305999953998, 1.087794400009443, 1.0888294000033056, 1.1109395000094082, 1.0996520000044256, 1.090099699998973, 1.0907196999905864, 1.0873419999988982, 1.0876858999981778, 1.0862538000073982, 1.0894698999909451, 1.091716599999927, 1.0897525000036694, 1.0928743999975268, 1.091377900011139, 1.100582700004452, 1.112111399997957, 1.0879066000052262, 1.099377899998217, 1.0879550999961793, 1.090944399998989, 1.0920417000015732, 1.1011607999971602, 1.0901732000056654, 1.0859348999947542, 1.0870359999971697, 1.0829723000060767, 1.0916859999997541, 1.084319500005222, 1.10192790000292, 1.096434599996428, 1.1000645000021905, 1.1012776999996277, 1.0983357999939471, 1.0867251999879954, 1.0882785999856424, 1.0832348999974784, 1.0996206999989226, 1.093654600001173, 1.0999666999996407, 1.1113079999922775, 1.0900470000051428, 1.0904678999941098, 1.0866817999922205, 1.0971837000106461, 1.0893137000093702, 1.0976997999969171, 1.1061458000040147, 1.0974759999953676, 1.0964601000014227, 1.0985569000040414, 1.0890239000000292, 1.087578199993004, 1.0913426999904914, 1.0890886999986833, 1.0971159000037005, 1.1058416000014404, 1.0974768000014592, 1.0968965999927605, 1.0878701000037836, 1.1188284999952884, 1.0956531999981962, 1.092806800006656, 1.0981030999973882, 1.085007100002258, 1.0951098000077764, 1.0924950000044191, 1.1278643999976339, 1.0874564999976428, 1.0984002000041073, 1.0921922999987146, 1.0849326999887126], "benchmark": [1.1086370999983046, 1.0882968000078108, 1.092632500003674, 1.0978323000017554, 1.092830599998706, 1.0950073999993037, 1.0850727000070037, 1.086954099999275, 1.079796099991654, 1.0901653000037186, 1.091600900006597, 1.094897500006482, 1.104876700002933, 1.0840213999908883, 1.1021807000070112, 1.0975330000073882, 1.1134591000009095, 1.0873455999972066, 1.0912431000033394, 1.0922898999997415, 1.0847090000024764, 1.0885468999913428, 1.0891159999882802, 1.0984519999910844, 1.0883287999895401, 1.0858070000103908, 1.0860023999994155, 1.095776999994996, 1.0908493000024464, 1.0905231999931857, 1.0888623999926494, 1.0853716999990866, 1.1068317000026582, 1.0877432999986922, 1.0864120999904117, 1.105325600001379, 1.0946739000064554, 1.085401299991645, 1.1000389000109863, 1.1054589999985183, 1.0983259999920847, 1.096271499991417, 1.0956248000002233, 1.0905362000048626, 1.0907425000041258, 1.0895990999997593, 1.0909328000125242, 1.096962399999029, 1.0861364000011235, 1.105455199998687, 1.0822647999884794, 1.0858482000039658, 1.0895139999920502, 1.0989607999945292, 1.103764700004831, 1.0876764999993611, 1.086604999989504, 1.085250600008294, 1.0994574000069406, 1.129017200000817, 1.0865310999943176, 1.0852656999923056, 1.0826203000033274, 1.1117704999924172, 1.0931393999926513, 1.0864480000018375, 1.0895599000068614, 1.0882516999990912, 1.0853965999995125, 1.0884174999955576, 1.0862670999922557, 1.0868267999903765, 1.085900699996273, 1.089276600003359, 1.0935242999985348, 1.098070899999584, 1.0921369999996386, 1.1006480999931227, 1.0899104999989504, 1.0964547000039602, 1.0884655999980168, 1.09070729999803, 1.1040647999907378, 1.0856104999984382, 1.091122700003325, 1.0881931999902008, 1.0872356000036234, 1.0916058000002522, 1.094582999998238, 1.122028700003284, 1.084003500000108, 1.1126481000101194, 1.0897603000048548, 1.0865506999980425, 1.0935524000087753, 1.0843857999861939, 1.0897758000064641, 1.0971111999970162, 1.0939611000067089, 1.0876619999908144]}}