{"nuitka": {"warmup": [47.53527299998677, 47.43559649999952, 47.69896949999384, 47.63064290001057, 47.364375199977076, 47.807348700007424, 47.914805699983845, 47.515526800008956, 47.57891889999155, 47.5609567000065, 47.494825200003106, 47.4540471000073, 47.676376099989284, 47.62393050000537, 47.55088159997831, 47.54920360000688, 47.83977039999445, 48.41475249998621, 47.54086649999954, 47.54661920000217, 47.55104429999483, 47.58596779999789, 47.46630390000064, 47.46439259999897, 47.61922019999474, 47.55510530000902, 47.54280609998386, 47.72737439998309, 47.44396770000458, 47.5093174999929, 47.61309950001305, 47.55174659998738, 47.65986409998732, 47.59652140000253, 47.539978100016015, 47.54038299998501, 47.51891519999481, 47.647205000015674, 47.99144179999712, 47.50301619997481, 47.41157120000571, 47.66207350001787, 47.494905900006415, 47.816575600008946, 47.594421899993904, 47.84948419997818, 47.41704420000315, 47.65611860001809, 47.84448100000736, 47.67740169999888, 47.68868829999701, 47.45431629999075, 47.539362800016534, 47.47094699999434, 47.74926169999526, 47.63988689999678, 47.610804399999324, 47.78184370000963, 47.4688002000039, 47.504274399980204, 47.46248220000416, 47.56835739998496, 47.67898959998274, 47.396218799985945, 47.47533560000011, 48.229332799994154, 47.56068009999581, 47.58566530002281, 47.457019800000126, 47.98366669999086, 47.44327069999417, 48.11736340000061, 47.51453440001933, 47.54480850000982, 47.528997799992794, 47.73243649999495, 47.68981770001119, 47.49133219997748, 47.41463980000117, 47.69657729999744, 47.56760619999841, 47.65661090001231, 48.04522180001368, 47.402271500002826, 47.90999090002151, 47.557198399998015, 47.656749999994645, 47.703457399999024, 47.384084899997106, 47.53214850000222, 47.62121219999972, 47.520735099999, 47.75923999998486, 47.48817780002719, 47.67931590002263, 47.37542199998279, 47.70827229999122, 47.65735679998761, 47.62863140000263, 47.4074002999987], "benchmark": [47.57629209998413, 47.81554819998564, 47.588122299988754, 47.582444400002714, 47.459088699979475, 47.5660887999984, 47.75852490001125, 47.56112539998139, 47.68497400000342, 47.30611440000939, 47.55443829999422, 47.43490679998649, 47.63647939998191, 47.397666900011245, 47.463689900003374, 47.288123999984236, 47.61798370000906, 47.60501060000388, 47.41039100001217, 47.614551900012884, 47.78246059999219, 47.43602739999187, 47.77965010001208, 47.6410237000091, 47.64126780000515, 47.73637189998408, 47.62453520001145, 47.47621940000681, 47.5557739000069, 47.478342699992936, 47.718818599998485, 47.53755320000346, 47.58717159999651, 47.58016679997672, 47.73682440002449, 47.77106769999955, 47.62570319999941, 47.53827009999077, 47.6710806999763, 47.67584599999827, 47.545808800001396, 47.484384499985026, 47.35611860000063, 47.63394379999954, 47.80709289998049, 47.74818049999885, 47.635650900017936, 47.412572499975795, 47.647633099986706, 47.59784679999575, 48.25854749997961, 48.275357500009704, 47.543671899999026, 47.71533439998166, 47.64604870000039, 47.562744199996814, 47.49785339998198, 47.40883999998914, 47.60456979999435, 47.79594630000065, 47.626936300017405, 47.705227500002366, 47.559557199972915, 47.8375860999804, 47.68955539999297, 47.58052410001983, 47.361382600007346, 47.3407924999774, 47.753140100016026, 47.723688699974446, 47.64689140001428, 47.40790200000629, 47.62634740001522, 47.656321599992225, 47.44782970001688, 47.42288319999352, 47.624105700000655, 47.645764100016095, 47.6380041000084, 47.45678619999671, 47.50338590002502, 48.02529580000555, 47.44893270000466, 47.44515149999643, 47.59383820000221, 48.4333714999957, 47.434946099994704, 47.536489399994025, 47.59807880001608, 47.582303500006674, 47.91512019999209, 47.65744770001038, 47.62881789999665, 47.74779920000583, 47.662426900002174, 47.50746870000148, 47.301922499987995, 47.47276599999168, 47.67705609998666, 47.665074599994114]}, "cpython": {"warmup": [47.70188519998919, 47.69689479999943, 47.540049800009, 47.473321400000714, 47.1964910000097, 47.26525630001561, 47.54623900001752, 47.09761690002051, 47.50204149997444, 47.484939200017834, 47.46507559999009, 47.306721899978584, 47.98518220000551, 47.52416600001743, 47.285539100004826, 47.43876889999956, 47.267296700010775, 47.80091789999278, 47.67080910000368, 47.25441189997946, 47.2182090000133, 47.3977361000143, 48.05245789999026, 47.88232340000104, 47.640440899995156, 47.47534240002278, 47.32119860002422, 47.31083839997882, 47.20582730000024, 47.23095349999494, 47.42169190000277, 47.25330389998271, 47.34747609999613, 47.92406180000398, 47.47671220000484, 47.65836879998096, 47.744884300016565, 47.43935629999032, 47.219271599984495, 47.53761540001142, 47.62914200001978, 47.42526360001648, 47.07150459999684, 47.11306319999858, 47.544978699996136, 47.358441399992444, 47.31140360000427, 47.49732510000467, 47.21480980000342, 47.582961700012675, 47.714244500006316, 47.9435841999948, 47.648256999993464, 47.298276999994414, 47.27150750000146, 47.56261059999815, 47.781523100013146, 47.37260579998838, 47.592484299995704, 47.353927499993006, 47.476928200019756, 47.35361879999982, 47.787075000000186, 47.38678099997924, 47.1295761000074, 47.42466209997656, 47.53187420000904, 47.31670779999695, 47.650451699999394, 47.48191600001883, 47.493080499989446, 47.53320899998653, 47.23443630000111, 47.362999900011346, 47.17255799999111, 47.65769939997699, 47.59598890002235, 47.34581899998011, 47.65148030000273, 47.1814321000129, 47.3539966000244, 47.29577860000427, 47.22459530000924, 47.397059100010665, 47.30200880000484, 47.40035060001537, 47.337102999998024, 47.23968369999784, 47.3247242999787, 47.49236970001948, 47.23564499997883, 47.431450400006725, 47.21314249999705, 47.23526970000239, 47.472289600002114, 47.90199089999078, 47.24074840001413, 47.419295900006546, 47.569481299986364, 47.673628499993356], "benchmark": [47.43928990000859, 47.27815410000039, 47.36797389999265, 47.36035050000646, 47.36949149999418, 47.31513140001334, 47.40743799999473, 47.76193909998983, 47.3978550999891, 47.28636289999122, 47.22996329999296, 47.658259099989664, 47.612066000001505, 47.57696199999191, 47.38413550000405, 47.185421900008805, 47.36481320002349, 47.41743149998365, 47.57165859997622, 47.31134360001306, 47.4929848999891, 47.423626999981934, 47.53802700000233, 47.433508600021014, 47.34424550001859, 47.45772829998168, 47.35297720000381, 47.565580099995714, 47.35736429999815, 47.35889010000392, 47.702842200000305, 47.25428779999493, 47.58300139999483, 47.520288400002755, 47.273275400017155, 47.45187620000797, 47.25312959999428, 47.42329839998274, 47.27550300001167, 47.47522129997378, 47.37652920000255, 47.41935690000537, 47.5768323999946, 47.385015700012445, 47.290924299973994, 47.35418280001613, 47.24617900000885, 47.56952089999686, 47.94299039998441, 47.64979409999796, 47.367514799989294, 47.89551460000803, 47.51784369998495, 47.328295299987076, 47.463856700022006, 47.40919209999265, 48.13096549999318, 47.46999079998932, 47.733748599974206, 47.34095499999239, 47.32094040000811, 47.316402099997504, 47.522619600000326, 47.282930699991994, 47.265762499999255, 47.41016069997568, 47.37967480000225, 47.28320370000438, 47.270110400015255, 47.14340830000583, 47.82776230000309, 47.614506899990374, 47.74239040000248, 47.33305049999035, 47.5000250999874, 47.68542720002006, 48.08245960000204, 47.453923699998995, 47.40512989999843, 47.388979199982714, 47.4019065000175, 47.41806450000149, 47.18825760000618, 47.24737130000722, 47.326170799991814, 47.58286580001004, 47.48450600000797, 47.15821779999533, 47.12671389998286, 47.55465119998553, 47.535999499988975, 47.242644300014945, 47.38497089999146, 47.220134800008964, 47.23382040002616, 47.23005759998341, 47.23816110001644, 47.561650899995584, 47.420824300003005, 47.610672699986026]}}