{"nuitka": {"warmup": [1.2532107000006363, 1.259083400000236, 1.2269228999939514, 1.2358978999982355, 1.2242516999976942, 1.243140399994445, 1.264110800009803, 1.234449499999755, 1.2269526000018232, 1.2285275000031106, 1.2314744000032078, 1.2279041000001598, 1.2347780999989482, 1.2249857999995584, 1.2383678000041982, 1.2360817000007955, 1.2481220000045141, 1.2394244000024628, 1.2386272000003373, 1.232234499999322, 1.2402115000004414, 1.2291460999986157, 1.2403351999964798, 1.2229189999925438, 1.231774800005951, 1.2305729999934556, 1.2312757000036072, 1.244873199990252, 1.2246044000057736, 1.2237842000031378, 1.235398399992846, 1.2249069999961648, 1.2494720999966376, 1.2326598999934504, 1.2293848999979673, 1.2297116999980062, 1.2300845999998273, 1.2400198000104865, 1.2214762999938102, 1.2363422999915201, 1.2345888999989256, 1.2476618999935454, 1.2511435000051279, 1.2399433000100544, 1.2371671000000788, 1.2507199999963632, 1.2602825000067241, 1.2466744999983348, 1.2300610000093002, 1.25190799999109, 1.2403143999981694, 1.2338248000014573, 1.2357374000130221, 1.244227500006673, 1.276086199999554, 1.2309169999934966, 1.2243932999990648, 1.2343255000014324, 1.2336165000015171, 1.2280482999922242, 1.2394843000074616, 1.2371792999911122, 1.235407899992424, 1.2337478999979794, 1.245477699994808, 1.2249957000021823, 1.2292566999967676, 1.2292554000014206, 1.234644500000286, 1.2313123000058113, 1.2491007999924477, 1.231849300005706, 1.2469075999979395, 1.2264665000111563, 1.2246126000100048, 1.2270093000115594, 1.2306257000018377, 1.2253672999941045, 1.2270366000011563, 1.2296314999985043, 1.2360382000042591, 1.2342662000010023, 1.240438599998015, 1.2329443000053288, 1.2253349000093294, 1.2343584000045666, 1.2276406000019051, 1.2321289000101388, 1.2258965999935754, 1.239826400007587, 1.23113130001002, 1.2526075999921886, 1.2298564000084298, 1.235749899991788, 1.2281578999973135, 1.2301051000104053, 1.2505187000060687, 1.2335500999906799, 1.2330040999950143, 1.2322478999994928], "benchmark": [1.2310753000056138, 1.235062799998559, 1.2309818000067025, 1.2334789000015007, 1.2325064000033308, 1.232466999994358, 1.228086399991298, 1.2305944999970961, 1.2327414000028512, 1.2267953999980818, 1.2389137999998638, 1.225239599996712, 1.2270434000092791, 1.2379409999994095, 1.2726159000012558, 1.2382225000037579, 1.230186999993748, 1.2336922999966191, 1.2395117999985814, 1.225864799998817, 1.2296818000031635, 1.2234078000037698, 1.2244124999997439, 1.228837200003909, 1.2294551999948453, 1.233573699995759, 1.2276947999926051, 1.2464896000019507, 1.2346331000007922, 1.2234038000024157, 1.2424145999975735, 1.229539099993417, 1.2500928999943426, 1.2366745000035735, 1.2231019000028027, 1.225989499987918, 1.2244221000000834, 1.2729066999891074, 1.2242033000075025, 1.2253684000024805, 1.228286700003082, 1.2303213999985019, 1.2358283999928972, 1.247035299995332, 1.2264957000006689, 1.2325489999930141, 1.2311275999963982, 1.2282243000081507, 1.2297777999920072, 1.2632548999972641, 1.2366753999958746, 1.2468425999977626, 1.225908200009144, 1.2407493000064278, 1.2235615999961738, 1.243858799993177, 1.2501599000097485, 1.2288709000131348, 1.2270338999951491, 1.226612300000852, 1.2242544000037014, 1.2230580000032205, 1.2333846000110498, 1.2305195999942953, 1.2356260999949882, 1.2349802999960957, 1.2312707999954, 1.2473484999936773, 1.230416399994283, 1.2411432000080822, 1.2271831999969436, 1.2369272000069031, 1.2246086999948602, 1.2244741000031354, 1.225150099999155, 1.2330166999890935, 1.2238839000056032, 1.225300200007041, 1.2424080000055255, 1.2372539999923902, 1.2378032999986317, 1.2247858000046108, 1.2349593000108143, 1.2339333999989321, 1.2289361000002827, 1.2369452999992063, 1.2224437999975635, 1.2257667999947444, 1.2322061000013491, 1.228646999996272, 1.2248811000026762, 1.2255475999991177, 1.2321138999977848, 1.247813000009046, 1.2476999999926193, 1.231155999994371, 1.2264755000069272, 1.2231414999987464, 1.221991700003855, 1.2276241000072332]}, "cpython": {"warmup": [1.262422500003595, 1.2590957000065828, 1.2394417000032263, 1.2504020999913337, 1.239249899997958, 1.2419783000077587, 1.249919800000498, 1.2466921000013826, 1.2475681000069017, 1.2509190999990096, 1.237879599997541, 1.2436124999949243, 1.2802461000101175, 1.239518100002897, 1.252286799994181, 1.2827868000022136, 1.2567841999989469, 1.243823099997826, 1.2435746999981347, 1.2444302999938373, 1.2393463000043994, 1.2696014999964973, 1.2417769000021508, 1.2964481999952113, 1.2412681999994675, 1.2368368999887025, 1.259542000014335, 1.2611703999864403, 1.2590873000008287, 1.250646099986625, 1.2424177000066265, 1.2483034000033513, 1.2560903999983566, 1.2821030000050087, 1.252125300001353, 1.2659623000072315, 1.2670719000016106, 1.2666529999987688, 1.2478968999930657, 1.2518014000088442, 1.2430317999969702, 1.2817633999948157, 1.2761423999909312, 1.242037399992114, 1.2421048999967752, 1.2413272999983747, 1.240888400003314, 1.239716900003259, 1.243135099997744, 1.240587600012077, 1.2425634000101127, 1.2388464999967255, 1.240870099994936, 1.2683477999962633, 1.260440900005051, 1.2637286999961361, 1.2450017999944976, 1.2409799000015482, 1.2452824999927543, 1.245359799999278, 1.2494301999977324, 1.2460819000116317, 1.2425433000025805, 1.244143999996595, 1.277664299996104, 1.2496996000118088, 1.2458221999986563, 1.251804900006391, 1.2438727999979164, 1.2584954999911133, 1.2406746999913594, 1.247037499997532, 1.2385936999926344, 1.2501613999920664, 1.2819421000021975, 1.2389632999984315, 1.2815042000001995, 1.2393115000013495, 1.3142238000000361, 1.2398377000063192, 1.2604242999950657, 1.2429073999956017, 1.2478056999971159, 1.2729219000029843, 1.2412280999997165, 1.249523299993598, 1.2433376000117278, 1.2401064000005135, 1.2460681999946246, 1.2442548999970313, 1.2423465000028955, 1.2469902000011643, 1.239852400001837, 1.242324800012284, 1.2434448999993037, 1.2541116000065813, 1.2456902999983868, 1.2373249999945983, 1.2439759999979287, 1.2557825999974739], "benchmark": [1.241626399991219, 1.2378637000074377, 1.2411702000099467, 1.2643611000094097, 1.2423114000121132, 1.2410992000077385, 1.2481640999903902, 1.2391197999968426, 1.2481149999948684, 1.2409150000021327, 1.2398169000080088, 1.2427157000056468, 1.241152400005376, 1.246427699996275, 1.2432158000010531, 1.242722099996172, 1.2482734000077471, 1.2507055000023684, 1.2524148999946192, 1.2494890999951167, 1.2444097999978112, 1.2429603000055067, 1.2518745999987004, 1.2394787999946857, 1.2412160000094445, 1.24137060000794, 1.240169299999252, 1.2428444999968633, 1.2392740999930538, 1.2785699000087334, 1.238963200012222, 1.2419759000040358, 1.2422252999967895, 1.241368800008786, 1.2388791999983368, 1.2440468999993755, 1.2512586999946507, 1.2806601999909617, 1.2609192000090843, 1.2460277999925893, 1.2742006000044057, 1.2776187999988906, 1.2462046000000555, 1.2419245000055525, 1.2454330000036862, 1.245223400008399, 1.2671568999940064, 1.2421340000000782, 1.2725670999934664, 1.2426471000071615, 1.2846508999937214, 1.2467177000071388, 1.2414024000026984, 1.2422630000073696, 1.239608199990471, 1.2431003999954555, 1.248444400000153, 1.245185699997819, 1.244265200002701, 1.254949399997713, 1.2555018999992171, 1.256172699999297, 1.2408871999941766, 1.2606361999933142, 1.2469259000063175, 1.2528294999938225, 1.2471952000050806, 1.242091000007349, 1.2393753999931505, 1.240042799996445, 1.2805561999994097, 1.2451200000068638, 1.2406913000013446, 1.2429446000023745, 1.2553989999869373, 1.242810299998382, 1.237516199995298, 1.242069599989918, 1.237628799994127, 1.2694239999982528, 1.2639633000071626, 1.2586538000032306, 1.2444391000026371, 1.295865699998103, 1.2454151999991154, 1.2403893000009703, 1.2455942999949912, 1.2461177999939537, 1.2630735999991884, 1.3035279999894556, 1.262339000008069, 1.2768136999948183, 1.2444169000082184, 1.2431721999892034, 1.3448538999946322, 1.2426993999979459, 1.2455895000020973, 1.2395123000023887, 1.2656042000016896, 1.2432401999976719]}}