{"nuitka": {"warmup": [1.1722114000003785, 1.154868900004658, 1.1563401000021258, 1.159121700009564, 1.1636994000000414, 1.1580297000036808, 1.1576410999987274, 1.1643348000070546, 1.178027400004794, 1.1692597000073874, 1.1627439000003505, 1.15592230000766, 1.1585463999945205, 1.1592018000083044, 1.1662653999956092, 1.155366100007086, 1.1528458000102546, 1.170179199994891, 1.1571416000078898, 1.1573648000048706, 1.1554979000065941, 1.2462665000057314, 1.156853599997703, 1.1611081000010017, 1.1571975000115344, 1.1621907999942778, 1.157701799995266, 1.1585749999940163, 1.1686629999894649, 1.1591231000056723, 1.1620165000058478, 1.177052700004424, 1.15594389999751, 1.1613171999924816, 1.1563498999894364, 1.1582860000053188, 1.1613764000067022, 1.1547239999927115, 1.158769299989217, 1.1592278000025544, 1.1641072000056738, 1.1608178000024054, 1.1574531000078423, 1.1596524000051431, 1.1642182000068715, 1.1756948999973247, 1.1604980000120122, 1.1560638999944786, 1.157427700003609, 1.1679513999988558, 1.1567868999991333, 1.158804600010626, 1.1624481999897398, 1.1713075000006938, 1.155398500006413, 1.1594553000031738, 1.163392999995267, 1.1549719999893568, 1.16756250000617, 1.1628667000040878, 1.170349799998803, 1.158715800003847, 1.1540308999974513, 1.1635714000003645, 1.1686963999964064, 1.162131799996132, 1.1672479000117164, 1.1529458000004524, 1.1568669999978738, 1.1578405000036582, 1.1527016999898478, 1.1544379999977536, 1.1597767000057502, 1.154652500001248, 1.1526568999979645, 1.1531183999904897, 1.153412900006515, 1.1539374999993015, 1.1585008000110975, 1.1564753999991808, 1.1695367000065744, 1.1514988000126323, 1.2014652999932878, 1.1511212999903364, 1.1579435000021476, 1.156756399999722, 1.1591771000094013, 1.1536586999864085, 1.1521325999929104, 1.1525671999988845, 1.1609631000028457, 1.1532409000064945, 1.17086699999345, 1.1537039000104414, 1.1571381999965524, 1.1561177999974461, 1.1534327999979723, 1.1675449000031222, 1.152768300002208, 1.1616799000039464], "benchmark": [1.1548746999906143, 1.158672999998089, 1.153932100001839, 1.1574947999906726, 1.1781188000022667, 1.164145999995526, 1.1621734000073047, 1.1624927000084426, 1.166230100003304, 1.194321899994975, 1.1731664999970235, 1.1631554999912623, 1.163771399995312, 1.15660809999099, 1.2011299000005238, 1.157348600012483, 1.1590102999907685, 1.169484799989732, 1.155538199993316, 1.1543056999944383, 1.1626687999960268, 1.1730693999998039, 1.1567745999927865, 1.1614734000031604, 1.1582282000017585, 1.1518670999939786, 1.1561271000100533, 1.154137499994249, 1.1676896000135457, 1.154165899992222, 1.1735726000042632, 1.1573437999904854, 1.1533565999998245, 1.1552659000008134, 1.1561541999981273, 1.1639522000041325, 1.161833200007095, 1.1590194000018528, 1.1686727000051178, 1.1666868000029353, 1.1673915999999736, 1.1528667000093265, 1.1633014999970328, 1.1631511000014143, 1.1585035000025528, 1.1519965000043157, 1.1595918000093661, 1.1535079999885056, 1.164707299991278, 1.160275600006571, 1.1630540999904042, 1.1557474000001093, 1.1500413000030676, 1.1591409999964526, 1.1547751000034623, 1.1661393999966094, 1.155500299995765, 1.1603495000017574, 1.155770700002904, 1.1596321999968495, 1.1495161000057124, 1.150728100008564, 1.1516240000055404, 1.159021199986455, 1.1536779000016395, 1.1566656000068178, 1.1610313999990467, 1.1521888999996008, 1.1660202000057325, 1.1704104999953415, 1.1532831999938935, 1.1800469999870984, 1.1557472999993479, 1.1536728000064613, 1.1526212000026135, 1.1601204000035068, 1.1524686999910045, 1.1686918000050355, 1.149130799996783, 1.1544775999936974, 1.1551552000019, 1.1554980000073556, 1.151047599996673, 1.1504238000052283, 1.1570099999953527, 1.1591118999931496, 1.1581393999949796, 1.1583896999945864, 1.1573739999876125, 1.1612313000077847, 1.1618302999995649, 1.1519307999988087, 1.1539721000008285, 1.1537080999987666, 1.1554857000010088, 1.1599256000044988, 1.1675767000124324, 1.210352000009152, 1.1625075000047218, 1.1548629000026267]}, "cpython": {"warmup": [1.1917940999992425, 1.169615499995416, 1.1733084000006784, 1.1717227000044659, 1.1760696999990614, 1.1750999999931082, 1.2573819999961415, 1.1706367999868235, 1.1681355000037001, 1.1861085999989882, 1.1813318000058644, 1.1740206999966176, 1.1758005000010598, 1.167561599999317, 1.1729919999925187, 1.1884528000082355, 1.1775687000044854, 1.1717653000087012, 1.1706485000031535, 1.1782850000017788, 1.1655916000017896, 1.174888199995621, 1.1900196999922628, 1.1778072000015527, 1.1797818000050029, 1.1763878999918234, 1.1661180999944918, 1.173126499998034, 1.1712132999964524, 1.1704123000090476, 1.196745799999917, 1.1699592000077246, 1.17904709999857, 1.1751171999931103, 1.1727686000085669, 1.1956520000094315, 1.1768890999956056, 1.1801550999953179, 1.1734514999989187, 1.176185100004659, 1.1728904999908991, 1.1667253999912646, 1.2299666000035359, 1.195518100008485, 1.1711420000065118, 1.175326500000665, 1.171635899998364, 1.1814517000020714, 1.1896729999862146, 1.1728386000031605, 1.1855916000058642, 1.1769136999937473, 1.1769817000022158, 1.172953699991922, 1.1837113000074169, 1.2041682999988552, 1.1855040000082226, 1.1923368999996455, 1.166935100001865, 1.1698687999887625, 1.1928563000110444, 1.1739070000039646, 1.1724285000091186, 1.1822760999930324, 1.1812787000089884, 1.1984865999984322, 1.173265099991113, 1.1768177999911131, 1.1737351000047056, 1.1814783999870997, 1.195044300009613, 1.1748013000033097, 1.1723136000073282, 1.1915394999959972, 1.1825084000010975, 1.1685866999905556, 1.1840229999943404, 1.1824729999934789, 1.2156732000003103, 1.1717973000049824, 1.1708311999973375, 1.1784031999995932, 1.182467299993732, 1.1748956000083126, 1.1896888000046602, 1.176358500000788, 1.1839236000087112, 1.1714061000093352, 1.1938618999993196, 1.168034300004365, 1.1696200000005774, 1.1743680000072345, 1.1689857000019401, 1.1758803999982774, 1.179444200010039, 1.185454899998149, 1.17746679999982, 1.183228699999745, 1.1935426999989431, 1.214421000011498], "benchmark": [1.1978631000092719, 1.1794284000061452, 1.170963099997607, 1.1939483000023756, 1.1753570000000764, 1.1936798999959137, 1.1922914999886416, 1.1919473000016296, 1.1728097000013804, 1.1707817999995314, 1.1739976999961073, 1.190831200001412, 1.1919112000032328, 1.1904403999942588, 1.204389300008188, 1.177911699996912, 1.1781514000031166, 1.1772083999967435, 1.1702075000066543, 1.1975453999912133, 1.1852723000047263, 1.1745165000029374, 1.1979274000041187, 1.1720352999982424, 1.1653525000001537, 1.1907151999912458, 1.1692467000102624, 1.174159200003487, 1.1799001000035787, 1.1973096000001533, 1.1727995999972336, 1.171710399998119, 1.1845341000007465, 1.1840321000054246, 1.1847967000067001, 1.172839800012298, 1.1718862000125227, 1.1750766999903135, 1.1784083999955328, 1.1810398999950849, 1.1740276000055019, 1.1908062000002246, 1.1760108000016771, 1.190562800009502, 1.191718400004902, 1.16835120000178, 1.1832810999912908, 1.1690611999947578, 1.1693779000052018, 1.1776960999995936, 1.2201555000065127, 1.177047199991648, 1.1842608000006294, 1.1797897000069497, 1.1685637000045972, 1.16627659999358, 1.1791352000000188, 1.1908608000085223, 1.1778390999970725, 1.1809548000019277, 1.1674245000031078, 1.1803274999983842, 1.1738544999971054, 1.1981481999973767, 1.1791473999910522, 1.1807928000052925, 1.1834824999968987, 1.1708587999892188, 1.1677214999945136, 1.1681822999962606, 1.1819052999926498, 1.178438400005689, 1.1685421000001952, 1.1748086000006879, 1.1855735999997705, 1.1698796999990009, 1.208965799989528, 1.168787999995402, 1.1781879999907687, 1.1877067999885185, 1.171301400012453, 1.1689020999911008, 1.1673054999992019, 1.1747266000020318, 1.1750143000099342, 1.1792337000078987, 1.1723904999962542, 1.1696306000085315, 1.1683702999871457, 1.192829299994628, 1.176613300005556, 1.1696542000136105, 1.178707899991423, 1.1724264999938896, 1.1690929000033066, 1.1756894999998622, 1.1643959999928484, 1.2538444999954663, 1.1705845999968005, 1.1712847000017064]}}