{"nuitka": {"warmup": [1.1007539000129327, 1.0758967000001576, 1.0785375999985263, 1.0687298999982886, 1.0817651999968803, 1.0792440999939572, 1.072829400000046, 1.0684480000054464, 1.0812007000058657, 1.0788415999995777, 1.0738703000097303, 1.0768054999934975, 1.0850216000108048, 1.0703605000016978, 1.0729500999877928, 1.076650700008031, 1.0755952000035904, 1.0758254999964265, 1.0775130999973044, 1.0764038999914192, 1.0850551000039559, 1.0794489000109024, 1.0707178999873577, 1.0779493000009097, 1.0752447999984724, 1.0776527999987593, 1.0783881000097608, 1.0701496999972733, 1.0795320000033826, 1.0778023000020767, 1.0813534000044456, 1.0883713999937754, 1.072925899992697, 1.086056499989354, 1.0739333000092302, 1.0778532000113046, 1.0882986999931745, 1.0716511999926297, 1.0775749000022188, 1.069358499997179, 1.0744046000036178, 1.0691624000028241, 1.0783835999900475, 1.0767657000105828, 1.0839211999991676, 1.0777413000032539, 1.0988262000028044, 1.0747973999968963, 1.086902499999269, 1.07465609999781, 1.075476099998923, 1.0789625000033993, 1.0748026999935973, 1.0757187999988673, 1.0828804000047967, 1.0746798000036506, 1.0758982999977889, 1.074687799991807, 1.0761517000064487, 1.0897937000117963, 1.0815434999967692, 1.0797973000007914, 1.0819037999899592, 1.0822852999990573, 1.0811494000081439, 1.0863089000049513, 1.0731513000064297, 1.0707614999992074, 1.0855425000045216, 1.0838453999895137, 1.0725467000011122, 1.0819052000006195, 1.0811422000115272, 1.078140399986296, 1.0727901999925962, 1.091081499995198, 1.0685654999979306, 1.0822609000024386, 1.0878914000059012, 1.0742861999897286, 1.0749780000041937, 1.0826278000022285, 1.0787242999940645, 1.0758592000056524, 1.0765758000052301, 1.0826263999915682, 1.0724735999974655, 1.0758448999986285, 1.0749155000085011, 1.078651699994225, 1.074473399989074, 1.079458500011242, 1.0837877000012668, 1.0914558000076795, 1.0781761999969603, 1.083016199991107, 1.0755245000036666, 1.068019500002265, 1.0684729000058724, 1.074147899998934], "benchmark": [1.0810548000008566, 1.0770167000009678, 1.0736101000074996, 1.0705249000020558, 1.0731157999980496, 1.076990499990643, 1.0773176000075182, 1.0793000999983633, 1.0810343999910401, 1.073487399989972, 1.0788208999874769, 1.0857824999984587, 1.0720020000007935, 1.0774111000064295, 1.0756347999995342, 1.082986900000833, 1.072885400004452, 1.0894448000035482, 1.0750831000041217, 1.072053900003084, 1.079464900001767, 1.0694439000071725, 1.079317199997604, 1.0772801999992225, 1.0898943999927724, 1.0851623999915319, 1.0830269000143744, 1.0800068999960786, 1.075387499993667, 1.081291999988025, 1.088571200001752, 1.087404299993068, 1.0879610999982106, 1.0754152000008617, 1.0725182000023779, 1.0793349000014132, 1.0737179999996442, 1.0780271000112407, 1.075823200008017, 1.0836214999872027, 1.0827560000034282, 1.079626000006101, 1.0728143000014825, 1.0780896999931429, 1.0832214999973075, 1.0784902000013972, 1.087026400011382, 1.0790746999991825, 1.0795294999988982, 1.074156500006211, 1.0719536999968113, 1.085170799997286, 1.087016899997252, 1.0816243999870494, 1.0782835999998497, 1.075371200000518, 1.0833389999897918, 1.0771141000004718, 1.0837545000104, 1.078132700000424, 1.0892131000000518, 1.0781094999983907, 1.0808403999981238, 1.08089050000126, 1.0788132000016049, 1.0954895000031684, 1.0809647000132827, 1.0804886999976588, 1.082191800000146, 1.0763898000004701, 1.0695544999907725, 1.0794141000078525, 1.0797113000007812, 1.076559900000575, 1.0926630000030855, 1.077244600004633, 1.0868797000002814, 1.0676505000010366, 1.0746441000082996, 1.089185799995903, 1.0776421000045957, 1.0795588000037242, 1.068290800001705, 1.0773211999912746, 1.1048053999984404, 1.079460900000413, 1.0812957000016468, 1.077773299999535, 1.0744223999936366, 1.0691808000119636, 1.0725988000049256, 1.079101499999524, 1.0803308999893488, 1.0734343000076478, 1.0859781000035582, 1.0742328000051202, 1.0915497000096366, 1.0793056000111392, 1.0720828000048641, 1.0731704999925569]}, "cpython": {"warmup": [1.151198999999906, 1.114423099992564, 1.1233486999990419, 1.117378099996131, 1.1188634999998612, 1.1119493000005605, 1.1166796000034083, 1.1233702000026824, 1.1197698000032688, 1.1107563999976264, 1.1135057999927085, 1.1308040999865625, 1.1135194999951636, 1.1206256000004942, 1.1427746999979718, 1.1312966999976197, 1.1343964000116102, 1.1195832999947015, 1.1158164000080433, 1.1106713000044692, 1.1283815000060713, 1.11205960001098, 1.1187053000030573, 1.1138229999924079, 1.1396889000025112, 1.1322489000012865, 1.1231449999904726, 1.1279795000009472, 1.1175997000100324, 1.1156006999954116, 1.1220707000029506, 1.116051699995296, 1.1161518000008073, 1.1199171000043862, 1.1350767999974778, 1.1233778000023449, 1.1201679999940097, 1.145690300007118, 1.122969500007457, 1.1123673999973107, 1.1155988000100479, 1.194226699997671, 1.1166310999979032, 1.1126186000037706, 1.1382803000014974, 1.116421700004139, 1.1390986000042176, 1.113211300005787, 1.1124712000018917, 1.1238707000011345, 1.1155233000026783, 1.1089154999936, 1.1127001999993809, 1.1204842000006465, 1.1156536000053165, 1.1357940000016242, 1.1345563999930164, 1.1132377999892924, 1.1146087999950396, 1.1413251000049058, 1.1219088999932865, 1.1146411999943666, 1.1147559999953955, 1.1475931000022683, 1.1158026999910362, 1.1353765999956522, 1.1558574000082444, 1.123295400000643, 1.1357550000102492, 1.1138638999982504, 1.1136890000052517, 1.112096400000155, 1.1296578999899793, 1.1144387999956962, 1.116138500001398, 1.1120169000059832, 1.1171076000027824, 1.1138640000135638, 1.1141485999978613, 1.120350099998177, 1.129702799997176, 1.1121048999921186, 1.1119499000051292, 1.1159745000040857, 1.1116589000012027, 1.1243054999940796, 1.1149217000056524, 1.1282486999989487, 1.114945199995418, 1.11755290000292, 1.1158170999988215, 1.5321071000071242, 1.1174362000019755, 1.1153615999937756, 1.1439006000000518, 1.1405099999974482, 1.1150313000107417, 1.110583100002259, 1.1155143000069074, 1.1310111000057077], "benchmark": [1.1171502999932272, 1.130356399997254, 1.1136079999996582, 1.1181919000082416, 1.1308263999962946, 1.126359699992463, 1.1215522999991663, 1.1286800999951083, 1.1459738999983529, 1.1177906999946572, 1.1288001000066288, 1.1135734000126831, 1.1232447000074899, 1.1295409000013024, 1.1392877999896882, 1.1198757999954978, 1.1176596000004793, 1.1111402999958955, 1.1290405000036117, 1.1109609999984968, 1.1153382000047714, 1.1188231999985874, 1.1332916999963345, 1.1112053999968339, 1.1155129999970086, 1.1186443000042345, 1.1486242999962997, 1.1221550000045681, 1.113719700006186, 1.134020600002259, 1.116784199999529, 1.1243611999962013, 1.1143426000053296, 1.1276718999870354, 1.1168800000014016, 1.141610300008324, 1.1167494999972405, 1.1199915999895893, 1.1940097000042442, 1.1132870000001276, 1.1244133000000147, 1.1241322999994736, 1.117543200001819, 1.1198724999994738, 1.1285702000022866, 1.1128309999912744, 1.113899500007392, 1.149960100010503, 1.1161736999929417, 1.1138664999889443, 1.127613000004203, 1.113698499990278, 1.131301799992798, 1.1161118000018178, 1.1117934999929275, 1.1143355999956839, 1.1106402000004891, 1.1120422999956645, 1.136973599990597, 1.114094100004877, 1.1105934999941383, 1.118583099989337, 1.1240705999953207, 1.1178099000098882, 1.1297236999962479, 1.1421656000020448, 1.1090724999958184, 1.132307599997148, 1.1224942999979248, 1.1139887999888742, 1.1134942000062438, 1.1110919999919133, 1.1176399999967543, 1.1185322000092128, 1.1382470999960788, 1.1128575000038836, 1.1152038000000175, 1.114810099999886, 1.1138716999994358, 1.443757100001676, 1.1236767999944277, 1.1113058000046294, 1.110575799990329, 1.1422915000002831, 1.120452999995905, 1.1196984999987762, 1.1187347000086447, 1.1232298000104493, 1.1131967999972403, 1.1252245999930892, 1.1213144999928772, 1.121936800002004, 1.1182402000122238, 1.1179399999964517, 1.1209551000065403, 1.1132876000046963, 1.1300827000086429, 1.1112436999974307, 1.1190464999963297, 1.1162629000027664]}}