{"nuitka": {"warmup": [1.421514699999534, 1.387229700001626, 1.327802599998904, 1.3259576999989804, 1.3910749000006035, 1.369522799999686, 1.3261302999999316, 1.3760999999994965, 1.3275188999996317, 1.372815000000628, 1.3253005000005942, 1.3489006999989215, 1.3621834999994462, 1.3516388999996707, 1.3256350999999995, 1.3268848999996408, 1.326805400000012, 1.32753220000086, 1.376400499999363, 1.3264058000004297, 1.3659943000002386, 1.3767937000011443, 1.3251129999989644, 1.3386779000011302, 1.3276242000010825, 1.326284000000669, 1.3273830999987695, 1.3279027999997197, 1.3302461999992374, 1.3770782999999938, 1.3612303999998403, 1.3268016999991232, 1.3678030999999464, 1.4020388999997522, 1.3716442000004463, 1.3553435000012541, 1.3747226999985287, 1.3255860000008397, 1.368445599999177, 1.3635669000013877, 1.325513100000535, 1.3906374999987747, 1.330873500000962, 1.3262044999992213, 1.3655333999995491, 1.3264397000002646, 1.3591190999995888, 1.3257522999992943, 1.325728199999503, 1.326659300000756, 1.3887703000000329, 1.333162999999331, 1.3257790000006935, 1.3244383000001108, 1.3691773999998986, 1.3278464000013628, 1.3234632999992755, 1.3255478000010044, 1.3738525999997364, 1.3222015000010288, 1.3399979999994684, 1.385292400000253, 1.3581208000014158, 1.38701570000012, 1.3803950999990775, 1.366184799999246, 1.376029799999742, 1.3236259999994218, 1.3507914999991044, 1.3268864000001486, 1.3743470999997953, 1.3255590000007942, 1.3265465000004042, 1.3743937999988702, 1.3254367999998067, 1.329608800000642, 1.3291401999995287, 1.3859632999992755, 1.3273014000005787, 1.3216497999983403, 1.324728599998707, 1.3669866000000184, 1.3685676000004605, 1.3254529999994702, 1.3636745999992854, 1.3877071999995678, 1.3253934000003937, 1.3694507000000158, 1.379032200000438, 1.3664049000017258, 1.3774985000000015, 1.3698412999983702, 1.3321295999994618, 1.3752949999998236, 1.3261550000006537, 1.3261504000001878, 1.3632113999992725, 1.3627835999996023, 1.3248555999998644, 1.3241190999997343], "benchmark": [1.3252253999999084, 1.3256313000001683, 1.323275900000226, 1.3483187000001635, 1.361647300000186, 1.3723819000006188, 1.326469999999972, 1.3697452000014891, 1.3400058999995963, 1.3421930000004068, 1.3486826000007568, 1.324945899999875, 1.3655214000009437, 1.355862000000343, 1.370412000000215, 1.3716154000012466, 1.3790076999994199, 1.3630658999991283, 1.3688256999994337, 1.3790649000002304, 1.3955535000004602, 1.3256631000003836, 1.3677698999999848, 1.3685987000008026, 1.324817400000029, 1.3241519000002882, 1.3240597999993042, 1.361258300001282, 1.3264318000001367, 1.3310280999994575, 1.3329321000001073, 1.3271125000010215, 1.3671806000002107, 1.361579200000051, 1.3620274999993853, 1.3617971999992733, 1.3681801000002451, 1.359407399999327, 1.3359725999998773, 1.3246459999991202, 1.3682872000008501, 1.3280844000000798, 1.3622957000006863, 1.3778311999994912, 1.4056196999990789, 1.362898999999743, 1.385754299999462, 1.4063275000007707, 1.325599300000249, 1.3697711999993771, 1.3248798000004172, 1.3247800000008283, 1.3279837999998563, 1.3809356000001571, 1.3297309999998106, 1.4061904000009235, 1.3290739000003668, 1.3862741000011738, 1.366786199998387, 1.330091399999219, 1.377275599999848, 1.325962900000377, 1.3251688000000286, 1.377328500000658, 1.3380363999986002, 1.3653179000011733, 1.357297300000937, 1.3259169000011752, 1.325057599999127, 1.3763969000010547, 1.3268110000008164, 1.3660134000001563, 1.3663744999994378, 1.325787499999933, 1.330803200000446, 1.3659086000006937, 1.3783527000014146, 1.3613783000000694, 1.3696911000006367, 1.3722361000000092, 1.3675328999997873, 1.3719385000003967, 1.3271597000002657, 1.3656642000005377, 1.374913400000878, 1.360967000000528, 1.3711856999998417, 1.3405897000011464, 1.371979999999894, 1.3874240999994072, 1.3782515999992029, 1.379041000000143, 1.3255476000013005, 1.3245071999990614, 1.326438700001745, 1.3278357000017422, 1.3624213000002783, 1.3290905000030762, 1.3284789999997884, 1.3265205999996397]}, "cpython": {"warmup": [1.4719052000000374, 1.4758465999984764, 1.4190957999999227, 1.4121407999991789, 1.4637498000010964, 1.4151951999992889, 1.4642092999965826, 1.467728800002078, 1.4757331999971939, 1.419815799999924, 1.4276996000007784, 1.4172175000021525, 1.8878154999983963, 1.4578923999979452, 1.418030799999542, 1.4215115000006335, 1.4195728999984567, 1.420379999999568, 1.4133046999995713, 1.4573264999999083, 1.4210189000004902, 1.4091267000003427, 1.4605029999984254, 1.4493370999989565, 1.4681978999979037, 1.459636199997476, 1.4688971000032325, 1.4121634999974049, 1.4131167000014102, 1.433253600000171, 1.4088398000021698, 1.462941599998885, 1.4193193999999494, 1.4270058000001882, 1.4632471000004443, 1.4664020000018354, 1.4128036000001885, 1.4116549999998824, 1.4125235000028624, 1.4624708999981522, 1.4577946000026714, 1.4340207999994163, 1.419593700000405, 1.4148296999992453, 1.4624923000010313, 1.4172756000007212, 1.412620600000082, 1.4594123999995645, 1.4591381999998703, 1.46651429999838, 1.4151146999975026, 1.4144565999995393, 1.4180564999987837, 1.4150558000001183, 1.446861300002638, 1.4151201999993646, 1.414406500000041, 1.4654958999999508, 1.4663828000011563, 1.4153478000007453, 1.4128711999983352, 1.4145339999995485, 1.4767369000001054, 1.4698468999995384, 1.4199552000027325, 1.4547080999982427, 1.4452837999997428, 1.4170928000021377, 1.4620484999977634, 1.4157252000004519, 1.4591876000013144, 1.421561200000724, 1.4133395999997447, 1.4110098000019207, 1.4139508999978716, 1.4205654999968829, 1.4623876999976346, 1.4475853000003553, 1.4154495999973733, 1.4628354000014951, 1.4153245000015886, 1.4598542000021553, 1.4081991000020935, 1.463849100000516, 1.4601216999981261, 1.4217357000015909, 1.4447238000029756, 1.461795000002894, 1.4150418000026548, 1.4054175000019313, 1.415257799999381, 1.4678309999981138, 1.4620140000006359, 1.4145277999996324, 1.4632363999990048, 1.45929679999972, 1.419725700001436, 1.424454500000138, 1.4225496999970346, 1.432318999999552], "benchmark": [1.4792186000013317, 1.4133068000010098, 1.4199779000009585, 1.4244493000005605, 1.4668515000012121, 1.410770999998931, 1.4607550000000629, 1.4316012000017508, 1.4248788000004424, 1.415712900001381, 1.4132592000023578, 1.4580611999990651, 1.4189716000000772, 1.4167006999996374, 1.4356904999986, 1.4624433999997564, 1.4697684000020672, 1.4635498999996344, 1.4128810000001977, 1.4332466000014392, 1.4139276999994763, 1.412177000001975, 1.4212753000028897, 1.4233423999976367, 1.4117111999985354, 1.4129121000005398, 1.4238474999983737, 1.4234405999995943, 1.4207635999991908, 1.4193718999995326, 1.436221600000863, 1.4206583999985014, 1.4227678999995987, 1.407887600002141, 1.4637392000004184, 1.4656627999975171, 1.415582199999335, 1.4180602000014915, 1.4174844999979541, 1.4665763999983028, 1.415655799999513, 1.415831899998011, 1.415390900001512, 1.460620599998947, 1.4153163999981189, 1.4201663000021654, 1.4661601999978302, 1.4132214999990538, 1.415150699998776, 1.461335700001655, 1.4659350999972958, 1.4125966999999946, 1.424019899997802, 1.4615685999997368, 1.4263283000000229, 1.4165108999986842, 1.4633291999998619, 1.4160110999982862, 1.4593939000005776, 1.4617221000007703, 1.4181948000004923, 1.4129957000004651, 1.413145499998791, 1.4570541000030062, 1.466371500002424, 1.4142329999995127, 1.42143379999834, 1.4147889999985637, 1.4620316999971692, 1.4195188999983657, 1.4146743999990576, 1.460970099997212, 1.4200955999986036, 1.4128199999977369, 1.4668639000010444, 1.464443200002279, 1.4787598000002617, 1.4221598999974958, 1.4626102000001993, 1.4110148999970988, 1.422781599998416, 1.4293136000014783, 1.4223285000007309, 1.435302199999569, 1.4152443000020867, 1.4676689999978407, 1.4734478999998828, 1.4185788000031607, 1.4180264999995416, 1.412731899999926, 1.4654332000027352, 1.4167408000030264, 1.4196635000007518, 1.413548799999262, 1.412100500001543, 1.4124104000002262, 1.4761575000011362, 1.4516714999990654, 1.4115677000008873, 1.4609545999992406]}}