{"nuitka": {"warmup": [1.4317322999995667, 1.3238622000062605, 1.35281070000201, 1.3405262999876868, 1.3165079999889713, 1.3464612000097986, 1.3398165999969933, 1.3437984000047436, 1.356569199997466, 1.3436261999886483, 1.3554146999958903, 1.3274258000019472, 1.3099683000036748, 1.359363299998222, 1.344043999997666, 1.341452599997865, 1.3581544999906328, 1.355910699989181, 1.3182793000014499, 1.3437387000012677, 1.3483624999935273, 1.3497872000007192, 1.3572525999916252, 1.3137219000054756, 1.32250280000153, 1.354796699990402, 1.3436330999975326, 1.3359792999981437, 1.3137859999987995, 1.3559432000038214, 1.3585762000002433, 1.340185000008205, 1.3545464999915566, 1.3189656000031391, 1.347867699994822, 1.3699387999949977, 1.4061965000000782, 1.3545485999929952, 1.3199163999961456, 1.3164169000083348, 1.347832900006324, 1.3551637999917148, 1.356982400000561, 1.3153255000070203, 1.3620037999935448, 1.3196656000072835, 1.3555498000059742, 1.315731800001231, 1.3554873999964911, 1.3451074000040535, 1.3507940999988932, 1.3141429999959655, 1.3245500000048196, 1.3442316000000574, 1.3438585999974748, 1.3437376000074437, 1.3295240000006743, 1.3555454000015743, 1.3546889999997802, 1.9952722000016365, 1.3147835999989184, 1.3535461999999825, 1.3577189999923576, 1.357476500008488, 1.3533629999874393, 1.3408823999925517, 1.3544504000019515, 1.3456340999982785, 1.3157055999909062, 1.3599447999877157, 1.3306045999925118, 1.3413266999996267, 1.3559619000006933, 1.3533025999931851, 1.357096100007766, 1.3604493000020739, 1.3578371000039624, 1.3166335999994772, 1.316532199998619, 1.3409308999980567, 1.343366100001731, 1.3585435999993933, 1.3161715999885928, 1.3556873000052292, 1.3433832000009716, 1.314782000001287, 1.3160353999992367, 1.3348910000058822, 1.3143201999919256, 1.3140161000046646, 1.3476512000052026, 1.3139029999874765, 1.3579341000004206, 1.3312755999941146, 1.3273967999994056, 1.315339300010237, 1.319352099992102, 1.3178045999957249, 1.3201522000017576, 1.3547474999941187], "benchmark": [1.3139771999994991, 1.372700200008694, 1.36347109999042, 1.3175611999904504, 1.313761199999135, 1.3222158999997191, 1.3169641999993473, 1.312246799992863, 1.3468031999946106, 1.356191899991245, 1.3429135000042152, 1.320466299992404, 1.3485351000126684, 1.315246300000581, 1.3145427000126801, 1.3600980999908643, 1.3593269999983022, 1.355965800001286, 1.3214736000081757, 1.327191499993205, 1.3317630999954417, 1.3260624000104144, 1.3140488999924855, 1.3445398999901954, 1.3548627000127453, 1.3147704000002705, 1.3133451999892714, 1.314612500005751, 1.3159518000029493, 1.3166331000102218, 1.357936600004905, 1.3144132000015816, 1.3571720000036294, 1.354377099996782, 1.3162784000014653, 1.3224982999963686, 1.354472999999416, 1.3446334000036586, 1.3575024999881862, 1.3417732999951113, 1.3554567000101088, 1.3607954000035534, 1.3447353999945335, 1.3557358999969438, 1.3429544999962673, 1.3285296999965794, 1.3161458999966271, 1.3555057000048691, 1.3609356000088155, 1.3443952999950852, 1.3550918999972055, 1.31533070000296, 1.314775799997733, 1.3180591999989701, 1.3410622000083094, 1.316295500000706, 1.3552485999971395, 1.355117600003723, 1.3287115999992238, 1.3557207999983802, 1.3575487000052817, 1.3167318999912823, 1.3525014000042574, 1.3138681999989785, 1.3141963000089163, 1.3157432000007248, 1.3555785000062315, 1.3589190999919083, 1.318400499993004, 1.3287439999985509, 1.315109900009702, 1.3163664000021527, 1.35442210000474, 1.3546216999966418, 1.316440299997339, 1.3155606999935117, 1.355615200009197, 1.3301665999897523, 1.318408699997235, 1.3165660999948159, 1.3210583000036422, 1.3518334000109462, 1.3427763000072446, 1.354666500003077, 1.3169533000036608, 1.3442729000089457, 1.3278699000074994, 1.3141302000003634, 1.3473613999958616, 1.3533406000060495, 1.3539611000014702, 1.320575399993686, 1.35712610000337, 1.3021450999949593, 1.3575841999991098, 1.3478423999913502, 1.3495098999992479, 1.3575901000003796, 1.3176800000073854, 1.3317612999962876]}, "cpython": {"warmup": [1.4159837000042899, 1.4580650999996578, 1.407221200002823, 1.4533900000096764, 1.4066100000054576, 1.4572260999993887, 1.4556812999944668, 1.4063936000020476, 1.4575686000025598, 1.4696355999913067, 1.460545900001307, 1.457933800003957, 1.4533762000064598, 1.39834119999432, 1.4526011999987531, 1.4597991000046022, 1.4551479999936419, 1.4048011999984737, 1.4009029000008013, 1.3987174999929266, 1.4517462000076193, 1.453713799986872, 1.4027657999977237, 1.4012701000028756, 1.4490362999931676, 1.4520577000075718, 1.450634100008756, 1.4097217999951681, 1.4525494999979855, 1.455234399996698, 1.3991731999994954, 1.3982125999900745, 1.4526601999968989, 1.4489275999949314, 1.3975687000056496, 1.4105790000030538, 1.3990038000047207, 1.4532890999980737, 1.4551692999957595, 1.4752313999924809, 1.3995814999943832, 1.4530615999974543, 1.4523733999958495, 1.4530582000006689, 1.450836200005142, 1.4512446000007913, 1.4193887000001268, 1.4560302999889245, 1.4522384000010788, 1.4495669000025373, 1.3968786000041291, 1.4484181000007084, 1.4547881999897072, 1.465296299997135, 1.4524961999995867, 1.3863519999868004, 1.3978289000078803, 1.4527661000029184, 1.4504130999994231, 1.4574637000041548, 1.3989016000123229, 1.4489289000048302, 1.4795712000050116, 1.4575269000051776, 1.4055418999923859, 1.4538503999938257, 1.3996436999877915, 1.3960553999932017, 1.4544182999961777, 1.4088033000007272, 1.460791599994991, 1.4087249000003794, 1.454678199996124, 1.414625100005651, 1.450766999987536, 1.3984692000085488, 1.3703807999991113, 1.3963351999991573, 1.454956299989135, 1.4439171999983955, 1.3864048999967054, 1.450573499998427, 1.4394543999951566, 1.3999005999939982, 1.3965262999990955, 1.4579784000088694, 1.411503499999526, 1.4499084999988554, 1.3997142000007443, 1.4516003999888198, 1.445236900006421, 1.4148589000105858, 1.4002346999914153, 1.4485270000004675, 1.413863699999638, 1.4499606000026688, 1.452916300011566, 1.4018905999982962, 1.4548850000137463, 1.4553926000080537], "benchmark": [1.451555499996175, 1.4209314000036102, 1.4209884000010788, 1.4738708000077168, 1.4016855000081705, 1.4670738999993773, 1.4615984999982174, 1.456870500012883, 1.4206573999981629, 1.4197089000081178, 1.4734958000044571, 1.4560978999943472, 1.4201413999981014, 1.4042732000089018, 1.4096437999978662, 1.4216257000080077, 1.4162339999893447, 1.4523900999920443, 1.47033760001068, 1.4057658999954583, 1.4019631999981357, 1.4507646999991266, 1.453821400005836, 1.4535947999975178, 1.4022526000044309, 1.4548795000009704, 1.4009087000013096, 1.4002742000011494, 1.4544365000037942, 1.4041614000016125, 1.4122235999966506, 1.4500891000061529, 1.455591199992341, 1.456803499997477, 1.455804299999727, 1.4542636999976821, 1.400544499992975, 1.4542560999980196, 1.4600046999985352, 1.3979218000022229, 1.4542771999986144, 1.454342999990331, 1.4012753999995766, 1.4086153999960516, 1.4171282000024803, 1.457851800005301, 1.4696266999962972, 1.4020699999964563, 1.4018337999877986, 1.4017790999932913, 1.406664099995396, 1.3996406999940518, 1.40080940000189, 1.4665855999919586, 1.4613509000046179, 1.383561099995859, 1.3991983000014443, 1.401149199999054, 1.4535876000009011, 1.40791999999783, 1.452835900010541, 1.4126936999964528, 1.4036183999996865, 1.398308800009545, 1.4053508000069996, 1.4051248000032501, 1.3997350999998162, 1.3970482000004267, 1.4015648999920813, 1.398779099996318, 1.4495454999996582, 1.4160317000059877, 1.4521907000016654, 1.3801249999960419, 1.4653585000050953, 1.3981566000002204, 1.3966222000017297, 1.4485488000063924, 1.454061600001296, 1.4454645000078017, 1.4029766000021482, 1.4220255999971414, 1.4044001999864122, 1.4028146999917226, 1.3994406999991043, 1.4053237000043737, 1.4036985999991884, 1.471283000006224, 1.465366599994013, 1.4551351000118302, 1.4543521000014152, 1.4553926999942632, 1.3999541999946814, 1.4176638999924762, 1.4452189000003273, 1.4067591000057291, 1.454626399994595, 1.4576266999938525, 1.395166699992842, 1.4521226999931969]}}