{"nuitka": {"warmup": [1.8913353999960236, 1.6069164000073215, 1.59080140000151, 1.537538600008702, 1.5331851999944774, 1.577380600007018, 1.537737400009064, 1.444977299994207, 1.4653048000036506, 1.4914909999934025, 1.5132186000118963, 1.4728103000088595, 1.5577841000049375, 1.5197844000067562, 1.5060464000125648, 1.4923998000012944, 1.4619254999997793, 1.49255510000512, 1.4457589999947231, 1.4318472000013571, 1.4761995000008028, 1.4719497999903979, 1.449007100003655, 1.4325556999974651, 1.4290293000085512, 1.5566159000009065, 1.4679295999958413, 1.4380478000093717, 1.4820407000079285, 1.5641619000089122, 1.628264599989052, 1.62599629999022, 1.5520361000089906, 1.509928100000252, 1.5431501999992179, 1.5407333000039216, 1.5931955999985803, 1.4102702000091085, 1.4199445999984164, 1.5541004999977304, 1.4482181999919703, 1.464716899994528, 1.5470304000045871, 1.3883392999996431, 1.458377200004179, 1.4158144999964861, 1.444235100003425, 1.4134332999965409, 1.5420824000029825, 1.5333434000058332, 1.4462974000052782, 1.4264791000023251, 1.4821730999974534, 1.4648393999959808, 1.4287930999998935, 1.4809694999858038, 1.5347692000068491, 1.480465800006641, 1.555368000001181, 1.528170699995826, 1.467055300003267, 1.5354733999993186, 1.5583266000030562, 1.5387288000056287, 1.5773661999992328, 1.5092335999943316, 1.5427687000046717, 1.421409600006882, 1.4803475999942748, 1.5224004999909084, 1.4572640999977011, 1.4327297999989241, 1.4582245000055991, 1.4296977999911178, 1.4887451999966288, 1.463455699995393, 1.3964749000006123, 1.4459066999988863, 1.4807174000015948, 1.430387400003383, 1.464309900009539, 1.4477014000003692, 1.4513461000024108, 1.5243019000045024, 1.526329500004067, 1.4508349999960046, 1.4396672000002582, 1.4895446000009542, 1.4678914999967674, 1.4772563000005903, 1.4376030999992508, 1.4797318000055384, 1.4985593000019435, 1.5003824000013992, 1.47829400000046, 1.5739821000024676, 1.444448399997782, 1.4719140999950469, 1.419170099994517, 1.4637167999899248], "benchmark": [1.5458020999940345, 1.5228401000058511, 1.4179138000035891, 1.475994799999171, 1.501952299993718, 1.4529365999915171, 1.4386733999999706, 1.424225299997488, 1.485257599997567, 1.4688351999939186, 1.4526498000050196, 1.4051782000024104, 1.4077068000042345, 1.432829600002151, 1.4582369999989169, 1.4532683999859728, 1.380826500011608, 1.4671177999989595, 1.4203071000083582, 1.4707092000026023, 1.437698099995032, 1.4437682999996468, 1.416624799996498, 1.4378908000071533, 1.3740454000071622, 1.4525503999902867, 1.4609109999873908, 1.4651140000059968, 1.4466257999883965, 1.4634293999988586, 1.382036099996185, 1.4685745999886421, 1.4275606000010157, 1.4175293000007514, 1.4138650999957463, 1.514795499999309, 1.4767775000073016, 1.4042655999946874, 1.4047448999917833, 1.416940800001612, 1.3607882999931462, 1.5321331000013743, 1.4225221999950008, 1.4960471999947913, 1.3827213000040501, 1.4110594999947352, 1.4085863000073005, 1.4600606000021799, 1.411121599987382, 1.444997999991756, 1.4092117999971379, 1.3759922000026563, 1.4425974000041606, 1.4815339999913704, 1.4863561999954982, 1.385950399999274, 1.4688444000057643, 1.4497598000016296, 1.3781059000029927, 1.4448919999995269, 1.436448999986169, 1.3647286000050372, 1.428925899992464, 1.4201585999981035, 1.4497421999985818, 1.4309929000010015, 1.4636929999978747, 1.4327226000023074, 1.4069870999956038, 1.4274891000095522, 1.430985300001339, 1.4103561999945669, 1.407508099990082, 1.4550318000110565, 1.4361728000076255, 1.4260841999930562, 1.4453787999955239, 1.464484199997969, 1.3495345000119414, 1.4186197999952128, 1.4371708999969997, 1.4657597000041278, 1.429109000004246, 1.4081347000028472, 1.4248329999973066, 1.5660986000002595, 1.430318200000329, 1.4054686000017682, 1.4451788000005763, 1.4452320999989752, 1.427512399997795, 1.4414516999968328, 1.4449554000020726, 1.5361128999938956, 1.4093528000084916, 1.4426696000009542, 1.460617300006561, 1.4304881999996724, 1.4318266999907792, 1.5174079999997048]}, "cpython": {"warmup": [1.4690608999953838, 1.4997077000007266, 1.5376617000001715, 1.4652490000007674, 1.433739100000821, 1.4581994000036502, 1.5097775999893202, 1.570751699997345, 1.530261200008681, 1.427599899994675, 1.4722952000010991, 1.4822858000115957, 1.585145699995337, 1.4685790999938035, 1.5164396000036504, 1.4382555000047432, 1.4755014999973355, 1.3998776000080397, 1.4834726999979466, 1.624074200008181, 1.4439722999959486, 1.4994493999984115, 1.414739500003634, 1.4868881000002148, 1.4474585999996634, 1.4879467999999179, 1.4311901000037324, 1.4248824999958742, 1.5204398000059882, 1.5408839999872725, 1.4943252999946708, 1.4936313000071095, 1.4545704999909503, 1.46333980000054, 1.4512852000043495, 1.4175166999921203, 1.446984499998507, 1.446069700003136, 1.4603026999975555, 1.4727799000102095, 1.4500276999897324, 1.424393000008422, 1.4735473000037018, 1.537455300000147, 1.4834440999984508, 1.4664190000039525, 1.4475509000039892, 1.4571480000013253, 1.4729504999995697, 1.3990038999909302, 1.4661808999953791, 1.4758922000037273, 1.4247111000004224, 1.4477515000035055, 1.457961799998884, 1.395962700000382, 1.4968817999906605, 1.4486240999976872, 1.4052898999943864, 1.4719978000066476, 1.4776859999983571, 1.538049199996749, 1.586282799995388, 1.487981900005252, 1.5683026000042446, 1.4540821999980835, 1.501603199998499, 1.5311393000010867, 1.4514024000091013, 1.4652472999878228, 1.4532586999994237, 1.57332260000112, 1.4503207999950973, 1.476825200006715, 1.4398222000017995, 1.4459664000023622, 1.4680224000039743, 1.4882634000096004, 1.4390058999997564, 1.49106380000012, 1.4987706999963848, 1.489961500003119, 1.4497291000006953, 1.416441199995461, 1.4670550000009825, 1.5787154999998165, 1.449755699999514, 1.462780699992436, 1.4828686999971978, 1.4564497000101255, 1.4790695999981835, 1.4692305000062333, 1.4562736000079894, 1.5561615999904461, 1.4493936000071699, 1.4722171000030357, 1.484001699995133, 1.476518399998895, 1.5058325999998488, 1.4856822000001557], "benchmark": [1.4788028000039048, 1.5004700000135927, 1.4365002999984426, 1.4987060999992536, 1.5402886000083527, 1.5641536000039196, 1.5705710999900475, 1.4742594999988796, 1.6441636000090512, 1.4169662999920547, 1.562575600008131, 1.4607442999986233, 1.3964963000034913, 1.547890500005451, 1.5311759000032907, 1.5057936000084737, 1.4639178000070387, 1.516468400004669, 1.5753812000039034, 1.4703467000072123, 1.4640824000089196, 1.5315114999975776, 1.4225148999976227, 1.472352899989346, 1.4603126000001794, 1.4099234000022989, 1.5202970999962417, 1.452437399988412, 1.5688876000058372, 1.4844844000035664, 1.5612318999919808, 1.467020500000217, 1.4973462000052677, 1.5158957999956328, 1.4687013999937335, 1.4853824000019813, 1.5714415999973426, 1.4551374000002397, 1.4199156999966362, 1.4384360999974888, 1.505891699998756, 1.5531702999869594, 1.5148962000093888, 1.4654061000037473, 1.4225015999982134, 1.5833878999983426, 1.4789400000008754, 1.502654399999301, 1.5064497999992454, 1.4752332999923965, 1.517035600001691, 1.4876405999966664, 1.5019971000001533, 1.4754761999938637, 1.4318231999932323, 1.4933803000021726, 1.4685465000075055, 1.4896443000034196, 1.4451287999982014, 1.5946656000014627, 1.5064122000039788, 1.5014368999982253, 1.449812100006966, 1.4973584999970626, 1.4911404000013135, 1.484133899997687, 1.4798066000075778, 1.4612994000053732, 1.4434413999988465, 1.4779260000068462, 1.459622099995613, 1.4985454999987269, 1.467857499999809, 1.454723400005605, 1.498908699999447, 1.4188039000000572, 1.4825368000019807, 1.449589099996956, 1.476622900008806, 1.4210372999950778, 1.4632419999979902, 1.5488901999924565, 1.489300800007186, 1.4376705000031507, 1.4409778999979608, 1.4645892999978969, 1.4830833000014536, 1.5214358000084758, 1.475282100000186, 1.4686866999982158, 1.4219459000014467, 1.5138322999991942, 1.4686338000028627, 1.4688734999945154, 1.3927910999918822, 1.5047499999927823, 1.4702289000124438, 1.4156369999982417, 1.4159997000097064, 1.461096600003657]}}