{"nuitka": {"warmup": [1.7295576999895275, 1.5450235000025714, 1.5266357000073185, 1.6417781000054674, 1.5149051000043983, 1.5102903000079095, 1.6088034999993397, 1.507589500004542, 1.514850599996862, 1.481713300003321, 1.4781227000057697, 1.617317500000354, 1.4605475999996997, 1.4682061999919824, 1.5444413000077475, 1.435548800000106, 1.5424819999898318, 1.5195833999896422, 1.5271576999948593, 1.4073177000100259, 1.460335199997644, 1.4360069999966072, 1.449436599999899, 1.5194439999904716, 1.4262312000064412, 1.5056799999874784, 1.4390734000044176, 1.5461325000069337, 1.514573400010704, 1.4327871999994386, 1.4591027999995276, 1.4743165999971097, 1.5314584000007017, 1.5441602999926545, 1.44327709999925, 1.419278800007305, 1.4219941000046674, 1.4215942000009818, 1.418439799992484, 1.4224366999987978, 1.4187242000043625, 1.4368179000011878, 1.552276799993706, 1.553838399995584, 1.5068936000025133, 1.5355813000060152, 1.477089000007254, 1.5599064999987604, 1.4982894999993732, 1.5556828999979189, 1.466403900005389, 1.5335349999950267, 1.4557431000139331, 1.414033399996697, 1.439938199997414, 1.4650296000036178, 1.5310177999926964, 1.5111794999975245, 1.4447627000045031, 1.4430658999917796, 1.4283717000071192, 1.410719199993764, 1.517805399998906, 1.4615267000044696, 1.4261870999907842, 1.4543472999939695, 1.438836800007266, 1.579742299989448, 1.4356195000000298, 1.4405256999889389, 1.4940107000002172, 1.4417091000068467, 1.4414811000024201, 1.451722300000256, 1.4386369999992894, 1.462521100009326, 1.4148111999966204, 1.4375929000088945, 1.4152130000002217, 1.4584839000017382, 1.429054799998994, 1.4094631000043591, 1.4372169999987818, 1.4452123999944888, 1.4349173000082374, 1.4289939000009326, 1.418023299993365, 1.5402687000023434, 1.4451995999988867, 1.4915138999931514, 1.4470404000021517, 1.470365799992578, 1.4309783000062453, 1.4518619000009494, 1.534418299997924, 1.5366587000025902, 1.4368961000000127, 1.4343365999957314, 1.4485057999991113, 1.465515800009598], "benchmark": [1.4211280000017723, 1.4297565999877406, 1.5517243000067538, 1.4431020000047283, 1.446470800001407, 1.4141820999939227, 1.4480098999920301, 1.5609245999949053, 1.4433895999973174, 1.471629000006942, 1.4579085000004852, 1.5005448000010801, 1.427029999991646, 1.5228970999887679, 1.47525059999316, 1.5039298999909079, 1.477796600011061, 1.4108202999923378, 1.5152880999958143, 1.4801670000015292, 1.5740202000015415, 1.5308569000044372, 1.5192325999960303, 1.534208099998068, 1.4230303000076674, 1.403593200011528, 1.4164861000026576, 1.40974780000397, 1.5343867000046885, 1.5423028000077466, 1.4326264999981504, 1.4180739000003086, 1.552247300001909, 1.4438643000030424, 1.4518825999984983, 1.4435669999948004, 1.4541576000046916, 1.5368740000121761, 1.4420932999928482, 1.5094985999894561, 1.4431162000109907, 1.4648049999959767, 1.4265343000006396, 1.5870864000025904, 1.5504153000074439, 1.4172497999970801, 1.4275810000108322, 1.4261450999911176, 1.4323338000103831, 1.4154606000083731, 1.4131607000017539, 1.403426799995941, 1.4460335000039777, 1.450192899996182, 1.4089062999992166, 1.4523207000020193, 1.4443564000102924, 1.430631600000197, 1.4599008999939542, 1.4732712999975774, 1.451328499999363, 1.4673122000094736, 1.55039809999289, 1.5335334000119474, 1.4534203999937745, 1.5374270000029355, 1.5387173000053735, 1.45279070000106, 1.5713105000031646, 1.5567454999982147, 1.4442218000040157, 1.5120533000008436, 1.4436678999918513, 1.4283380000124453, 1.418647600003169, 1.4265385000035167, 1.4610040999978082, 1.4215652000129921, 1.5291530999966199, 1.4442451000068104, 1.5482174000062514, 1.443435099994531, 1.4357382000016514, 1.4438461999961874, 1.4120660000044154, 1.4408354999904986, 1.5146678000019165, 1.4630123000097228, 1.3925200999947265, 1.4009436999913305, 1.51492970000254, 1.4923364000133006, 1.416609600011725, 1.5110301000095205, 1.5173498999938602, 1.3852420000039274, 1.5399907000100939, 1.470093399999314, 1.545533800002886, 1.4293528999987757]}, "cpython": {"warmup": [1.6234113999962574, 1.6055302000022493, 1.4813492999965092, 1.4939605999970809, 1.5110666999971727, 1.4689853000018047, 1.5257492999953683, 1.6007881999976235, 1.5856223999871872, 1.536140099997283, 1.6103123000066262, 1.5965626999968663, 1.5576999000040814, 1.5146581000008155, 1.5482747000060044, 1.5753924000018742, 1.5897844999999506, 1.471951400002581, 1.6121787000010954, 1.6256591999990633, 1.616895699989982, 1.644091499998467, 1.6712244000082137, 1.5872909000026993, 1.7431019000068773, 1.5681623999989824, 1.6473087999911513, 1.6030649000022095, 1.5243159000092419, 1.7240497000020696, 1.5966563999973005, 1.49364770000102, 1.6426705999911064, 1.5216763000062201, 1.5004265000025043, 1.5190956999867922, 1.5680475999979535, 1.49963679999928, 1.6194366999989143, 1.5856619999976829, 1.6500009000010323, 1.4429171999945538, 1.4550746000022627, 1.562449100005324, 1.6171921999921324, 1.7217666000069585, 1.564941100004944, 1.5587698000017554, 1.5607592000014847, 1.5627031999902101, 1.633279899993795, 1.596617100003641, 1.5172449999954551, 1.4961827999941306, 1.4967008999956306, 1.5749342999915825, 1.5951781000039773, 1.602864699991187, 1.5315960999869276, 1.585744900003192, 1.471091699990211, 1.7119638999865856, 1.5798727000073995, 1.5970059999963269, 1.575384599986137, 1.6015565999987302, 1.53562109998893, 1.4454874999937601, 1.5338956999912625, 1.581822899999679, 1.598467999996501, 1.4737649000016972, 1.5758301000023494, 1.4826809999940451, 1.5477437999943504, 1.504205599994748, 1.4774392999970587, 1.6032253000012133, 1.5240046999970218, 1.628878599993186, 1.5220794000051683, 1.6020064999902388, 1.5415563999995356, 1.600303300001542, 1.666387000004761, 1.5032388999970863, 1.6331784999929368, 1.5368139000056544, 1.600540400002501, 1.6165900999912992, 1.4851988000009442, 1.4202504999993835, 1.5910543999925721, 1.6914753000019118, 1.564505599992117, 1.6119520000065677, 1.859209500005818, 1.5756228000100236, 1.5037717999948654, 1.537620800008881], "benchmark": [1.5546264000004157, 1.5319350000063423, 1.7504860000044573, 1.5765772000013385, 1.5726319000095828, 1.5162145999929635, 1.4887823000026401, 1.580430800007889, 1.4998695000103908, 1.5101460000005318, 1.6040513000043575, 1.594275999988895, 1.5493553999986034, 1.7920024000050034, 1.5914474000019254, 1.5614781999902334, 1.408302999989246, 1.7911797999986447, 1.5589009000104852, 1.7225934000016423, 1.559113299997989, 1.551279200008139, 1.760462500009453, 1.6884725000127219, 1.4535924999945564, 1.5013674999936484, 1.5539367999881506, 1.5918742999929236, 1.5856229000055464, 1.52808869999717, 1.622567699989304, 1.6151871000038227, 1.5942271999956574, 1.5332648999901721, 1.6861487999995006, 1.6430343999963952, 1.646218099995167, 1.7533030999911716, 1.6398137000069255, 1.6495234000030905, 1.6018856000009691, 1.7104719000053592, 1.6199049999995623, 1.7025083000044106, 1.5959468000073684, 1.4744993000058457, 1.6164649999991525, 1.5955785999976797, 1.530175000007148, 1.7418631999898935, 1.6312246000015875, 1.6481418000039412, 1.6283074999955716, 1.6137907999946037, 1.5346017999981996, 1.6834100999985822, 1.5102086999977473, 1.5822245000017574, 1.6504445000027772, 1.6403850999922724, 1.6341684000071837, 1.6146346999885282, 1.748199299996486, 1.454065800004173, 1.59423329999845, 1.60390550000011, 1.5753610000101617, 1.6407916999887675, 1.6329094999964582, 1.6903699999966193, 1.6048675999918487, 1.548284100004821, 1.7561518000002252, 1.5968130999972345, 1.5863187000068137, 1.6269886000081897, 1.656133000011323, 1.625780799993663, 1.740660499999649, 1.5025451999972574, 1.4789724000002025, 1.5909161000017775, 1.7079864999977872, 1.5853911000012886, 1.6597376999998232, 1.533175399992615, 1.499112100005732, 1.722156100004213, 1.6024439000029815, 1.6791010000015376, 1.6590213000017684, 1.5646888000046602, 1.5819570000021486, 1.697453200002201, 1.623735699991812, 1.5031509999971604, 1.5614353999990271, 1.8088904000032926, 1.6234347999998135, 1.5878576999966754]}}