{"nuitka": {"warmup": [2.2085086000006413, 1.6059004999988247, 1.7159763000090607, 1.6200260999903549, 1.7016349999903468, 1.7218468000064604, 1.574899600003846, 1.5719919000111986, 1.666259000005084, 1.5746867999987444, 1.6639403000008315, 1.6744197999942116, 1.6440673999895807, 1.6364308000047458, 1.6211523999954807, 1.5369005000102334, 1.6106591999996454, 1.6125700999982655, 1.7101384999987204, 1.5276267000008374, 1.870474399998784, 1.5821441000007326, 1.5946892999927513, 1.5613586000108626, 1.6479438999958802, 1.5307463000062853, 1.5088073999941116, 1.4968935999932, 1.6386694999964675, 1.6127892999938922, 1.4949359000020195, 1.617424199997913, 1.6632472000055714, 1.5348287000088021, 1.6249776000040583, 1.6222162000049138, 1.5189721000060672, 1.5902897999912966, 1.6217426000075648, 1.625257599996985, 1.615665400007856, 1.6098570000031032, 1.5027274000021862, 1.7023085999971954, 1.5104017999983625, 1.6205334999976913, 1.575330199993914, 1.6430451000051107, 1.6470144000049913, 1.6602143000054639, 1.5325818999990588, 1.5343476999987615, 1.653448800003389, 1.6121060000004945, 1.529480400000466, 1.6278084000077797, 1.6111860999953933, 1.6639386000024388, 1.483786800003145, 1.5906601000024239, 1.648679699996137, 1.5163351000082912, 1.5972878000029596, 1.553337899997132, 1.4426681000040844, 1.6278052999987267, 1.6264967000024626, 1.6266237999952864, 1.5928812999918591, 1.6124539000011282, 1.535066000011284, 1.5447884000022896, 1.603335399995558, 1.6526742999994894, 1.6616480999946361, 1.5387936999904923, 1.6326338999933796, 1.606306500005303, 1.6364657999947667, 1.6370877999870572, 1.5827309000014793, 1.5790825999865774, 1.5931869000050938, 1.6297945999976946, 1.6594926999969175, 1.621364500009804, 1.617515200006892, 1.5466421000019182, 1.6511422000039602, 1.6584972999989986, 1.6178963999991538, 1.7114108999958262, 1.64390789999743, 1.622155399993062, 1.6717612000065856, 1.5852247000002535, 1.5618057000101544, 1.5102917999902274, 1.6307010000018636, 1.5348877000069479], "benchmark": [1.617027500004042, 1.5976997999969171, 1.6065664000052493, 1.5774917999951867, 1.554361800008337, 1.4951175000023795, 1.6395601999975042, 1.6496982999960892, 1.5204750999982934, 1.707453600000008, 1.593678799996269, 1.6143120999913663, 1.5929328000056557, 1.611088400008157, 1.5230798000120558, 1.625651199996355, 1.6789016999973683, 1.6710086000093725, 1.6003071000013733, 1.6376556999894092, 1.5967926000012085, 1.6262143000058131, 1.6438773999980185, 1.6047231999982614, 1.53702560000238, 1.5977312999893911, 1.512866600009147, 1.5866881999972975, 1.6172213999961969, 1.5314220000000205, 1.525941200001398, 1.6092428999982076, 1.5820776000036858, 1.6026377999951364, 1.6026922000019113, 1.7091931000031764, 1.533154500008095, 1.7002820999914547, 1.7531999000057112, 1.607627200006391, 1.578935099998489, 1.5863088000041898, 1.6094010999950115, 1.6002665999985766, 1.6045462000038242, 1.588211100010085, 1.499354300001869, 1.5394910000031814, 1.556042600001092, 1.5391028000012739, 1.4105179000034695, 1.4958858000027249, 1.5775922000029823, 1.6044476999959443, 1.5868855999869993, 1.414484499997343, 1.596046100006788, 1.5160849999956554, 1.574017000006279, 1.6234508999914397, 1.6249160000006668, 1.688763399986783, 1.6038391000038246, 1.6072257999912836, 1.615266699998756, 1.5551220000052126, 1.6323414999933448, 1.4801855999976397, 1.582853800005978, 1.5949213999992935, 1.5173852000007173, 1.497394499994698, 1.4932501999865053, 1.5133961999963503, 1.6186337000108324, 1.5195394000038505, 1.6117312999995193, 1.4939982000068994, 1.6356346999964444, 1.6003017000039108, 1.6300445000088075, 1.5602305000065826, 1.5189568000059808, 1.5041459999920335, 1.5538488999882247, 1.4639265000005253, 1.7907615000003716, 1.588969400007045, 1.478948500007391, 1.609991799996351, 1.5877829999953974, 1.5723507000075188, 1.6251084999967134, 1.615015700008371, 1.505524799998966, 1.5411917000019457, 1.5902831999992486, 1.5849784000020009, 1.601237900002161, 1.520417500010808]}, "cpython": {"warmup": [1.8123644000006607, 1.5051721000054386, 1.571648400000413, 1.691485700008343, 1.6976809999905527, 1.7349441999976989, 1.6960972000088077, 1.6960139000002528, 1.8770577999966918, 1.5826307999959681, 1.548289799990016, 1.6503976999956649, 1.8545269000023836, 1.5719497999962186, 1.6704446000076132, 1.8481451999978162, 1.5249274999951012, 1.7238018000061857, 1.6251193000061903, 1.5009124999924097, 1.6310967000026722, 1.6133019999979297, 1.6839146999991499, 1.6283912000071723, 1.5399713999941014, 1.7248532000085106, 1.6452172999997856, 1.6311246999975992, 1.4963303000113228, 1.5401014999952167, 1.63917140000558, 1.7517667999927653, 1.4749722999986261, 1.754939700011164, 1.6677803999918979, 1.5273271999903955, 1.6681258000025991, 1.5184847000055015, 1.7341517999884672, 1.8701627999980701, 1.6688451999943936, 1.6448046000004979, 1.7421199999953387, 1.8553594999975758, 1.5634678000060376, 1.8386264000000665, 1.6004336000041803, 1.5091491999919526, 1.647047599995858, 1.8522542999999132, 1.5964372000016738, 1.8128995999868494, 1.759785299989744, 1.6031120999978157, 1.6309948999987682, 1.8957172999944305, 1.5650595999904908, 1.6630423000024166, 1.8608345000102418, 1.6798999000020558, 1.7353111000120407, 1.671041099994909, 1.6482353000028525, 1.6470990999951027, 1.7370632999954978, 1.6193189000041457, 1.5865270999929635, 1.5320527000003494, 1.5585377999959746, 1.5390487000113353, 1.84086440000101, 1.6779055000079097, 1.5385845999990124, 1.6976971999974921, 1.5479220999986865, 1.6330009000084829, 1.7124490999995032, 1.6162312000087695, 1.4807885000045644, 1.7059585999959381, 1.502144899990526, 1.6203467999876011, 1.5435069000086514, 1.6385656999918865, 1.662817599994014, 1.814095499998075, 1.7593381999904523, 1.5888727999990806, 1.613196499994956, 1.7227340999961598, 1.6449546000076225, 1.5015280999941751, 1.6020285000122385, 1.599987699999474, 1.809201199997915, 1.8350573999923654, 1.6098808999959147, 1.4415405999898212, 1.5614685000036843, 1.6529732000053627], "benchmark": [1.7123186999961035, 1.7683031000051415, 1.5509686000004876, 1.6903256999939913, 1.6337450999999419, 1.8154747000080533, 1.582775999995647, 1.6471772999939276, 1.7345442999940133, 1.6268895999965025, 1.6092744000052335, 1.6513521000015317, 1.5701105000043754, 1.8615212000004249, 1.6156827000086196, 1.7166537000011886, 1.6014626000105636, 1.5195322000072338, 1.8171569999976782, 1.725611999994726, 1.6910548000014387, 1.6340746999921976, 1.5553371999994852, 1.544032599995262, 1.5470777000009548, 1.6591154000052484, 1.7015826999995625, 1.7520380999922054, 1.6320276999904308, 1.7271613999910187, 1.509775599988643, 1.6079123999952571, 1.6813225999940187, 1.6161337999947136, 1.637178099990706, 1.6556478999991668, 1.7550780000019586, 1.6481288000068162, 1.6699115999945207, 1.6775343000044813, 1.8783947000047192, 1.5712125999998534, 1.878718599997228, 1.6262718999932986, 1.523889499992947, 1.7389862000127323, 1.6932525000011083, 1.773088200003258, 1.6353888000012375, 1.7215385000017704, 1.6404558999929577, 1.6927880000002915, 1.6449888000061037, 1.702028200001223, 1.7408150999981444, 1.5909773999883328, 1.6012678999977652, 1.7120139000035124, 1.5514975999976741, 1.7433377000124892, 1.5350547999987612, 1.751339199996437, 1.730227099993499, 1.859538300006534, 1.5778714000043692, 1.539267000000109, 1.750999399999273, 1.7552200999925844, 1.5021517999994103, 1.708458299995982, 1.67145100000198, 1.6316418000060366, 1.6609467999951448, 1.7892228999990039, 1.7523382999934256, 1.860878399995272, 1.662020300005679, 1.478240900003584, 1.533556900001713, 1.6174903999926755, 1.6190058999927714, 1.6718868000025395, 1.6577778000064427, 1.5489396000048146, 1.571507400003611, 1.769696399991517, 1.8371169000020018, 1.6339248000003863, 1.687339800002519, 1.7591503000003286, 1.7470616999926278, 1.7556063999945763, 1.5375650999922073, 1.7866680000006454, 1.547511199998553, 1.6513539000006858, 1.8697341000079177, 1.6164168999966932, 1.6865965000033611, 1.5675049999990733]}}