{"nuitka": {"warmup": [1.6116651000047568, 1.409516600004281, 1.4118793999950867, 1.3954023999976926, 1.4182944000058342, 1.410936699990998, 1.393051100007142, 1.3841108000051463, 1.4640650999936042, 1.4134387999947648, 1.3735548999975435, 1.3888602999941213, 1.387733899988234, 1.408895600005053, 1.3748160999966785, 1.2781474999937927, 1.3992370000050869, 1.3615884000028018, 1.3704487000068184, 1.4010711000009906, 1.3937489000090864, 1.3932177999959094, 1.3440234000008786, 1.3363132999947993, 1.3945218000008026, 1.3406452000053832, 1.318605899999966, 1.3717917000030866, 1.3977127999969525, 1.3574298000021372, 1.3437439000117593, 1.3405704999895534, 1.3385450999921886, 1.3195662000071025, 1.3126423000067007, 1.3616080000065267, 1.340709700001753, 1.377025699999649, 1.366237700000056, 1.3275167999963742, 1.3197797000029823, 1.3923979999963194, 1.3171609999990324, 1.325263000006089, 1.3189076999988174, 1.3723851999966428, 1.353491000001668, 1.4287696999963373, 1.376114200000302, 1.3222647000075085, 1.3408316999993986, 1.3872741000086535, 1.3970696000033058, 1.3197551000048406, 1.4167874999984633, 1.3609314000059385, 1.4100726999895414, 1.355577499998617, 1.3577838000055635, 1.3639890999911586, 1.3826563999900827, 1.343101899998146, 1.3486302999954205, 1.380796500001452, 1.337674499998684, 1.3703212999971583, 1.3777077999984613, 1.3463865000085207, 1.348096700006863, 1.335161800001515, 1.3909033000090858, 1.3311270999984117, 1.3586287000071025, 1.3340904000069713, 1.3373432999942452, 1.3766432999982499, 1.343667799999821, 1.3169389000104275, 1.3375079999968875, 1.351484500002698, 1.3603227999992669, 1.346712300000945, 1.3752364999963902, 1.326751399989007, 1.3458213999983855, 1.3564792999968631, 1.393800400008331, 1.3398343999870121, 1.3514388999901712, 1.3668369999941206, 1.3628033999993932, 1.2916377000074135, 1.3938736999989487, 1.3341193000087515, 1.3895733999961521, 1.4112386999913724, 1.4321696999977576, 1.3820164000062505, 1.3422532999975374, 1.3565587000048254], "benchmark": [1.4419653000077233, 1.3614220000017667, 1.4000869000010425, 1.378475299992715, 1.379908400005661, 1.3511089999956312, 1.3887380000087433, 1.3157486999989487, 1.3493197000061627, 1.3655377000104636, 1.3693579000100726, 1.37342700001318, 1.412029099999927, 1.5459987000067485, 1.3630316999915522, 1.381270099998801, 1.4195067999971798, 1.3690817999886349, 1.3605914999934612, 1.3578029000054812, 1.3708591000031447, 1.3157461999944644, 1.4353955999977188, 1.3748839000036241, 1.4274315999937244, 1.3791093000036199, 1.376894100001664, 1.3191554999939399, 1.4004295000049751, 1.3701282999973046, 1.3521283000009134, 1.3980031999963103, 1.3865270999958739, 1.3782872000010684, 1.3812217999948189, 1.3720726000028662, 1.3813291999977082, 1.4340548000036506, 1.3871276999998372, 1.37132059999567, 1.3645194999990053, 1.3636366999999154, 1.368179199998849, 1.3452206000074511, 1.3615438999986509, 1.3669001999951433, 1.3592628000042168, 1.3518464999942807, 1.2786024000088219, 1.3644430000131251, 1.3775867000076687, 1.3604704999888781, 1.3626075000065612, 1.5485049999988405, 1.3646010000084061, 1.3758779000054346, 1.381251600003452, 1.3853145000030054, 1.379606499991496, 1.5203198999952292, 1.3860060000006342, 1.3074786000070162, 1.3445205000025453, 1.3622546000115108, 1.3580300000030547, 1.342873799992958, 1.3516215999989072, 1.3668370000086725, 1.3490153000020655, 1.3624467000045115, 1.3520159000036074, 1.3663136000104714, 1.3574175999965519, 1.351996400000644, 1.3679397000087192, 1.3392935000010766, 1.4223276999982772, 1.3504642000043532, 1.3409132999950089, 1.5095708000008017, 1.40731660000165, 1.3479296000004979, 1.4375434000103269, 1.3046470999979647, 1.2727815999969607, 1.3629677999997512, 1.3499114000005648, 1.3767209999932675, 1.3693398000032175, 1.348807400005171, 1.376270699998713, 1.3530731999926502, 1.3607623999996576, 1.3480282999953488, 1.346342500008177, 1.2960764000017662, 1.3758219000010286, 1.2809894000092754, 1.3407085000071675, 1.4151443999871844]}, "cpython": {"warmup": [1.5964414000045508, 1.5676666999934241, 1.4101418999925954, 1.4692915000050562, 1.5701031999924453, 1.4834774999908404, 1.3863027000043076, 1.5704491000069538, 1.5468724999955157, 1.4197545999923022, 1.555958199998713, 1.361400699999649, 1.5472875000123167, 1.5222406999964733, 1.3906439999991562, 1.540965199994389, 1.5362939999904484, 1.337467999997898, 1.4659072999929776, 1.458098199989763, 1.570478199995705, 1.4662542000005487, 1.3790589999989606, 1.5546143000101438, 1.399749399992288, 1.5290853999904357, 1.5371310999908019, 1.5481651999871247, 1.3814815000077942, 1.374672499994631, 1.4422564000124112, 1.5675900999922305, 1.4317129999981262, 1.3979468000034103, 1.5584998999984236, 1.5339526000025216, 1.3341466999991098, 1.4309516999928746, 1.5376453999924706, 1.3801695000001928, 1.5648095000069588, 1.3892194999934873, 1.5261151000013342, 1.3426636999938637, 1.3421872000035364, 1.3617569000052754, 1.3847680000035325, 1.5304449000104796, 1.3944577000074787, 1.369750700003351, 1.3869014000083553, 1.3882700000103796, 1.380504100001417, 1.4583647000108613, 1.3845435999974143, 1.333524400004535, 1.5425405999994837, 1.5478904000046896, 1.4551513999904273, 1.4449668000015663, 1.4506618000013987, 1.3116751000052318, 1.4737217999936547, 1.398809499994968, 1.471806600005948, 1.3674898000026587, 1.56641889999446, 1.400816900000791, 1.56703620000917, 1.4034408000006806, 1.3605053999926895, 1.35122379999666, 1.54283089999808, 1.3979531000077259, 1.38943609999842, 1.5363363999931607, 1.3941361000033794, 1.3889144999993732, 1.465818999990006, 1.3262529000057839, 1.5387211000052048, 1.4379064999957336, 1.3674885000073118, 1.3704694000043673, 1.349204500002088, 1.5336475000076462, 1.3415889000025345, 1.3829882999998517, 1.3425206999963848, 1.3385522000025958, 1.510515400004806, 1.3711531000008108, 1.454786200003582, 1.37080029999197, 1.4385500999924261, 1.4493984000000637, 1.5322044999920763, 1.3971495000005234, 1.534962200006703, 1.3956246000016108], "benchmark": [1.4771080999926198, 1.5410061000002315, 1.5314956000074744, 1.4592492999945534, 1.4405030999914743, 1.4626270000007935, 1.4751861999975517, 1.4374494999938179, 1.4617965999932494, 1.5183437999949092, 1.4030295999982627, 1.3497088000003714, 1.4020163000095636, 1.5298378000006778, 1.4375089000095613, 1.3847278999892296, 1.5408445999928517, 1.4614606000104686, 1.3938303999893833, 1.3395158999919659, 1.5315466000029119, 1.5121419000060996, 1.3467053999920608, 1.369782199995825, 1.5288548999960767, 1.3846756000129972, 1.5208303999970667, 1.5300977000006242, 1.34089550000499, 1.4080429000023287, 1.3578071999945678, 1.401217499995255, 1.3588010000094073, 1.4427702000102727, 1.4038777999958256, 1.5497085000097286, 1.4658873000007588, 1.3682490999926813, 1.3340764000022318, 1.5257343999983277, 1.337035399992601, 1.3433777999889571, 1.378543200000422, 1.5388092000066536, 1.3788899999926798, 1.4419199999974808, 1.4438527000020258, 1.5216564000002109, 1.5611854000017047, 1.3820971999957692, 1.3814114999986487, 1.3710952999972505, 1.535557199997129, 1.580037000006996, 1.5331453999970108, 1.5295492000004742, 1.327651000014157, 1.5193214999890188, 1.5333068000036292, 1.3698070000100415, 1.379507099991315, 1.4774479000043357, 1.4038831999932881, 1.4703645999979926, 1.4416730999946594, 1.4387339999957476, 1.3636067999905208, 1.3739165000006324, 1.467411000005086, 1.531041499998537, 1.374982599998475, 1.461516000010306, 1.447984100013855, 1.4562437999993563, 1.3930474999942817, 1.3764384999958565, 1.3301051000016741, 1.4006714999995893, 1.5261615000054007, 1.3903138000023318, 1.3929234000097495, 1.5251583000062965, 1.5339842999965185, 1.3833096000016667, 1.3948462999978801, 1.2800737000070512, 1.4302401000022655, 1.5650811999948928, 1.5643706999981077, 1.3553574999968987, 1.4146656999946572, 1.5685741000052076, 1.3953067999973428, 1.5004025000089314, 1.4782111000095028, 1.600527399990824, 1.3250753000029363, 1.469710200006375, 1.6010231999971438, 1.458372099994449]}}