{"nuitka": {"warmup": [2.6350429999874905, 2.18933370000741, 2.222049899995909, 2.183958399997209, 2.095016100007342, 2.058799300008104, 2.188858399997116, 2.1919173000060255, 2.0356299999984913, 2.149567999993451, 2.142954599999939, 2.160367500007851, 2.173405100009404, 2.008376700003282, 2.1167848000040976, 2.0455546000011964, 2.0363255999982357, 2.021001000000979, 2.097295599989593, 2.108403799997177, 1.9983643000014126, 2.1253737999941222, 2.114006200004951, 2.1135619999986375, 1.925975500009372, 2.1084724999964237, 2.035392999998294, 2.166272400005255, 2.16375930000504, 2.055088399996748, 2.160928099998273, 2.2460339999961434, 2.090295200003311, 2.1353519999975106, 2.064927400002489, 1.9941639000026044, 2.2047555000026478, 2.103019400004996, 2.006983399987803, 2.062699200003408, 2.1395001000055345, 2.060788999995566, 2.119598199991742, 2.030246599999373, 2.1614386000001105, 2.114515499997651, 2.1523282999987714, 2.0662071999977343, 2.1789610000123503, 2.1339627999986988, 2.2031472000089707, 1.9714308999973582, 2.052574600005755, 2.1833588000008604, 2.0689338999945903, 2.251323100004811, 2.1341142999881413, 2.1035986999922898, 2.074504000003799, 2.1299473000108264, 2.043546700006118, 2.071796100004576, 2.1647133999940706, 2.225743999995757, 2.0691720000031637, 1.9988234000047669, 2.053998199990019, 2.0202083999902243, 2.0985418999916874, 1.9810604000085732, 2.187077299997327, 1.9599013999977615, 2.08800259999407, 2.1126113000063924, 2.080914899997879, 2.1125036999874283, 2.212914899995667, 1.969399700014037, 2.073799100005999, 2.1054858999996213, 2.106643000006443, 2.0961100999993505, 1.998752700004843, 1.9866374999983236, 2.1321111999859568, 2.0997885999968275, 1.9916817999910563, 2.000082400001702, 1.9954378999973414, 2.132267299995874, 2.1810202000051504, 2.1378836000076262, 1.9824654000112787, 2.0101633000012953, 2.10132600000361, 2.1420282000035513, 2.1813750000001164, 2.203759900003206, 2.178498799999943, 2.0492348999978276], "benchmark": [2.0260753000038676, 2.0365319999982603, 2.009322899990366, 2.1342225999978837, 2.1224283000046853, 2.0140874999924563, 1.9860794999985956, 2.1386644000012893, 2.1811441000027116, 2.0643773000047076, 2.093401600010111, 1.9891503999970155, 2.0357241000019712, 2.0526333000016166, 2.011316899996018, 2.1090807000000495, 2.0320006999972975, 2.051973400011775, 1.9859969999961322, 1.993632300000172, 2.007934400011436, 2.015490600009798, 2.232766300003277, 2.3128647999983514, 2.018891600004281, 2.0335747999924934, 2.182655299999169, 2.1003572000045097, 1.9950761000072816, 1.9893885000055889, 1.9818684000056237, 2.0157034999865573, 2.0698122000030708, 1.9609855000016978, 2.148129599998356, 2.15691199999128, 2.0391537999967113, 2.105353599996306, 2.095545799995307, 2.1325677999993786, 2.0504892000026302, 2.1446672000020044, 2.11295809999865, 2.136853099989821, 2.2430832000100054, 2.30748339999991, 2.1925456000026315, 2.129345999986981, 2.0334853999956977, 2.1249872999906074, 2.143584399993415, 2.1243920999986585, 2.0384726999909617, 2.0458951999899, 2.100334600007045, 2.1159403000056045, 2.024467499999446, 2.078815400003805, 2.2224404999869876, 2.005150199998752, 2.172993600004702, 2.141726900008507, 2.122500299999956, 2.1512486999999965, 2.1223589000001084, 2.2011161999980686, 2.169471800007159, 1.9948101000045426, 2.077302400008193, 2.0755262000020593, 2.1580857999942964, 2.0056742999877315, 2.0230799000128172, 2.0589925999956904, 2.1188646999944467, 2.049972099994193, 2.1193335999996634, 2.151434400002472, 2.135406300003524, 2.1322466999990866, 2.1128580999939004, 2.1721268000110285, 2.117747700001928, 1.9897035000030883, 2.060742700006813, 2.0333091999928, 2.203626100003021, 2.1128398000000743, 2.02650399999402, 2.2130886999948416, 2.2116983000014443, 2.0343940000020666, 2.150284500006819, 2.1713163000094937, 2.0803433999972185, 2.181384399998933, 2.1153133000043454, 2.119042600010289, 2.1222985000058543, 2.0283735999983037]}, "cpython": {"warmup": [2.282695700007025, 2.052514599999995, 2.023170000000391, 2.1734021000011126, 2.1297641999990446, 2.0308537000091746, 2.0460358999989694, 2.035853199995472, 2.0456751999881817, 2.2152925999980653, 2.0121841999934986, 2.0654375000012806, 2.043706700002076, 2.032894900010433, 2.066934800008312, 2.121157800007495, 2.034678799987887, 2.0173344000068028, 2.2789607000013348, 2.0864419999998063, 2.0416675000014948, 2.0179096999927424, 2.1148981000005733, 2.0122768999863183, 2.0331450999947265, 2.028833999997005, 1.99674750000122, 2.0428797000058694, 2.062463599999319, 2.0661783999967156, 2.029110599993146, 2.191074199989089, 2.180609600007301, 2.032920400000876, 2.103933100006543, 2.020681900001364, 2.0510321000037948, 2.0293013000045903, 2.188634300007834, 2.012863700001617, 1.9782228999974905, 2.038765199991758, 2.019432199987932, 2.2073426999995718, 2.2970798000023933, 2.2092101000016555, 2.036293500001193, 2.0295375999994576, 2.0356386000057682, 2.0196463000029325, 2.0303949999943143, 2.039351600004011, 2.003931300001568, 2.006477300004917, 2.0545474999962607, 2.020180099993013, 2.196413500001654, 2.0534468999976525, 2.2186191999935545, 2.0559148999891477, 2.0692022000002908, 2.0639060999965295, 2.0686144000064814, 2.048143899999559, 2.1041774000041187, 2.088377499996568, 2.223001700011082, 2.185006700005033, 2.093608499999391, 2.011015900003258, 2.045067699989886, 2.1043742000038037, 2.028480100008892, 2.0285473999974784, 2.018949099991005, 2.0093824000068707, 2.0403980999981286, 2.08177550000255, 2.0636502999986988, 2.079277099997853, 2.0176430999999866, 2.050700899999356, 2.0525819000031333, 1.9966896999976598, 2.1911137999995844, 2.0412000000069384, 2.1057369000045583, 2.214866800000891, 2.0271498000074644, 2.070783000002848, 2.1044437999953516, 2.0635176000068896, 2.03534899999795, 2.037654300002032, 2.067374899997958, 2.1117901999969035, 2.052283400000306, 2.0158511999907205, 2.041524499989464, 2.016109400006826], "benchmark": [2.10302340000635, 2.0445163999975193, 2.0554231999994954, 2.086265599995386, 2.119838200000231, 2.048828200000571, 2.2235120000113966, 2.0155217999999877, 2.028917600007844, 2.032311099988874, 2.0123151000007056, 1.9963492000097176, 2.040480799987563, 2.0773447999963537, 2.063016099986271, 2.020275600007153, 2.04677649999212, 2.018571199994767, 2.0548253000015393, 2.017319699996733, 2.094376500012004, 2.078513700005715, 2.1935310999979265, 2.0450230999995256, 2.055647900007898, 2.051924899991718, 2.0662940999900457, 2.166161100001773, 2.2125961999990977, 2.093791199993575, 2.0594112999970093, 2.0533774999930756, 2.0495628000062425, 2.0321655000007013, 2.0266872999927728, 2.018630499995197, 2.050745000000461, 2.0276022000034573, 2.009054299996933, 2.042827800003579, 2.028164499992272, 2.0227728000027128, 2.2010829000064405, 2.208461999995052, 2.0591890000068815, 2.017806100004236, 2.0548929999931715, 2.0944874999986496, 2.2056343000003835, 2.041748200004804, 2.161467099998845, 2.0420807000045897, 2.0503848000080325, 2.071266300001298, 2.057599100007792, 2.1326478000119096, 2.0615359999937937, 2.0256954000069527, 2.0187858999997843, 2.0709954999911133, 2.0530919000011636, 2.3395996000035666, 2.093895700003486, 2.0128398000088055, 2.1486090999969747, 2.01751360000344, 2.0717096000007587, 2.034199699992314, 2.052382800000487, 2.1498335000069346, 2.068366400009836, 2.068979500007117, 2.023697800002992, 2.0685181000008015, 2.0741631999990204, 2.05432650000148, 2.0532980000134557, 2.101592499995604, 2.0339122000004863, 2.081417399997008, 2.048972099990351, 2.0404662000073586, 2.027590199999395, 2.058165899987216, 2.0466591000003973, 1.9820653999922797, 2.210764699993888, 2.109371699989424, 2.0046443000028376, 2.04071310001018, 2.0315707999980077, 2.013987400001497, 2.0720196000038413, 2.0068802000023425, 1.9863151000026846, 2.025434499999392, 2.0221345000027213, 2.2717378999950597, 2.0471763999958057, 2.1199962999962736]}}