{"nuitka": {"warmup": [1.4728455000004033, 1.4062248999980511, 1.4340966000017943, 1.4082631999917794, 1.4274791000061668, 1.4035474999982398, 1.4026465000060853, 1.404507700004615, 1.4168266999913612, 1.41439900000114, 1.4038413999951445, 1.4184817999921506, 1.4015094000060344, 1.4016583999909926, 1.4121657000068808, 1.4026305000006687, 1.408612200000789, 1.408578700007638, 1.4105152000120142, 1.4115236999932677, 1.4016026000026613, 1.4136911000096006, 1.4081768999894848, 1.4065726999979233, 1.4030320000019856, 1.4016797000076622, 1.4104095999937272, 1.4017992000008235, 1.4058359999908134, 1.4030837000027532, 1.4091340000013588, 1.4072357999975793, 1.4153558000107296, 1.4000939999968978, 1.412539700002526, 1.40427169999748, 1.4060482000058983, 1.4114595999999437, 1.4056228999979794, 1.4052572999935364, 1.410749799993937, 1.4100078000046778, 1.406067300005816, 1.4137247999897227, 1.4036289000068791, 1.4079447999974946, 1.408877499998198, 1.4073024000099394, 1.4040898000093875, 1.4165155999944545, 1.4115439000015613, 1.4189197999949101, 1.404360499989707, 1.4138524000009056, 1.4095347999973455, 1.4111408999888226, 1.407664999991539, 1.4061086000001524, 1.4102851999923587, 1.4087099000025773, 1.4068318999925395, 1.405477799999062, 1.410683899986907, 1.4049032000039006, 1.4069128000119235, 1.4069536000024527, 1.4051849000097718, 1.41165579999506, 1.4060823999898275, 1.4064806999958819, 1.4043511999916518, 1.4075047000078484, 1.4116451000008965, 1.412144600006286, 1.4061191999935545, 1.404865799995605, 1.4111258999910206, 1.4139388000039617, 1.4055744999932358, 1.4071636000007857, 1.4032685999991372, 1.4073294999980135, 1.4045913000009023, 1.411825899995165, 1.4101504999998724, 1.4221189000090817, 1.4071358000073815, 1.4023807000048691, 1.4025863999995636, 1.412819799996214, 1.4127053999982309, 1.4122397000028286, 1.4052184999891324, 1.4069405000045663, 1.40010749999783, 1.4030477000051178, 1.4078165999962948, 1.421504099998856, 1.4063460000033956, 1.4065421000123024], "benchmark": [1.4041317999945022, 1.4072445000056177, 1.4105099999869708, 1.4124299999966752, 1.4112784000026295, 1.4092972999933409, 1.4155111000000034, 1.4160492999944836, 1.3987779000017326, 1.4067879999929573, 1.4058781000057934, 1.411702500001411, 1.4139106000075117, 1.4107727000082377, 1.41129550000187, 1.404365599999437, 1.4043134000094142, 1.4095840999943903, 1.4019824000133667, 1.4042245000018738, 1.4078652999887709, 1.412500500009628, 1.4104825000104029, 1.4077783999964595, 1.4061203000019304, 1.4047513999976218, 1.4114037999970606, 1.409643999999389, 1.4102727999998024, 1.416692899991176, 1.4102034000097774, 1.4082767000072636, 1.4094050000130665, 1.4087062000035075, 1.409357500000624, 1.413629899994703, 1.4202800999919418, 1.4074557999992976, 1.4151409000041895, 1.4077669000107562, 1.4133118000027025, 1.4204694000072777, 1.4014342000009492, 1.4073711999953957, 1.4037476999947103, 1.4066740999987815, 1.4037429000018165, 1.4145975999999791, 1.4077153999969596, 1.4078450999950292, 1.4069294999935664, 1.4102840999985347, 1.406266499994672, 1.4047070000087842, 1.42746900000202, 1.4162401999928989, 1.4097688000038033, 1.404376400008914, 1.403999499991187, 1.4116703000036068, 1.4093656000040937, 1.4093872999947052, 1.4110004999965895, 1.4085956000053557, 1.4037974000093527, 1.4108268999989377, 1.4071753999887733, 1.4155039000033867, 1.4132862999977078, 1.412067900004331, 1.4087038999859942, 1.4102640000055544, 1.4027688000060152, 1.4088841000047978, 1.4111790000024484, 1.4088447999965865, 1.4154383999994025, 1.4097165999992285, 1.40633969999908, 1.4039583999983734, 1.4085477999906288, 1.4090433999954257, 1.4128907999984222, 1.4031998999998905, 1.4063359000138007, 1.4047684999968624, 1.4046823000098811, 1.4185140000045067, 1.407023300009314, 1.4017394999973476, 1.4025637000013376, 1.4098191000084626, 1.4099799000105122, 1.4114043000008678, 1.4081230000010692, 1.4019956000120146, 1.408794700008002, 1.407751000006101, 1.411007000002428, 1.4048968000133755]}, "cpython": {"warmup": [1.6458950999949593, 1.6313991999923019, 1.630237399993348, 1.6345333000062965, 1.6297168000019155, 1.6358877000020584, 1.628842000005534, 1.629358099991805, 1.6357237000047462, 1.630708800003049, 1.6272144999966258, 1.641842999990331, 1.6341119999997318, 1.6289395999920089, 1.6406095999991521, 1.629653000010876, 1.6348373999935575, 1.6311797999951523, 1.6412381999980425, 1.6250942000042414, 1.6329557999997633, 1.6289749999996275, 1.6289099999994505, 1.6357007000042358, 1.6412592999986373, 1.6405741999915335, 1.625762899988331, 1.6258872000034899, 1.6231846000009682, 1.6278301999991527, 1.6220847000076901, 1.643005499994615, 1.630875599992578, 1.6338237000018125, 1.6270669999939855, 1.6400349000032293, 1.6486323999997694, 1.6291735999984667, 1.623071499998332, 1.6343106999993324, 1.6316931000037584, 1.6351999000034994, 1.6391698999941582, 1.6455567999946652, 1.6353091000055429, 1.6372390000033192, 1.6348496999999043, 1.6413579999934882, 1.6479349000001093, 1.6301815999904647, 1.6261147000041092, 1.6380079999944428, 1.627280200002133, 1.6373975000024075, 1.6297499999927823, 1.6250987999956124, 1.6389957999926992, 1.6391252000030363, 1.6204824000014924, 1.6357881000003545, 1.6278819999861298, 1.625520299989148, 1.6282833000004757, 1.63415700000769, 1.6261267999943811, 1.6268157999875257, 1.63785949999874, 1.6342754999932367, 1.6325350999977672, 1.6270349000114948, 1.6246318999910727, 1.628308500003186, 1.6333886000065831, 1.6367059999902267, 1.6371005999972112, 1.6274040999996942, 1.629458600000362, 1.6220786000048975, 1.6228489999921294, 1.6271628999966197, 1.647985100004007, 1.643584400007967, 1.6198638000059873, 1.6368361999921035, 1.633012799997232, 1.6317364999995334, 1.6329658000031486, 1.6321793999959482, 1.6322703999903752, 1.6297177000087686, 1.6203668999951333, 1.63904179999372, 1.6352033999864943, 1.63679730000149, 1.6351589000114473, 1.6244059000018751, 1.632642600001418, 1.6376161000080174, 1.6236885999969672, 1.6234063000010792], "benchmark": [1.6290672000031918, 1.6531247000093572, 1.6288264000031631, 1.638387099999818, 1.6277820999966934, 1.6271626000088872, 1.6272143999958644, 1.6219847000029404, 1.6489158000040334, 1.6263225000002421, 1.6315293999941787, 1.6304433999903267, 1.6243135999975493, 1.6578085999935865, 1.6321621999959461, 1.6205553999898257, 1.632772400000249, 1.6255229999951553, 1.6194508999906247, 1.6339191000006394, 1.6236579000105849, 1.635025299998233, 1.632817099991371, 1.6331324000057066, 1.630276199997752, 1.6251215999945998, 1.634490199998254, 1.641039499998442, 1.628410100005567, 1.6424205000075744, 1.6296232000022428, 1.63871260000451, 1.6329114000109257, 1.6257754000107525, 1.6271227000106592, 1.634517099999357, 1.6374001999938628, 1.6463308999955188, 1.6388636999909068, 1.634088700011489, 1.6459286000026623, 1.6429721000022255, 1.6363243000087095, 1.6299716000066837, 1.630238099998678, 1.6580956999969203, 1.6267125999875134, 1.628192600008333, 1.62782189999416, 1.635984799999278, 1.6339282999979332, 1.6328142999991542, 1.630534500000067, 1.636572300005355, 1.6410350000078324, 1.6224837000045227, 1.6316081999975722, 1.626987800002098, 1.6463451000017812, 1.624100200002431, 1.6309372999967309, 1.6321148999995785, 1.6439773000020068, 1.623377600000822, 1.6313959999970393, 1.6348279000085313, 1.6304456000070786, 1.6323558000003686, 1.6385768000036478, 1.628733799996553, 1.6266826999926707, 1.6399341000069398, 1.6319819999916945, 1.6347015999926953, 1.6280551999952877, 1.6247702999971807, 1.6282873000018299, 1.6396307999966666, 1.6404654000070877, 1.6274160000029951, 1.6315420000028098, 1.6355829999956768, 1.632056399990688, 1.6326133999973536, 1.6252589000068838, 1.6309956000040984, 1.6374034000036772, 1.6381898999970872, 1.6318387999926927, 1.6284912999981316, 1.6211324999894714, 1.6276081000105478, 1.6276906999992207, 1.629910400006338, 1.6318121000076644, 1.6304304000077536, 1.6285436000034679, 1.6273101000115275, 1.6242963999975473, 1.6272248000022955]}}