{"nuitka": {"warmup": [1.4456073000037577, 1.3948320999916177, 1.3960651999950642, 1.3947306999907596, 1.395714099999168, 1.3969778000027873, 1.397945599994273, 1.397141699999338, 1.398479600000428, 1.4010907000047155, 1.409984700003406, 1.395882899989374, 1.4013507999916328, 1.4031950000062352, 1.4008021999907214, 1.401795800004038, 1.4045380000025034, 1.4038777999958256, 1.4006399999925634, 1.4171815000008792, 1.3981403999932809, 1.3969257999997353, 1.4098094000073615, 1.3956465999945067, 1.4025622000044677, 1.3989692000031937, 1.3961831000051461, 1.3991346999973757, 1.3984767999936594, 1.4050920000008773, 1.3987756999995327, 1.3982715000020107, 1.3984401000052458, 1.3986546999949496, 1.3983424000034574, 1.4042625000001863, 1.3949346000008518, 1.399803400010569, 1.3956636999937473, 1.3958420999988448, 1.4047370000043884, 1.3965805000043474, 1.3924010999908205, 1.4039844000071753, 1.3981754999986151, 1.406115600009798, 1.4007584000064526, 1.399401200003922, 1.3914137999963714, 1.4024303000041982, 1.3983049999951618, 1.4018747999944026, 1.3977933999995003, 1.4037877000082517, 1.395342999996501, 1.3960901999962516, 1.399061599993729, 1.4052414000034332, 1.407809600001201, 1.4120967999915592, 1.400409399997443, 1.397361200011801, 1.3934055999998236, 1.4058141999994405, 1.4030923000100302, 1.4059314999904018, 1.4040383000101428, 1.405582699997467, 1.3984593999921344, 1.399892400004319, 1.398352199990768, 1.399962499999674, 1.4051209000026574, 1.3935617999959504, 1.3998885000037262, 1.3971724000002723, 1.414078599991626, 1.3959135000040988, 1.3974602999951458, 1.4105515999981435, 1.394014799996512, 1.3936919000116177, 1.3974302999995416, 1.3994297000026563, 1.3996045000094455, 1.3996729999926174, 1.394639600010123, 1.404904600000009, 1.3925984999950742, 1.4032230999873718, 1.392788199998904, 1.4080535000102827, 1.3969221000006655, 1.3994171999947866, 1.3905661999888252, 1.3947518000059063, 1.4001811999914935, 1.3945507000025827, 1.3986237000062829, 1.4007830000045942], "benchmark": [1.3962004999921191, 1.399105899996357, 1.4048118000064278, 1.3950970000005327, 1.3971538999903714, 1.3926303000043845, 1.3936725999956252, 1.3978956999926595, 1.3956540999934077, 1.3984639999980573, 1.3946179000049597, 1.3960132999927737, 1.4043288999964716, 1.396434299997054, 1.393505100000766, 1.399370999992243, 1.3894623999949545, 1.399061799995252, 1.3944877000030829, 1.4026949999970384, 1.3973464000009699, 1.3913240999972913, 1.3887492999929236, 1.3964510000078008, 1.400311600009445, 1.3991610999946715, 1.3968989999993937, 1.401694000000134, 1.4046128000045428, 1.3942073000071105, 1.3954375000030268, 1.3952017000119668, 1.3966341000050306, 1.4023232000035932, 1.3964078999997582, 1.401205399990431, 1.3995833999942988, 1.3987676000106148, 1.4015526000002865, 1.3999025999946753, 1.4091308999923058, 1.4097945999965305, 1.4134682000003522, 1.3990418000030331, 1.4014676999941003, 1.4069698000093922, 1.4045052000001306, 1.4019698999909451, 1.3982649999961723, 1.4067560999974376, 1.3925821000011638, 1.405816099999356, 1.3998255999904359, 1.3952371000050334, 1.4046331999998074, 1.3934104000072693, 1.401868300003116, 1.3944957000057912, 1.4006510999897728, 1.3960633000097005, 1.388380700009293, 1.399850999994669, 1.4032090999971842, 1.4069352000078652, 1.391813700000057, 1.39776669999992, 1.3969948000012664, 1.3956307000044035, 1.403587199994945, 1.4002939000056358, 1.3959544999961508, 1.4028820999956224, 1.4011954000015976, 1.4009536000085063, 1.411173400003463, 1.401922499993816, 1.399058299997705, 1.3977232000033837, 1.4071829000022262, 1.401236700010486, 1.4023049000097672, 1.3918053999950644, 1.4036550000018906, 1.4004195000015898, 1.3981452000007266, 1.3981796000007307, 1.4004388000030303, 1.40324720001081, 1.410026800003834, 1.3954232999967644, 1.396690999987186, 1.4035495999996783, 1.3966964999999618, 1.4082009999983711, 1.4073936000058893, 1.4063690999901155, 1.3989077000005636, 1.4179041000024881, 1.4024380000046222, 1.3953738999989582]}, "cpython": {"warmup": [1.7805758000031346, 1.7617838000005577, 1.758885699993698, 1.7500431000080425, 1.7587150000035763, 1.7558699999935925, 1.7558136000006925, 1.7487545999902068, 1.7479795000108425, 1.7606060999969486, 1.758672399999341, 1.748196000000462, 1.7439423000032548, 1.7696932000108063, 1.7541289999935543, 1.7948464000073727, 1.7534604999964358, 1.7649982000002638, 1.7523188999912236, 1.75714099999459, 1.749135699996259, 1.7580712000053609, 1.7513046999956714, 1.7560527000023285, 1.7571048999961931, 1.7554671999969287, 1.7569054999912623, 1.7728743999905419, 1.7579819999955362, 1.7552733000047738, 1.7553839000029257, 1.7518204000080004, 1.7450421999965329, 1.7563953999924706, 1.7575146000017412, 1.75787620000483, 1.7553749999933643, 1.7494273000047542, 1.7491986000095494, 1.7627538999950048, 1.7523253000108525, 1.7479967000108445, 1.7458534999896074, 1.7578311000106623, 1.7510335000115447, 1.7500602999934927, 1.7605009999970207, 1.7549170999991475, 1.7614038999890909, 1.7606946000014432, 1.7594471999909729, 1.7614396999997552, 1.7648230999911902, 1.7482966000097804, 1.7675646999996388, 1.7723357999930158, 1.761552500000107, 1.7570322999963537, 1.765151599989622, 1.7645058000052813, 1.7793390000006184, 1.760778099996969, 1.7541482999949949, 1.7599047000112478, 1.7449073999887332, 1.7436588999989908, 1.7554756000026828, 1.7545485000009649, 1.7640025000000605, 1.7525400000013178, 1.761323300001095, 1.7555034999968484, 1.7516592999891145, 1.7592293999914546, 1.7611010000109673, 1.7522156000050018, 1.7597304000082659, 1.75602680000884, 1.7611699999979464, 1.7545899999968242, 1.7478793000045698, 1.7545834999909857, 1.7516758999990998, 1.7655484999995679, 1.7681414999970002, 1.7677340999944136, 1.7564845000015339, 1.7618018999928609, 1.7548459999961779, 1.7539303999947151, 1.7523857000051066, 1.7550883000076283, 1.7463500000012573, 1.7875347000081092, 1.7540260999958264, 1.7562359000003198, 1.7540814999956638, 1.7619947999919532, 1.7541267999913543, 1.7575218999991193], "benchmark": [1.755929399994784, 1.7502215999993496, 1.7535600999981398, 1.7551057999953628, 1.7576605000067502, 1.7571248000022024, 1.7554038999951445, 1.7475897999975132, 1.749279999989085, 1.7468727999948896, 1.7712336999975378, 1.7621133999928134, 1.7518885000026785, 1.7517634000105318, 1.767211700003827, 1.7613760000094771, 1.7553143999975873, 1.7529869000136387, 1.7588729999988573, 1.7550906999967992, 1.766955400002189, 1.7554271999979392, 1.7610188999969978, 1.7547925999970175, 1.7484828000015114, 1.7505390000005718, 1.7600868000008631, 1.7724839000002248, 1.7536237000022084, 1.7651176000072155, 1.7578326999937417, 1.7578866000112612, 1.7518031999934465, 1.7582468999898992, 1.770161399996141, 1.749315100008971, 1.756250899998122, 1.75844849999703, 1.7567151999974158, 1.7588018999958877, 1.7619796999933897, 1.773478899995098, 1.7613533999974607, 1.7715744000015547, 1.7677728999988176, 1.742472900004941, 1.7637001999974018, 1.746988799990504, 1.7640140000003157, 1.7499958999978844, 1.7462952999921981, 1.751633000007132, 1.749648299999535, 1.7539570000080857, 1.7537569999985863, 1.7657987999991747, 1.754484400007641, 1.7503025000041816, 1.7767951999994693, 1.75866490000044, 1.748640100006014, 1.7531036000000313, 1.7496759000059683, 1.748878499987768, 1.7536619000020437, 1.760748100001365, 1.748101500008488, 1.7592129000113346, 1.7661752999993041, 1.7561605000082636, 1.7533955999970203, 1.7527903000009246, 1.7622518999996828, 1.742132399987895, 1.7495546999998624, 1.7697421000048053, 1.762073199992301, 1.7499647000076948, 1.7517844999965746, 1.7510182999976678, 1.7601404000015464, 1.7608067999972263, 1.7565935000020545, 1.7442280999966897, 1.7662799999961862, 1.7535902999952668, 1.7580541999923298, 1.7557515999942552, 1.760022400005255, 1.7592430999939097, 1.750843799993163, 1.761491199999, 1.7716436000046087, 1.760191900000791, 1.7551217000000179, 1.7554898999951547, 1.77276819999679, 1.7461902999930317, 1.7431980999972438, 1.77666400000453]}}