{"nuitka": {"warmup": [0.6945043000014266, 0.6697782999981428, 0.6757698000001255, 0.6700584000063827, 0.6677018000045791, 0.6696507000015117, 0.6677988999872468, 0.6681166000053054, 0.6753700999979628, 0.669160000004922, 0.6677554000052623, 0.6818724000040675, 0.6687290999980178, 0.6730901999981143, 0.669454200004111, 0.6680214999942109, 0.6666871000052197, 0.6675783000100637, 0.6686282999871764, 0.6729778999870177, 0.6666216000012355, 0.6753205999993952, 0.6718906000023708, 0.6700435999955516, 0.666847799991956, 0.6682926999928895, 0.6672372000030009, 0.670183399997768, 0.665836300002411, 0.6688273999898229, 0.6754122999991523, 0.6705680000013672, 0.6687260000035167, 0.6752570999960881, 0.6705104000138817, 0.6769703000027221, 0.6735921000072267, 0.669958400001633, 0.6667679999954998, 0.669880400004331, 0.6726448999979766, 0.6743675000034273, 0.6723193000070751, 0.6697833000071114, 0.6694095999991987, 0.6712669999978971, 0.6708409999992, 0.6716307000024244, 0.6683550999878207, 0.6691815999947721, 0.6720160999975633, 0.6703937999991467, 0.6683109000005061, 0.6685941000032471, 0.6713089999975637, 0.6697665999963647, 0.6692679999978282, 0.6714013000018895, 0.6727443999989191, 0.6678940999991028, 0.6712874999939231, 0.6757479999942007, 0.6702528999885544, 0.6780085000063991, 0.6665732999972533, 0.6744235999940429, 0.6702376000030199, 0.6686569000012241, 0.6752716000046348, 0.6703205999947386, 0.6675607000070158, 0.6675369000004139, 0.6737773000058951, 0.6717523999977857, 0.6688667999987956, 0.6686592999903951, 0.670159599991166, 0.6682148999971105, 0.6675789000000805, 0.6684685999935027, 0.6766207999899052, 0.6812978999951156, 0.6693125000019791, 0.6724914999940665, 0.6782634000119288, 0.6688566999946488, 0.6690567000041483, 0.6688071000098716, 0.6683886000100756, 0.6671342000045115, 0.6766316000139341, 0.6777526999940164, 0.6748664999904577, 0.6698364999901969, 0.6700159000029089, 0.6782991999934893, 0.670453800004907, 0.6654233000008389, 0.6685436999978265, 0.668842200000654], "benchmark": [0.673526500002481, 0.6687455000064801, 0.6685213000018848, 0.6674007999972673, 0.6804105000046548, 0.6694762999977684, 0.6674970999883953, 0.6777877999993507, 0.6684034000063548, 0.6689117000059923, 0.6724499999982072, 0.6696750999981305, 0.6701198999944609, 0.6655144999967888, 0.6690841000090586, 0.6700462000007974, 0.6759918000025209, 0.6696458000078565, 0.6686828999954741, 0.6696455999917816, 0.6697181999916211, 0.6763038999924902, 0.6706258000049274, 0.6684933000069577, 0.6681588999927044, 0.669824199998402, 0.6687270999973407, 0.6776917999959551, 0.6680108000000473, 0.6678512999933446, 0.6729269000061322, 0.6713796999974875, 0.6675012999912724, 0.6683623999997508, 0.6672458999964874, 0.6665629999915836, 0.6700358000089182, 0.6665065999986837, 0.6711716999998316, 0.6694365000003017, 0.6665229999925941, 0.6693364000093425, 0.6764298000052804, 0.6830724000028567, 0.6723326000064844, 0.6700681000074837, 0.67074909999792, 0.6687709999969229, 0.6680702000012388, 0.6724028999888105, 0.6750479000038467, 0.6719259999954375, 0.6688365000009071, 0.6694958000007318, 0.6690687000082107, 0.6692036000022199, 0.6706216000020504, 0.6691392000066116, 0.6658102000073995, 0.6792073000106029, 0.6669193999987328, 0.673238700008369, 0.6708670000080019, 0.6691059000004316, 0.668934299988905, 0.6784434000001056, 0.6740840999991633, 0.6697890999930678, 0.6695784000039566, 0.6701490999985253, 0.6692623000126332, 0.666437699997914, 0.6711191000067629, 0.6805434999987483, 0.6659100999968359, 0.6838569999963511, 0.676553099998273, 0.6695887000096263, 0.6714431000000332, 0.680613300006371, 0.6676293000055011, 0.6673899999877904, 0.6703727999993134, 0.6705020000081277, 0.6742565000022296, 0.6697857000108343, 0.6692051999998512, 0.6685205999965547, 0.6756639999948675, 0.6701890999975149, 0.6698128999996698, 0.6690885000134585, 0.6664423000038369, 0.6665315999998711, 0.6675480000121752, 0.668227799993474, 0.6707460000034189, 0.667606800008798, 0.6671162999991793, 0.6695411000109743]}, "cpython": {"warmup": [0.7745196999894688, 0.7625126999919303, 0.7724852999963332, 0.7625291000003926, 0.7667621000000509, 0.7716615999961505, 0.7753023999975994, 0.7651076999900397, 0.7680630999966525, 0.7618406999972649, 0.7694563999975799, 0.7703355999983614, 0.7747768999979598, 0.7668733000027714, 0.7621294999989914, 0.7627594999939902, 0.7600233999983175, 0.7617289999907371, 0.7625081000005594, 0.7628315999900224, 0.7636884999956237, 0.7633868999982951, 0.7663745999889215, 0.7670629999920493, 0.7640486000018427, 0.7624219999997877, 0.7608870999974897, 0.7611617999937152, 0.7611923999938881, 0.7639811999979429, 0.7704062999982852, 0.7720353000040632, 0.7644334000069648, 0.7731482000090182, 0.7654742000013357, 0.7616448000044329, 0.760244999997667, 0.7643364999967162, 0.773238499998115, 0.7660635000065668, 0.7698126999894157, 0.7609234999981709, 0.7716376999887871, 0.7629020999884233, 0.7716685000050347, 0.7668712000013329, 0.7610447000042768, 0.7629927000089083, 0.7635031999961939, 0.7611204999993788, 0.7619802999979584, 0.7620869999955175, 0.7655661000026157, 0.7663415999995777, 0.7604412999935448, 0.759705300006317, 0.7736012999957893, 0.7626501000049757, 0.762507799998275, 0.7633534000051441, 0.7642914000025485, 0.7630482999957167, 0.7641333999927156, 0.7818923999875551, 0.771584600006463, 0.7702463000023272, 0.7635204999969574, 0.7625125999911688, 0.766230799999903, 0.7609727999952156, 0.7661675999988802, 0.761360100004822, 0.761573200012208, 0.7611355000117328, 0.7698892000043998, 0.7665229999984149, 0.7665197999886004, 0.7759819000057178, 0.764254699999583, 0.768364700008533, 0.7605442000058247, 0.7656803000136279, 0.762506700004451, 0.7606044999993173, 0.7611985999974422, 0.7640748999983771, 0.7598941000032937, 0.7686536000110209, 0.7667158999975072, 0.7679931000020588, 0.7650190999993356, 0.7630668000056176, 0.7646985000028508, 0.7773614000034286, 0.7670469000004232, 0.7806017999973847, 0.7680277000035858, 0.7724141999933636, 0.7639471000002231, 0.7639224999875296],