{"nuitka": {"warmup": [0.6634792999975616, 0.6575512000126764, 0.6524788999959128, 0.6512592999933986, 0.6555835000035586, 0.6544539999886183, 0.6501834999944549, 0.6535811000067042, 0.6509472000034293, 0.6522130999946967, 0.6513007000030484, 0.6536731999949552, 0.6511991000006674, 0.652535600005649, 0.6531717000034405, 0.6525990000081947, 0.6533190999907674, 0.6510794000059832, 0.6543504000001121, 0.6519821999972919, 0.6528629000094952, 0.6512327000091318, 0.6503432000026805, 0.6518633999949088, 0.6518113999918569, 0.6556015000096522, 0.6522758999926737, 0.6549951999913901, 0.651763599991682, 0.6511581999948248, 0.653022400001646, 0.6519716000038898, 0.6550544000056107, 0.6546898999949917, 0.6534083000005921, 0.6514502000063658, 0.6519972999958554, 0.6511007000081008, 0.65327029999753, 0.6535054999985732, 0.6536929000139935, 0.6524561999976868, 0.6540580000000773, 0.6525913999939803, 0.6540140000142856, 0.6525626000075135, 0.652684999993653, 0.6528676000016276, 0.6534156999987317, 0.6510858000110602, 0.6508272999926703, 0.6513832000055118, 0.6524177999963285, 0.6527472999878228, 0.6525257999892347, 0.6513399999967078, 0.6520056000008481, 0.667097500001546, 0.6511699000111548, 0.6512807999970391, 0.65433540000231, 0.6512586000026204, 0.6516988000075798, 0.6517966999963392, 0.6516922000009799, 0.6532514999998966, 0.6532322999992175, 0.6525707999971928, 1.3437162000045646, 0.6542639999970561, 0.6515832000004593, 0.65347569998994, 0.6528392000036547, 0.652757499992731, 0.649820999999065, 0.6513090999942506, 0.6512285999924643, 0.6532609999994747, 0.6512774000002537, 0.6501225999963935, 0.6549197999993339, 0.6514760999998543, 0.6502561000088463, 0.6508011999976588, 0.6526253000047291, 0.6528697999892756, 0.6523611000011442, 0.6550489999935962, 0.6505257999961032, 0.6531413000047905, 0.6516178000019863, 0.6527141999977175, 0.6575403999886476, 0.6526986999961082, 0.6512335000006715, 0.650903699992341, 0.6510364999994636, 0.6523155000031693, 0.6536559999949532, 0.6509354000008898], "benchmark": [0.6500397000054363, 0.6513264999957755, 0.6521897000056924, 0.6518842999939807, 0.6527158999961102, 0.6521098999946844, 0.6515554000070551, 0.6520405999908689, 0.6529691000032471, 0.6492947999940952, 0.6530724999902304, 0.6535197000048356, 0.6515437000052771, 0.6521797000023071, 0.6495723999978509, 0.6514516999886837, 0.6539995999919483, 0.6543270999973174, 0.6522551999951247, 0.6520978000044124, 0.6519305000110762, 0.654208899999503, 0.6504408999899169, 0.651501600004849, 0.6534180000016931, 0.6505145999981323, 0.6551675999944564, 0.654539900002419, 0.6512007999990601, 0.6515999999974156, 0.6532967999955872, 0.6549516000086442, 0.6526097000023583, 0.6524241000006441, 0.6503695999999763, 0.6506042999972124, 0.6502775999979349, 0.6526403000025311, 0.6509593000082532, 0.6501516999996966, 0.6534652999980608, 0.6527070000011008, 0.6537555000104476, 0.6528576999990037, 0.6501477000128943, 0.6549046000000089, 0.6512858000060078, 0.6528316999902017, 0.6512952000048244, 0.6513246999966213, 0.6524182000139263, 0.6508888999960618, 0.6492234000033932, 0.6502460000046995, 0.6507368999882601, 0.6540808999998262, 0.6512114999932237, 0.649622900004033, 0.6524512000032701, 0.6513020999991568, 0.650303200003691, 0.6514301999995951, 0.6521304000052623, 0.6540070999908494, 0.6508230000035837, 0.6549437000066973, 0.6533001999923727, 0.6534444999997504, 0.6517084000079194, 0.6520812999951886, 0.6517234000057215, 0.6501912999956403, 0.650976900011301, 0.6517235999926925, 0.6492749000026379, 0.6523597999912454, 0.6540715000010096, 0.6529164999956265, 0.6512310000107391, 0.6525915999955032, 0.6513909000059357, 0.6508486999955494, 0.6517932999995537, 0.6522472999931779, 0.6501174000004539, 0.6509434000035981, 0.6522977000131505, 0.6542638999962946, 0.6535421000007773, 0.6521599999978207, 0.6525515999965137, 0.6513266999972984, 0.6532027999928687, 0.6514123999950243, 0.6507718999928329, 0.6559078999998746, 0.6518670000077691, 0.6519680000055814, 0.6514669000025606, 0.6503835000039544]}, "cpython": {"warmup": [0.7546933999983594, 0.7488098000030732, 0.7517108000029111, 0.7480204000021331, 0.7505611999949906, 0.7478985000052489, 0.746874000004027, 0.7512954999983776, 0.750340700004017, 0.7505744999944, 0.7496034000068903, 0.7472349000017857, 0.7497895000124117, 0.7481361999962246, 0.7479147999983979, 0.7487500999995973, 0.7493306999967899, 0.746973799992702, 0.7510295999964001, 0.7503857000119751, 0.751553000009153, 0.749196499993559, 0.7513202999980422, 0.7505711000121664, 0.7489478999923449, 0.7508124000014504, 0.750204500000109, 0.7502678000018932, 0.74813959999301, 0.7493480000121053, 0.7494199000066146, 0.7509225999965565, 0.750058399993577, 0.75023579999106, 0.7485703000129433, 0.749915599997621, 0.74964190000901, 0.7474802999931853, 0.7491836999979569, 0.747219099997892, 0.7526011000009021, 0.7507247000030475, 0.7505822999955853, 0.7487559000001056, 0.748588499991456, 0.7513990000006743, 0.7490866000007372, 0.7488680999958888, 0.7533872000058182, 0.7500593000004301, 0.7512890000070911, 0.7524467000039294, 0.7504762000025949, 0.749242999998387, 0.7515427000034833, 0.749030799997854, 0.7502278000029037, 0.7465566999890143, 0.7490584000042873, 0.7475299999932759, 0.7466467000049306, 0.7469619000039529, 0.7490612999972655, 0.7489539999951376, 0.749598899987177, 0.7521603999921354, 0.7471807999972953, 0.7484773999894969, 0.748009999995702, 0.7486621999996714, 0.7512363999994704, 0.7490872999915155, 0.7517186000040965, 0.7502474000066286, 0.7482075000007171, 0.7475852000061423, 0.7520198999991408, 0.7476812999957474, 0.7497136000019964, 0.7516731999930926, 0.7489677999983542, 0.7519260999979451, 0.7490789000003133, 0.7483486999990419, 0.7508411000017077, 0.74932409999019, 0.7500003999884939, 0.7491989999980433, 0.7496611000096891, 0.747426899994025, 0.7505649000086123, 0.7499055000080261, 0.7478778999939095, 0.7488314999936847, 0.7501682000001892, 0.751229899993632, 0.7471662999887485, 0.7495129000017187, 0.7496460999973351, 0.7492198999971151],