{"nuitka": {"warmup": [0.7421717000106582, 0.7254972000082489, 0.7265588000009302, 0.7250285000045551, 0.7254391000024043, 0.7266674000129569, 0.72538020000502, 0.7238726000068709, 0.7274137000058545, 0.7255913999979384, 0.724581099988427, 0.7255558000033488, 0.7280424999917159, 0.7253531000023941, 0.7227340000099503, 0.726014200001373, 0.7250278999999864, 0.7221028000058141, 0.7232090000034077, 0.7271523999952478, 0.7259126999997534, 0.7233441999997012, 0.7235724000056507, 0.7250541999965208, 0.7236511999944923, 0.7252811999933328, 0.7241427999979351, 0.7248108999920078, 0.7236148999945726, 0.7242955999972764, 0.7241934000048786, 0.7240115000022342, 0.7246900000027381, 0.7245389000017894, 0.7241691999952309, 0.7243665999994846, 0.7229491000034614, 0.7261836000106996, 0.7253412999998545, 0.7258600000059232, 0.7230442000000039, 0.7244251999945845, 0.7241063999972539, 0.723967600002652, 0.723551300005056, 0.7246443000040017, 0.7266320999915479, 0.7253048999991734, 0.7231097000039881, 0.7273409000044921, 0.7258435000112513, 0.7236816999939037, 0.7251759999926435, 0.724200299999211, 0.7238204000022961, 0.7237028000090504, 0.7227432999934535, 0.7248679000040283, 0.724795299989637, 0.7262784000049578, 0.7228620999958366, 0.7228476000018418, 0.7250198999972781, 0.7262907999975141, 0.7235968000022694, 0.7221715999912703, 0.7239918999985093, 0.7241076000063913, 0.7242506999900797, 0.7242777000064962, 0.7235340000042925, 0.7242431000049692, 0.7224495000118623, 0.7448636999906739, 0.740153000006103, 0.731019800005015, 0.7269477000081679, 0.7268926999968244, 0.7263205999915954, 0.7262406000081683, 0.723844200008898, 0.7365633000008529, 0.7227934999973513, 0.7238386999961222, 0.7229346000094665, 0.7255423000024166, 0.7236475000099745, 0.7236951000086265, 0.7245246000093175, 0.7238598000112688, 0.7239040999993449, 0.7244367999956012, 0.7232572000066284, 0.7235166000027675, 0.7221800000115763, 0.7229090999899199, 0.7224671000003582, 0.7235918999940623, 0.7237393999967026, 0.7234604999976], "benchmark": [0.7254220000031637, 0.7229703999910271, 0.7251956000109203, 0.7253667999902973, 0.7226590000063879, 0.7258980000042357, 0.7237424999912037, 0.7250487999990582, 0.723503699991852, 0.7249524000071688, 0.7241157999960706, 0.7249078000022564, 0.7233530999947106, 0.7233882999862544, 0.7234782000014093, 0.7229045999993104, 0.7260788999992656, 0.7267032999952789, 0.7236495999968611, 0.7257924000005005, 0.7248720000061439, 0.72592209999857, 0.7240212000033353, 0.7234263999998802, 0.7246648000000278, 0.7232331999985036, 0.724391600000672, 0.7240197000064654, 0.7243705000000773, 0.7239502000011271, 0.7234563000092749, 0.7242263999942224, 0.725963299992145, 0.7248852999910014, 0.7231704000005266, 0.7240172000019811, 0.7238275999989128, 0.7242946999904234, 0.7235528999881353, 0.7250045999971917, 0.7236073999956716, 0.7240900000033434, 0.7228285000019241, 0.725123900003382, 0.7249977999890689, 0.7248799000080908, 0.7248893000069074, 0.7260490000044229, 0.7244754999992438, 0.7235260000015842, 0.7251697000028798, 0.7229232999961823, 0.7223262999905273, 0.7225619000091683, 0.7240644000121392, 0.7243520999909379, 0.7242534999968484, 0.7241405999957351, 0.7245005999866407, 0.7243406999914441, 0.723063200013712, 0.726243400000385, 0.7237305000016931, 0.7231023000058485, 0.725192199999583, 0.7247897000052035, 0.724161499994807, 0.7243832999956794, 0.7230907999910414, 0.7246063000056893, 0.7243920000037178, 0.7245684000081383, 0.725649500003783, 0.7262764999904903, 0.7246197999920696, 0.7244650999928126, 0.7243545999954222, 0.7235308999952395, 0.7236014999944018, 0.7239567999931751, 0.7245029999903636, 0.723473300007754, 0.7229908000008436, 0.7252993000001879, 0.7241837999899872, 0.7244586000015261, 0.7245552999956999, 0.7265275000099791, 0.7240696999942884, 0.7285561000026064, 0.7243357999977889, 0.7248963000020012, 0.7252286000002641, 0.726189399996656, 0.7240684999997029, 0.7252586999966297, 0.724808099999791, 0.723918900010176, 0.7283967999974266, 0.7255889999942156]}, "cpython": {"warmup": [0.836284799996065, 0.8298529000021517, 0.8220476999995299, 0.8269655000040075, 0.8293048000050476, 0.8242997000052128, 0.830095600002096, 0.8224652000062633, 0.8235421999997925, 0.8225840999948559, 0.8289821000071242, 0.8274687000084668, 0.8251873000117484, 0.8335160999995423, 0.8273693999944953, 0.8237528000026941, 0.8284622999926796, 0.8247450000053504, 0.8304271000088193, 0.8319491000002017, 0.8495660000044154, 0.8313374999997905, 0.8250842999987071, 0.8282581000094069, 0.8327497999998741, 0.8304845999955432, 0.842392699996708, 0.8230769999936456, 0.8318790000048466, 0.8260335999948438, 0.8206797000020742, 0.8334792000096058, 0.8254072999989148, 0.8249683000030927, 0.8209656000108225, 0.8273128000000725, 0.8282672000059392, 0.824793600011617, 0.8274722999922233, 0.825841899990337, 0.8304156999947736, 0.8279802000033669, 0.8246750999969663, 0.8263246999995317, 0.8351275000022724, 0.8253218999889214, 0.8276030999986688, 0.8312676000059582, 0.8261022999940906, 0.8308072999934666, 0.8238274000032106, 0.8276193000056082, 0.8251092999998946, 0.8295192000077805, 0.8306348000041908, 0.8270354999986012, 0.8250664999941364, 0.8301996999944095, 0.8292157000105362, 0.8265164000040386, 0.82325449999189, 0.8249537000083365, 0.8278272999887122, 0.8270163999986835, 0.8254994000017177, 0.8264449999987846, 0.8293665999954101, 0.8291545999964001, 0.8312740999972448, 0.8248599000071408, 0.8293995000130963, 0.824001999993925, 0.824131600005785, 0.8334188000007998, 0.8267449000122724, 0.823756300000241, 0.8247378000087338, 0.8280398999922909, 0.8270864999940386, 0.8253675000014482, 0.8258091999887256, 0.8250129999942146, 0.8267428999970434, 0.8244785999995656, 0.8285747000045376, 0.8251508000103058, 0.8273508999991463, 0.826460299998871, 0.8250561000022572, 0.829155899991747, 0.8256786999991164, 0.828914600002463, 0.831147199991392, 0.8279684000008274, 0.8276538999925833, 0.825620900010108, 0.8230742000014288, 0.8348400999966543, 0.8257972999999765, 0.824124299993855],