{"nuitka": {"warmup": [0.7018552999943495, 0.6636896999989403, 0.659221299996716, 0.6596608999971068, 0.6601945000002161, 0.6576732999965316, 0.6565712000010535, 0.6578500000032363, 0.6593446000042604, 0.6591554000042379, 0.6598607000050833, 0.6582071000011638, 0.6578160999924876, 0.6573385999945458, 0.6583066000021063, 0.6582180000114022, 0.6591846000083024, 0.6576196000096388, 0.657105699996464, 0.6583531000069343, 0.6583618000004208, 0.6596466000046348, 0.6605425000016112, 0.6580891000048723, 0.6566995999892242, 0.6582512000022689, 0.6571883000142407, 0.6571582000033231, 0.657930999994278, 0.659841000000597, 0.6571313000022201, 0.6603876000008313, 0.6590786999877309, 0.6595014999911655, 0.6585996999929193, 0.6582060999935493, 0.6580069000046933, 0.6598283999919659, 0.6597375999990618, 0.6586163000029046, 0.6567090999888023, 0.6572789999918314, 0.6594099000067217, 0.6571576999995159, 0.6572978999902261, 0.66001839999808, 0.6570433000015328, 0.6579271999944467, 0.6586951000062982, 0.6577432999911252, 0.6598823999956949, 0.6588496000040323, 0.6571718000050168, 0.6595484999998007, 0.6597245000011753, 0.6581995000015013, 0.6573590000043623, 0.657855199999176, 0.6584198999917135, 0.6587896999990335, 0.6603886999946553, 0.6562646999955177, 0.6566013999981806, 0.6569997999904444, 0.659044999993057, 0.6600372999964748, 0.6589257000014186, 0.6584415999968769, 0.6584167999972124, 0.6580102000007173, 0.6581243999971775, 0.6565475999959745, 0.6580102000007173, 0.65831069998967, 0.6571164000051795, 0.6585229000047548, 0.6588382000045385, 0.6586180000012973, 0.6575822000013432, 0.657361999998102, 0.6592724999936763, 0.6592626000056043, 0.6583300000056624, 0.6587572999997064, 0.6599712000024738, 0.6589607000059914, 0.6584889000077965, 0.6570505999989109, 0.6583777999912854, 0.6600592999893706, 0.6595639999868581, 0.6586589999933494, 0.6582835000008345, 0.6565869000041857, 0.6594695999956457, 0.657976200003759, 0.660541799996281, 0.6567186000029324, 0.657129499988514, 0.6561950000032084], "benchmark": [0.6562715000036405, 0.658106900009443, 0.6575200999941444, 0.6579138999950374, 0.6587424000026658, 0.6576274999970337, 0.6581120000046212, 0.6572522999922512, 0.657888500005356, 0.6591885999951046, 0.6569656999927247, 0.658462999999756, 0.6578402999875834, 0.6602405000012368, 0.6564343000063673, 0.6585236999962945, 0.6583006000000751, 0.6626517999975476, 0.6591731999942567, 0.6575827999913599, 0.6585186999873258, 0.6588056000036886, 0.656400299994857, 0.6573893000022508, 0.6585882999934256, 0.657769699988421, 0.6575099000037881, 0.6577607000072021, 0.6591155000060098, 0.6587281999964034, 0.6581508000090253, 0.6591390000103274, 0.6577347999991616, 0.6564851000002818, 0.6583447000011802, 0.6580351000011433, 0.6579913000023225, 0.6592607000056887, 0.658149399998365, 0.6587456999986898, 0.6576939999940805, 0.6587100000033388, 0.6579245000029914, 0.657687500002794, 0.6592960000125458, 0.6610380999918561, 0.6585650000051828, 0.66062619999866, 0.6570088000007672, 0.6570955999923171, 0.6583095000096364, 0.6582594000065001, 0.6588678999978583, 0.657771899990621, 0.6621270000032382, 0.6578665000124602, 0.6587591999996221, 0.65761829999974, 0.6582461000070907, 0.6581328999891412, 0.6591940999933286, 0.6588744999899063, 0.6598228000075324, 0.6608956999989459, 0.6579769000090891, 0.658986399997957, 0.6577711999998428, 0.6575307000020985, 0.6620245999947656, 0.6570088000007672, 0.660336200002348, 0.6597838000016054, 0.6576716999989003, 0.6567608000041218, 0.6585804000060307, 0.6580319999920903, 0.6569275999936508, 0.65877460000047, 0.6594189000024926, 0.6575322999997297, 0.658566800004337, 0.6574293999874499, 0.6581279999954859, 0.6569993000011891, 0.6593683000101009, 0.6596087999932934, 0.6579151000041747, 0.6596558000019286, 0.6622686999908183, 0.6571924999880139, 0.6579063999961363, 0.6578276000072947, 0.6584031999955187, 0.6591059000056703, 0.6584008999925572, 0.6590445000038017, 0.6591977999923984, 0.6561117999954149, 0.6571070000063628, 0.6569420999876456]}, "cpython": {"warmup": [0.7738582999882055, 0.7652461000106996, 0.7668129999947269, 0.7670859000063501, 0.7736297999945236, 0.765896500000963, 0.7668999000015901, 0.7798805000056745, 0.7633012000005692, 0.7650026999908732, 0.7669745999883162, 0.763569800008554, 0.7638995000015711, 0.7649491999909515, 0.7664444000110961, 0.7686945000023115, 0.7656013000087114, 0.770721599998069, 0.7663761000003433, 0.7685597000090638, 0.7691965000121854, 0.7702376000088407, 0.7680343999963952, 0.7670728999946732, 0.7673975000070641, 0.7767606999987038, 0.7665612999990117, 0.768715099999099, 0.7685369999962859, 0.7680061999999452, 0.7664523999992525, 0.7670262000028742, 0.7683022999990499, 0.7653824000008171, 0.7669081000058213, 0.7664369999984046, 0.7760224999947241, 0.7678373999951873, 0.7678816999978153, 0.7678035999997519, 0.7653235000034329, 0.7686685999942711, 0.7634478000109084, 0.7682234999956563, 0.7712195999920368, 0.7682666000036988, 0.7663980000070296, 0.768460099992808, 0.7669527000107337, 0.7650771999906283, 0.76623280000058, 0.7625431999913417, 0.7660251000052085, 0.7651685000018915, 0.7658818999916548, 0.7707327999960398, 0.7716338999889558, 0.7655061999976169, 0.7626804000028642, 0.7681048000085866, 0.7669950999988941, 0.7656136000005063, 0.7710852000018349, 0.7642368999950122, 0.7679358000023058, 0.76751140000124, 0.7636229999916395, 0.7697593000048073, 0.7662564999918686, 0.7680934999953024, 0.773220000002766, 0.7684127999964403, 0.7700112000020454, 0.76379499999166, 0.7694785000057891, 0.7676347000087844, 0.7692432000039844, 0.7661512000049697, 0.7683254000003217, 0.7652748999971664, 0.7647956000000704, 0.7666151000012178, 0.766255499998806, 0.7716278000007151, 0.7639261000003899, 0.76932749999105, 0.7646844000119017, 0.766318299996783, 0.7680287999974098, 0.7661574999947334, 0.7649903999990784, 0.7664279000018723, 0.7634345999977086, 0.7694711000076495, 0.7692661999899428, 0.7661979999975301, 0.7669693999923766, 0.7685590000037337, 0.7663327000045683, 0.766003600001568],