{"nuitka": {"warmup": [1.1459427999998297, 1.1098072000004322, 1.0961213999999018, 1.0893482999999833, 1.0759106000004977, 1.1271347000001697, 1.0834610000001703, 1.0994558000002144, 1.0961128999988432, 1.0919534000004205, 1.0909878999991633, 1.0904030000001512, 1.0767470999999205, 1.0839704999998503, 1.1039450999996916, 1.19252939999933, 1.0810793999989983, 1.092590399999608, 1.086910899999566, 1.0828152000012778, 1.0780493000002025, 1.0875548999993043, 1.0773666000004596, 1.1055367000008118, 1.0957300000009127, 1.1028418999994756, 1.1155503999998473, 1.0957655000001978, 1.1263615000007121, 1.111278800000946, 1.106639699999505, 1.120624900000621, 1.1206017000004067, 1.0816290000002482, 1.098784899999373, 1.0708801000000676, 1.0817661000000953, 1.0968233000003238, 1.2608720000007452, 1.0853410999989137, 1.0869411999992735, 1.1066227000010258, 1.0806359999987762, 1.1347707000004448, 1.084333400000105, 1.0732911999984935, 1.1013605000007374, 1.1065285000004224, 1.099608200000148, 1.0846258000001399, 1.097367899999881, 1.0999441000003571, 1.0837141000010888, 1.0678008000013506, 1.077535299998999, 1.0952895000009448, 1.083689699999013, 1.108797199998662, 1.1010960000003251, 1.086259899999277, 1.1040794999989885, 1.0988770999992994, 1.0824659999998403, 1.091864899999564, 1.0615468000014516, 1.0805287999992288, 1.076603099998465, 1.0816506999999547, 1.1199762999985978, 1.0854266000005737, 1.080674499999077, 1.0947519999990618, 1.0911142000004475, 1.1002168000013626, 1.1311915000005683, 1.0811140999994677, 1.0935019999997166, 1.0909833000005165, 1.089994600000864, 1.1128118000015093, 1.1133623999994597, 1.1095382000003156, 1.1050314999993134, 1.1249420999993163, 1.108441699998366, 1.0886007999997673, 1.1033327000004647, 1.1039447000002838, 1.1140424000004714, 1.121266399999513, 1.1240056000006007, 1.1062753000005614, 1.1079441999991104, 1.106974899999841, 1.1022066999994422, 1.0885004000010667, 1.102502600000662, 1.139142299998639, 1.0887145000015153, 1.0912549999993644], "benchmark": [1.093055800000002, 1.1059356999994634, 1.0941174999989016, 1.1195977000006678, 1.0907835999987583, 1.1254910999996355, 1.1065144000003784, 1.1049064999988332, 1.093197500000315, 1.0965388000004168, 1.2083959999999934, 1.1341186999998172, 1.143447999998898, 1.1403252000000066, 1.133622800000012, 1.1131977000004554, 1.0998811000008573, 1.0874000000003434, 1.0057840999998007, 1.1282968999985314, 1.2725812999997288, 1.182935400000133, 1.3152175999985047, 1.3164835999996285, 1.2568544999994629, 1.3131289000011748, 1.2803993999987142, 1.3024000999994314, 1.3115711999998894, 1.2691978000002564, 1.3324832999987848, 1.2751867999995739, 1.3012300999998843, 1.29768310000145, 1.3076333000008162, 1.2660204000003432, 1.200521700000536, 1.286551999999574, 1.2526983999996446, 1.3172748999986652, 1.295608500000526, 1.2942191000001912, 1.319038499999806, 1.2960372000015923, 1.2631402000006346, 1.2795918000010715, 1.163231900000028, 1.1887841999996454, 1.1042142000005697, 1.0788649000005535, 1.090675999999803, 1.2841985000013665, 1.3126281999993807, 1.2865925000005518, 1.291084899999987, 1.1233532000005653, 1.3360563999995065, 1.304399700000431, 1.3065296999993734, 1.2779626999999891, 1.202855900000941, 1.2587688000003254, 1.2935790000010456, 1.3150915000005625, 1.297772799998711, 1.2491555999986304, 1.2633498000013788, 1.2839815999996063, 1.2723291999991488, 1.3163492000003316, 1.3068418000002566, 1.3268982999998116, 1.3112328999995952, 1.24979969999913, 1.3042327000002842, 1.2868835000008403, 1.286545599999954, 1.34150370000134, 1.2777565000014874, 1.2978047999986302, 1.3326681000016833, 1.2979461000013544, 1.1139750000002095, 1.0720052999986365, 1.078255899999931, 1.0723766000010073, 1.154279200000019, 1.1419354000008752, 1.200267599999279, 1.0907801000012114, 0.995293900001343, 1.0351129999999102, 0.9676223999995273, 0.9755659000002197, 1.0091272999998182, 1.073961899999631, 0.9948206000008213, 1.0724449999997887, 0.9751137000002927, 0.9729377999992721]}, "cpython": {"warmup": [1.165124699999069, 1.1657123000004503, 1.1940931999997701, 1.1843997999985731, 1.1831161999998585, 1.1566731999992044, 1.1426870000013878, 1.163478500000565, 1.1263007999987167, 1.151161100000536, 1.1433985999992728, 1.133647700000438, 1.1590493000003335, 1.1983190999999351, 1.170268899999428, 1.1148164000005636, 1.1522887999999512, 1.203161600000385, 1.20319439999912, 1.174668899999233, 1.1380680999991455, 1.1703332000015507, 1.207182300000568, 1.18014409999887, 1.1692636999996466, 1.1780601999998908, 1.176659099999597, 1.1659870000003139, 1.2074729000014486, 1.157955700000457, 1.1566130999999586, 1.1390766000004078, 1.1539995999992243, 1.1004859000004217, 1.1674165000003995, 1.1877156999998988, 1.209149800000887, 1.1689411000006658, 1.1351484000006167, 1.179290600000968, 1.1625870000007126, 1.1451161999993928, 1.1551438000005874, 1.1397604000012507, 1.1664048000002367, 1.170231899999635, 1.1677005000001373, 1.1468871000015497, 1.1629335999987234, 1.1818760000005568, 1.1736399000001256, 1.1576230000009673, 1.1404760999994323, 1.142977299999984, 1.1333046999989165, 1.1431641000017407, 1.1389033000014024, 1.1524733999995078, 1.0814864000003581, 1.1432721000001038, 1.1716665000003559, 1.1422669000003225, 1.1392183999996632, 1.1348875999992742, 1.1779557000008936, 1.1943392000011954, 1.18832730000031, 1.15377719999924, 1.213692199999059, 1.1727025999989564, 1.1954588999997213, 1.1422070000007807, 1.1692298999987543, 1.1605562999993708, 1.2119265000001178, 1.1465484999989712, 1.1467940000002272, 1.193218300000808, 1.1439405999990413, 1.1760689999991882, 1.1796475000010105, 1.1447480999995605, 1.1926460999984556, 1.1681851999983337, 1.1713484000010794, 1.1544389000009687, 1.111372699999265, 1.1579905999988114, 1.2009059000010893, 1.1540930999999546, 1.1676533999998355, 1.1551312999999936, 1.119649099999151, 1.1524532999992516, 1.1462398000003304, 1.087403000001359, 1.1521572999990894, 1.0773172999997769, 1.1507200000014564, 1.1658673000001727], "benchmark": [1.1515163000003668, 1.1508304999988468, 1.1649403999999777, 1.16157160000148, 1.1832434000007197, 1.1300516000010248, 1.1659917000015412, 1.3074366000000737, 1.1931917000001704, 1.1935185999991518, 1.1387009999998554, 1.1699845999992249, 1.171851400000378, 1.1717760000010458, 1.197255099999893, 1.1763928000000305, 1.0360770000006596, 1.1396203999993304, 1.1837670000004437, 1.1675059999997757, 1.2185726999996405, 1.1933246000007784, 1.2331490000015037, 1.1936243000000104, 1.203394500000286, 1.1665751000000455, 1.1392434000008507, 1.241358899998886, 1.1710796999996091, 1.2051260999996884, 1.2095848000008118, 1.0971789999985049, 1.3045101999996405, 1.117038300000786, 1.0960501999998087, 1.2088394000002154, 1.183529300000373, 1.1716035999997985, 1.1684237999998004, 1.1607272000001103, 1.146899499999563, 1.1780934999987949, 1.1520043999989866, 1.1406165999997029, 1.1809561000009126, 1.1831775000009657, 1.156315899999754, 1.17225469999903, 1.1802793000006204, 1.173181599999225, 1.1904987000016263, 1.1473996000004263, 1.1540451000000758, 1.190605300000243, 1.1664472000011301, 1.1598561000009795, 1.1407239000000118, 1.1926628999990498, 1.1501029999999446, 1.1483017999998992, 1.202360100000078, 1.2235177000002295, 1.2170726000003924, 1.1498864999994112, 1.1634728999997606, 1.1706357000002754, 1.1617540000006557, 1.1548803999994561, 1.1490384999997332, 1.145429599999261, 1.1391277999991871, 1.1675751000002492, 1.1629130999990593, 1.144764499998928, 1.1664509000002, 1.1711897000004683, 1.1755790000006527, 1.166603400000895, 1.1623859999999695, 1.1615685999986454, 1.097331099999792, 1.1376612999993085, 1.1645006999988254, 1.1855975999988004, 1.1292893000008917, 1.1474426000004314, 1.1503643000014563, 1.1288062000003265, 1.1694659000004322, 1.1739730999997846, 1.1662768999995023, 1.1997117999999318, 1.1504803999996511, 1.1667324000009103, 1.1690263000000414, 1.1430686000003334, 1.0681328999999096, 1.1820019999995566, 1.1582402999993064, 1.1483484000000317]}}