{"nuitka": {"warmup": [0.35616249998565763, 0.186664800014114, 0.18612149998079985, 0.18579820002196357, 0.18514859999413602, 0.18388590001268312, 0.1839926000102423, 0.18504680000478402, 0.18450780000421219, 0.1855511000030674, 0.18458870000904426, 0.1843679999874439, 0.18604199998662807, 0.18537560000550002, 0.1848685999866575, 0.1859243999933824, 0.1851602999959141, 0.18527080002240837, 0.18416470001102425, 0.18559300000197254, 0.18436459999065846, 0.18475190000026487, 0.18460570002207533, 0.18659399999887682, 0.18477700001676567, 0.18510210001841187, 0.1848300999845378, 0.1850237000035122, 0.18596610001986846, 0.18441570000140928, 0.18409860000247136, 0.18486379997921176, 0.18416880001313984, 0.1844266999978572, 0.18666199999279343, 0.18491209999774583, 0.18498210000689141, 0.18492900001001544, 0.1850638999894727, 0.18539880000753328, 0.18469199998071417, 0.18555900000501424, 0.18454859999474138, 0.18353569999453612, 0.18542160000652075, 0.18412280001211911, 0.18521649998729117, 0.18537180000566877, 0.1842696999956388, 0.18351580001763068, 0.18392239999957383, 0.1847053999954369, 0.18412779999198392, 0.18651530001079664, 0.18597059999592602, 0.18635529998573475, 0.18436949999886565, 0.18543690000660717, 0.18595660000573844, 0.18586649998906069, 0.18498189997626469, 0.18646810000063851, 0.18584370001917705, 0.18491939999512397, 0.18508699999074452, 0.1843998999975156, 0.18551869998918846, 0.18438329998753034, 0.18434659999911673, 0.1849969000031706, 0.1846390999853611, 0.18527809999068268, 0.1857243999838829, 0.18475119999493472, 0.18528189999051392, 0.1855562000127975, 0.1847045999893453, 0.18547309999121353, 0.18493050002143718, 0.18442030000733212, 0.18514719998347573, 0.18541499998536892, 0.18509460001951084, 0.18556009998428635, 0.18379119999008253, 0.18515549998846836, 0.18373520000022836, 0.1836192999908235, 0.18607730002258904, 0.18505470000673085, 0.18424179998692125, 0.18537759999162517, 0.18415590000222437, 0.18716569998650812, 0.18394150002859533, 0.18377699999837205, 0.1853036999818869, 0.18442169998888858, 0.18493250000756234, 0.1845018999883905], "benchmark": [0.18492209998657927, 0.18486520001897588, 0.1853009999904316, 0.18478340000729077, 0.18497600001865067, 0.1845608000003267, 0.1842938000045251, 0.18516220001038164, 0.18484629999147728, 0.18537600000854582, 0.18486660000053234, 0.18639230000553653, 0.1838776999793481, 0.1838926999771502, 0.184606700000586, 0.18581349999294616, 0.1841009999916423, 0.18439010001020506, 0.18475359998410568, 0.18506279998109676, 0.18507740000495687, 0.18412549997447059, 0.183902599994326, 0.18360789999132976, 0.18424850000883453, 0.18389309998019598, 0.18590669997502118, 0.18495689998962916, 0.1853015999950003, 0.18495959998108447, 0.1841755999776069, 0.185176999977557, 0.18620110000483692, 0.1851965999812819, 0.1859785999986343, 0.183914499997627, 0.18540400001802482, 0.186186099977931, 0.18548589997226372, 0.18543000001227483, 0.18410789998597465, 0.18471499998122454, 0.1855582999996841, 0.1855152000207454, 0.18510249999235384, 0.18436210000072606, 0.18547729999409057, 0.18676179999602027, 0.18567459998303093, 0.1849553000065498, 0.1855926999996882, 0.1846400999929756, 0.18677510000998154, 0.18539749999763444, 0.18528830001014285, 0.18402039998909459, 0.18572649999987334, 0.18504680000478402, 0.1864495999761857, 0.18490680001559667, 0.18561649997718632, 0.185635599977104, 0.1859722000081092, 0.18477369999163784, 0.18435090000275522, 0.18432489997940138, 0.1854149000137113, 0.185127900011139, 0.1860445000056643, 0.18689730000915006, 0.18466970001463778, 0.18428119999589399, 0.1852552000200376, 0.18485709998640232, 0.18704730001627468, 0.18429239999386482, 0.18472530000144616, 0.18454700001166202, 0.18428580000181682, 0.1859476999961771, 0.18468050000956282, 0.1841714000038337, 0.1857748000184074, 0.1859069000056479, 0.18517489999067038, 0.18517290000454523, 0.1833694000088144, 0.18415340001229197, 0.1869382000004407, 0.1840139999985695, 0.18605630000820383, 0.18497029997524805, 0.18429909998667426, 0.18585730000631884, 0.1843597000115551, 0.18499129998963326, 0.1859489000053145, 0.18425229997956194, 0.1857006999780424, 0.18531410000286996]}, "cpython": {"warmup": [0.22923789999913424, 0.22282029999769293, 0.2240268999885302, 0.22317249997286126, 0.22325539999292232, 0.22422620002180338, 0.22410399999353103, 0.22147320001386106, 0.22328629999537952, 0.2214574000099674, 0.22325170002295636, 0.2213800000026822, 0.22365759999956936, 0.22231869999086484, 0.22323589998995885, 0.2221136000007391, 0.22367999999551103, 0.22300599998561665, 0.22080599999753758, 0.2215647999837529, 0.2230808999738656, 0.2220204999903217, 0.22298550000414252, 0.2231527000258211, 0.22225029999390244, 0.22223690000828356, 0.22264399999403395, 0.2222092000010889, 0.22482810000656173, 0.22077470002113841, 0.22316829999908805, 0.2212125000078231, 0.22315550001803786, 0.22206229998846538, 0.22277649998432025, 0.22074140000040643, 0.2225746999902185, 0.22195830001146533, 0.2229312999988906, 0.22107110000797547, 0.2244918000069447, 0.22542439997778274, 0.22231579999788664, 0.223011599999154, 0.22202600000309758, 0.22169720000238158, 0.22417489998042583, 0.2217450000171084, 0.22094950001337565, 0.2224825999874156, 0.22314809999079444, 0.2222231999912765, 0.22317289997590706, 0.22412610001629218, 0.221263799990993, 0.22188500000629574, 0.22245430000475608, 0.2220456000068225, 0.2236198000027798, 0.22143040000810288, 0.22453619999578223, 0.2222528999845963, 0.22295980001217686, 0.22113430002355017, 0.22366089999559335, 0.22261860000435263, 0.22142740001436323, 0.22306369998841546, 0.2238507000147365, 0.2219416000007186, 0.22357630002079532, 0.22248759999638423, 0.22360290001961403, 0.22335339998244308, 0.2223394000029657, 0.22229639999568462, 0.22524570001405664, 0.2226364999951329, 0.22216229999321513, 0.22138030000496656, 0.22172270002192818, 0.22386999998707324, 0.22255330000189133, 0.2215792000060901, 0.22340990000520833, 0.22188960001221858, 0.222661000007065, 0.22333330000401475, 0.22262500002398156, 0.22268269999767654, 0.22094520000973716, 0.2224747000145726, 0.22298270001192577, 0.22279889998026192, 0.2243832000240218, 0.22273520001908764, 0.2232701999892015, 0.22309719998156652, 0.22354559999075718, 0.2228000000177417],