{"nuitka": {"warmup": [0.35756409997702576, 0.19138149998616427, 0.19113940000534058, 0.19074259998160414, 0.19062530001974665, 0.1909952000132762, 0.19205739998142235, 0.19089600001461804, 0.19159740000031888, 0.19075760000851005, 0.19114809998427518, 0.19113049999577925, 0.1901979999965988, 0.1926802999805659, 0.1911289000126999, 0.1923763000231702, 0.1929498999961652, 0.19144559997948818, 0.19127799998386763, 0.19285439999657683, 0.19115130000864156, 0.19123409999883734, 0.1906384999747388, 0.19093599999905564, 0.19238229998154566, 0.1913079999794718, 0.19071029999759048, 0.19103660000837408, 0.1917511000065133, 0.19169070001225919, 0.18983389998902567, 0.19089230001554824, 0.19134469999698922, 0.19078689999878407, 0.1911291999858804, 0.19049610002548434, 0.19033859999035485, 0.19065810000756755, 0.19146319999708794, 0.19050240001524799, 0.19044360000407323, 0.1908308000129182, 0.19104340000194497, 0.19022550000227056, 0.18997200002195314, 0.19137190000037663, 0.18999519999488257, 0.19200260000070557, 0.19301590000395663, 0.19182770000770688, 0.19274850000510924, 0.19097190001048148, 0.19143850001273677, 0.19204039999749511, 0.19101450001471676, 0.1903362000011839, 0.18984619999537244, 0.18990239998674951, 0.1909105999802705, 0.19021809997502714, 0.19072859999141656, 0.19026339999982156, 0.1917923000000883, 0.1916137000080198, 0.1903740999987349, 0.18977080000331625, 0.19083830001181923, 0.18961810000473633, 0.19203700000070967, 0.19223739998415112, 0.19109300000127405, 0.19180999998934567, 0.19048349998774938, 0.18952750001335517, 0.19233759999042377, 0.19025449999026023, 0.19137010001577437, 0.19017609997536056, 0.1897791999799665, 0.19116839999333024, 0.19152849999954924, 0.19144070000038482, 0.19090680000954308, 0.19042999998782761, 0.1913386999804061, 0.19067599999834783, 0.19095170000218786, 0.19163069999194704, 0.1914346999838017, 0.19109110001591034, 0.19012149999616668, 0.1902319999935571, 0.19144769999547862, 0.19049109998741187, 0.19012149999616668, 0.19197069999063388, 0.18987400000332855, 0.19100399999297224, 0.1912679999950342, 0.19031039997935295], "benchmark": [0.19160580000607297, 0.19070529998862185, 0.192969700001413, 0.19156009997823276, 0.19062889998895116, 0.19150750001426786, 0.19050119997700676, 0.19068689999403432, 0.19083140001748689, 0.1904025999829173, 0.19055549998302013, 0.1911504000017885, 0.1911930000060238, 0.19364959999802522, 0.19060930001433007, 0.1907601999992039, 0.19290200000978075, 0.19205760001204908, 0.1911600999883376, 0.19014369999058545, 0.18958949999068864, 0.19110300001921132, 0.19018629999482073, 0.19199170000501908, 0.19045480000204407, 0.1915228999860119, 0.19041529999230988, 0.1905038999975659, 0.19163499999558553, 0.19269419999909587, 0.19141810000292026, 0.19200929999351501, 0.1914155000122264, 0.19112179998774081, 0.19196349999401718, 0.1910638000117615, 0.1909702999982983, 0.19066989998100325, 0.19029719999525696, 0.19137179999961518, 0.19079340001917444, 0.1904795999871567, 0.1909358999982942, 0.19144359999336302, 0.19117820000974461, 0.19005730000208132, 0.18992570001864806, 0.19130279999808408, 0.1904744999774266, 0.19120349999866448, 0.1919231000065338, 0.1914348999853246, 0.191516099992441, 0.190741899976274, 0.19210709998151287, 0.19042359999730252, 0.1901646000042092, 0.19209810000029393, 0.1913135000213515, 0.1902713000017684, 0.1911586000060197, 0.1907063999969978, 0.19038499999442138, 0.1928603000123985, 0.1906971000134945, 0.1906658000079915, 0.19203110001399182, 0.19264880000264384, 0.1909620999940671, 0.19129200000315905, 0.19193990001804195, 0.1911005000001751, 0.19130289999884553, 0.19081020000157878, 0.1913390999834519, 0.1914898999966681, 0.19150300000910647, 0.19069029999081977, 0.191015000018524, 0.19230270001571625, 0.19127039998420514, 0.1912958000029903, 0.19174179999390617, 0.190188099979423, 0.19201990001602098, 0.19225739999092184, 0.1916098000074271, 0.19080080001731403, 0.19170019999728538, 0.1914180000021588, 0.19071919997804798, 0.19117360000382178, 0.19157039999845438, 0.19073149998439476, 0.19061769999098033, 0.19198620002134703, 0.19155079999472946, 0.19200789998285472, 0.19132810001610778, 0.19126620001043193]}, "cpython": {"warmup": [0.24322679999750108, 0.22443309999653138, 0.22349169998778962, 0.22272429999429733, 0.2232691000099294, 0.22364559999550693, 0.22315760000492446, 0.22251210000831634, 0.2222429999965243, 0.22390360001008958, 0.2228964999958407, 0.22330019998480566, 0.22304780001286417, 0.22367360000498593, 0.22275449999142438, 0.22397409999393858, 0.22323190001770854, 0.22286939999321476, 0.2226764999795705, 0.22219239998958074, 0.22304720000829548, 0.22546350001357496, 0.22305470000719652, 0.22193460000562482, 0.22264279998489656, 0.22483660001307726, 0.22337079999851994, 0.22372160002123564, 0.22394830000121146, 0.22289350000210106, 0.22337540000444278, 0.22428609998314641, 0.22424100001808256, 0.22775319998618215, 0.2243863999901805, 0.22221220002393238, 0.22400249997735955, 0.22513059998163953, 0.2252104000071995, 0.22524200001498684, 0.2225363999896217, 0.2220612999808509, 0.22305069997673854, 0.22328209999250248, 0.223204000008991, 0.22228159999940544, 0.22251439999672584, 0.2216887999966275, 0.22261490000528283, 0.2231303000007756, 0.2249569999985397, 0.22280699998373166, 0.22233779999078251, 0.2241298999870196, 0.2225146999990102, 0.2245761000085622, 0.2230093999824021, 0.2225748999917414, 0.22406850001425482, 0.22226989999762736, 0.22183540000696667, 0.22321999998530373, 0.22361669997917488, 0.22310750000178814, 0.22354330000234768, 0.22053199997753836, 0.22236419998807833, 0.2232064999989234, 0.22285000002011657, 0.22179979999782518, 0.2212699999799952, 0.22213409998221323, 0.22140779998153448, 0.2228826999780722, 0.22190040000714362, 0.2238274000119418, 0.2241935000056401, 0.22196480000275187, 0.22170379999442957, 0.22280610000598244, 0.22233560000313446, 0.22288539999863133, 0.2224792999913916, 0.22413349998532794, 0.22221710000303574, 0.22165530000347644, 0.22438090000650845, 0.22275300000910647, 0.221691099985037, 0.22233739998773672, 0.2216774999978952, 0.22290459999931045, 0.22551459999522194, 0.2241218000126537, 0.222562500013737, 0.22351260000141338, 0.22339819997432642, 0.22249479999300092, 0.225502300017979, 0.2333750000107102],