{"nuitka": {"warmup": [0.4288482000119984, 0.2289448999799788, 0.2265975000045728, 0.22799139999551699, 0.22741160000441596, 0.23006210001767613, 0.22671349998563528, 0.22756860000663437, 0.22618470000452362, 0.22721520002232864, 0.22650059999432415, 0.2266982999863103, 0.22638970002299175, 0.22615569998743013, 0.2273457999981474, 0.22635120002087206, 0.22693139998591505, 0.22622969999792986, 0.22650560000329278, 0.22544639999978244, 0.22733840000000782, 0.22768250000081025, 0.22691379999741912, 0.22887670001364313, 0.22514569998020306, 0.22674270000425167, 0.22516189998714253, 0.22731059999205172, 0.22562810001545586, 0.22598190000280738, 0.22699419999844395, 0.2255418999993708, 0.229385300015565, 0.22694860000046901, 0.22712560000945814, 0.22666849999222904, 0.22821030000341125, 0.22680679999757558, 0.22641080000903457, 0.2276177000021562, 0.22719320000032894, 0.2259312999958638, 0.22669940002379008, 0.2266372999874875, 0.22634829999879003, 0.2285017000103835, 0.22598059999290854, 0.22553349999361672, 0.22750169999198988, 0.22760869999183342, 0.2263319999910891, 0.22662840000703, 0.22713230000226758, 0.22604059998411685, 0.22865929998806678, 0.22743400000035763, 0.22727480001049116, 0.2278226999915205, 0.22684309998294339, 0.22624580000410788, 0.22634809999726713, 0.22717190001276322, 0.2274823999905493, 0.22637310001300648, 0.22693450000951998, 0.22664770000847057, 0.22749459999613464, 0.22661419998621568, 0.2268000000040047, 0.23097340000094846, 0.22759659998700954, 0.22915229998761788, 0.2270546000218019, 0.22635350000928156, 0.22797089998493902, 0.22860400000354275, 0.22894289999385364, 0.22669280000263825, 1.0929848999949172, 0.2260072999924887, 0.22659059998113662, 0.2281070000026375, 0.2266525000159163, 0.22697980000521056, 0.22730709999450482, 0.22865410000667907, 0.2259341000171844, 0.22792820000904612, 0.22608500000205822, 0.22778010001638904, 0.2278449000150431, 0.22759560000849888, 0.2275851999875158, 0.22713139999541454, 0.22700230000191368, 0.22730639998917468, 0.22878830000991002, 0.22709020000183955, 0.22842759999912232, 0.22729640000034124], "benchmark": [0.22787989999051206, 0.22644430000218563, 0.2263278000173159, 0.2284839999920223, 0.22687959999893792, 0.22708110001985915, 0.22576030000345781, 0.22984039998846129, 0.22803810000186786, 0.22700290000648238, 0.22749970000586472, 0.22737859998596832, 0.22578710000379942, 0.22688169998582453, 0.22603029999299906, 0.2268925000098534, 0.22965659998590127, 0.22607540001627058, 0.22788829999626614, 0.22640700000920333, 0.2279731000016909, 0.22662979998858646, 0.22826240002177656, 0.2269596999976784, 0.2262285999895539, 0.22661519999383017, 0.22641549998661503, 0.22601020001457073, 0.22731040001963265, 0.228301700000884, 0.2267868000199087, 0.22677189999376424, 0.22665840000263415, 0.22783759998856112, 0.2284663000027649, 0.228014099993743, 0.227507700008573, 0.22632400001748465, 0.22709169998415746, 0.22638579999329522, 0.22622350000892766, 0.22654309999779798, 0.2268204000138212, 0.22585909999907017, 0.22686260001501068, 0.22705210000276566, 0.22659249999560416, 0.22823810001136735, 0.22757729998556897, 0.2271201000257861, 0.22696280002128333, 0.22789209999609739, 0.22605909997946583, 0.22768830001587048, 0.22773049998795614, 0.22787009997409768, 0.2266927000018768, 0.22595379999256693, 0.22711379997781478, 0.22563639999134466, 0.22855149998213165, 0.22730610001599416, 0.2278599999845028, 0.22656219999771565, 0.2268335999979172, 0.22673339999164455, 0.22686570000951178, 0.22750030001043342, 0.22632879999582656, 0.22856009998940863, 0.2265385999926366, 0.22472350002499297, 0.22707449999870732, 0.22710519999964163, 0.2262019999907352, 0.22795059997588396, 0.22948610002640635, 0.22744909999892116, 0.22601370001211762, 0.2263807999843266, 0.2273830000194721, 0.2285015000088606, 0.22845590001088567, 0.22521279999637045, 0.22628879998228513, 0.22646840001107194, 0.22701400000369176, 0.22587260001455434, 0.2282085999904666, 0.22647630001301877, 0.22518519998993725, 0.2267790000187233, 0.2260557000117842, 0.2243579000059981, 0.22710150000057183, 0.22535280001466163, 0.2260695000004489, 0.22530940000433475, 0.22605319999274798, 0.2252032000105828]}, "cpython": {"warmup": [0.23439699999289587, 0.22241950000170618, 0.22182530001737177, 0.2206653000030201, 0.2213828999956604, 0.21882730000652373, 0.22151539998594671, 0.22113040002295747, 0.2207042999798432, 0.22225430002436042, 0.21955350000644103, 0.21952079999027774, 0.22142150002764538, 0.2214273999852594, 0.21933179997722618, 0.22149219998391345, 0.22055440000258386, 0.2196440999978222, 0.22141040000133216, 0.2218875999969896, 0.22033510002074763, 0.2205713999865111, 0.22031639999477193, 0.22021979998680763, 0.2226692000112962, 0.223770999989938, 0.2214844000118319, 0.22153020001132973, 0.22050290001789108, 0.22023429998080246, 0.22255659999791533, 0.48513489999459125, 0.2207291999948211, 0.2210000999912154, 0.22050799999851733, 0.22237840000889264, 0.22084719999111257, 0.2193525999900885, 0.21999549999600276, 0.2205359999788925, 0.2196614000131376, 0.22122550001950003, 0.22166310000466183, 0.21945679999771528, 0.21980120000080206, 0.22120830000494607, 0.22011070000007749, 0.21971320000011474, 0.22335250000469387, 0.2207893000158947, 0.21980900000198744, 0.2192413999873679, 0.22031530001549982, 0.22117699999944307, 0.22085809998679906, 0.22061019999091513, 0.22053459999733604, 0.22018549998756498, 0.21874729997944087, 0.22081230001640506, 0.21955340000567958, 0.22096700000111014, 0.219859600008931, 0.2197726000158582, 0.2204106999852229, 0.2217213999829255, 0.22429130002274178, 0.22083129998645745, 0.22034070000518113, 0.22213149999151938, 0.2212195000029169, 0.22199520000140183, 0.2212541000044439, 0.22030710001126863, 0.21954639998148195, 0.2224075999984052, 0.21922120000817813, 0.21969309999258257, 0.22029579998343252, 0.22038220000104047, 0.22115009999834, 0.21980859999894165, 0.22162070000194944, 0.2223566999891773, 0.22194249997846782, 0.22101229999680072, 0.22077539999736473, 0.22183890000451356, 0.22039990001940168, 0.22187459998531267, 0.22000000000116415, 0.2213939999928698, 0.22075830001267605, 0.2211224000202492, 0.21959150000475347, 0.2204277999990154, 0.22044800000730902, 0.22100819999468513, 0.22228859999449924, 0.219840200006729],