{"nuitka": {"warmup": [1.2169921000022441, 1.2135757000069134, 1.1926613000105135, 1.2023907999973744, 1.1936610999982804, 1.238826999993762, 1.1880768999981228, 1.2130663999996614, 1.2053805000032298, 1.1930299999949057, 1.1893682000227273, 1.2132248999841977, 1.1963739999919198, 1.1912336999957915, 1.1894644999993034, 1.1992317000112962, 1.2044567000120878, 1.2060371999978088, 1.1955567999975756, 1.2214670999965165, 1.1906373999954667, 1.1913579999818467, 1.2060190000047442, 1.1871286999958102, 1.2041947999969125, 1.2075966999982484, 1.196246000006795, 1.1918940999894403, 1.1875618000049144, 1.2163218000205234, 1.1921120999904815, 1.1891889999969862, 1.1892933000053745, 1.1970543000206817, 1.2208026000007521, 1.2167898000043351, 1.1961706000147387, 1.1996156999957748, 1.2114559999899939, 1.1905731000006199, 1.1988260999787599, 1.1903435999993235, 1.1931022999924608, 1.195265800022753, 1.2097495000052731, 1.199448700004723, 1.1923364000103902, 1.1971169000025839, 1.197318600025028, 1.1995225999853574, 1.2010953999997582, 1.1818518999789376, 1.195635600015521, 1.1901314999850001, 1.1996871999872383, 1.195346900000004, 1.193615600001067, 1.1901815999881364, 1.2046404000138864, 1.1897581999946851, 1.1932915999786928, 1.1999976000224706, 1.2011863999941852, 1.1911579000006896, 1.22271170001477, 1.2165915000077803, 1.1924937999865506, 1.1976633000012953, 1.197664800012717, 1.2032245000009425, 1.1840322999923956, 1.1935542000283021, 1.1952293000067584, 1.1886432000028435, 1.2001163999957498, 1.1989973000017926, 1.1980378000007477, 1.2041147999989334, 1.1896261000074446, 1.1871291999996174, 1.1891031000122894, 1.1880393000028562, 1.198784500011243, 1.1981797000044025, 1.1931358999863733, 1.1869119000039063, 1.2018568000057712, 1.1976342999842018, 1.1996305999928154, 1.2016324999858625, 1.21619649999775, 1.2020921999937855, 1.200631899992004, 1.1929522000136785, 1.204418999986956, 1.2023782000178471, 1.1981347000109963, 1.187629599997308, 1.2028755000210367, 1.2272599999851082], "benchmark": [1.2019787000026554, 1.206212899996899, 1.2078712999937125, 1.1896137000003364, 1.2114990999980364, 1.1938683999760542, 1.197906100016553, 1.2138839999970514, 1.2099514000001363, 1.20565180000267, 1.2019456000125501, 1.1977452999853995, 1.1965946999844164, 1.1942424000008032, 1.1883006999851204, 1.1946122999943327, 1.1917673000134528, 1.1879327000060584, 1.2163746999867726, 1.1948255999886896, 1.2034198000037577, 1.193664299993543, 1.2014541999960784, 1.1973738999804482, 1.1973849999776576, 1.2144553000107408, 1.1925433999858797, 1.2108578000043053, 1.2164271000074223, 1.201168499974301, 1.1945919999852777, 1.1962754999985918, 1.1923242000048049, 1.1910629000049084, 1.189503900008276, 1.200118200009456, 1.1872577000176534, 1.2128283999918494, 1.193159700022079, 1.183143000002019, 1.1916808999958448, 1.217700800014427, 1.1979779000103008, 1.1835566000081599, 1.186937599995872, 1.2067141000006814, 1.1928762999887113, 1.1963063000002876, 1.1902763999823947, 1.180191699997522, 1.1870412999996915, 1.2029929000127595, 1.2090468000096735, 1.2172850999922957, 1.1969606000056956, 1.1995831999811344, 1.1918100000184495, 1.1946051999984775, 1.1916617999959271, 1.197654399991734, 1.211574599990854, 1.1917698000033852, 1.1982868000050075, 1.1910231000219937, 1.1885489999840502, 1.1978969000047073, 1.1971991000173148, 1.1968027999973856, 1.2006426000152715, 1.1967101000191178, 1.1802334999956656, 1.195476699998835, 1.216304500005208, 1.197306899994146, 1.189712799998233, 1.198198300000513, 1.2046342999965418, 1.1918402999872342, 1.1917167000065092, 1.208772800018778, 1.1852398999908473, 1.199129599990556, 1.2061453000060283, 1.2003169000090566, 1.1829237999918405, 1.1950769000104629, 1.1984224000188988, 1.1911889000039082, 1.2132172999845352, 1.2040360999817494, 1.2072076000040397, 1.1924422000010964, 1.1887313000042923, 1.1920659000170417, 1.1945211999991443, 1.1939429999911226, 1.188099199993303, 1.1871556999976747, 1.195437700022012, 1.1973235000041313]}, "cpython": {"warmup": [1.2551912000053562, 1.2205096000107005, 1.2162054999789689, 1.2272292000125162, 1.223159500019392, 1.2190326999989338, 1.204867499996908, 1.2207339000015054, 1.2332851999963168, 1.229345600004308, 1.2163171999854967, 1.2204240999999456, 1.2448297000082675, 1.2209287000005133, 1.2247765000211075, 1.2269137999974191, 1.2356925000203773, 1.224749699991662, 1.2285086000047158, 1.216343300009612, 1.2107662000053097, 1.2161418999894522, 1.223599099990679, 1.222479399992153, 1.221305899991421, 1.234529300010763, 1.2309631000098307, 1.2185136999760289, 1.2325498999853153, 1.2135157999873627, 1.2223358000046574, 1.2185820000013337, 1.2545835000055376, 1.2337224000075366, 1.2178401999990456, 1.2587330999958795, 1.2335822000168264, 1.23568179999711, 1.2222517000045627, 1.2242751000158023, 1.2173378000152297, 1.2149382999923546, 1.2185924999939743, 1.2444789999863133, 1.2269387999840546, 1.2197410000080708, 1.22772610001266, 1.2265704000019468, 1.230647999997018, 1.21818909997819, 1.2236730000004172, 1.2131786000099964, 1.22178829999757, 1.2441956000111531, 1.211295799992513, 1.2184901000000536, 1.2197956999880262, 1.2185841999889817, 1.2258607000112534, 1.2256744999904186, 1.2194802000012714, 1.230260200012708, 1.2423234999878332, 1.2158027999976184, 1.2342538999801036, 1.2144331999879796, 1.2421046999807004, 1.2295340999844484, 1.2218538000015542, 1.2098662999924272, 1.2240761000139173, 1.2197608999849763, 1.2142506999953184, 1.2294493000081275, 1.2328419999976177, 1.2301462999894284, 1.245681100001093, 1.220446899998933, 1.232015199988382, 1.2185537999903318, 1.2292752000212204, 1.2266799999924842, 1.2122391000157222, 1.2216710999782663, 1.2241182000143453, 1.2171478000236675, 1.2380993999831844, 1.2207391999836545, 1.223171599995112, 1.2129239999921992, 1.2379451000015251, 1.216431199980434, 1.2186706000065897, 1.2142539999913424, 1.2300408000010066, 1.2149879999924451, 1.2320081999932881, 1.2420535999990534, 1.2478265999816358, 1.223155499988934], "benchmark": [1.217846700019436, 1.2175509000080638, 1.2326062000065576, 1.2283900000038557, 1.2222102000087034, 1.2378217999939807, 1.2349381000094581, 1.2288828000018839, 1.2186474000045564, 1.239866100018844, 1.223254900018219, 1.2288572000106797, 1.2223511000047438, 1.213851100008469, 1.2228133000025991, 1.2113889000029303, 1.2223681999894325, 1.2367114999797195, 1.236230299982708, 1.2247015000029933, 1.2346200000029057, 1.225518799998099, 1.218349999981001, 1.217133800004376, 1.2183103999996092, 1.2271252000064123, 1.2351873999868985, 1.228249899984803, 1.2262705999892205, 1.2192018999776337, 1.23652099998435, 1.232676099985838, 1.2277595000050496, 1.218395000003511, 1.2271393999981228, 1.2434143999998923, 1.212251599994488, 1.2349021000263747, 1.2448608999839053, 1.2233659000194166, 1.223724300012691, 1.2116716000018641, 1.2246011999959592, 1.2272370000137016, 1.2184287999989465, 1.2138830999901984, 1.210561299987603, 1.2218569999968167, 1.221251899987692, 1.258620400010841, 1.216324800014263, 1.2311178999952972, 1.221475999976974, 1.2262494000024162, 1.2270654999883845, 1.2312983000010718, 1.2479784000024665, 1.2339440000068862, 1.2279175000148825, 1.2495609000034165, 1.2280319000128657, 1.2250386999803595, 1.2272131000063382, 1.213350599980913, 1.232350599981146, 1.2233431000204291, 1.2248697000031825, 1.2254192999971565, 1.2208160999871325, 1.216478200018173, 1.222523899981752, 1.246341999998549, 1.224382999993395, 1.2190654999867547, 1.234200500010047, 1.2406922999944072, 1.2287922000105027, 1.2424691000196617, 1.2184929999930318, 1.2351413999858778, 1.220405000000028, 1.215817899996182, 1.2254215000139084, 1.2205833999905735, 1.230981000000611, 1.226324499992188, 1.2536125000042375, 1.2428079999808688, 1.2179905999801122, 1.2202357999922242, 1.2220140999997966, 1.2237224999989849, 1.2370271000254434, 1.232387900003232, 1.2247529000160284, 1.2209876999841072, 1.215893300017342, 1.2145142999943346, 1.2232429000141565, 1.221977400011383]}}