{"nuitka": {"warmup": [1.631475700007286, 1.5118178999982774, 1.4448493999952916, 1.591211300023133, 1.4057315000100061, 1.4094641999981832, 1.4018105999857653, 1.4059109999798238, 1.4116390999988653, 1.3855549000145402, 1.5428937000106089, 1.2953829000180122, 1.3792524999880698, 1.4544099000049755, 1.3846429999975953, 1.3674729999911506, 1.3971308000036515, 1.3653808999806643, 1.4280361999990419, 1.353168600006029, 1.3477635000017472, 1.3820249999989755, 1.4276619000011124, 1.3945811000012327, 1.375225199997658, 1.3688863000134006, 1.3819063999981154, 1.5040456000133418, 1.345192999986466, 1.355567400023574, 1.3924695000168867, 1.5432881000160705, 1.3635302000038791, 1.3534121999982744, 1.3415809999860357, 1.3333781999826897, 1.2787161000014748, 1.3294435999996495, 1.3348442999995314, 1.3841706000093836, 1.328739399992628, 1.409306599991396, 1.3287724000110757, 1.3534504999988712, 1.2545703999930993, 1.3322599999955855, 1.36025779999909, 1.2730207999993581, 1.3572719000221696, 1.3993566999852192, 1.351127500005532, 1.3214645000116434, 1.392564100009622, 1.3316484999959357, 1.370349900011206, 1.3324479000002611, 1.360697900003288, 1.354149899998447, 1.3330874999810476, 1.3903100000170525, 1.3471890999935567, 1.3564133000036236, 1.3407539000036195, 1.3552157999947667, 1.4004422999860253, 1.4067178000113927, 1.3266591999854427, 1.3321590000123251, 1.5130519999947865, 1.3382623999787029, 1.3609295000205748, 1.315266600024188, 1.3270548999716993, 1.4064183000009507, 1.4021375000011176, 1.3935133999912068, 1.3493318000109866, 1.3294573000166565, 1.3357535999966785, 1.42633799999021, 1.4019527999917045, 1.3447696000221185, 1.350200999993831, 1.323807399981888, 1.382082600001013, 1.3461960999993607, 1.522428399999626, 1.3882255000062287, 1.4082804000063334, 1.3763419000024442, 1.4021253999962937, 1.419169700006023, 1.3677673000202049, 1.400588999997126, 1.3511390000057872, 1.3987169000029098, 1.3402570999751333, 1.322327799978666, 1.3707347999734338, 1.3169425000087358], "benchmark": [1.3380216999794357, 1.3446065000025555, 1.3501752000011038, 1.3531037000066135, 1.3452799999795388, 1.3285467000096105, 1.5235552999947686, 1.3189805999863893, 1.377472399995895, 1.3583039999939501, 1.3473249000089709, 1.329897899995558, 1.4809039999963716, 1.3487406000203919, 1.35647549998248, 1.3892386000079568, 1.3383610000018962, 1.3472512000007555, 1.5083710000035353, 1.363822599989362, 1.3268718000035733, 1.3398462999903131, 1.3416467999923043, 1.3378101000271272, 1.356080400000792, 1.4064694000117015, 1.3349106999812648, 1.3499954999715555, 1.3530119999777526, 1.349842900002841, 1.354934900009539, 1.2961777000164147, 1.3504944000160322, 1.4290643999993335, 1.3290429000044242, 1.350624600017909, 1.4024229999922682, 1.3249741999898106, 1.340548599982867, 1.3413965000072494, 1.3967199999897275, 1.3163882000080775, 1.2566515999787953, 1.3466847999952734, 1.4104789999837521, 1.3212047000124585, 1.4925613999948837, 1.3546134000062011, 1.3282538000203203, 1.3373638000048231, 1.2451633000164293, 1.3365986999997403, 1.3490292999777012, 1.3554612000007182, 1.3736918999929912, 1.3610051999858115, 1.3573335999972187, 1.3742936000053305, 1.3614372000156436, 1.374926399992546, 1.3541262999933679, 1.4351521999924444, 1.3553107999905478, 1.3609365999873262, 1.375888299982762, 1.3616021999914665, 1.5370577000139747, 1.3489794000051916, 1.3378002000099514, 1.3741960000188556, 1.3414204999862704, 1.3691786999988835, 1.4099976999859791, 1.3433068000013009, 1.339665800012881, 1.3475155000051018, 1.3424176999833435, 1.4117302000231575, 1.3368634000071324, 1.3629170999920461, 1.5223295000032522, 1.3277174000104424, 1.398419599980116, 1.3419399000122212, 1.3365035000024363, 1.2500177999900188, 1.3379844000155572, 1.3999731999938376, 1.4037059000111185, 1.3318450000078883, 1.3367432999948505, 1.401180300017586, 1.3228830000152811, 1.3200092999904882, 1.3564582999970298, 1.3409425000136252, 1.3400949999922886, 1.3439431000151671, 1.321508699998958, 1.316575600008946]}, "cpython": {"warmup": [1.4041986999800429, 1.5484925000055227, 1.3983166000107303, 1.3595846999960486, 1.3893113000085577, 1.3520972999976948, 1.537551599991275, 1.380861100013135, 1.5280974000052083, 1.4103447000088636, 1.356363600003533, 1.3623944999999367, 1.586575499997707, 1.546260999981314, 1.380718300002627, 1.4536015000194311, 1.5545283999817912, 1.5692763999977615, 1.36970989999827, 1.4806137999985367, 1.4974827999831177, 1.39474450002308, 1.3914151999924798, 1.459516100003384, 1.4662588000064716, 1.3520170000265352, 1.3170251000265125, 1.3665393000119366, 1.5479903999948874, 1.438478700001724, 1.416755899990676, 1.576152199995704, 1.548236500006169, 1.4193153000087477, 1.548899400018854, 1.389556599984644, 1.5680523000191897, 1.4705257999885362, 1.4694156000041403, 1.487274699989939, 1.4646189000050072, 1.4608379999990575, 1.5780939999967813, 1.3917813999869395, 1.5031354999809992, 1.3995660000073258, 1.3454409000114538, 1.376203899999382, 1.4651001000020187, 1.401014999981271, 1.550854100001743, 1.4792902000190224, 1.3870085999951698, 1.3770304000063334, 1.4514125999994576, 1.3822067999863066, 1.5540315000107512, 1.5806264000129886, 1.467936600005487, 1.4779751999885775, 1.4005556000047363, 1.457376700011082, 1.395841499994276, 1.3489886999886949, 1.5522558000229765, 1.526032199995825, 1.556068600009894, 1.3806659000110812, 1.5716208000085317, 1.404112799995346, 1.4058911000029184, 1.3539961999922525, 1.436827199999243, 1.4817659000109416, 1.5528200999833643, 1.3942930000193883, 1.4304971999954432, 1.3396807999815792, 1.5338395000144374, 1.391101199988043, 1.5514570999948774, 1.4780995000037365, 1.5550192999944557, 1.5524457999854349, 1.5498842000088189, 1.5661345999978948, 1.5338300000003073, 1.4721676000044681, 1.4747532999899704, 1.3494199000124354, 1.464485300006345, 1.5347023000067566, 1.365729100012686, 1.4552731000003405, 1.4781530000036582, 1.4530134000233375, 1.384182999987388, 1.5495936000079382, 1.4810466000053566, 1.3539036000147462], "benchmark": [1.4214149999897927, 1.4155318000121042, 1.3132629999890924, 1.3955426000175066, 1.451328499999363, 1.3763161999813747, 1.3206683000025805, 1.5369768000091426, 1.564757300016936, 1.4485448000195902, 1.4142123000056017, 1.4468656000099145, 1.353283400007058, 1.4225571999850217, 1.4496820000058506, 1.462820200016722, 1.5481693999900017, 1.5372984999848995, 1.3841191999963485, 1.557020200008992, 1.537424199981615, 1.377303600020241, 1.4114426999876741, 1.401180100016063, 1.3557218999776524, 1.460003600019263, 1.5648445999831893, 1.4718505000055302, 1.5569944999879226, 1.4068098999850918, 1.3556209000234958, 1.3566302999970503, 1.5555900000035763, 1.4679742000007536, 1.3588214000046719, 1.3884708999830764, 1.4477049999986775, 1.3936717999749817, 1.4355406000104267, 1.43555870000273, 1.4359431999910157, 1.5039246999949683, 1.5889959000051022, 1.605289900006028, 1.433611899992684, 1.4043395000044256, 1.3879402999882586, 1.45956479999586, 1.395675100007793, 1.5515150999999605, 1.4722291000070982, 1.5673723999934737, 1.5891242999932729, 1.5935962999938056, 1.4257047999999486, 1.4153253999829758, 1.5833097999857273, 1.4964243000140414, 1.3921604999923147, 1.5625935999851208, 1.5766356000094675, 1.3718871000164654, 1.3931417999847326, 1.396122700010892, 1.597608099982608, 1.3834824999794364, 1.4738798000034876, 1.4053287999995518, 1.582610699988436, 1.5473009000124875, 1.571279100026004, 1.4192188000015449, 1.3783251999993809, 1.461336999986088, 1.457100100000389, 1.3569193999865092, 1.4414247999957297, 1.3841571000230033, 1.4503569999942556, 1.412236500007566, 1.4176550999982283, 1.43995209998684, 1.5882014999806415, 1.386352999979863, 1.586816800001543, 1.6094405000039842, 1.441584900021553, 1.3705203999998048, 1.5178492999984883, 1.4208601999853272, 1.4357345000025816, 1.496499800006859, 1.366929199983133, 1.4065488999767695, 1.5890952000045218, 1.5920594000199344, 1.4932342999964021, 1.4629602000059094, 1.3479642000165768, 1.4091923999949358]}}