{"nuitka": {"warmup": [0.7593338000006042, 0.7495713999960572, 0.7458403999917209, 0.7449617000092985, 0.7441686999954982, 0.7440993000054732, 0.7427205999993021, 0.7461598999943817, 0.7434662000014214, 0.7526804999943124, 0.7444547000050079, 0.7420030000066618, 0.7502808999997796, 0.7428556999948341, 0.7457733999908669, 0.7446963999973377, 0.7476510999986203, 0.7549302000115858, 0.7477912999893306, 0.7485188999999082, 0.7457893999962835, 0.7654298000124982, 0.7423350000026403, 0.7459176999982446, 0.7428710000094725, 0.7481862999993609, 0.7496986000041943, 0.7428731999971205, 0.745706900008372, 0.7475161000038497, 0.7438440000114497, 0.7428045999986352, 0.7554282000055537, 0.7428479999944102, 0.7454429000063101, 0.7431303999910597, 0.7422600999998394, 0.7598727000004146, 0.7473146999982418, 0.7480167000030633, 0.7586776999960421, 0.7436369999923045, 0.7424992000014754, 0.7420752000034554, 0.7448249000008218, 0.7446851999993669, 0.7479137999907834, 0.7536193999985699, 0.7431999999971595, 0.748600399994757, 0.7491051999968477, 0.7445009999937611, 0.7449452000000747, 0.7456068000028608, 0.7426272000011522, 0.7530167999939295, 0.7444060999987414, 0.743712499999674, 0.7431861999939429, 0.7445632000017213, 0.745072200006689, 0.7451881000015419, 0.7445724999997765, 0.7417151999979978, 0.7449391999980435, 0.7536667000094894, 0.7423604999930831, 0.7436632000026293, 0.7433382000017446, 0.7457754999923054, 0.7434553999919444, 0.7415184999990743, 0.7422961000120267, 0.7523739999887766, 0.7437973000050988, 0.744481599991559, 0.7433449999953154, 0.7440429999987828, 0.7440788999956567, 0.7425352999998722, 0.7569088000018382, 0.7442513999994844, 0.7490614999987883, 0.7422151000064332, 0.743094999997993, 0.7465620000002673, 0.7424841000029119, 0.7519867999944836, 0.7428738000016892, 0.7421066999959294, 0.7437977999943541, 0.7609021000098437, 0.7438214000139851, 0.7430031999974744, 0.752807999990182, 0.7447259000036865, 0.7436237999936566, 0.7467819000012241, 0.7454743999987841, 0.7460546000074828], "benchmark": [0.743236700000125, 0.744187599993893, 0.7434906999988016, 0.7536527999909595, 0.7540136000025086, 0.7399240000086138, 0.74355579999974, 0.7427832999965176, 0.7552627999975812, 0.743319999994128, 0.7441866000008304, 0.7415822999901138, 0.7431863000092562, 0.7418911999993725, 0.747920099995099, 0.7431305999925826, 0.7450736000027973, 0.7426694000023417, 0.7493490999913774, 0.7521086000051582, 0.7466469000064535, 0.7437295000127051, 0.7431766000081552, 0.7538513000035891, 0.7465663999901153, 0.7454907999926945, 0.7435301999939838, 0.7430692000052659, 0.7437458999920636, 0.7586277999944286, 0.758522100004484, 0.7430614000040805, 0.7435586000065086, 0.7444965000031516, 0.7593787000078009, 0.753360500006238, 0.7613133999984711, 0.7435204000066733, 0.7451823000010336, 0.7467741000000387, 0.7435324999969453, 0.7442722999985563, 0.7527630000113277, 0.7448769000038737, 0.7443731999956071, 0.7387516000017058, 0.7429598000016995, 0.7496220000030007, 0.7550239999982296, 0.7428312999982154, 0.7433212000032654, 0.7528123000083724, 0.7425484999985201, 0.747408399998676, 0.7430688000022201, 0.7517764999938663, 0.7431035999907181, 0.743257199996151, 0.7515936999989208, 0.7422938000090653, 0.7442341999994824, 0.7485746999882394, 0.7421629000018584, 0.7493871000042418, 0.7437359000032302, 0.7460339999961434, 0.74428590000025, 0.7441786999988835, 0.7486216999968747, 0.7442396999977063, 0.741500600008294, 0.7432394999923417, 0.746061900004861, 0.7533455000084359, 0.7429246999963652, 0.7420508000068367, 0.7470139999932144, 0.7477768000098877, 0.7446529000008013, 0.7522316000104183, 0.7432676000025822, 0.7422010000009323, 0.7442244999983814, 0.741971299998113, 0.7474687000067206, 0.742995399996289, 0.7435482000000775, 0.7428777000022819, 0.7426952999958303, 0.7525875999999698, 0.7440027000120608, 0.7443742000032216, 0.7426018999976804, 0.7531264999997802, 0.743358800013084, 0.7527061000000685, 0.7433410999947228, 0.7457445000036387, 0.7439990999992006, 0.7421480000048177]}, "cpython": {"warmup": [0.7678978000039933, 0.7640681000048062, 0.7638947999948869, 0.781598200002918, 0.7658908000012161, 0.7738248000096064, 0.7672177999920677, 0.7758936000027461, 0.7673781000048621, 0.768295500005479, 0.7647084999916842, 0.7734156999940751, 0.7663831999961985, 0.766068400000222, 0.7661160999996355, 0.7670331000117585, 0.7710015999909956, 0.7665834000072209, 0.7694364999915706, 0.7675099000043701, 0.7705037999985507, 0.7650895999977365, 0.7756800000061048, 0.7662961000023643, 0.7680531999940285, 0.774275600007968, 0.7596584999992047, 0.7731348999950569, 0.7644836999970721, 0.7671352000033949, 0.767725599987898, 0.7660959000058938, 0.764334500010591, 0.7644556000013836, 0.7689316000032704, 0.770712800003821, 0.7645504000101937, 0.7671562999894377, 0.7690528000093764, 0.7656685999972979, 0.7709030999976676, 0.7633011999860173, 0.765496100008022, 0.7677346999989823, 0.7701556999963941, 0.7687081000040052, 0.7660620999959065, 0.7590798999881372, 0.7685985999996774, 0.7768709000083618, 0.7662152000120841, 0.7621955000067828, 0.7658195999974851, 0.7789228000037838, 0.7658782999933464, 0.773944600005052, 0.7662590999971144, 0.7675149999995483, 0.7730090000113705, 0.762443900006474, 0.7584666000038851, 0.7727510000113398, 0.7622652999998536, 0.7651994000043487, 0.7666878000018187, 0.7618065999995451, 0.7662475999968592, 0.7682773999986239, 0.7650147999956971, 0.7595310000033351, 0.7678849000076298, 0.7702250000002095, 0.7787559999997029, 0.7684661999956006, 0.7656393000070238, 0.7600716000015382, 0.7674647999956505, 0.772028199993656, 0.7654176000069128, 0.7675083999929484, 0.7659467000048608, 0.76489489999949, 0.7685947999998461, 0.7632562999933725, 0.7693540999898687, 0.7689193999976851, 0.7715328999911435, 0.7637718999903882, 0.7725280999875395, 0.7644355999946129, 0.7640088000043761, 0.7680244000075618, 0.766065100004198, 0.7664776000019629, 0.7638807000039378, 0.7693288000009488, 0.7703024000074947, 0.7643203999905381, 0.7657036000018707, 0.764973999990616],