{"nuitka": {"warmup": [0.395629500009818, 0.21070789999794215, 0.2105450000090059, 0.21016779998899437, 0.21192270002211444, 0.21031439999933355, 0.21156779999728315, 0.21122339999419637, 0.21083289998932742, 0.21140960001503117, 0.20945019999635406, 0.21009859998594038, 0.21151679998729378, 0.21122080000350252, 0.2104477999964729, 0.21136400001705624, 0.20996380000724457, 0.20906580000882968, 0.21136469999328256, 0.21049800000037067, 0.2104447000019718, 0.2114710999885574, 0.21127489997888915, 0.21241579999332316, 0.21147119998931885, 0.20988940002280287, 0.2114073999982793, 0.21007729999837466, 0.21389149999595247, 0.21054320002440363, 0.2099461999896448, 0.2134004000108689, 0.21154779999051243, 0.21150910001597367, 0.21080459997756407, 0.21064780000597239, 0.21087820001412183, 0.21306509998976253, 0.20945900000515394, 0.2105192999879364, 0.21178430001600645, 0.21189760000561364, 0.21249779997742735, 0.20929050000268035, 0.21059080000850372, 0.21175419999053702, 0.21286790000158362, 0.21266210000612773, 0.2116117999830749, 0.21047249998082407, 0.21098009997513145, 0.21270060000824742, 0.2092982999747619, 0.21028220001608133, 0.21099649998359382, 0.21131100002094172, 0.21336229998269118, 0.20912750001298264, 0.21074949999456294, 0.2125475000066217, 0.21125199997914024, 0.21167499999864958, 0.2113318000047002, 0.21085800000582822, 0.21006579999811947, 0.20928469998762012, 0.21092420001514256, 0.2096187999995891, 0.20995370001764968, 0.21169779999763705, 0.21214540000073612, 0.20996939999167807, 0.21152700000675395, 0.21107660001143813, 0.2100366000086069, 0.21268480000435375, 0.21067860000766814, 0.21187140000984073, 0.21001260000048205, 0.2096519999904558, 0.21152159999473952, 0.2100565999862738, 0.21095209999475628, 0.2112689999921713, 0.20992190000833943, 0.21251509999274276, 0.21022730000549927, 0.21109379999688827, 0.21054570001433603, 0.2116399999940768, 0.21046090000891127, 0.21181139998952858, 0.2109842999780085, 0.20974569997633807, 0.21227399999042973, 0.2107114999962505, 0.20904430001974106, 0.21107910000137053, 0.21031399999628775, 0.21213379999971949], "benchmark": [0.210664700018242, 0.21203250001417473, 0.21138500000233762, 0.2106717999849934, 0.2112059000064619, 0.21152139999321662, 0.21097980000195093, 0.20962010000948794, 0.21279009999125265, 0.2109579000098165, 0.2127125000115484, 0.21020210001734085, 0.21045829998911358, 0.21256210000137798, 0.21023799999966286, 0.21023659998900257, 0.2111319999967236, 0.21091650001471862, 0.21178660000441596, 0.21068219997687265, 0.2110945000022184, 0.21070129997679032, 0.21212219999870285, 0.21127449997584336, 0.21222339998348616, 0.21037539999815635, 0.21099639998283237, 0.21227119999821298, 0.21163229999365285, 0.21049820000189357, 0.21159310001530685, 0.21195519997854717, 0.21178370001143776, 0.210140200011665, 0.210653199988883, 0.20993060001637787, 0.21095519998925738, 0.21191169999656267, 0.21184159998665564, 0.21008720001555048, 0.21065540000563487, 0.2110015999933239, 0.21038790000602603, 0.21056499998667277, 0.211491299996851, 0.20954129999154247, 0.2114609999989625, 0.2097578999819234, 0.21062009999877773, 0.21100559999467805, 0.21045720000984147, 0.21325699999579228, 0.2113211000105366, 0.20976080000400543, 0.21070460000191815, 0.21050190000096336, 0.21063580000190996, 0.21152230000006966, 0.21120810002321377, 0.21153319999575615, 0.20979530000477098, 0.2101857999805361, 0.21031890000449494, 0.21192149998387322, 0.20923839998431504, 0.21386750001693144, 0.21076069999253377, 0.20991530001629144, 0.2092826000007335, 0.21107300001312979, 0.21117340002092533, 0.2102759999979753, 0.21029649997944944, 0.20959780001430772, 0.2107497999968473, 0.21141039999201894, 0.2109883999801241, 0.21068509999895468, 0.20993149999412708, 0.21136449999175966, 0.20979610001086257, 0.2100081999960821, 0.2111721000110265, 0.20989659999031574, 0.21202559999073856, 0.20889029998215847, 0.21126080001704395, 0.21077400000649504, 0.21030470001278445, 0.21154970000497997, 0.20872589998180047, 0.2103149000031408, 0.21031629998469725, 0.2102428000071086, 0.21211659998516552, 0.21151459999964572, 0.2093999999924563, 0.21178789998521097, 0.21217210000031628, 0.2098165999923367]}, "cpython": {"warmup": [0.22691259998828173, 0.21936219997587614, 0.2176327999914065, 0.21897459999308921, 0.21773810000740923, 0.21736879998934455, 0.21692419997998513, 0.21995510000851937, 0.21714210000936873, 0.21835909999208525, 0.21778020000783727, 0.21783830001368187, 0.218478499999037, 0.2183151000062935, 0.21949670001049526, 0.217534599971259, 0.21774999998160638, 0.21870170001056977, 0.21816960000433028, 0.21842920000199229, 0.21937370000523515, 0.21875820000423118, 0.21791659999871626, 0.21838839998235926, 0.21885619999375194, 0.2182121000078041, 0.2196393999911379, 0.2177905999997165, 0.21936509999795817, 0.21842030002153479, 0.21833689999766648, 0.2178362999984529, 0.2189518999948632, 0.2190476999967359, 0.21786250002332963, 0.22090129999560304, 0.21893160001491196, 0.21912769999471493, 0.21915099999750964, 0.2183145000017248, 0.2181167000089772, 0.2185493000142742, 0.21741939999628812, 0.21759840002050623, 0.22133599998778664, 0.21916320000309497, 0.21923019998939708, 0.21807289999560453, 0.21850900002755225, 0.21896790000027977, 0.21920599997974932, 0.21830779997981153, 0.21774860000004992, 0.22035279998090118, 0.2168801999941934, 0.21852100000251085, 0.2231272000062745, 0.2188365000183694, 0.21984819998033345, 0.21933379999245517, 0.21851939999032766, 0.21898579999106005, 0.21928039999329485, 0.21937410000828095, 0.21922969998558983, 0.21875210001599044, 0.21889220000593923, 0.21893880001152866, 0.2177699999883771, 0.2187460999994073, 0.2178018999984488, 0.21713559998897836, 0.2188601999951061, 0.21860200000810437, 0.2194084000075236, 0.21798350001336075, 0.21911209999234416, 0.21656719999737106, 0.21924040000885725, 0.21744190002209507, 0.21901770000113174, 0.21922400000039488, 0.2198488999856636, 0.21907990000909194, 0.21883090000483207, 0.21866000001318753, 0.21731750000617467, 0.2186556000087876, 0.21905439998954535, 0.2199739000061527, 0.21811639997758903, 0.2178762999828905, 0.21860729999025352, 0.21932269999524578, 0.21906589998980053, 0.21867939998628572, 0.21853050001664087, 0.2190132999967318, 0.21795050002401695, 0.22060939998482354],