{"nuitka": {"warmup": [0.3613218999817036, 0.18860910000512376, 0.1874633000115864, 0.18834779999451712, 0.1883263000054285, 0.18851200002245605, 0.18839219998335466, 0.18942829998559318, 0.18899550000787713, 0.18886369999381714, 0.188248200021917, 0.18850999997812323, 0.18792619998566806, 0.18872190002002753, 0.18830279997200705, 0.18905130002531223, 0.188590200006729, 0.18781079998007044, 0.188580300018657, 0.18877549999160692, 0.18767939999816008, 0.18791230002534576, 0.18855369999073446, 0.18821200000820681, 0.1881557999877259, 0.18754440001794137, 0.18852500000502914, 0.18765189999248832, 0.1882583999831695, 0.1892431000014767, 0.18824250000761822, 0.18912470000213943, 0.1869977000169456, 0.18877429998246953, 0.18932080001104623, 0.18808519997401163, 0.1901256000273861, 0.1876726999762468, 0.18847109997295775, 0.188157600001432, 0.18694549999781884, 0.18876829999499023, 0.18915570000535809, 0.18868469999870285, 0.18799809998017736, 0.18822650000220165, 0.18809589999727905, 0.18880110001191497, 0.18741490002139471, 0.18918960000155494, 0.18753639998612925, 0.1884497000137344, 0.1884960999886971, 0.1894486999954097, 0.18759630000567995, 0.18850950000341982, 0.18815830000676215, 0.189795000012964, 0.1881297999934759, 0.1872287000005599, 0.18865190001088195, 0.19012689997907728, 0.18905850002192892, 0.18844999998691492, 0.18814430001657456, 0.18953629999305122, 0.1886590000067372, 0.18755339999916032, 0.18915190000552684, 0.18816759999026544, 0.1878959000168834, 0.1903972000000067, 0.1882706999895163, 0.1895389000128489, 0.18776380000053905, 0.18821999998181127, 0.18820319999940693, 0.1881001000001561, 0.18890629999805242, 0.23538990001543425, 0.18890919999103062, 0.18936399999074638, 0.18776709999656305, 0.189134100015508, 0.1904952999902889, 0.18767490002210252, 0.18817420001141727, 0.18932649999624118, 0.18855550000444055, 0.18909950001398101, 0.18744119998882525, 0.18804919999092817, 0.1895496000070125, 0.187853500014171, 0.1892519999819342, 0.18785789998946711, 0.1879620999970939, 0.18866329998127185, 0.1881093999836594, 0.18734660002519377], "benchmark": [0.18929519999073818, 0.18769520000205375, 0.18686109999543987, 0.18859150001662783, 0.18727700001909398, 0.18957610000506975, 0.18849470000714064, 0.18720110002323054, 0.18986659997608513, 0.18881380002130754, 0.1895440999942366, 0.1892480000096839, 0.1883520999981556, 0.1883234000124503, 0.189415500004543, 0.18806319998111576, 0.18800220001139678, 0.18782990000909194, 0.18985710002016276, 0.18876049999380484, 0.18845279997913167, 0.18932109998422675, 0.18996459999470972, 0.1890492000093218, 0.18920969997998327, 0.1888545999827329, 0.1882890000124462, 0.18855530000291765, 0.18910150000010617, 0.18801399998483248, 0.18820430000778288, 0.1887241000076756, 0.18797030000132509, 0.188202099991031, 0.18768000000272878, 0.18751990000600927, 0.18635649999487214, 0.18790369998896495, 0.18760679999832064, 0.18778360000578687, 0.188996099983342, 0.18859720000182278, 0.18892369998502545, 0.1877223000046797, 0.18796859998838045, 0.18838430001051165, 0.18926099999225698, 0.18755219999002293, 0.1926491000049282, 0.18771949998335913, 0.1900706000160426, 0.18942249999963678, 0.1889880000089761, 0.18906479998258874, 0.18830120001803152, 0.18828110001049936, 0.18896070000482723, 0.18762450001668185, 0.18921169999521226, 0.18891950001125224, 0.18718300000182353, 0.1885572999890428, 0.18749740000930615, 0.1884483000030741, 0.18778939999174327, 0.1880358999769669, 0.1889921999827493, 0.187623200006783, 0.18721909998566844, 0.18825659999856725, 0.18693390002590604, 0.1891777999990154, 0.18718610002542846, 0.18862840000656433, 0.18902530000195839, 0.18807010000455193, 0.18711669999174774, 0.1872684999834746, 0.18939330001012422, 0.18761210000957362, 0.18755040000542067, 0.1870313000108581, 0.18841289999545552, 0.18892909999703988, 0.18928010002127849, 0.18849870000849478, 0.18902789999265224, 0.1884596000018064, 0.1883901999972295, 0.18635840000933968, 0.18944730001385324, 0.18922440000460483, 0.18666040000971407, 0.18863550000241958, 0.19071890000486746, 0.1891044000221882, 0.18792309999116696, 0.18834769999375567, 0.19166569999651983, 0.1896139000018593]}, "cpython": {"warmup": [0.2446195000084117, 0.23488579998956993, 0.23478260001866147, 0.23636879998957738, 0.23445960000390187, 0.23301729999366216, 0.23346349998610094, 0.23513960000127554, 0.2341461000032723, 0.23531680001178756, 0.23377439999603666, 0.2334238000039477, 0.23390849999850616, 0.23444450000533834, 0.2333278000005521, 0.23268449999159202, 0.23448780001490377, 0.23921609998797067, 0.23367879999568686, 0.23420129998703487, 0.23347919998923317, 0.23412040001130663, 0.23413469997467473, 0.23336209999979474, 0.23364749999018386, 0.23933000001125038, 0.23465460000443272, 0.23481960000935942, 0.23396099999081343, 0.2445084999781102, 0.23537979999673553, 0.23452420000103302, 0.23395490000257269, 0.2345950000162702, 0.23403399999369867, 0.23179409999283962, 0.23884700000053272, 0.2341761999996379, 0.23547419998794794, 0.23273790001985617, 0.2326018999738153, 0.23567799999727868, 0.23480979999294505, 0.23498510001809336, 0.23414680000860244, 0.23281469999346882, 0.2344716000079643, 0.23519939999096096, 0.23395980001077987, 0.2333228999923449, 0.23492029999033548, 0.23402910001459531, 0.2342077000066638, 0.23497570000472479, 0.23398280001129024, 0.23347249999642372, 0.23466739998548292, 0.23388999997405335, 0.23268889999599196, 0.23518449999392033, 0.2347486999933608, 0.23354529999778606, 0.23413670001900755, 0.23448230000212789, 0.23346590000437573, 0.2335571000003256, 0.23323740001069382, 0.23456699997768737, 0.23299479999695905, 0.23382850000052713, 0.2353261999960523, 0.2337515999970492, 0.2328230999992229, 0.23450610000872985, 0.23445190000347793, 0.23409959999844432, 0.23458180000307038, 0.23534990000189282, 0.23439210001379251, 0.23318949999520555, 0.23373119998723269, 0.23396169999614358, 0.23734690001583658, 0.23591940000187606, 0.2335573000018485, 0.23604940000222996, 0.23384069997700863, 0.23257140000350773, 0.23532529998919927, 0.23310339997988194, 0.23423999999067746, 0.23191629999200813, 0.2332995999895502, 0.2345766999933403, 0.23526779998792335, 0.23358680002274923, 0.23371110000880435, 0.23395819999859668, 0.23322950000874698, 0.2331525000045076],