{"nuitka": {"warmup": [0.3671631999895908, 0.19897910000872798, 0.20287569999345578, 0.19788449999759905, 0.19833809998817742, 0.19874610000988469, 0.19876189998467453, 0.1996449999860488, 0.1974540000082925, 0.19949670002097264, 0.19857449998380616, 0.19789520002086647, 0.20082990001537837, 0.19797100001596846, 0.19849380000960082, 0.19869729998754337, 0.1981149000057485, 0.19955859999754466, 0.19681190000846982, 0.1988063000026159, 0.19747100002132356, 0.19916839999496005, 0.19922380000934936, 0.19817760001751594, 0.19947920000413433, 0.19902369999908842, 0.19848359999014065, 0.20019269999465905, 0.1982821999990847, 0.19823000000906177, 0.19793210001080297, 0.19877280000946485, 0.19908289998420514, 0.19815270000253804, 0.19819560000905767, 0.1977873000141699, 0.198015400004806, 0.19882769999094307, 0.19725940001080744, 0.19864489999599755, 0.1974484999955166, 0.19986349999089725, 0.2010430000082124, 0.19873840000946075, 0.19875939999474213, 0.20030950001091696, 0.19898789998842403, 0.19952059999923222, 0.1991215000161901, 0.19879429999855347, 0.19845329999225214, 0.1985483999887947, 0.19963020001887344, 0.197740600007819, 0.19880169999669306, 0.19845949998125434, 0.19935479998821393, 0.1985532999970019, 0.19845260001602583, 0.19895970000652596, 0.19751759999780916, 0.19884659998933785, 0.19821760000195354, 0.19880079998984002, 0.19940340000903234, 0.19765310001093894, 0.19806110000354238, 0.19804849999491125, 0.19915890000993386, 0.19834370000171475, 0.19940410001436248, 0.19838679998065345, 0.19723209997755475, 0.20014080000692047, 0.19848049999563955, 0.19845640001585707, 0.19897989998571575, 0.19848859999910928, 0.198955699976068, 0.19744409999111667, 0.1982578999886755, 0.19813309999881312, 0.19735509998281486, 0.20235100001445971, 0.19872980000218377, 0.20024990002275445, 0.19788490000064485, 0.19738329999381676, 0.19826219999231398, 0.19724089998635463, 0.19876959998509847, 0.1986994000035338, 0.1981742000207305, 0.1992921000055503, 0.19863130000885576, 0.1991959000006318, 0.19855930001358502, 0.1988007000181824, 0.198319499992067, 0.1985049000068102], "benchmark": [0.19936610001605004, 0.20001160001265816, 0.19945009998627938, 0.20013380001182668, 0.19786680000834167, 0.1987449000007473, 0.19856370001798496, 0.19917069998336956, 0.2000158000155352, 0.19817849999526516, 0.19894850000855513, 0.19769309999537654, 0.19868840000708587, 0.19871719999355264, 0.19848950000596233, 0.19843829999445006, 0.1989109999849461, 0.19882849999703467, 0.20032909998553805, 0.19769719999749213, 0.19852769997669384, 0.19770140000036918, 0.1985391000052914, 0.20024040000862442, 0.1991099999868311, 0.1988376000081189, 0.1984060000104364, 0.19860880001215264, 0.19847639999352396, 0.19787129998439923, 0.19876439997460693, 0.19878579999203794, 0.1989791999803856, 0.20031240000389516, 0.19875070001580752, 0.19887170000583865, 0.19743719999678433, 0.19772370002465323, 0.198237100004917, 0.19934799999464303, 0.1983446000085678, 0.19734819998848252, 0.19829599998774938, 0.19860970001900569, 0.19717569998465478, 0.19783070002449676, 0.19792179999058135, 0.20048680002219044, 0.2003211000119336, 0.19780950000858866, 0.19836100001703016, 0.19800009997561574, 0.1980072000005748, 0.2010481999896001, 0.1980223999998998, 0.19843060002312995, 0.19800069998018444, 0.19937889999710023, 0.20012860000133514, 0.19670729999779724, 0.19903650000924245, 0.19803190001402982, 0.19801710001775064, 0.19918759999563918, 0.1985393000068143, 0.19737970002461225, 0.1979239999782294, 0.1981505999865476, 0.19894480000948533, 0.19820010001421906, 0.19922469998709857, 0.19844630002626218, 0.20031710001057945, 0.1997918999986723, 0.19808910001302138, 0.1978430000017397, 0.19753289999789558, 0.19955479999771342, 0.2004669999878388, 0.1978862999822013, 0.19918600001255982, 0.19955960000515915, 0.19862949999514967, 0.19997829999192618, 0.19836340000620112, 0.19877070002257824, 0.19756070000585169, 0.1985669000132475, 0.1982142000051681, 0.19708829998853616, 0.19878160001826473, 0.1978780000063125, 0.19863790000090376, 0.19830379998893477, 0.1983114000177011, 0.1983806999924127, 0.19847000000299886, 0.1988396999950055, 0.1989735999959521, 0.19809650001116097]}, "cpython": {"warmup": [0.23828829999547452, 0.22087959997588769, 0.21982209998532198, 0.22117149998666719, 0.2209576000168454, 0.2197971999994479, 0.22002310000243597, 0.22101690000272356, 0.21948709999560378, 0.22066049999557436, 0.22124680000706576, 0.21963499998673797, 0.2200728000025265, 0.22015149999060668, 0.22090570000000298, 0.22126650001155213, 0.22001620000810362, 0.22120689999428578, 0.2196170999959577, 0.21990830000140704, 0.2211523000150919, 0.2212092000117991, 0.22049239999614656, 0.22025829998892732, 0.2200355000095442, 0.22090450001996942, 0.2221057999995537, 0.21977540000807494, 0.22176119999494404, 0.22102100000483915, 0.22149160000844859, 0.2199016000085976, 0.22225150000303984, 0.2201751999964472, 0.21986380001180805, 0.2204873000155203, 0.21974500000942498, 0.22021989998756908, 0.22047220001695678, 0.21995430000242777, 0.221146800002316, 0.22200639999937266, 0.22003110000514425, 0.21966060000704601, 0.2216900000057649, 0.21957560000009835, 0.22297669999534264, 0.22084220001124777, 0.2215511999966111, 0.22076309999101795, 0.22112410000409, 0.21939080001902767, 0.22110600001178682, 0.2205029999895487, 0.21946349999052472, 0.21979170001577586, 0.21993340001790784, 0.22027520000119694, 0.21925999998347834, 0.21991470002103597, 0.219607899984112, 0.2205858000088483, 0.22084840000024997, 0.2194319000118412, 0.22054949999437667, 0.22162230001413263, 0.22051909999572672, 0.22023039998020977, 0.22212279998348095, 0.2201976999931503, 0.2208091000211425, 0.22117319999961182, 0.22165469999890774, 0.22248230001423508, 0.22235090000322089, 0.22229150001658127, 0.22421039998880588, 0.22078269999474287, 0.22000109998043627, 0.22038130002329126, 0.22065060000750236, 0.21999099999084137, 0.22033229999942705, 0.21917209998355247, 0.2223468000011053, 0.22110819999943487, 0.2195095999923069, 0.21958080001058988, 0.22200900001917034, 0.2228909000114072, 0.22037980001186952, 0.22108349998597987, 0.22074019999126904, 0.22060250001959503, 0.22096370000508614, 0.2212303999986034, 0.2197703999991063, 0.22053610000875778, 0.22117949998937547, 0.2188445999927353],