{"nuitka": {"warmup": [1.2823626999888802, 1.2658553999935975, 1.2397957999928622, 1.2490815999917686, 1.2507390999962809, 1.2404519000119762, 1.2427734999946551, 1.2438222000055248, 1.2566665000049397, 1.2350895999989007, 1.2351564000127837, 1.246512800003984, 1.2373208000062732, 1.2484886000020197, 1.2383730000001378, 1.2466295000049286, 1.2445375000097556, 1.2496081999997841, 1.237284599992563, 1.2400713000097312, 1.2344732000055956, 1.2648103999963496, 1.2475361000106204, 1.2338818999996874, 1.2490331000008155, 1.2520320000039646, 1.2287671999947634, 1.225325299994438, 1.2487837999942712, 1.2354315999982646, 1.2372751999937464, 1.243063500005519, 1.25024239999766, 1.2353027999924961, 1.2451495999994222, 1.2334152999974322, 1.250988799991319, 1.2438752000016393, 1.2414233000017703, 1.2358509000041522, 1.2299086999992142, 1.2559267000033287, 1.2453352000011364, 1.2474316000007093, 1.2410816999909002, 1.2400008999975398, 1.2597839999943972, 1.238062300006277, 1.2475277000048663, 1.2491038000007393, 1.2565010999969672, 1.2286961999925552, 1.2444681000051787, 1.2424828999937745, 1.251120400003856, 1.2405361000128323, 1.2343284000089625, 1.24009130000195, 1.2309709999972256, 1.2393726000009337, 1.2501657000102568, 1.250746400008211, 1.240942599994014, 1.255494400000316, 1.2480578999966383, 1.235278100008145, 1.2492134000058286, 1.2620381000015186, 1.257028599997284, 1.2419913000048837, 1.253729399992153, 1.241130599999451, 1.2596626000013202, 1.2421207000006689, 1.2531871000101091, 1.232775299999048, 1.246551800009911, 1.25552589999279, 1.2326399000012316, 1.2371457999979611, 1.2602056999894558, 1.2455462000070838, 1.2528256999939913, 1.2444968999916455, 1.244923000005656, 1.2345379000034882, 1.2382871999870986, 1.2470645000139484, 1.2331116999994265, 1.2468072999909054, 1.2436387999914587, 1.2533216000010725, 1.2457735000061803, 1.239607999988948, 1.2482624000112992, 1.2503409999917494, 1.2439879999874393, 1.243602300004568, 1.2361177999991924, 1.2496996000118088], "benchmark": [1.2390205999981845, 1.2504956999910064, 1.2536742000083905, 1.2303437999944435, 1.2373221000016201, 1.2583583000086946, 1.2597186000057263, 1.2478733000025386, 1.247772000002442, 1.2466432000073837, 1.252376499993261, 1.2439970999985235, 1.2511152000079164, 1.2566005999979097, 1.2380137000000104, 1.241797900001984, 1.2440137999947183, 1.247801999998046, 1.237517100002151, 1.242933699992136, 1.234795700001996, 1.2451947999943513, 1.2430695000075502, 1.2465654999978142, 1.2427800000004936, 1.239616599996225, 1.2533818999945652, 1.2609108000033302, 1.2608991000015521, 1.2415089999994962, 1.2524039999989327, 1.2375860000029206, 1.2369834999990417, 1.2380348000006052, 1.240880900004413, 1.2576019999978598, 1.243543900010991, 1.2531102000066312, 1.256904800000484, 1.2553555000049528, 1.262124800006859, 1.2379951000039, 1.2548794000031194, 1.2362400999991223, 1.2536837000079686, 1.2534912999981316, 1.2634254000004148, 1.2492596000083722, 1.2294063000008464, 1.2346980000002077, 1.2424044999934267, 1.2346742999943672, 1.2456897999945795, 1.2401519999984885, 1.2387081000051694, 1.2440405000088504, 1.248141999996733, 1.248585199995432, 1.2576974999974482, 1.2623916000011377, 1.249397499996121, 1.255134299994097, 1.2417245999968145, 1.2411973999987822, 1.2416257000004407, 1.2526074999914272, 1.2526170000055572, 1.2597473000059836, 1.238880999997491, 1.250929099987843, 1.2364925000001676, 1.2542361000087112, 1.2343777000060072, 1.2519349999929545, 1.2524487000046065, 1.249109900003532, 1.2351386999944225, 1.2476713999931235, 1.2592138000036357, 1.2607535000133794, 1.2380692000006093, 1.2525252999912482, 1.246574699995108, 1.2466920000006212, 1.2559454000002006, 1.2504129000008106, 1.247460200000205, 1.2464043999934802, 1.2418204999994487, 1.2442452999966918, 1.2413216999993892, 1.240092399995774, 1.2553891999996267, 1.2492653999943286, 1.2396485999925062, 1.2560585000028368, 1.260189900000114, 1.2414101000031224, 1.2369673999928636, 1.2459495000075549]}, "cpython": {"warmup": [1.671661900007166, 1.711785300009069, 1.6676825000031386, 1.6715221000049496, 1.6915152000001399, 1.6660845999867888, 1.6713878000009572, 1.6466569999902276, 1.649322499986738, 1.690365300004487, 1.6845931999996537, 1.6550390000047628, 1.6832776999945054, 1.659398499992676, 1.649910899999668, 1.6715089000063017, 1.6738358000002336, 1.6567112999910023, 1.7024861999962013, 1.6594042000069749, 1.6959477999916999, 1.6891386000061175, 1.6765855999983614, 1.6505905999947572, 1.6691285999986576, 1.6566004999913275, 1.6797319000033895, 1.6565236000024015, 1.6610516999935498, 1.668448399999761, 1.6656132999924012, 1.6552479000092717, 1.6663711000001058, 1.6473044000013033, 1.6611444000009215, 1.6677868999977363, 1.6755369000020437, 1.6531563000025926, 1.6795701999944868, 1.67603919999965, 1.6667495000001509, 1.7169635000027483, 1.690479899989441, 1.659824700007448, 1.6584846999903675, 1.6556669999990845, 1.6571622000046773, 1.662209799993434, 1.6542374999989988, 1.6803239000000758, 1.674866800007294, 1.7049349000008078, 1.6695520000066608, 1.6608719999931054, 1.6572964000079082, 1.6743797999952221, 1.6536264999886043, 1.6776278000033926, 1.6789343999989796, 1.67650310001045, 1.7001674999919487, 1.6514806000050157, 1.676411000007647, 1.6940265000012005, 1.6665806000091834, 1.6726151000038953, 1.658316199987894, 1.6901196999970125, 1.6749925999902189, 1.6612603999965359, 1.6557011999975657, 1.6576431000139564, 1.6649641999974847, 1.6559180000040215, 1.6485927999892738, 1.6997972999961348, 1.662257599993609, 1.6644418999931077, 1.660686799994437, 1.66458570001123, 1.6484951000020374, 1.6528025000006892, 1.6515526000002865, 1.6656734999996843, 1.6595048000017414, 1.6617856999946525, 1.6915207000129158, 1.6507295000046724, 1.671404499997152, 1.6654909999924712, 1.6593960000027437, 1.693735499997274, 1.6679858999996213, 1.6839503000082914, 1.6668387999961851, 1.6443040000012843, 1.7590108000003966, 1.6533434000011766, 1.6852853000018513, 1.6854518000036478], "benchmark": [1.663549699995201, 1.639535900001647, 1.6473530000075698, 1.7177705999929458, 1.6650235999986762, 1.6707178999931784, 1.6650162000005366, 1.7106598999962443, 1.6962008999980753, 1.6518210000067484, 1.680522299997392, 1.6738467999966815, 1.6565761000092607, 1.6603346000047168, 1.6760633000085363, 1.6768444999906933, 1.6687011999893002, 1.6683485999965342, 1.6676855999976397, 1.6715702999936184, 1.6589233999984572, 1.6731681999954162, 1.669675199998892, 1.6475891000009142, 1.6817546999955084, 1.659447199999704, 1.6454193999961717, 1.6636622000078205, 1.6512445999978809, 1.6628784000058658, 1.68874599999981, 1.6618076000013389, 1.6652257999958238, 1.6467127999931108, 1.6694526999926893, 1.6641959999979008, 1.6508253999927547, 1.6622589000035077, 1.696769400004996, 1.6411643000028562, 1.6480895999993663, 1.652051199998823, 1.6859846000006655, 1.6711525000137044, 1.6636628999985987, 1.654311799997231, 1.646135899994988, 1.6699891999887768, 1.6574969999928726, 1.6598575999960303, 1.6946337999979733, 1.6678244000067934, 1.6671684000029927, 1.6525059999985388, 1.6643375999992713, 1.647850000008475, 1.6626875999936601, 1.6841820999979973, 1.661774799998966, 1.6499707999901148, 1.6865603000042029, 1.6915213000029325, 1.6736134999955539, 1.6753218000085326, 1.6576064999972004, 1.6645442000008188, 1.6651026000035927, 1.6875597000034759, 1.651218400002108, 1.6606992999877548, 1.6765027000074042, 1.7583032999973511, 1.6473459000117145, 1.676379700002144, 1.6712782999966294, 1.665745699996478, 1.6747135999903549, 1.6574651999981143, 1.6606343000021297, 1.6554231000045547, 1.6439476999948965, 1.6539253999944776, 1.6792219000053592, 1.6653482999972766, 1.6649155000050087, 1.6591164999990724, 1.6596896999981254, 1.6760524999990594, 1.6577183000044897, 1.659701500000665, 1.6611036999966018, 1.6630654000036884, 1.6662765000073705, 1.6633306000003358, 1.6746436999965226, 1.7147059999988414, 1.675300300004892, 1.647644600001513, 1.6714183000003686, 1.6974137999932282]}}