{"nuitka": {"warmup": [1.2964158999966457, 1.27030289999675, 1.2680264000082389, 1.2800282999960473, 1.2618647000053898, 1.290459899988491, 1.2862924999935785, 1.2613259000063408, 1.2694199999968987, 1.2732487999892328, 1.2935029999935068, 1.2755915000016103, 1.2767768000048818, 1.2673247999919113, 1.275737099989783, 1.2739609999989625, 1.2720168999949237, 1.2776777999970363, 1.287405299997772, 1.2730715000070632, 1.2871095000009518, 1.2629836999985855, 1.2758844999916619, 1.269577400002163, 1.2590987000003224, 1.2663258999964455, 1.2842606000049273, 1.282146700003068, 1.2703987999993842, 1.2677993999968749, 1.2649537999968743, 1.273689599998761, 1.290145200007828, 1.2808834000024945, 1.3064256999932695, 1.2887645000009798, 1.2697886999958428, 1.2704557999968529, 1.2597103000007337, 1.2694565999991028, 1.2819461999897612, 1.2996052999951644, 1.2730570999992779, 1.2755222000123467, 1.2740935000038007, 1.269911699986551, 1.2803859999985434, 1.2561094999982743, 1.2681070999969961, 1.2667168999905698, 1.2737993000046117, 1.287142400004086, 1.2617366000049515, 1.2853103000088595, 1.269534899998689, 1.2691531000018585, 1.293216799997026, 1.2966778999980306, 1.2784841999964556, 1.2794835999957286, 1.2671616000006907, 1.2860861000081059, 1.2882453000056557, 1.2867371999891475, 1.264602700000978, 1.2714389000029769, 1.2696674000035273, 1.2769823999988148, 1.25179960000969, 1.2884877999895252, 1.2774921000091126, 1.2895668999990448, 1.2708494999969844, 1.2888929000037024, 1.2868189000000712, 1.2859219999954803, 1.2767867999937152, 1.2902391999959946, 1.2669687000015983, 1.289920200011693, 1.2737858000036795, 1.2609083999996074, 1.2745637000043644, 1.2819458000012673, 1.2900781000062125, 1.2711948999931337, 1.285488699999405, 1.2718781000003219, 1.2786439000046812, 1.2760848000034457, 1.2576562000031117, 1.2593273999955272, 1.2642054000025382, 1.2710739000031026, 1.271131300003617, 1.2671720000071218, 1.2643772000010358, 1.2707840999937616, 1.2648870999983046, 1.283597000001464], "benchmark": [1.2613655000022845, 1.2816184000112116, 1.26117849998991, 1.2796371000004, 1.279774800001178, 1.263372800007346, 1.2596205000008922, 1.276450900011696, 1.2698298000032082, 1.2755545999971218, 1.2818554999976186, 1.2901790000032634, 1.2794974999997066, 1.3054700000066077, 1.2979785999923479, 1.2767113000008976, 1.2849121999897761, 1.292855400010012, 1.2599609999888344, 1.2868877000000793, 1.2792958999925759, 1.2745904000039445, 1.2857649999932619, 1.2807283000001917, 1.283079299988458, 1.274881399993319, 1.2800327000004472, 1.2563223000033759, 1.27997069999401, 1.2568666000006488, 1.2825238999939756, 1.2763124000048265, 1.2662825000006706, 1.2747085000009974, 1.267063799998141, 1.2836883999989368, 1.277681500010658, 1.2760994999989634, 1.2842032000044128, 1.2666976000036811, 1.2841870999982348, 1.2637067999894498, 1.2863733999984106, 1.2654787999927066, 1.2635252999898512, 1.2708553999982541, 1.2766615000000456, 1.2820834000012837, 1.293887799998629, 1.2751599000039278, 1.2805016999918735, 1.2862125000101514, 1.2805570999917109, 1.2746310999937123, 1.2706122000090545, 1.2779682999971556, 1.294085699992138, 1.2905955999885919, 1.2678127999970457, 1.2647817999968538, 1.2752665000007255, 1.2781592999963323, 1.2618342999921879, 1.274057599992375, 1.273228799997014, 1.298365200011176, 1.2725914999900851, 1.2732955999963451, 1.2664234999974724, 1.2838394999998854, 1.262279500006116, 1.2837383000005502, 1.2787830000015674, 1.268696999992244, 1.280117500005872, 1.2814944999990985, 1.2840874000103213, 1.2843598000035854, 1.278159699999378, 1.257493199998862, 1.2933410000114236, 1.2634231999982148, 1.2599479000054998, 1.2769269999989774, 1.277996200005873, 1.2878958999936003, 1.2619546000059927, 1.293045999991591, 1.2940404999972088, 1.2717915999965044, 1.2781040999980178, 1.2633039000065764, 1.2662246999971103, 1.2832180000114022, 1.2699968999950215, 1.2903591999929631, 1.2746710000064922, 1.2711802999983774, 1.2619154999993043, 1.26866329999757]}, "cpython": {"warmup": [1.7614417000004323, 1.7469166000082623, 1.7538586000009673, 1.7715432999975746, 1.7525222999975085, 1.7500460000010207, 1.75370909999765, 1.7712367999920389, 1.750260700006038, 1.7699274999904446, 1.7498871999996481, 1.7828418999997666, 1.7478787000000011, 1.7715701999986777, 1.7554127999901539, 1.743750599998748, 1.7899726999894483, 1.7650901000015438, 1.8074866000097245, 1.7560651999956463, 1.7669052999990527, 1.760962100001052, 1.7617980999930296, 1.7570539999869652, 1.7399903999903472, 1.7820939999946859, 1.763635900002555, 1.7964377000025706, 1.7414062000025297, 1.775158400007058, 1.7514386999973794, 1.797923100006301, 1.7857935000065481, 1.745475699994131, 1.7294725999963703, 1.7573243999941042, 1.7659217000036733, 1.752442599987262, 1.7399877999996534, 1.7599602999980561, 1.7379825000098208, 1.7541396000015084, 1.7579640000039944, 1.771955500007607, 1.7574823000031756, 1.7522774999961257, 1.7937639000010677, 1.8367345000006026, 1.7536524000024656, 1.7475354000052903, 1.7604549000097904, 1.7655633999966085, 1.7747231000103056, 1.754864100003033, 1.7630428999982541, 1.7412825000064913, 1.789595800000825, 1.7685811999981524, 1.758996799995657, 1.7614341000007698, 1.7538523999974132, 1.7475320999947144, 1.750014299992472, 1.757262900006026, 1.7679128000017954, 1.7811968999885721, 1.7886715000058757, 1.7527010999911, 1.7579338000068674, 1.7959573999978602, 1.772908799990546, 1.8192009000049438, 1.7733317000092939, 1.7501808000088204, 1.771381400001701, 1.7651230999908876, 1.7451693000039086, 1.76261489999888, 1.7565975000034086, 1.8309133000002475, 1.7611619999952381, 1.7640742999938084, 1.7885004999989178, 1.7611593999899924, 1.7592472999967868, 1.743731900001876, 1.8940002000017557, 1.74039229999471, 1.7923379999992903, 1.7433397999993758, 1.7813975000026403, 1.8093911999894772, 1.7972965999942971, 1.7524613999994472, 1.7753728999960003, 1.7426204000075813, 1.7339193999941926, 1.7887264000019059, 1.7760427999892272, 1.7622668000112753], "benchmark": [1.7601102000044193, 1.7617401000024984, 1.786396399998921, 1.744692499996745, 1.7536021999985678, 1.758291799997096, 1.7747004999982892, 1.7713669999939157, 1.766896100001759, 1.7733429000072647, 1.7823285999911604, 1.7529240000003483, 1.7482600000075763, 1.772146100003738, 1.7517316000012215, 1.754328399998485, 1.7404588000063086, 1.7440588000026764, 1.7520910000021104, 1.7656990999967093, 1.74562380000134, 1.7386512000084622, 1.756947300003958, 1.7811010000004899, 1.8130033999914303, 1.761792699995567, 1.7732576999987941, 1.8117038999916986, 1.7632738999964204, 1.7620279000111623, 1.7458885999949416, 1.7418691000057152, 1.7461206000007223, 1.7824834000057308, 1.7626001000026008, 1.7464325000037206, 1.7464082999940729, 1.7802556999959052, 1.8153295000083745, 1.754721499994048, 1.760621599998558, 1.724863399998867, 1.7545334000024013, 1.7797915000119247, 1.753389999998035, 1.746637100004591, 1.7612631000083638, 1.7439891999965766, 1.7337676000024658, 1.7702446000039345, 1.7613642999931471, 1.7804568999999901, 1.8074144000129309, 1.7552680999942822, 1.766158099999302, 1.7451434999966295, 1.7635002000024542, 1.7645290999935241, 1.7980870000028517, 1.7562380000017583, 1.7491842000017641, 1.8008195999864256, 1.7689387999998871, 1.7733579000050668, 1.7452786000067135, 1.7667094000062207, 1.811123999999836, 1.7483482000097865, 1.7530115999979898, 1.751362599999993, 1.7523419000062859, 1.7608174000051804, 1.7546609999990324, 1.7561687999987043, 1.7512037999986205, 1.7533780000085244, 1.7796954999939771, 1.7452349000086542, 1.7553304000030039, 1.7453268999961438, 1.7450554999959422, 1.7616994999989402, 1.7821307000122033, 1.7485579999920446, 1.7782054000126664, 1.7799484999995911, 1.749456800011103, 1.77537809999194, 1.776462599998922, 1.7415162999968743, 1.791859699995257, 1.763761499998509, 1.7557148999912897, 1.7513388999941526, 1.7617119000060484, 1.794956199999433, 1.7504926999972668, 1.7891259000025457, 1.7545523999870056, 1.7750551000062842]}}