{"nuitka": {"warmup": [1.2609864999994898, 1.2468348000002152, 1.229477400000178, 1.2542327999999543, 1.2337969000000157, 1.230725600000369, 1.2393386000003375, 1.2302079000000958, 1.233603900000162, 1.238452800000232, 1.2150614999991376, 1.2247699999988981, 1.2223983999992925, 1.2249266999988322, 1.236103600000206, 1.2252260999994178, 1.2296986000001198, 1.2424723000003723, 1.2295188000007329, 1.2475060999986454, 1.2342902000000322, 1.2300481000002037, 1.2275795999994443, 1.2344749000003503, 1.2372386000006372, 1.2236407000000327, 1.24207159999969, 1.233365000000049, 1.2277737999993406, 1.222383999998783, 1.2250722000007954, 1.2246006000004854, 1.2290233000003354, 1.2210482000009506, 1.2231052999995882, 1.2236259000001155, 1.227375000000393, 1.2430783999989217, 1.2288033999993786, 1.233416799999759, 1.2283927999997104, 1.229596400000446, 1.2390602000014042, 1.2263605999996798, 1.2297257000009267, 1.2360019000007014, 1.2272369999991497, 1.2474175000006653, 1.2404069999993226, 1.223219400000744, 1.2352817999999388, 1.2299616999989667, 1.2321200000005774, 1.2573100999998132, 1.2242097000016656, 1.2451408999986597, 1.2382845000011002, 1.2280998000005638, 1.2387092999997549, 1.2229607999997825, 1.2275648000013462, 1.2213049000001774, 1.226101700000072, 1.233501000000615, 1.22674520000146, 1.2243024000017613, 1.2225602999988041, 1.2363115000007383, 1.2292715000003227, 1.2346512999993138, 1.2242863000010402, 1.2247917000004236, 1.2184338999995816, 1.234931199998755, 1.2202438000003895, 1.3030905999985407, 1.2426292000000103, 1.2204067000002397, 1.2286767999994481, 1.218480700001237, 1.2351985999994213, 1.227856999999858, 1.2143342999988818, 1.2253949999994802, 1.2335050999990926, 1.2209197000011045, 1.2348466999992525, 1.2256438000003982, 1.2339565999991464, 1.2186990000009246, 1.2300231000008353, 1.2191245000012714, 1.2288212999992538, 1.2240889000004245, 1.2423643999991327, 1.2256484999998065, 1.2518727000006038, 1.2113003000013123, 1.2340592999989894, 1.2256074999986595], "benchmark": [1.2390248000010615, 1.2301917999993748, 1.2275135999989288, 1.2241896000014094, 1.2288415000002715, 1.231775899999775, 1.2250910000002477, 1.3086317999986932, 1.2170944999998028, 1.2394256999996287, 1.2412803000006534, 1.2328814000011334, 1.2275391000002855, 1.2426746000001003, 1.2202029000000039, 1.2306034000012005, 1.2138396999998804, 1.2167346000005637, 1.22806700000001, 1.2285405000002356, 1.2131010000011884, 1.2277202999994188, 1.2289827000004152, 1.2286124000002019, 1.2330580999987433, 1.2458871999988332, 1.2377780999995593, 1.2283078999989812, 1.2204378000005818, 1.2539149000003817, 1.2480868000002374, 1.2509926999991876, 1.2402128999983688, 1.2300350999994407, 1.2299237999995967, 1.2349522000004072, 1.2220582000009017, 1.2300216000003275, 1.2411425999998755, 1.2365680000002612, 1.2407290999999532, 1.2341875000001892, 1.2235495999993873, 1.226273599999331, 1.2599905999995826, 1.2322291000000405, 1.2251632000006794, 1.2207706999997754, 1.2285338999990927, 1.2271701999998186, 1.223688800000673, 1.2356443999997282, 1.2355102000001352, 1.2303852000004554, 1.2270702999994683, 1.2366512999997212, 1.2387527000009868, 1.2196845999988, 1.2312982999992528, 1.2249238999993395, 1.2369767000000138, 1.234074399999372, 1.2498929999983375, 1.2358141999993677, 1.2270762999996805, 1.2373159999988275, 1.26241680000021, 1.235785400000168, 1.2216243000002578, 1.2292599999982485, 1.2298556999994616, 1.2297214999998687, 1.2342555999985052, 1.2397885999998834, 1.220209999999497, 1.225388800001383, 1.2259068000003026, 1.2350258000005851, 1.232119899999816, 1.2276112999988982, 1.2328084000000672, 1.2293761999990238, 1.2206455999985337, 1.2347111999988556, 1.2513889000001654, 1.2771025000001828, 1.227051500000016, 1.2329712999999174, 1.23244429999977, 1.2376686000006885, 1.2353913999995711, 1.2241642999997566, 1.2322490000005928, 1.2438643000004959, 1.2566394999994372, 1.2393875000016124, 1.2339799000001221, 1.2332951000007597, 1.2525959000013245, 1.2278989000005822]}, "cpython": {"warmup": [1.654490299999452, 1.6439300000001822, 1.6567730000006122, 1.6454374000004464, 1.653514699999505, 1.6529979999995703, 1.6597997000008036, 1.6568072000009124, 1.6642818000000261, 1.662908599999355, 1.638881400000173, 1.6540045000001555, 1.6621594999996887, 1.723149100000228, 1.6701071999996202, 1.6618206999992253, 1.7129383999999845, 1.663841900000989, 1.6622575000001234, 1.6366116999997757, 1.635611499999868, 1.6551514999991923, 1.665251000000353, 1.6512870999995357, 1.6646199999995588, 1.6552276000002166, 1.6445927000004303, 1.659874299999501, 1.656498799999099, 1.6608528000015212, 1.6342165999994904, 1.6496686999998929, 1.6422239000003174, 1.6489925000005314, 1.6405039000001125, 1.6490804999993998, 1.6511953999997786, 1.6518495999989682, 1.6410511000012775, 1.651683399999456, 1.6468036000005668, 1.6529866000000766, 1.6393552999998064, 1.656741199998578, 1.6365592000001925, 1.6276961999992636, 1.6309678000015992, 1.6296505999998772, 1.651590600000418, 1.6433899999992718, 1.6503607999984524, 1.6505154999995284, 1.654638400001204, 1.6488781999996718, 1.633782799999608, 1.6406049999986863, 1.6454398000005312, 1.645307299999331, 1.627814200001012, 1.6312484000009135, 1.635867099999814, 1.6470794999986538, 1.6444647000007535, 1.645955400001185, 1.655514599999151, 1.6422613999984605, 1.6543876999985514, 1.6526726000010967, 1.6430737000009685, 1.6400149000000965, 1.6454040999997233, 1.6362929999995686, 1.6503731999982847, 1.6495599999998376, 1.6331971999989037, 1.6504788000002009, 1.667258800000127, 1.6426065000014205, 1.6468678999990516, 1.6368203000001813, 1.641268499999569, 1.6406227000006766, 1.6482654999999795, 1.6491855999993277, 1.6454422000006161, 1.6384095000012167, 1.6601671999997052, 1.6405214000005799, 1.654025300000285, 1.6575213000014628, 1.6513649000007717, 1.6356391000008443, 1.6570641999987856, 1.639559700000973, 1.6520886999987852, 1.6771989999997459, 1.636429500000304, 1.6528672999993432, 1.638227299999926, 1.6529192000016337], "benchmark": [1.6509925999998813, 1.6411728999992192, 1.6464978000003612, 1.6493876000004093, 1.640766700000313, 1.6271068999994895, 1.668888700000025, 1.6363338999999542, 1.6355875000008382, 1.654150700000173, 1.6455131000002439, 1.6456603000005998, 1.648366299999907, 1.6390792000001966, 1.6557952000002842, 1.6479868999995233, 1.658299500000794, 1.6461667000003217, 1.642295199999353, 1.6703518000012991, 1.6431140999993659, 1.6425025000007736, 1.651088599999639, 1.6514275999998063, 1.6502356000000873, 1.6317103000001225, 1.6578398999990895, 1.6349847999990743, 1.67867600000136, 1.655703899999935, 1.6532029999998485, 1.6448407000007137, 1.644147899998643, 1.6416360000002896, 1.6567078999996738, 1.6431910999999673, 1.6485980999987078, 1.639034100000572, 1.6481464999997115, 1.6464687000006961, 1.651283000001058, 1.6419100999992224, 1.6455858000008448, 1.647344900000462, 1.641699099998732, 1.6478556000001845, 1.643380800000159, 1.6603144999990036, 1.675840200001403, 1.6450050999992527, 1.6361125000003085, 1.6422538999995595, 1.65250449999985, 1.6569923999995808, 1.6397765000001527, 1.6395837000000029, 1.6457383000015398, 1.647115899999335, 1.6391048000004957, 1.644239799999923, 1.640379700000267, 1.651645500000086, 1.637017700000797, 1.6527311999998346, 1.6417478999992454, 1.6499313000003895, 1.660372099999222, 1.6387867000012193, 1.635558600000877, 1.6470880999986548, 1.6521061999992526, 1.6497056999996857, 1.650027499999851, 1.6374198000012257, 1.6427067000004172, 1.6395515000003797, 1.6375471000010293, 1.6399003000005905, 1.6540396000000328, 1.6457699000002322, 1.648655000000872, 1.6393162999993365, 1.651956199999404, 1.6420658999995794, 1.650716600001033, 1.6452669999998761, 1.6373984000001656, 1.6530674999994517, 1.6469029999989289, 1.6557978999990155, 1.660193600000639, 1.663655899999867, 1.656026299999212, 1.6414800000002288, 1.6680269999997108, 1.6374152999997023, 1.6259599000004528, 1.6554619999988063, 1.6438773999998375, 1.636993000000075]}}