{"nuitka": {"warmup": [1.6036305000016, 1.5825918000009551, 1.572678199998336, 1.5864786999991338, 1.5799055999996199, 1.6234096999978647, 1.5994229999996605, 1.5848799999985204, 1.5893135000005714, 1.5866908999996667, 1.611927800000558, 1.5959212999987358, 1.5914518999998108, 1.5747678999978234, 1.5852386000005936, 1.592701000001398, 1.5948854000016581, 1.587980600001174, 1.5719379000001936, 1.6157139000024472, 1.612850299999991, 1.587421299998823, 1.5845092999988992, 1.5859655999993265, 1.5983065000000352, 1.5953580999994301, 1.5925376000013785, 1.5848565999986022, 1.5942169999980251, 1.599187299998448, 1.6035425000009127, 1.5834901000016544, 1.595573800001148, 1.5857304999990447, 1.6117210000011255, 1.5959226999984821, 1.5833473999991838, 1.5909388000000035, 1.5834279000009701, 1.605985400001373, 1.6099128999994718, 1.5850619999982882, 1.6094722999987425, 1.60530160000053, 1.5966655999982322, 1.597869000001083, 1.5833259999999427, 1.5921265999968455, 1.5932420999997703, 1.5896315000027244, 1.5877067000001261, 1.580146700001933, 1.584788900003332, 1.590338399997563, 1.5855983000001288, 1.5876769999995304, 1.5896759999995993, 1.586144000000786, 1.5982315000001108, 1.5918703000024834, 1.581110200000694, 1.5792089000024134, 1.5857314999993832, 1.5854295999997703, 1.5832474999988335, 1.5982574999979988, 1.5861857999989297, 1.5819661999994423, 1.6024601999997685, 1.59832539999843, 1.5850729000012507, 1.5956529000031878, 1.5860759999995935, 1.580556600001728, 1.589251699999295, 1.628978400000051, 1.6382682000003115, 1.5930786999997508, 1.6144688999993377, 1.582736799999111, 1.6027455999974336, 1.5907500999965123, 1.5909538000014436, 1.5852085999977135, 1.5955358000028355, 1.5852362000005087, 1.599820899999031, 1.5944425000016054, 1.5847112999981618, 1.601271599996835, 1.5764601999981096, 1.5944992000004277, 1.593451400000049, 1.5888401000011072, 1.5877956000003906, 1.5992197999985365, 1.611844099999871, 1.58689570000206, 1.5892131000000518, 1.5963333999970928], "benchmark": [1.5908304000004136, 1.5826359999991837, 1.5919960999999603, 1.5929222000013397, 1.5796975000012026, 1.5945842999972228, 1.5942835999994713, 1.5957330000019283, 1.586638499997207, 1.5960284000029787, 1.6067736000004516, 1.6028102999989642, 1.5792082000007213, 1.5839089000000968, 1.600090399999317, 1.5824111000001722, 1.618038800002978, 1.5826826000011351, 1.5951925999979721, 1.5918136000000231, 1.5975490999990143, 1.5882756000028166, 1.5874642999988282, 1.5861890999985917, 1.5835353000002215, 1.5904086000009556, 1.5978432000010798, 1.5959836000001815, 1.5757451999998011, 1.5782793999969726, 1.5867426000004343, 1.597873000002437, 1.587902599996596, 1.5917906000031508, 1.5901073999993969, 1.5990481000008003, 1.6054226999985985, 1.5920628999992914, 1.5901795999998285, 1.589649499997904, 1.5789989000004425, 1.5983754000008048, 1.5999023000003945, 1.587798999997176, 1.6082851000028313, 1.6180889999995998, 1.5760303000024578, 1.6038843000023917, 1.5976809999992838, 1.5914127999967604, 1.6091743999968458, 1.597281700000167, 1.5825046999998449, 1.5864092000010714, 1.5753201999978046, 1.6101183000027959, 1.6167819000002055, 1.6049690999971062, 1.592962799997622, 1.6166674999985844, 1.5986628999999084, 1.6041882999998052, 1.5884397000008903, 1.5856435999994574, 1.5843724999976985, 1.590489999998681, 1.5978852000007464, 1.608406899998954, 1.5948416999999608, 1.5862162000012177, 1.586572399999568, 1.595526000000973, 1.5853754999989178, 1.5833958000002895, 1.5881520000002638, 1.581053800000518, 1.5904157000004489, 1.596676600001956, 1.5884852999988652, 1.5876086999996915, 1.584184399998776, 1.5868867000026512, 1.580465600000025, 1.59863150000092, 1.592900700001337, 1.6057393000010052, 1.5849656000027608, 1.581746199997724, 1.5965518000011798, 1.60633229999803, 1.592981100002362, 1.5776817000005394, 1.5812800000021525, 1.5980128000010154, 1.5764393999997992, 1.5806272000008903, 1.5820357000011427, 1.5869935000009718, 1.5786745000004885, 1.5758294000006572]}, "cpython": {"warmup": [1.9189862000021094, 1.9277529999999388, 1.906572200001392, 1.9137190999972518, 1.9104361999998218, 1.9076983999984805, 1.9155025000000023, 1.9021197000001848, 1.9048423000022012, 1.8990687000004982, 1.9148840999987442, 1.9300906999997096, 1.9391453999996884, 1.9081146999997145, 1.898145300001488, 1.9057867999981681, 1.9056971999998495, 1.9078331000018807, 1.893220800000563, 1.8994669999992766, 1.9154841999989003, 1.8972662999985914, 1.9041280999990704, 1.9065990000017337, 1.9132319999989704, 1.9005264000006719, 1.9130287999978464, 1.9052348000004713, 1.9022259000012127, 1.9042808000012883, 1.8976779000004171, 1.9057534000021406, 1.9095085000008112, 1.9066244999994524, 1.921713700001419, 1.9146729999993113, 1.9285100999986753, 1.9111367000004975, 1.896145599999727, 1.9057355000004463, 1.9277664000001096, 1.910960299999715, 1.902917499999603, 1.9077117000015278, 1.90501790000053, 1.9012409999995725, 1.9006616999977268, 1.8981006000030902, 1.8970525000004272, 1.890844499997911, 1.9223040999968362, 1.9031044000003021, 1.9627510999998776, 1.9026964000004227, 1.9034288999973796, 1.9134593000017048, 1.918645400000969, 1.9000302999993437, 1.970935900000768, 1.9183496000005107, 1.90194960000008, 1.8990417000022717, 1.9070231000005151, 1.900314200000139, 1.911726300000737, 1.8945132000008016, 1.9115041999975801, 1.914673799998127, 1.9097385999994003, 1.926337800003239, 1.9016575000023295, 1.9139704999979585, 1.914209499998833, 1.9058050999992702, 1.9114512000014656, 1.9130673999970895, 1.9126679000000877, 1.9011551999974472, 1.8950793000003614, 1.8982596999994712, 1.9093580999979167, 1.900243899999623, 1.9084586999997555, 1.9128162000015436, 1.9235050000024785, 1.9053148999992118, 1.8988860999997996, 1.9063392999996722, 1.9086264000034134, 1.9093981000005442, 1.8970350999989023, 1.8973605999999563, 1.9079495000005409, 1.897498499998619, 1.9100883999999496, 1.916796699999395, 1.9070207999975537, 1.9098104999975476, 1.8971205999987433, 1.910682399997313], "benchmark": [1.9068139999981213, 1.905463699997199, 1.9090539000026183, 1.9022608999985096, 1.945549599997321, 1.927171899998939, 1.9061999000005017, 1.9118920000000799, 1.9184832999999344, 1.9202920999996422, 1.9095614999969257, 1.9167519000002358, 1.9089491999984602, 1.9004300000015064, 1.9128788999987592, 1.9259853000003204, 1.8933327999984613, 1.9057628000009572, 1.8987635000012233, 1.9186011999991024, 1.906810200001928, 1.9258308999997098, 1.91576619999978, 1.9066276000012294, 1.908510600002046, 1.9099128999987443, 1.9142923999970662, 1.8953013999998802, 1.9145652999977756, 1.922833399999945, 1.9043611000015517, 1.9082574999993085, 1.9180328000002191, 1.9116556000008131, 1.922048000000359, 1.9055444999976316, 1.8985377999997581, 1.8897757999984606, 1.963190599999507, 1.9351187000029313, 1.9200055999972392, 1.917254400003003, 1.9010026999967522, 1.9151595999974234, 1.9156585000018822, 1.9032253000004857, 1.902449400000478, 1.9540945999979158, 1.9186179999996966, 1.9066849000009825, 1.9694710999974632, 1.9104276999969443, 1.9053031000003102, 1.9356253000005381, 1.9043763999980001, 1.9036979999982577, 1.8934991000023729, 1.9185155000013765, 1.9236192999997002, 1.9095723999998881, 1.919984199997998, 1.900358300001244, 1.9036211999991792, 1.9164311999993515, 1.9043189000003622, 1.9103485000014189, 1.9027332000005117, 1.9219910000028904, 1.930026900001394, 1.9282330999994883, 1.9258354000012332, 1.9147654000007606, 1.9027664999994158, 1.9106302000000142, 1.915372599996772, 1.9140847000016947, 1.9310297000010905, 1.9125368999993952, 1.930321100000583, 1.9172125999975833, 1.917447900003026, 1.9227352999987488, 1.9081962000018393, 1.9128306999991764, 1.903175999999803, 1.9311448000007658, 1.9126907999998366, 1.9085111999993387, 1.9209355000020878, 1.9016353999977582, 1.8920575000011013, 1.9083055999981298, 1.9196752999996534, 1.9602713999993284, 1.8952754999991157, 1.9220500999981596, 1.9038016999984393, 1.9261404999997467, 1.9095607999988715, 1.8909940999983519]}}