{"nuitka": {"warmup": [1.760928599993349, 1.75319099999615, 1.8361240999947768, 1.7544170000037411, 1.7516717999969842, 1.720522500007064, 1.7673867999983486, 1.754266899995855, 1.7933757999999216, 1.8097920000000158, 1.8758775000023888, 1.808850400004303, 1.759912900000927, 1.7610215000022436, 1.7604764999996405, 1.7643977999978233, 1.73835319999489, 1.7679379000037443, 1.7654395999998087, 1.8177606999961426, 1.7581620999990264, 1.7655596000113292, 1.7291682999930345, 1.7531183999963105, 1.7789617000089493, 1.8362584999995306, 1.7095790000021225, 1.7853475999872899, 1.7786126999999397, 1.7657247000024654, 1.7780749999947147, 1.730011599996942, 1.7898388000030536, 1.7331553000112763, 1.740365899997414, 1.7469229999987874, 1.7432558000000427, 1.8109406000003219, 1.716839999993681, 1.723597999996855, 1.7323697000101674, 1.7379466999991564, 1.7925161000021035, 1.7833136999979615, 1.7589365000021644, 1.7696352999919327, 1.7680724999954691, 1.74218239999027, 1.7032359000004362, 1.7673466999985976, 1.7834528000093997, 1.75848330000008, 1.7391981999971904, 1.729118599992944, 1.7844800000020768, 1.716979499993613, 1.7467598999937763, 1.7670585999876494, 1.7972543000068981, 1.7642699999996694, 1.7697640000114916, 1.7349783000099706, 1.7610393000068143, 1.7375543999951333, 1.7478982000029646, 1.7481952999951318, 1.788242499998887, 1.747577399990405, 1.9046782000077656, 1.7321576999966055, 1.7495196999952896, 1.838012099993648, 1.7817131000047084, 1.768357000008109, 1.7460267999995267, 1.783437000005506, 1.8203292999969563, 1.7628826000000117, 1.7333944999991218, 1.7968812000035541, 1.7237496000016108, 1.7839286999951582, 1.7737970999878598, 1.7883656999911182, 1.7273688999994192, 1.7323137000057613, 1.7670807000104105, 1.7631523000018205, 1.7931417999934638, 1.7541371999977855, 1.7584020999929635, 1.7568382000026759, 1.7800718000071356, 1.7881244000018341, 1.7503675999905681, 1.7347386999899754, 1.7640908000030322, 1.7523478000075556, 1.807178399991244, 1.7191880000027595], "benchmark": [1.7813246000005165, 1.7810433999984525, 1.7317523000092478, 1.7174953000067035, 1.7358448000013595, 1.819928600001731, 1.7453139999997802, 1.760588999997708, 1.7918530000024475, 1.7474683999898843, 1.7475775000057183, 1.7236297000054037, 1.7703955000033602, 1.761420700000599, 1.8042922000022372, 1.7811156999960076, 1.7367703000054462, 1.7472732000023825, 1.7639926000119885, 1.731867800001055, 1.7786351999966428, 1.747530499997083, 1.792704399995273, 1.7827878999960376, 1.7742523000051733, 1.7564096999994945, 1.7311878000036813, 1.7753602999873692, 1.8373310000024503, 1.7595303999987664, 1.7530810999887763, 1.7623187999997754, 1.804912500010687, 1.7450535999960266, 1.757245699991472, 1.7558061000017915, 1.700362799994764, 1.7859322000003885, 1.7403038000047673, 1.7417878000123892, 1.7316143000061857, 1.7352547999907983, 1.7668243999942206, 1.7535773999989033, 1.7406690000061644, 1.7729555999976583, 1.761127799996757, 1.7761844999913592, 1.7371888999914518, 1.757029300002614, 1.7589560999913374, 1.7160625999968033, 1.7672300999984145, 1.7628027999890037, 1.7658592000079807, 1.7225705000018934, 1.7940818000060972, 1.7847916999890003, 1.7194375999970362, 1.8113059000024805, 1.730901899994933, 1.7484322999953292, 1.7430219000088982, 1.7446424999943702, 1.7665720999939367, 1.7699356999946758, 1.749976399994921, 1.749913599996944, 1.7795436000014888, 1.8674726999888662, 1.814922799996566, 1.7406389000097988, 1.7946615000109887, 1.7506238999922061, 1.7886655000038445, 1.78219720000925, 1.8067039000015939, 1.7830907999887131, 1.7852376999944681, 1.7467073000007076, 1.764815800008364, 1.736620200012112, 1.7447880999970948, 1.8000018000020646, 1.7424345000035828, 1.7712395999988075, 1.7711804999999003, 1.751643099996727, 1.7971137999993516, 1.7486532000039006, 1.7591725999955088, 1.756881399996928, 1.7803971999965142, 1.7994314000097802, 1.7445441000018036, 1.7511000000085915, 1.7924548000009963, 1.730014000000665, 1.7497198000055505, 1.8146071000082884]}, "cpython": {"warmup": [2.2622523000027286, 2.278036300005624, 2.2943009000009624, 2.253663699986646, 2.2743491000001086, 2.2840552999987267, 2.3303837000130443, 2.314246000009007, 2.3192259000061313, 2.3416597000032198, 2.2908424000052037, 2.2949731000117026, 2.2984620000061113, 2.2566072000045097, 2.3083817000006093, 2.2412664000003133, 2.229393400004483, 2.251507599998149, 2.305394199996954, 2.223596100011491, 2.2435307999985525, 2.234174500001245, 2.3827135000028647, 2.3185587999905692, 2.253404099988984, 2.2767797999986215, 2.24655489998986, 2.214602100008051, 2.3081207999930484, 2.2847362000029534, 2.3611785999964923, 2.2545544000022346, 2.2740364000055706, 2.2601128999958746, 2.2753808999987086, 2.2665263999952003, 2.2685165999864694, 2.292479600000661, 2.267887599999085, 2.2553362999897217, 2.253001699995366, 2.2638560999912443, 2.2240906999941217, 2.2444539999996778, 2.2915910000010626, 2.261829299997771, 2.2664395999890985, 2.2506684999971185, 2.3497728999936953, 2.2842895000067074, 2.259151699996437, 2.321347799996147, 2.2534316000092076, 2.244317400007276, 2.261172999991686, 2.220105800006422, 2.332368299990776, 2.2460673000023235, 2.270789900008822, 2.2707913999911398, 2.2637070000055246, 2.2194585999968695, 2.244538500002818, 2.3161260999913793, 2.250976499999524, 2.277759700009483, 2.259251499999664, 2.2713588000042364, 2.2594484000001103, 2.269463699994958, 2.2733465999917826, 2.25213170000643, 2.2795123999967473, 2.2329116000037175, 2.297531100004562, 2.288562500005355, 2.2320609000016702, 2.2886718999943696, 2.2451703999977326, 2.303397600000608, 2.2975104999932228, 2.259006899999804, 2.3430474000051618, 2.2388076999923214, 2.307577899991884, 2.305722400007653, 2.3100300000078278, 2.2398739000054775, 2.231834499994875, 2.259074999994482, 2.2548709000111558, 2.337193900006241, 2.246889900008682, 2.277260999995633, 2.2623978999909014, 2.5084749999950873, 2.2749114999896847, 2.2361404999974184, 2.2199938999983715, 2.29203779999807], "benchmark": [2.3432382000028156, 2.2553258999978425, 2.2427693999925395, 2.2599243000004208, 2.258497200004058, 2.267510099991341, 2.329236100005801, 2.2774287999927765, 2.2631427999876905, 2.294983300002059, 2.310872800007928, 2.2571258999960264, 2.332776399998693, 2.2774427000113064, 2.290000400011195, 2.3349798999988707, 2.236666199998581, 2.2151244999986375, 2.2474437999917427, 2.2294671999989077, 2.252990699998918, 2.2291880999982823, 2.3206076999922516, 2.3343972000002395, 2.2689666000078432, 2.288694000002579, 2.2683804999978747, 2.309961100007058, 2.217340000002878, 2.25513890000002, 2.2722593000071356, 2.2890379000018584, 2.247601199997007, 2.2629483999917284, 2.2611637999943923, 2.2584979999955976, 2.233571299992036, 2.3097103999898536, 2.254031499993289, 2.2178312999894843, 2.308554000002914, 2.2931959999987157, 2.324456199989072, 2.34092149999924, 2.242167699994752, 2.2168998999986798, 2.2780059999931837, 2.336561799995252, 2.282244999994873, 2.2722956000070553, 2.248605500004487, 2.246523599998909, 2.331063000005088, 2.2460986000078265, 2.2986223000043537, 2.330139700003201, 2.2714218000037363, 2.249219899997115, 2.2849065999907907, 2.277954100005445, 2.274991400001454, 2.269967000000179, 2.305603999993764, 2.254843200003961, 2.2824355000047944, 2.2783991000032984, 2.2697139000083553, 2.2626455999998143, 2.3110837999993237, 2.274553299997933, 2.204882100006216, 2.2342697999993106, 2.3098278999968898, 2.3067479000019375, 2.329196699996828, 2.2849042000016198, 2.2484481999999844, 2.2283473999996204, 2.28110540000489, 2.314546199995675, 2.286829699994996, 2.2220878999942215, 2.279949599993415, 2.2893964999966556, 2.2598741999972844, 2.2643005999998422, 2.2889763999992283, 2.2757390000042506, 2.273976800002856, 2.2696772999915993, 2.2868783000012627, 2.276962999996613, 2.250936800002819, 2.3046863000054145, 2.240143800008809, 2.2655115999950795, 2.3167183000041405, 2.3015794999955688, 2.238418900000397, 2.312929499996244]}}