{"nuitka": {"warmup": [1.3932008999981917, 1.367676499998197, 1.366163200000301, 1.3651008999877376, 1.3645733000012115, 1.368350200005807, 1.3654003999981796, 1.3558107999997446, 1.369246000002022, 1.3635901999950875, 1.3722058999992441, 1.3628668000019388, 1.3588391000084812, 1.367453700004262, 1.360795499989763, 1.3643761000130326, 1.3627966000058223, 1.3688081000000238, 1.3606228999997256, 1.361525200001779, 1.362414599992917, 1.3602604999905452, 1.3601415000011912, 1.3657473999919603, 1.3697192999970866, 1.3677170999872033, 1.366095099991071, 1.3749749999988126, 1.365893700000015, 1.3677981999935582, 1.3605383999965852, 1.3694107999908738, 1.3625813000107883, 1.364735600000131, 1.3683259999961592, 1.3611238000012236, 1.3783851999905892, 1.3670641999924555, 1.364045599999372, 1.3601433000003453, 1.3601591999904485, 1.357576299997163, 1.3619240999978501, 1.3721236999990651, 1.368352599994978, 1.364999199999147, 1.3980207999993581, 1.3642128000064986, 1.3683568999986164, 1.3658772000053432, 1.3685451000055764, 1.3677959999913583, 1.3679393000056734, 1.3698229000001447, 1.3600039000011748, 1.3636917999974685, 1.372778399992967, 1.3621037999982946, 1.3639573999971617, 1.3619909999979427, 1.3699636999954237, 1.3697160000010626, 1.362590700009605, 1.4911097000003792, 1.4009791999997105, 1.3636585999920499, 1.3704675000044517, 1.365600799996173, 1.3636306999978842, 1.3605079999979353, 1.3635883999959333, 1.3714767000055872, 1.3754383000050439, 1.366601100002299, 1.3616454000002705, 1.3655020000005607, 1.3625429999956395, 1.3629962999984855, 1.3674424000055296, 1.3601262000011047, 1.3696404000074835, 1.3622939000051701, 1.360083699997631, 1.364620600012131, 1.3654325999959838, 1.3633007000025827, 1.3723730000056094, 1.3672577000106685, 1.3673266999976477, 1.3647933000029298, 1.3686461999895982, 1.362503199998173, 1.3669186000042828, 1.3669831000006525, 1.3637334999948507, 1.3621541000029538, 1.3689065999933518, 1.3633711000002222, 1.3772021000040695, 1.36928880000778], "benchmark": [1.372397600003751, 1.3661067999928491, 1.3608069000038086, 1.368210500004352, 1.3618291999882786, 1.363675799992052, 1.3610140999953728, 1.3702805999928387, 1.3649327000021003, 1.366451000008965, 1.3619777999992948, 1.3688816000067163, 1.3624702999950387, 1.3583846999972593, 1.364690200003679, 1.3976831000036327, 1.3750154000008479, 1.3608326999965357, 1.3672247999929823, 1.3623227999923984, 1.3649383000010857, 1.3615623999939999, 1.3621596000011778, 1.365347599989036, 1.3637368999916362, 1.3638521999964723, 1.3631969000125537, 1.366995099990163, 1.3613118999928702, 1.368709400005173, 1.3617408999998588, 1.3698182999942219, 1.3711828000086825, 1.3627457999973558, 1.3636421999981394, 1.3638478000066243, 1.3627623000065796, 1.3530876000004355, 1.3662102000089362, 1.3652973999996902, 1.3677635000058217, 1.366793699999107, 1.3672568000038154, 1.3610914000018965, 1.3626930000027642, 1.3686498000024585, 1.3642565999907674, 1.3611481999978423, 1.3635416000033729, 1.3648104000021704, 1.3623312000127044, 1.3661889999930281, 1.364383899999666, 1.3699545999988914, 1.3655769000033615, 1.3616641999979038, 1.366272499988554, 1.3617386999976588, 1.364913900004467, 1.3628699999972014, 1.3606538000021828, 1.3602308999979869, 1.362507199999527, 1.3635607000032905, 1.367486099989037, 1.3707253000029596, 1.365375599998515, 1.3645648999954574, 1.36839359998703, 1.3698597000038717, 1.371526000002632, 1.3670009000052232, 1.3632693999970797, 1.3682251999998698, 1.3634311000059824, 1.3659537999919849, 1.371364699996775, 1.3729872000112664, 1.3626394999882905, 1.3664979000022868, 1.369103000004543, 1.359146899994812, 1.3594122999929823, 1.3656951999873854, 1.3536897000012686, 1.368191300003673, 1.3635558999958448, 1.3587029999907827, 1.3608008000010159, 1.3595216000103392, 1.362062900007004, 1.3651624000049196, 1.3629558000102406, 1.3651738999906229, 1.363590099994326, 1.3632283000042662, 1.3613747999916086, 1.3575713000027463, 1.3640224999981, 1.3698183999949833]}, "cpython": {"warmup": [1.6530588000023272, 1.6397787000023527, 1.6380295999988448, 1.6403294000047026, 1.6362809000129346, 1.6429120999964653, 1.6410849999956554, 1.6391776999953436, 1.638954800000647, 1.6350918000098318, 1.6399201000022003, 1.641903399999137, 1.6366582000046037, 1.653406500001438, 1.6415971999958856, 1.6775153000053251, 1.6489995000010822, 1.6470700000063516, 1.637226599996211, 1.6382924999925308, 1.6483386000036262, 1.6389264000026742, 1.636014100004104, 1.6634286000044085, 1.640945199993439, 1.6418313999893144, 1.6409771000035107, 1.6361649000027683, 1.64080219999596, 1.6351357999956235, 1.6442784999962896, 1.643699899999774, 1.6407630000030622, 1.63417419999314, 1.6372942999878433, 1.6375101000012364, 1.6481138999952236, 1.6369240000058198, 1.6338547000050312, 1.6357800000114366, 1.6440846999903442, 1.6382221999956528, 1.6386124999989988, 1.644367399989278, 1.6424380999960704, 1.636387000005925, 1.6410298999981023, 1.6407765000039944, 1.6508923999936087, 1.63929150000331, 1.6445798000058858, 1.6341068000037922, 1.6360802999988664, 1.6474140000063926, 1.6391136000020197, 1.6377467999991495, 1.637993500000448, 1.633828200006974, 1.6427084000024479, 1.6396780000068247, 1.6367245000001276, 1.6376587999984622, 1.6375773000036133, 1.6376978000043891, 1.6380875000031665, 1.6421039000124438, 2.3473491000040667, 1.6406091000098968, 1.6373531999997795, 1.6383445000101347, 1.6342040000017732, 1.6390303000080166, 1.641573300003074, 1.6385260999959428, 1.641493300005095, 1.6507255000033183, 1.6466913999902317, 1.639092699988396, 1.6384772000019439, 1.6370613999897614, 1.6411141999997199, 1.6428925000072923, 1.639168299996527, 1.6387317000044277, 1.643758499994874, 1.638547100010328, 1.638964900004794, 1.6314234000019496, 1.6398659999977099, 1.6450396000000183, 1.6369164999923669, 1.6429574000067078, 1.636027100001229, 1.637113299992052, 1.636247699992964, 1.6310045999998692, 1.6403205999959027, 1.63268579999567, 1.650250100006815, 1.6375167000078363], "benchmark": [1.6520316999958595, 1.6588265000027604, 1.6444589000020642, 1.6404962000087835, 1.6374609000049531, 1.6540867000003345, 1.6618210000015097, 1.6398566999996547, 1.6368731999973534, 1.63955549999082, 1.6316148000041721, 1.6391251000022748, 1.6345850999932736, 1.6401996000058716, 1.6348678999929689, 1.636741099995561, 1.636705199998687, 1.6360650999995414, 1.6394107999949483, 1.6388271000032546, 1.6526905999926385, 1.6413914999866392, 1.6469292999972822, 1.640054000003147, 1.6444178999954602, 1.6333223999972688, 1.649031000008108, 1.6395922000083374, 1.6445115999958944, 1.6491662000044016, 1.6414400999929057, 1.6415445000020554, 1.6423289999947883, 1.6329188999952748, 1.638646899999003, 1.6376812000089558, 1.6421316000050865, 1.6499478999903658, 1.6411158999981126, 1.6408624000032432, 1.6362573000078555, 1.637966399997822, 1.6385804999881657, 1.640789400000358, 1.6439399999944726, 1.6460706000070786, 1.6431508999958169, 1.6439657000009902, 1.6374451000010595, 1.6334188000037102, 1.638398800001596, 1.6442543000011938, 1.6419747000036296, 1.6377510000020266, 1.639560999989044, 1.639862500000163, 1.6429879999923287, 1.6394580000051064, 1.6314232000004267, 1.6423247999919113, 1.6442672999983188, 1.6404117999918526, 1.639635500003351, 1.6449547999945935, 1.6368081999971764, 1.6424492000078317, 1.6422985000099288, 1.6392649999907007, 1.637727299996186, 1.642360899990308, 1.6420661000011023, 1.639105299997027, 1.6364769999927375, 1.6394569000112824, 1.639838699993561, 1.6459593000035966, 1.634316800002125, 1.6422271000046749, 1.6376277999952435, 1.6424209999968298, 1.6388225999980932, 1.6447175000066636, 1.640378399999463, 1.6384781999950064, 1.6376237999938894, 1.6384525000030408, 1.6416823000035947, 1.639809599990258, 1.6364525999961188, 1.6445265999936964, 1.6517047000088496, 1.637126800007536, 1.6419166999985464, 1.638836199999787, 1.6435047999984818, 1.6421865999873262, 1.6437331000051927, 1.6389171999908285, 1.6407730000064475, 1.6383560999965994]}}