{"nuitka": {"warmup": [1.6654970000090543, 1.6197996999981115, 1.6056692999991355, 1.6138136000081431, 1.6245991999894613, 1.6043512999895029, 1.6035879999981262, 1.6126810999994632, 1.6064104000106454, 1.6080548000027193, 1.6135729999950854, 1.620898399996804, 1.6108722000062698, 1.6252863999980036, 1.6058675999956904, 1.6090820000099484, 1.6220071999996435, 1.6170056000119075, 1.6145192999974824, 1.618969899995136, 1.6202978999936022, 1.6083288999943761, 1.611268699998618, 1.6180448000086471, 1.6116372999968007, 1.6123511000041617, 1.6032443000003695, 1.6054068000084953, 1.6115436000109185, 1.6184943999978714, 1.6209462999977404, 1.626640699993004, 1.60958479999681, 1.6151905000006082, 1.6176025000022491, 1.6097956000012346, 1.6243927000032272, 1.6130887999897823, 1.6025287999946158, 1.6128723000001628, 1.613489399998798, 1.6083660000003874, 1.6027270000049612, 1.6210854000091786, 1.6284280999971088, 1.626592000000528, 1.6063060000014957, 1.6050229999964358, 1.6152693000040017, 1.6139232000132324, 1.6024155999912182, 1.611580500000855, 1.6172981999989133, 1.6127760000090348, 1.6175928000011481, 1.637850700004492, 1.614101799990749, 1.6090433000063058, 1.6099899999971967, 1.602414699998917, 1.6061866999953054, 1.6098550999886356, 1.6137585999967996, 1.61526779999258, 1.62494069999957, 1.6035327000136022, 1.6369642999925418, 1.609706899995217, 1.6079715999949258, 1.6087489999918034, 1.6117410000006203, 1.6066065000050003, 1.6129475999914575, 1.6158160000049975, 1.6304164000030141, 1.6094917000009445, 1.605854499997804, 1.6078592999983812, 1.6075682999944547, 1.6147995000064839, 1.6047886000014842, 1.6078840999980457, 1.6039109999983339, 1.6092092999897432, 1.612080099992454, 1.6162954000028549, 1.6185235000011744, 1.605663900001673, 1.609874999994645, 1.6031259000010323, 1.609861400007503, 1.6088936000014655, 1.6067188000015449, 1.6143065999931423, 1.616832699990482, 1.613741699999082, 1.606559499996365, 1.6089502000104403, 1.6002129999978933, 1.6044216000009328], "benchmark": [1.6091850999946473, 1.610381900012726, 1.5987898000021232, 1.6373213999904692, 1.6128551000001607, 1.6163251000107266, 1.6122212000045693, 1.6111552999936976, 1.6130768000002718, 1.6128539999917848, 1.6114060999971116, 1.6119548999995459, 1.6226380000007339, 1.607025400007842, 1.618022499998915, 1.6137899000023026, 1.6207035999977961, 1.6232963999937056, 1.6040882999950554, 1.6161545000068145, 1.6132140999980038, 1.6232610000006389, 1.6129522999981418, 1.611367200006498, 1.6087961000012, 1.6179314000037266, 1.6161932999966666, 1.6064962999953423, 1.6220632000040496, 1.6128154000034556, 1.6075549999950454, 1.6086420000065118, 1.6207838999980595, 1.623552999997628, 1.6734440000000177, 1.6364118000055896, 1.6238721999980044, 1.6185611999972025, 1.617407900004764, 1.6158132999989903, 1.6091109000117285, 1.614012799996999, 1.6144465999968816, 1.6086236999981338, 1.622188699999242, 1.6208233000070322, 1.6214360000012675, 1.613786199988681, 1.610958599994774, 1.61390389999724, 1.613116499996977, 1.6176370999892242, 1.6267572000069777, 1.6259905000042636, 1.6097949999966659, 1.62083069999062, 1.6251497999910498, 1.6197534999955678, 1.6176339000085136, 1.6147205000015674, 1.612370099988766, 1.6108544999879086, 1.6164492999960203, 1.6099172000103863, 1.6139050999918254, 1.6089940999954706, 1.6085000000020955, 1.620275599998422, 1.609721000000718, 1.6119124999968335, 1.6087351000023773, 1.6075115999992704, 1.620486300002085, 1.6121619999903487, 1.6148092000075849, 1.6077181000000564, 1.6129417000047397, 1.6111679000023287, 1.6144901000079699, 1.6284229999873787, 1.6146602999942843, 1.618903999988106, 1.6115753000049153, 1.6169375000026776, 1.6112762999982806, 1.6094912999978988, 1.6074207999918144, 1.6044811000028858, 1.6059210999956122, 1.609275399998296, 1.6193424999946728, 1.6102249000105076, 1.615155200008303, 1.597940399995423, 1.6128169000003254, 1.6183715000079246, 1.6132405000098515, 1.6200045000005048, 1.6259187999967253, 1.6128353000094648]}, "cpython": {"warmup": [1.558199599996442, 1.5581071999913547, 1.555037700003595, 1.5398595000006026, 1.5409378999902401, 1.5635485000093468, 1.550856300003943, 1.5650017999869306, 1.5491112999879988, 1.5522094999905676, 1.5558084000076633, 1.5466354999953182, 1.5454735000093933, 1.5477859000093304, 1.545886399995652, 1.5613878000003751, 1.5505963000032352, 1.5574492000014288, 1.5462417999951867, 1.5598086999962106, 1.5525919999927282, 1.5550959999964107, 1.5594987999938894, 1.5569514999951934, 1.5628930000093533, 1.5439083999954164, 1.5558369000063976, 1.553604600005201, 1.551779000001261, 1.5545516999991378, 1.553000499989139, 1.5424169999896549, 1.5462761999951908, 1.536480999988271, 1.5583883999934187, 1.5477456000080565, 1.5478924999915762, 1.5498655999981565, 1.548324400006095, 1.5503379000001587, 1.5586475000018254, 1.5557092000090051, 1.5596790999989025, 1.542480500007514, 1.5486051000043517, 1.5501536000083433, 1.545703499999945, 1.5387914000020828, 1.544298600012553, 1.5472522999916691, 1.5637252000014996, 1.5569434999924852, 1.5450842999998713, 1.5522340000024997, 1.5525878999906126, 1.5501280000025872, 1.5570307000016328, 1.5666165000002366, 1.555391799993231, 1.5492553999938536, 1.5432504000054905, 1.547843299995293, 1.552711600001203, 1.5576364000007743, 1.5512212999892654, 1.5603688000119291, 1.5507517000078224, 1.5476611999911256, 1.5385193999973126, 1.5465684000082547, 1.5607999000058044, 1.5514951000077417, 1.5478909999947064, 1.5518593000015244, 1.5671512999979313, 1.5497405000060098, 1.5455898999935016, 1.5514560000010533, 1.557967100001406, 1.55134970000654, 1.5389869999926304, 1.5474394999910146, 1.550329799996689, 1.5396092999872053, 1.5589477999892551, 1.5443326999957208, 1.56377639999846, 1.5438960999890696, 1.546957400001702, 1.5448277999967104, 1.5446631999948295, 1.5614651999931084, 1.5531744999898365, 1.5482825999933993, 1.5503058999893256, 1.5487468999926932, 1.5478003999887733, 1.541608500003349, 1.5496231999859447, 1.5553870000003371], "benchmark": [1.5509337000112282, 1.552203200000804, 1.5454952000000048, 1.5547354000009364, 1.538234100007685, 1.5592368000070564, 1.5465265000093495, 1.5476930000004359, 1.5432524999923771, 1.5503239999961806, 1.5555598000064492, 1.5476965999987442, 1.5583502999943448, 1.5586086999974214, 1.5329091000021435, 1.5554095000115922, 1.5488210000039544, 1.553000499989139, 1.549708800012013, 1.544804999997723, 1.5372223999875132, 1.5536406000028364, 1.5461190000060014, 1.5638046000094619, 1.5447109999950044, 1.5383222999953432, 1.5498780999914743, 1.5504252999962773, 1.545429799996782, 1.5526190999953542, 1.5420003999897745, 1.5443513999925926, 1.5508810000028461, 1.5494476000021677, 1.5462138000002597, 1.5574083999963477, 1.5483814999897731, 1.5535046000004513, 1.5406670999946073, 1.5307623000117019, 1.5578214999986812, 1.5729374999937136, 1.5676743000076385, 1.5727110000007087, 1.551874400000088, 1.5386852000083309, 1.5633528000034858, 1.5491858000023058, 1.5610166000114987, 1.5577038000046741, 1.5622995000012452, 1.5584460999962175, 1.5579360999981873, 1.543658399998094, 1.5475230000010924, 1.5507943999982672, 1.5377479000017047, 1.5600218000035966, 1.5427005999954417, 1.5623978999938117, 1.5499030999926617, 1.541000700002769, 1.5430627000023378, 1.538257899999735, 1.5452035000053002, 1.551161299998057, 1.5414062999916496, 1.5556668000062928, 1.5555094000010286, 1.5542407000029925, 1.5407579000020633, 1.5641119999927469, 1.5520421000110218, 1.5519377000018721, 1.5490265000116779, 1.5505105000047479, 1.5457178999931784, 1.5506166999984998, 1.5509951999993064, 1.546463999999105, 1.5599459000077331, 1.5558205999986967, 1.5325829999928828, 1.5500141999946209, 1.545907800013083, 1.5464577999955509, 1.56182919999992, 1.545453799990355, 1.5456288999994285, 1.5603842999989865, 1.5594355999928666, 1.5869496999948751, 1.5701846999872942, 1.550451899995096, 1.5574009999982081, 1.5500670000037644, 1.5455135000083828, 1.5450791000039317, 1.54454300001089, 1.5494857000012416]}}