{"nuitka": {"warmup": [1.3550059999979567, 1.3014096999977482, 1.3043876000010641, 1.3028879000048619, 1.309455499998876, 1.303975500006345, 1.303278399995179, 1.313390099996468, 1.3142335000011371, 1.3088630999991437, 1.2984463000029791, 1.3112996999989264, 1.3028911000001244, 1.3030815999954939, 1.3055936999880942, 1.3043777999992017, 1.3043050999986008, 1.3052260000113165, 1.303719200004707, 1.3039656000037212, 1.310545500004082, 1.3034871999989264, 1.305331900002784, 1.3005735000042478, 1.3016820000048028, 1.308448199997656, 1.3068273999961093, 1.3002656000026036, 1.3097340999956941, 1.302204100007657, 1.3047931000037352, 1.3040678999968804, 1.3065822000062326, 1.3012415999983205, 1.3056249999935972, 1.3075362000090536, 1.3052113000012469, 1.3048085999907926, 1.306676399995922, 1.309227900012047, 1.307107900007395, 1.3140136000001803, 1.3066957000119146, 1.3047269000089727, 1.304530599998543, 1.3096636999980547, 1.3081641999888234, 1.3074029999988852, 1.3018660999950953, 1.3034001999913016, 1.3112684000079753, 1.3003156000049785, 1.302878899994539, 1.3067774999944959, 1.300524399994174, 1.3018376999971224, 1.3095733000081964, 1.3070559000043431, 1.3105566000012914, 1.3071356000000378, 1.3028090000007069, 1.3039860000135377, 1.3117305000050692, 1.3050027999997837, 1.3119803000008687, 1.3112739999924088, 1.2984242999955313, 1.3007833000010578, 1.3090217999997549, 1.3195571999967797, 1.3040174000052502, 1.3010483999969438, 1.3051741999952355, 1.3014686000096845, 1.3032149999926332, 1.302934200008167, 1.3087230999954045, 1.3056703000038397, 1.3107170000002952, 1.305040100007318, 1.303235900006257, 1.3011793000041507, 1.3036908999929437, 1.3104715999943437, 1.3030697000067448, 1.3242532000003848, 1.3065031000005547, 1.3025749000080395, 1.3120992000040133, 1.3075321999931475, 1.302214900002582, 1.3013012000010349, 1.3032161999872187, 1.3055198999936692, 1.3044858999928692, 1.306308800005354, 1.3069407000002684, 1.3094481000007363, 1.305145899998024, 1.306151899989345], "benchmark": [1.30806009999651, 1.3242453999991994, 1.3028055999893695, 1.3121312000002945, 1.3049539000057848, 1.3080507999984547, 1.3042495000117924, 1.307597100007115, 1.3034530000004452, 1.324032200005604, 1.3089700999989873, 1.3054499000136275, 1.3057292999874335, 1.3036959000019124, 1.301038299992797, 1.3070873999968171, 1.3086034000007203, 1.302064600007725, 1.3168097999878228, 1.3071827000094345, 1.3030297999939648, 1.308281800011173, 1.3082533000124386, 1.3108097999938764, 1.304097999993246, 1.3041018999938387, 1.3049870999966515, 1.3000929999980144, 1.3090515999938361, 1.3040588000003481, 1.3173602999886498, 1.3019014000019524, 1.3064542999927653, 1.3170171999954619, 1.3017341000086162, 1.3040291000070283, 1.305006599999615, 1.301420000003418, 1.304461200008518, 1.3011549999937415, 1.302965700000641, 1.3132687000033911, 1.3062933999899542, 1.3027220999938436, 1.3045559000020148, 1.304006099991966, 1.3074860999913653, 1.302171899995301, 1.3065423000080045, 1.3060444000002462, 1.3061815999972168, 1.3016445999965072, 1.3078572000085842, 1.3070528999960516, 1.3017982000019401, 1.3105178999976488, 1.3007988000026671, 1.302627900004154, 1.30010370000673, 1.3117974000051618, 1.300709499992081, 1.3041605000034906, 1.3037134000041988, 1.3052415999991354, 1.305554000005941, 1.307027199989534, 1.3000510999991093, 1.3030450999940513, 1.307169600011548, 1.3055504000076326, 1.3049455000000307, 1.3131151999987196, 1.3046966999972938, 1.3253581000026315, 1.3077379000023939, 1.315405400004238, 1.3062397000030614, 1.309889900003327, 1.302509100001771, 1.3043655999936163, 1.3075519999983953, 1.3003920000046492, 1.3034995000052731, 1.3042681999941124, 1.3084153000090737, 1.3077002000063658, 1.3035683000052813, 1.3091329999879235, 1.3027615000028163, 1.3008971999952337, 1.3073810999921989, 1.3025786000071093, 1.3041453000041656, 1.303734799992526, 1.3220518000016455, 1.3127965000021504, 1.3029934000078356, 1.30563400000392, 1.312423099996522, 1.3076406999898609]}, "cpython": {"warmup": [1.6753900999901816, 1.6864769000094384, 1.6515648000058718, 1.6586905000003753, 1.6572056000004523, 1.6585954000038328, 1.6552751999988686, 1.653517799990368, 1.6578678999940166, 1.653632400004426, 1.6510195000009844, 1.6648849999910453, 1.6582235000096262, 1.6523277999949642, 1.6546974000084447, 1.652571500002523, 1.6504321999964304, 1.6496259000123246, 1.6506222000025446, 1.6497795999894151, 1.6549448000005214, 1.6548989999864716, 1.6551280999992741, 1.6551713999942876, 1.6610264999908395, 1.6564508000010392, 1.6500061999977333, 1.6551952999870991, 1.6528194999991683, 1.6546605000039563, 1.653055000002496, 1.6552922999981092, 1.6509894000046188, 1.6477618999924744, 1.649555700001656, 1.6593332000047667, 1.651632300010533, 1.6716753000073368, 1.6525840999966022, 1.6533118999941507, 1.65005330000713, 1.655901799997082, 1.6577508000045782, 1.6481895999895642, 1.6593887000053655, 1.679745700006606, 1.6576870999997482, 1.6604476000065915, 1.6579891000001226, 1.6504303999972763, 1.6539209999900777, 1.6651302999962354, 1.6471635999914724, 1.653181499990751, 1.6547769000026165, 1.6549924999999348, 1.6596818000107305, 1.6526020000019344, 1.6644437999930233, 1.6514883000054397, 1.663988000000245, 1.6508456000010483, 1.6635353000019677, 1.6583338000054937, 1.6884969999955501, 1.6678184000047622, 1.6814833999960683, 1.652360600011889, 1.6512673999968683, 1.6603313999949023, 1.6663006000017049, 1.6576556000072742, 1.6535500000027241, 1.6570512000034796, 1.6619123999989824, 1.6536308000067947, 1.6541651000006823, 1.656793000001926, 1.6580486000020755, 1.6489355999947293, 1.6600750000070548, 1.657193399994867, 1.6543084000004455, 1.6584040000016103, 1.6541490000090562, 1.6561497999937274, 1.6540780999930575, 1.648667600005865, 1.6636240000079852, 1.6646482000069227, 1.650904800000717, 1.6551332999952137, 1.6622959000087576, 1.6588252000074135, 1.6627163999946788, 1.651920499993139, 1.65144319999672, 1.6661502000060864, 1.6580404999986058, 1.6599270000006072], "benchmark": [1.6530597000091802, 1.6632525000022724, 1.6502236999949673, 1.6506044999987353, 1.6510878999979468, 1.6539672000071732, 1.6539391999976942, 1.6528739000059431, 1.6572645000123885, 1.6565265999961412, 1.6577465000009397, 1.655387899998459, 1.6558317999879364, 1.660952799997176, 1.6652248000027612, 1.6498040000005858, 1.6809827000106452, 1.6470375000062631, 1.6521943000116153, 1.6531371000019135, 1.6561197999981232, 1.6567532000044594, 1.657003700005589, 1.660497699995176, 1.6517962999932934, 1.6521430000138935, 1.6577093999949284, 1.6536763000040082, 1.6520482000050833, 1.6516068000055384, 1.6540156999981264, 1.6504172999993898, 1.6565226999955485, 1.655414799999562, 1.6536131000029854, 1.659064599996782, 1.6491872999904444, 1.6526674999913666, 1.6533924999966985, 1.6556738000072073, 1.6535344000003533, 1.6599293000035686, 1.6682098000019323, 1.6490015000017593, 1.6551877000019886, 1.6668430999998236, 1.6515462000097614, 1.6533001000061631, 1.6526649000006728, 1.6538999000040349, 1.6505073000007542, 1.65479930001311, 1.6593418000120437, 1.654140800004825, 1.6581997999892337, 1.66048010000668, 1.6557963999948697, 1.6604277000005823, 1.662762500011013, 1.6531030999904033, 1.651579400000628, 1.6499188000016147, 1.653916900002514, 1.6493659999978263, 1.65637450000213, 1.6639455999975326, 1.6908773000031943, 1.6576102000108222, 1.6607431000011275, 1.6632623000041349, 1.6519372000038857, 1.6612874999991618, 1.6527354999998352, 1.660036700006458, 1.6540339999919524, 1.6779865999997128, 1.6573502999963239, 1.6588331999955699, 1.6507150000106776, 1.6560057000024244, 1.6550572999985889, 1.65391580000869, 1.650829899997916, 1.6577063000004273, 1.646869100004551, 1.6614558000001125, 1.6580156999989413, 1.6484056000044802, 1.6564279999874998, 1.6511776999977883, 1.6538449000072433, 1.6514565000106813, 1.6556645999953616, 1.6588240999990376, 1.6534252999990713, 1.6582449999987148, 1.6532766000018455, 1.6559337000071537, 1.6524744000053033, 1.6507730000012089]}}