{"nuitka": {"warmup": [0.8153880000027129, 0.8089819000015268, 0.805273699996178, 0.8041132999933325, 0.811961400002474, 0.8104010999959428, 0.8062387999962084, 0.8056962999980897, 0.8136527000024216, 0.8083494000020437, 0.8110044999921229, 0.8114447999978438, 0.8040369999944232, 0.8078215999994427, 0.8126473000011174, 0.8069201000034809, 0.8090132999932393, 0.8089561000087997, 0.8078710999980103, 0.8140473000094062, 0.8044264999916777, 0.8050373000005493, 0.8058468999952311, 0.804810700006783, 0.8216539999993984, 0.8099400000064634, 0.8174004000029527, 0.8144944999949075, 0.8087292999989586, 0.8134953999979189, 0.8044673000113107, 0.8032609000074444, 0.8070673999900464, 0.8164854000060586, 0.8124291999993147, 0.8061481000040658, 0.812782299995888, 0.8049082000070484, 0.8093706000072416, 0.8146759000082966, 0.8055200999951921, 0.8083348000072874, 0.8134031999943545, 0.8042313999903854, 0.8042399999976624, 0.812795100006042, 0.818022799998289, 0.8025056999904336, 0.8095356999983778, 0.8081727000098908, 0.8047821000072872, 0.8051574999990407, 0.8054483000014443, 0.7966553000005661, 0.8083220999978948, 0.8084186000050977, 0.8065655999962473, 0.8124480999977095, 0.8152336000057403, 0.8154390999989118, 0.8073913999978686, 0.8060121999878902, 0.8053957999945851, 0.8036805000010645, 0.8092858000018168, 0.8069105000031414, 0.8085095999995247, 0.8153999000060139, 0.8067310000042198, 0.8248030999966431, 0.8081698000023607, 0.8213436000078218, 0.8032860999956029, 0.81960839999374, 0.8080336999992142, 0.7987533999985317, 0.8071154000062961, 0.807072399999015, 0.8031065999966813, 0.8068367000087164, 0.8090339000045788, 0.7982998999941628, 0.8171002000017324, 0.7977097000111826, 0.8086567999998806, 0.8068671000073664, 0.8050733999989461, 0.8087253999983659, 0.808629099992686, 0.8117670000065118, 0.8086978000064846, 0.8087876000063261, 0.808237300007022, 0.7986157999985153, 0.8096249999944121, 0.8083977000060258, 0.8063274000014644, 0.814439100009622, 0.8003771999938181, 0.8082350000040606], "benchmark": [0.8100873999937903, 0.8085199999914039, 0.8069944000017131, 0.8216485000011744, 0.8115648000093643, 0.8081823999964399, 0.799561600011657, 0.8151287000073353, 0.8163175999943633, 0.80529530000058, 0.8056879000068875, 0.8072764999960782, 0.815876799999387, 0.8050762000057148, 0.806731899996521, 0.8048687999980757, 0.807811100006802, 0.8083020999911241, 0.8090961999987485, 0.8053833000012673, 0.8029393000033451, 0.8055374999967171, 0.8090132999932393, 0.797762000001967, 0.8030323999992106, 0.8073936000000685, 0.8055295000085607, 0.8039900000003399, 0.8056558000098448, 0.801991000000271, 0.8032093999936478, 0.8108738000009907, 0.8154294999985723, 0.8156498000025749, 0.8029229999956442, 0.8091580000036629, 0.804849699998158, 0.8113183000095887, 0.806766499998048, 0.803876299993135, 0.8143118000007235, 0.8067124999943189, 0.8099520999967353, 0.81787249998888, 0.810421200003475, 0.8171144000079948, 0.8039580999902682, 0.8111081999959424, 0.7967236999975285, 0.8080475000024308, 0.8030642999947304, 0.8058919000031892, 0.8022716999985278, 0.8103491000074428, 0.8089228000026196, 0.8101890999969328, 0.796961400003056, 0.8068021000071894, 0.8071669000055408, 0.8077543999970658, 0.8138706000027014, 0.8187307999905897, 0.8080997000070056, 0.8082660000072792, 0.8050944999995409, 0.8068413000000874, 0.8168025000049965, 0.8058987999975216, 0.810673100000713, 0.8108973000053084, 0.8088501000020187, 0.806104300005245, 0.8078192000102717, 0.8072604000044521, 0.8221173999918392, 0.8074478000053205, 0.8039038999995682, 0.81019180000294, 0.8030796999955783, 0.8081915000075242, 0.8124507000029553, 0.8061330000055023, 0.809402200000477, 0.8191636999981711, 0.8065345999930287, 0.81748840000364, 0.8075508000038099, 0.7967249999928754, 0.8087142000003951, 0.8112559000001056, 0.8040598000079626, 0.8074990999884903, 0.8065517000068212, 0.801999600007548, 0.7963117000035709, 0.8017505999887362, 0.8050827000115532, 0.8135500000062166, 0.8065260000003036, 0.8183618000039132]}, "cpython": {"warmup": [0.9550960000051418, 0.9508253999956651, 0.94780890000402, 0.9507224999979371, 0.9567887000011979, 0.9536214000108885, 0.9529560000082711, 0.9522574000002351, 0.9492185999988578, 0.945744000011473, 0.9490109000034863, 0.9458903000049759, 0.946179700011271, 0.9492695999942953, 0.9488757999934023, 0.9431121000088751, 0.9582042999973055, 0.9496230000077048, 0.9529787999927066, 0.9465474000026006, 0.9540860999986762, 0.9495143999956781, 0.9551293999975314, 0.9538184999983059, 0.9485974999988684, 0.9553429999941727, 0.9467932999978075, 0.9484781999926781, 0.9478622000024188, 0.9436098000005586, 0.950745399997686, 0.946613799998886, 0.9476355999941006, 0.9491085999907227, 0.9538643000123557, 0.9527927000017371, 0.9520585000136634, 0.9470162000070559, 0.9459064999973634, 0.9464042999898084, 0.9679840000026161, 0.9490821000072174, 0.9470315999933518, 0.9571523000049638, 0.9532750000071246, 0.9466784999967786, 0.9441826999973273, 0.9491531000094255, 0.9527021999965655, 0.9487208999926224, 0.9528788000025088, 0.9467393000086304, 0.9475358000054257, 0.9500610000104643, 0.9434374999982538, 0.9520743000030052, 0.9541106999968179, 0.945013900010963, 0.9495956000027945, 0.9582770999986678, 0.9475573000090662, 0.9502504999982193, 0.9512868000019807, 0.9492059000040172, 0.9481783999945037, 0.9459269000071799, 0.9548780000041006, 0.9484108999895398, 0.9468400999903679, 0.9538579000072787, 0.9519680999947013, 0.9513996000023326, 0.9454592999973102, 0.9543128999939654, 0.9497959000000264, 0.9531005000026198, 0.946696900005918, 0.9504920000035781, 0.9459381000051508, 0.9489391000097385, 0.9576415999908932, 0.9460484000010183, 0.9517941999947652, 0.9496327999950154, 0.9481325000087963, 0.9500645999942208, 0.9483046999957878, 0.9466373000032036, 0.9493110000039451, 0.9499020999937784, 0.9473748999880627, 0.945471400002134, 0.9509263000072679, 0.9452485999936471, 0.947991400011233, 0.9449537000036798, 0.9504818999994313, 0.9510645999980625, 0.9525247999990825, 0.9485172999993665],