{"nuitka": {"warmup": [0.77233759999217, 0.7534857999999076, 0.7497211000008974, 0.7465792000002693, 0.7445824000024004, 0.739518100002897, 0.7386810000025434, 0.7418827000074089, 0.7455410999973537, 0.7580553000007058, 0.7575084999989485, 0.7493380999949295, 0.7427774999960093, 0.7377817999949912, 0.742085899997619, 0.7412687000032747, 0.7400664999877336, 0.7503290000022389, 0.7415012999990722, 0.7428938999946695, 0.7533359999943059, 0.7595722999976715, 0.7466952999966452, 0.7498111999884713, 0.7434477999922819, 0.7419781999924453, 0.763273400007165, 0.7486313000117661, 0.7497078000014881, 0.7392805999988923, 0.7385034999897471, 0.7475051999936113, 0.7476391999953194, 0.7541647000034573, 0.7403265999892028, 0.7456693999993149, 0.740033099995344, 0.7515283999964595, 0.7411829000047874, 0.749085000003106, 0.7467220999969868, 0.7486591000051703, 0.7405205999966711, 0.7389282999938587, 0.7575458999926923, 0.7451848000055179, 0.752202200004831, 0.7489592000056291, 0.7409500000067055, 0.7553428999963216, 0.7476715999946464, 0.7467616999929305, 0.7528306000021985, 0.7423532999964664, 0.7468509000027552, 0.7411846000031801, 0.7405603000079282, 0.738928599996143, 0.7409615000069607, 0.7416593999951147, 0.7496855999925174, 0.7499933000071906, 0.7611524000094505, 0.7387424999906216, 0.7482910999970045, 0.7532825999951456, 0.7483674999966752, 0.743008599994937, 0.7412849999964237, 0.7411457999987761, 0.7418995000043651, 0.7521250999998301, 0.747040799993556, 0.748230200013495, 0.7586499000026379, 0.7483652999944752, 0.7469807999877958, 0.7404706999950577, 0.7491952999989735, 0.7480580999981612, 0.7405333999922732, 0.7494460000016261, 0.7456167999916943, 0.7458342000027187, 0.7389797999931034, 0.741074400008074, 0.7563854999898467, 0.7477809999982128, 0.7455738999997266, 0.7400066999980481, 0.7492268000059994, 0.748821000001044, 0.7413132000074256, 0.7433853000111412, 0.7394731000094907, 0.7445918999874266, 0.739495399990119, 0.7406393999990541, 0.7528912999987369, 0.7434158999967622], "benchmark": [0.7397169999894686, 0.7403691000072286, 0.7385872000013478, 0.742287100001704, 0.7509556000004523, 0.7412602999975206, 0.7392579000006663, 0.7393531999987317, 0.7444255000009434, 0.7493352000019513, 0.7438876999949571, 0.7414601000054972, 0.7406550000014249, 0.7476943000074243, 0.7391500999947311, 0.7405520999891451, 0.7425646000046981, 0.7467445999936899, 0.7420353000052273, 0.7502211000100942, 0.7501594999921508, 0.7452152999903774, 0.7402451999951154, 0.7393519000033848, 0.7427117999905022, 0.7409466999961296, 0.7497125999943819, 0.740682800009381, 0.740214699995704, 0.7462222000031034, 0.751832399997511, 0.7396818999986863, 0.740019900011248, 0.748083400001633, 0.7390671000030125, 0.7397426000097767, 0.7412641999981133, 0.7390290000039386, 0.7397860999917611, 0.7391322000039509, 0.7490683999931207, 0.7387257000082172, 0.7571121999935713, 0.7536594000121113, 0.7413699000026099, 0.7505109999910928, 0.745805599988671, 0.7395554000104312, 0.7431668999925023, 0.7419460999954026, 0.7410461999970721, 0.7436331000062637, 0.7399160000059055, 0.7497200999932829, 0.7408395999955246, 0.7432608999952208, 0.7401277000026312, 0.7408720000094036, 0.745693000004394, 0.7542881999979727, 0.7398344999965047, 0.7392726000107359, 0.7472725000116043, 0.748137599992333, 0.7538636999961454, 0.7411082000035094, 0.749197200013441, 0.74835819999862, 0.7488190999865765, 0.7411408999905689, 0.7632982999930391, 0.7463093999976991, 0.7473200999957044, 0.7393742000131169, 0.7466398000105983, 0.7470927000103984, 0.744724899996072, 0.7405609999987064, 0.7414167000097223, 0.7519429999956628, 0.741794800007483, 0.7512588999961736, 0.7459103999863146, 0.7503119000029983, 0.740313000002061, 0.7491563000075985, 0.7491761999990558, 0.7450584000034723, 0.7429829000029713, 0.7517549000040162, 0.7397708000062266, 0.7526701000024332, 0.7483151999913389, 0.7397614999936195, 0.7428392000001622, 0.7503673000028357, 0.7487205000070389, 0.7451346000016201, 0.7467081000067992, 0.7392154999979539]}, "cpython": {"warmup": [0.7679226999898674, 0.7741316999890842, 0.764391999997315, 0.7669420000020182, 0.7696386000025086, 0.7668883000005735, 0.768711999990046, 0.777671999996528, 0.7739794999943115, 0.7636089000006905, 0.7730095000006258, 0.7667464999976801, 0.7667665000044508, 0.7756298999884166, 0.7670813000004273, 0.7688187000021571, 0.7706331999943359, 0.7595581999921706, 0.7737551000027452, 0.7623687000013888, 0.7651280999998562, 0.7671763999969698, 0.7623923999926774, 0.7761577000055695, 0.7657335999974748, 0.7912064999982249, 0.7652513999928487, 0.765331899994635, 0.7679738000006182, 0.7668666999961715, 0.7689638000010746, 0.7710282000043662, 0.7667580999986967, 0.7640697000024375, 0.7674808000010671, 0.7701806999975815, 0.7658966000017244, 0.7669098999904236, 0.7684354000084568, 0.7752939000056358, 0.7672476000007009, 0.7660050999984378, 0.7673934000049485, 0.7635943999921437, 0.7655133000080241, 0.7846233999880496, 0.7909766000084346, 0.7670371999993222, 0.7624787999957334, 0.7732325999968452, 0.7616559000016423, 0.7661487000004854, 0.7660668000025908, 0.7700172000040766, 0.7713559999974677, 0.7655938999960199, 0.7659665999963181, 0.7635134000011021, 0.7676447999983793, 0.7646177999995416, 0.7650209999992512, 0.7678267000010237, 0.7676381999917794, 0.7700078000052599, 0.7686649999959627, 0.7638238000072306, 0.7585032000060892, 0.7668605000071693, 0.7679452000011224, 0.7792125999985728, 0.7643008000013651, 0.7661870999872917, 0.7701071999908891, 0.7666960000060499, 0.7640875999932177, 0.7973861999926157, 0.7643981000001077, 0.7714725999976508, 0.7658710999967298, 0.7657265000016196, 0.7664277000003494, 0.7643515999952797, 0.7674015999946278, 0.7649001999961911, 0.7666582999954699, 0.771898200007854, 0.7639352000114741, 0.7641835999966133, 0.7681945000076666, 0.7636539999948582, 0.77197729999898, 0.7693147000099998, 0.7746053999871947, 0.7657718999980716, 0.7677392000041436, 0.7765829999989364, 0.7655610000074375, 0.7682508999860147, 0.7650449999928242, 0.7719977999950061],