{"nuitka": {"warmup": [0.8576832999970065, 0.8388747999997577, 0.837941600009799, 0.9004260999936378, 0.8366938999970444, 0.8393285000056494, 0.8398307000024943, 0.8362411999987671, 0.8429873999994015, 0.8380365000048187, 0.8518455000012182, 0.8369546000030823, 0.8387730999966152, 0.8392955000017537, 0.8386431000108132, 0.8386485999944853, 0.8363593999965815, 0.8371126999991247, 0.8393248000065796, 0.834938100000727, 0.8381362999934936, 0.8388717000052566, 0.8365130000020145, 0.8351462999999058, 0.8868006999982754, 0.8413082000042778, 0.8373870999930659, 0.8428428999905009, 0.8416693999897689, 0.8408205000014277, 0.837987199993222, 0.8456873999966774, 0.8467337999900337, 0.8397985999908997, 0.8382395999942673, 0.8378689999954076, 0.8365868999972008, 0.8408313999971142, 0.8382800000108546, 0.8365955999906873, 0.8376329999882728, 0.8364226999983657, 0.8596914000081597, 0.8375234999984968, 0.8392701999982819, 0.836314999993192, 0.8495160000020405, 0.837900799990166, 0.8366881999972975, 0.845610200005467, 0.8500268000061624, 0.8477986999932909, 0.8354584999906365, 0.8427816000039456, 0.8360493999934988, 0.8390938000084134, 0.8398772999935318, 0.8365162000118289, 0.8411511000012979, 0.8470739000040339, 0.8360658000019612, 0.8417984999978216, 0.8424986000027275, 0.8390289999952074, 0.8515275000099791, 0.8548603000090225, 0.8363793000025908, 0.8376871999935247, 0.8380857000011019, 0.8366532999934861, 0.8382380999973975, 0.8483649999980116, 0.8361431999946944, 0.8419755000068108, 0.8401162999944063, 0.8384665000048699, 0.8469596999930218, 0.8362498999922536, 0.846181599990814, 0.8391599999886239, 0.8350642000004882, 0.8475913000002038, 0.8377993000030983, 0.845325700007379, 0.8412106999894604, 0.8355396999977529, 0.8461533000081545, 0.8467343000083929, 0.8464982000004966, 0.8502002000022912, 0.836616700005834, 0.8362638999969931, 0.8439578999968944, 0.8415255999861984, 0.836272700005793, 0.8460469999990892, 0.8416872999951011, 0.8355960000044433, 0.8362218999973265, 0.8380619999952614], "benchmark": [0.8557053999975324, 0.8392654999915976, 0.8421544000011636, 0.8469483999942895, 0.8436464999977034, 0.8521786000055727, 0.8489762999961386, 0.8385792999906698, 0.845077299993136, 0.8479717000009259, 0.8420570000016596, 0.8376599999901373, 0.8365568000008352, 0.8491702000028454, 0.8413498000008985, 0.8373480000009295, 0.8369249000097625, 0.8348244999942835, 0.8391250999993645, 0.8361318000097526, 0.841560800006846, 0.8388926000043284, 0.8384532000054605, 0.8397508000052767, 0.8364894000114873, 0.8389776999974856, 0.8483180999901379, 0.8363492000062251, 0.8454788999952143, 0.8362198999966495, 0.8388536999991629, 0.8489415999938501, 0.8510011000034865, 0.84672970000247, 0.8390058999939356, 0.8548754999937955, 0.8376653000013903, 0.845863399998052, 0.8349962000065716, 0.8375831999874208, 0.8380107000120915, 0.8389915000007022, 0.8360442999983206, 0.8408737999998266, 0.8376008000050206, 0.8561209000035888, 0.8426630000030855, 0.8417191000044113, 0.8377582999964943, 0.8391283999953885, 0.8894635999895399, 0.8381933000055142, 0.8440953000099398, 0.8369942999997875, 0.8363164000038523, 0.8367542000050889, 0.838575400004629, 0.8395254000060959, 0.8371397000009893, 0.840017299997271, 0.8413523000053829, 0.8379052999953274, 0.8381982999999309, 0.8401030999957584, 0.8357520999998087, 0.8408959000080358, 0.8381020999950124, 0.8378853000031086, 0.8378111999918474, 0.8611890000029234, 0.8506553999905009, 0.8500124999991385, 0.8427342000068165, 0.8409033000061754, 0.8406733999872813, 0.8422852999938186, 0.8602369000000181, 0.8361108999961289, 0.8367980000039097, 0.8419819999980973, 0.8389770000067074, 0.8488759999891045, 0.8373062999889953, 0.8416036999988137, 0.8379797999950824, 0.8396520999958739, 0.8472960999934003, 0.8381111999915447, 0.8386536000034539, 0.837433399996371, 0.8392590000003111, 0.8394325999979628, 0.8464045000000624, 0.8347828999976628, 0.8361267000000225, 0.8380188000010094, 0.8375801999936812, 0.8403813000040827, 0.8393875000037951, 0.8408690000069328]}, "cpython": {"warmup": [0.8191570999915712, 0.820502899994608, 0.7999449000053573, 0.8285794999974314, 0.8144412999972701, 0.7952652999956626, 0.8286640000005718, 0.7991095000033965, 0.7982569999876432, 0.791293800008134, 0.8015950999979395, 0.7948499000049196, 0.7929635000036797, 0.8015364999882877, 0.7920898000011221, 0.7951697000098648, 0.7933491000003414, 0.801501099995221, 0.7978007999918191, 0.8100220000051195, 0.7956657000031555, 0.8058012999972561, 0.79860870000266, 0.947011800002656, 0.8059957999939797, 0.8085368000029121, 0.8086718999984441, 0.7953659000049811, 0.7996000000130152, 0.7983784999960335, 0.8068941999954404, 0.793020199998864, 0.7930945999978576, 0.7994659999967553, 0.794651200005319, 0.7996463000017684, 0.8543654999957653, 0.7994995000044582, 0.7902485000086017, 0.8058146999974269, 0.8152998000005027, 0.7983422000106657, 0.8202198000071803, 0.7905379999865545, 0.802033100000699, 0.7969585999962874, 0.8036616000026697, 0.79359870000917, 0.806634499997017, 0.8010659999999916, 0.7971190999960527, 0.7935379999980796, 0.79590470000403, 0.7885971999930916, 0.7971085000026505, 0.896078400008264, 0.8246564000000944, 0.7888997999980347, 0.8786264000082156, 0.8089761000010185, 0.8169469999993453, 0.8032335000025341, 0.7936708999914117, 0.7928135999973165, 0.798477999996976, 0.8031182999984594, 0.7938721000100486, 0.7967558999953326, 0.7971901999990223, 0.7931511999922805, 0.7978845999896294, 0.7910900999995647, 0.808041600001161, 0.7952305000071647, 0.8054064999887487, 0.7986275000002934, 0.8093861999950605, 0.7990777999948477, 0.7959892000071704, 0.8630998000007821, 0.8018723999994108, 0.8217181999934837, 0.7977745000098366, 0.7975723999988986, 0.8068789999961155, 0.8019218999979785, 0.8072534000093583, 0.8084136999968905, 0.8215700000000652, 0.7977364999969723, 0.8235894000099506, 0.801518300009775, 0.8008348000003025, 0.7946568000043044, 0.8018751999916276, 0.806101199996192, 0.7998661000019638, 0.7938220999931218, 0.8121341999940341, 0.7950967000069795],