{"nuitka": {"warmup": [1.2275203999888618, 1.207915699997102, 1.209904799994547, 1.2042838999914238, 1.2005124999996042, 1.2086865000019316, 1.2069212999922456, 1.2022690000012517, 1.2058588000072632, 1.1979532999976072, 1.2140021999948658, 1.2067092999932356, 1.2028024999890476, 1.2076844999974128, 1.201645599998301, 1.204231700001401, 1.2084793999965768, 1.2027364999958081, 1.1988732000027085, 1.2042078000085894, 1.2040744999976596, 1.1973025999905076, 1.2003142000030493, 1.208169599995017, 1.2105916000000434, 1.2068939999880968, 1.2022086000069976, 1.205761099990923, 1.205004999996163, 1.2030247000075178, 1.204992899991339, 1.201433399997768, 1.2102026000065962, 1.2016085000068415, 1.2007392999948934, 1.2101554999971995, 1.1933532999973977, 1.2089922000013757, 1.2101930999924662, 1.2030260000028647, 1.2166599999909522, 1.2079568000044674, 1.201914899997064, 1.1995940000051633, 1.203471200002241, 1.210443000003579, 1.2031933999969624, 1.1944193999952404, 1.2075880999909714, 1.202769299998181, 1.2084754999959841, 1.2020714999962365, 1.2082316000014544, 1.2083692000014707, 1.197512300001108, 1.2091426000115462, 1.381670100003248, 1.20303530000092, 1.201672299997881, 1.2151143000082811, 1.2207870999991428, 1.207713399999193, 1.2023296999977902, 1.2027782000077423, 1.2191972000000533, 1.215157900005579, 1.1987665000051493, 1.204023899990716, 1.2115446000098018, 1.2022464999899967, 1.1992850999959046, 1.204977699992014, 1.207571499995538, 1.1963346999982605, 1.2120486000058008, 1.198384499992244, 1.2066702000010991, 1.2015439000097103, 1.209058799999184, 1.2209835999965435, 1.1980919000052381, 1.1998307000030763, 1.207597300002817, 1.2061388000001898, 1.201985899999272, 1.2098339000076521, 1.2064140999864321, 1.2115443000075174, 1.1975888000015402, 1.201595799997449, 1.2105149999988498, 1.2152178999967873, 1.2057590000040364, 1.2030573000083677, 1.200910899991868, 1.208422800002154, 1.2020309000072302, 1.2028108000085922, 1.2031674000027124, 1.212646499989205], "benchmark": [1.2039218999998411, 1.2107133999961661, 1.2006798999937018, 1.2043076999980258, 1.21479339999496, 1.1975758000044152, 1.2104224000067916, 1.2046746000123676, 1.2073730999982217, 1.2112694999959785, 1.2073783999949228, 1.227453700004844, 1.2028882000013255, 1.1996286999928998, 1.2009182000037981, 1.202569000000949, 1.2213848999963375, 1.2090887999947881, 1.2069361000030767, 1.2007718999957433, 1.204926999998861, 1.20510330000252, 1.2005048999999417, 1.209158199999365, 1.2049066000035964, 1.2078065000096103, 1.2040337000071304, 1.2084887999953935, 1.2092690999998013, 1.209842900003423, 1.2121767999924487, 1.2101114999968559, 1.208387999999104, 1.2100675999972736, 1.213641700000153, 1.2026497999904677, 1.205210599990096, 1.1971530000009807, 1.2001271000044653, 1.2054869999992661, 1.2024431999889202, 1.2034432999935234, 1.201625800007605, 1.2155304000043543, 1.211310400001821, 1.2085150999919279, 1.209876200009603, 1.2012522000004537, 1.2063729999936186, 1.2106707000057213, 1.2105841000011424, 1.2031502000027103, 1.2074013999954332, 1.2008280000009108, 1.212084800004959, 1.1976052999962121, 1.2089619999896968, 1.2020387999946252, 1.2172834999946645, 1.2095342999964487, 1.1984196999983396, 1.2033201000012923, 1.201805599994259, 1.2266282999917166, 1.198924199998146, 1.2099178000062238, 1.2112677999975858, 1.203106500004651, 1.205336700004409, 1.2007547999965027, 1.2034708999999566, 1.2064861999970162, 1.2016990999982227, 1.2034108000079868, 1.2004281999979867, 1.2002028999995673, 1.205881899993983, 1.1979524000053061, 1.2047562999941874, 1.1983790999947814, 1.203194400004577, 1.196644199997536, 1.2022918000002392, 1.2044263999996474, 1.20136089999869, 1.2052907000033883, 1.2015410000021802, 1.2113077999965753, 1.1972882999980357, 1.1975011000031373, 1.2050955000013346, 1.2079272999981185, 1.210611800008337, 1.2088272999972105, 1.2077508000074886, 1.2106567000009818, 1.200605899997754, 1.2028659999923548, 1.2043165999930352, 1.2066523000103189]}, "cpython": {"warmup": [1.4315292999963276, 1.4163980000012089, 1.4007186999951955, 1.4376608000020497, 1.4266912000020966, 1.419816699999501, 1.4299167999997735, 1.4069589000137057, 1.4231858999992255, 1.411827700008871, 1.425511399997049, 1.4073547000007238, 1.4093513999978313, 1.4015928000007989, 1.4139789000037126, 1.4294096999947214, 1.407309099988197, 1.409254600002896, 1.428305299996282, 1.4092843999969773, 1.4152577000058955, 1.4151741999958176, 1.4181329999992158, 1.4290066999965347, 1.4106594999902882, 1.3979378000076395, 1.412062799994601, 1.4277222999953665, 1.4155467999953544, 1.419215300003998, 1.4285649999947054, 1.413374300012947, 1.427558899988071, 1.4229858000035165, 1.4187827999994624, 1.4222238000074867, 1.4126676000014413, 1.4168527000001632, 1.42907969999942, 1.4024080999952275, 1.425750499998685, 1.4230970999924466, 1.4180441000062274, 1.4267936999967787, 1.4200680999929318, 1.4082393999997294, 1.4437176999927033, 1.412123200003407, 1.4225278000085382, 1.4343298000021605, 1.4200608000101056, 1.42147919999843, 1.413748699997086, 1.4098303000064334, 1.4283768000022974, 1.4134788999945158, 1.414764200002537, 1.422090499996557, 1.4306183000007877, 1.4119347000087146, 1.4266572999913478, 1.4106252000055974, 1.41624839999713, 1.4137063999951351, 1.4110031000018353, 1.4192870999977458, 1.4170016999996733, 1.4264172000112012, 1.4255648999969708, 1.4318916999909561, 1.4153575999953318, 1.4136890000081621, 1.4225175000028685, 1.41321009999956, 1.4081970999977784, 1.412350200000219, 1.4194336000073235, 1.4298037999978988, 1.4293906999955652, 1.4250904000073206, 1.419642200009548, 1.4187286000087624, 1.4164721999986796, 1.4248690999957034, 1.4300438000063878, 1.42404370001168, 1.4212019999977201, 1.4025756000046385, 1.4162902999960352, 1.4172150999947917, 1.4081899999873713, 1.4253995999897597, 1.419183799996972, 1.4244237999955658, 1.4025068000046303, 1.4186794999986887, 1.4207298000110313, 1.4127891999960411, 1.4299032999988412, 1.424045899999328], "benchmark": [1.406640500004869, 1.4109399000008125, 1.4129577999992762, 1.4141127000038978, 1.4104200000001583, 1.4110886999987997, 1.4145764999993844, 1.4228717000078177, 1.4280873999960022, 1.423004199998104, 1.4344473999954062, 1.414588100000401, 1.4288067000015872, 1.4310640999901807, 1.435089100006735, 1.4095796000037808, 1.4197981000033906, 1.4089551999932155, 1.428278000006685, 1.41500459999952, 1.4096054999972694, 1.4262548999977298, 1.422891999987769, 1.4256018000014592, 1.4205897999927402, 1.4088418000028469, 1.4191456999978982, 1.423139299993636, 1.4153796000027796, 1.4223222000000533, 1.4258785000129137, 1.426628899993375, 1.4181656000000658, 1.4233448000013595, 1.4167450000095414, 1.4426445999997668, 1.4243301000096835, 1.4251482000108808, 1.4261238999897614, 1.3970126000058372, 1.418481700005941, 1.4381702999962727, 1.3994744000083301, 1.4546563999901991, 1.4286515999992844, 1.4089934000076028, 1.4175206000072649, 1.429398599997512, 1.4110020999942208, 1.4093263999966439, 1.4293160000088392, 1.3969733000121778, 1.4071346999990055, 1.4212862999993376, 1.4186619999964023, 1.4025576999993064, 1.4118649999873014, 1.4215846000006422, 1.3959731000068132, 1.4148247999983141, 1.4063218999945093, 1.4116511000029277, 1.4227392000029795, 1.4135345999966376, 1.417809299993678, 1.4086026000004495, 1.4229667999898084, 1.3988409000012325, 1.421600399989984, 1.416748399991775, 1.4105354999919655, 1.415755399997579, 1.4231540999899153, 1.425139399987529, 1.4344776000070851, 1.4322484000003897, 1.429910100006964, 1.4235276999970665, 1.4330549000005703, 1.4284358000004431, 1.4157754000043496, 1.426333399998839, 1.4176359999983106, 1.409786999996868, 1.411288399991463, 1.4311288000026252, 1.4213542000070447, 1.4191840999992564, 1.411527100004605, 1.4097589000011794, 1.4180521999951452, 1.4036157000082312, 1.4013813999918057, 1.4177301000017906, 1.4266984999994747, 1.411887599999318, 1.4059723999962443, 1.4120769000001019, 1.4193185000040103, 1.408456400007708]}}