{"nuitka": {"warmup": [1.235733400000754, 1.2314705999997386, 1.2367432999999437, 1.2327360999988741, 1.2249325000011595, 1.2394222999973863, 1.224244799999724, 1.221822899999097, 1.2233254999991914, 1.2269774000014877, 1.2269763999975112, 1.2220764999983658, 1.2288193999993382, 1.2169037999992725, 1.2315498999996635, 1.2305813999992097, 1.2302159999999276, 1.2230101999994076, 1.2258169000015187, 1.225229899999249, 1.2196005000005243, 1.222832200000994, 1.2248691999993753, 1.2188786000006075, 1.2330700000020443, 1.2227934000002278, 1.2222645999972883, 1.2317910999991, 1.23028880000129, 1.2251675000006799, 1.2232860000003711, 1.2256003000002238, 1.2165765999998257, 1.220901299999241, 1.2216977000025508, 1.2140082999976585, 1.2182132000016281, 1.2249081999980262, 1.2199000000000524, 1.2197629000002053, 1.2330489000014495, 1.2312204000008933, 1.2293389000005845, 1.2247303999974974, 1.2276497999991989, 1.2265823000016098, 1.228395799997088, 1.224848399997427, 1.2283468999994511, 1.2262980999985302, 1.223954799999774, 1.2276739999979327, 1.2265356999996584, 1.2269090999980108, 1.2261356000017258, 1.226665400001366, 1.2195531000033952, 1.2281548999999359, 1.2249050999998872, 1.2232842999983404, 1.2449286999981268, 1.2352709000006143, 1.2298757999997179, 1.2216243000002578, 1.2175725000015518, 1.2194806000006793, 1.2324818000015512, 1.2342782999985502, 1.2343117999989772, 1.224793099998351, 1.217449799998576, 1.2299120999996376, 1.2254513999978371, 1.227534800000285, 1.2300078999978723, 1.221682499999588, 1.2219498000013118, 1.2288250000019616, 1.240539099999296, 1.2289693999991869, 1.220108400000754, 1.2317742999985057, 1.2204351000000315, 1.221504900000582, 1.2210981999996875, 1.217609799998172, 1.2254745999998704, 1.2284994000001461, 1.2320534999998927, 1.222194899997703, 1.247137100002874, 1.2254934000011417, 1.2288082999984908, 1.2205289000012272, 1.2294010999976308, 1.250899800001207, 1.2245165999993333, 1.2192833999979484, 1.2340092999984336, 1.2301108000028762], "benchmark": [1.2329700000009325, 1.2257811999988917, 1.2279139999991457, 1.2243033999984618, 1.2225026000014623, 1.2271789999977045, 1.2291245999986131, 1.2222393000010925, 1.2215780000005907, 1.226444600000832, 1.2224453999988327, 1.2226504999998724, 1.2259812000011152, 1.232393599999341, 1.2221417000000656, 1.2331703000018024, 1.2243610999976227, 1.2194147000009252, 1.221184699999867, 1.2323926999997639, 1.229294500000833, 1.2271457999995619, 1.2279293999999936, 1.2316696000016236, 1.2283915000007255, 1.226915999999619, 1.2216354000011052, 1.226955000001908, 1.2191149999998743, 1.2309182999997574, 1.223987199999101, 1.2323704000009457, 1.222645800000464, 1.2265350000016042, 1.2251543999991554, 1.229846300000645, 1.2268538999996963, 1.2212555999976757, 1.2198260000004666, 1.2246844000001147, 1.2273621000022104, 1.228458800000226, 1.2283339999994496, 1.2204182000023138, 1.2345789999999397, 1.2238447999989148, 1.2219999999979336, 1.2194244000020262, 1.221538599998894, 1.2350182000009227, 1.222899000000325, 1.2290246999982628, 1.2253140000029816, 1.2289842999998655, 1.2273026000002574, 1.2255379000016546, 1.2258225999976275, 1.2205600999986927, 1.222878299999138, 1.2262450999987777, 1.229930700003024, 1.2228152999996382, 1.2239117999997688, 1.2383009000004677, 1.223576000000321, 1.2299271000010776, 1.2208587999994052, 1.237810399998125, 1.2233742000025813, 1.2239595999999437, 1.228729900001781, 1.2282897000004596, 1.2215842999976303, 1.224247900001501, 1.2239593000012974, 1.2185515999990457, 1.2263022999977693, 1.2184746999992058, 1.224455499999749, 1.2234231000002183, 1.2301650999979756, 1.227881200000411, 1.2259182999987388, 1.2270489000002271, 1.2233904999993683, 1.2198661000002176, 1.214155400000891, 1.226557199999661, 1.2237354999997478, 1.2267134000030637, 1.229901200000313, 1.2182971000001999, 1.2252503000017896, 1.2295052000008582, 1.2192496999996365, 1.230731100000412, 1.2203241999995953, 1.2219402000009723, 1.2324078999990888, 1.2310232000018004]}, "cpython": {"warmup": [1.458764399998472, 1.4619368000021495, 1.4511330999994243, 1.456287800003338, 1.446541299999808, 1.4592709999997169, 1.4581734000021243, 1.4509752999983903, 1.4609500000005937, 1.4488010999994003, 1.4506627999980992, 1.4591542000016489, 1.456190400000196, 1.4562396999972407, 1.4657251999997243, 1.4542696000025899, 1.4506269999983488, 1.4486312999979418, 1.4593219000016688, 1.4548473999966518, 1.454551700000593, 1.4531572999985656, 1.4526261999999406, 1.4464922999977716, 1.4533687000002828, 1.4509596999996575, 1.452082200001314, 1.4600390000014158, 1.4549064000020735, 1.4604887000023155, 1.4585205000003043, 1.4511017000004358, 1.4486969000026875, 1.448574499998358, 1.455294799998228, 1.448949999998149, 1.4580640999993193, 1.4556049999991956, 1.4535269000007247, 1.45952600000237, 1.4460516999970423, 1.4483613000011246, 1.4510315999978047, 1.4470937000005506, 1.4565642000015941, 1.4600119999995513, 1.4524371000006795, 1.4467603999983112, 1.459967399998277, 1.4756750000015018, 1.4564049999971758, 1.4596651000028942, 1.4542493000008108, 1.4540536999993492, 1.4500998000003165, 1.44913909999741, 1.4647070999999414, 1.448464299999614, 1.4514412999997148, 1.4606640999991214, 1.4526197999985015, 1.4700407000018458, 1.4579722000016773, 1.4502193999978772, 1.4637775999981386, 1.452903099998366, 1.457363699999405, 1.4530225000016799, 1.4539235000011104, 1.4646476999987499, 1.4643324000026041, 1.4577012000008835, 1.4486386999997194, 1.4588149000010162, 1.454483400000754, 1.4551740000024438, 1.4490361999996821, 1.4625061000006099, 1.468863500002044, 1.453691800001252, 1.4483237999993435, 1.458911400000943, 1.460721299998113, 1.4554803999999422, 1.4538725999991584, 1.4604891000017233, 1.4563170000001264, 1.4505293999973219, 1.45379690000118, 1.459740199999942, 1.4535746000001382, 1.4530784000016865, 1.4474902000001748, 1.466117200001463, 1.4500017999998818, 1.4531678999992437, 1.4600294999981998, 1.4533611000006204, 1.4591209000027447, 1.486539100002119], "benchmark": [1.4649907999992138, 1.4453095999997458, 1.453894099999161, 1.456084199999168, 1.4544406999993953, 1.4595719000026293, 1.4478803999991214, 1.4541790000002948, 1.4452266000007512, 1.4645610000006855, 1.4566667000035523, 1.4545729000019492, 1.4521301000022504, 1.4558714999984659, 1.4652405000015278, 1.4492142999988573, 1.4506771999986086, 1.4508649000017613, 1.4484769999980927, 1.4536157000002277, 1.4558724999988044, 1.4492318999982672, 1.4598716000000422, 1.452901100001327, 1.4509818999977142, 1.4503156999999192, 1.452817999997933, 1.4572815999999875, 1.4654499999996915, 1.454930300002161, 1.4501358999987133, 1.4623299999984738, 1.4527727999993658, 1.4583868000008806, 1.4465688000018417, 1.4522622999975283, 1.4612419000004593, 1.4589457000001858, 1.4901384000004327, 1.4494536999991396, 1.446729300001607, 1.4698359000030905, 1.514994299999671, 1.4612290000004577, 1.4547050000001036, 1.4636788000025263, 1.4487378999983775, 1.4631764000005205, 1.4573997000006784, 1.451479700001073, 1.4608697000003303, 1.4453823000003467, 1.4475420000017039, 1.4482692000019597, 1.4472022999980254, 1.4675022999981593, 1.4616660000028787, 1.4563768000007258, 1.4479270999981964, 1.4515135000001465, 1.4529227999992145, 1.4561929000010423, 1.4503065999997489, 1.4456338999989384, 1.4488652000000002, 1.4488921999982267, 1.447689700002229, 1.457657000002655, 1.4460483999973803, 1.4527038000014727, 1.4506040999985998, 1.4570733000000473, 1.4570463000018208, 1.457540200000949, 1.4506636999976763, 1.455577999997331, 1.4568386999999348, 1.4529885000010836, 1.5382198999977845, 1.4601806999999098, 1.4517535000013595, 1.4599603999995452, 1.4582809999992605, 1.4487135000017588, 1.447883399996499, 1.4526839999998629, 1.4515984000026947, 1.4559010000011767, 1.4519259000007878, 1.4554879999996047, 1.4502118999989762, 1.4524555999996664, 1.4479405999991286, 1.4449791000006371, 1.447436700000253, 1.4500797000000603, 1.4529600000023493, 1.4485077999997884, 1.456138399997144, 1.4682313999983307]}}