{"nuitka": {"warmup": [1.1486730999895371, 1.0777533999935258, 0.9771045999950729, 0.9797037999960594, 0.9765561999956844, 0.9951124000072014, 1.0176374000002397, 1.0696241999976337, 1.0574989000015194, 1.0256966999877477, 0.9729579999984708, 1.0489253000123426, 0.9664462999935495, 0.9772826000116765, 0.972442799989949, 0.9748765999975149, 0.9668814999895403, 0.9686327999952482, 0.9772917999944184, 0.9741869999998016, 1.0607945999945514, 0.9539078999951016, 0.9718140999902971, 0.9552109000069322, 0.9588549000036437, 0.9867445999989286, 0.9552097999985563, 0.9442128000082448, 0.9763232999976026, 0.953578100001323, 0.9793301000026986, 0.9902607999974862, 0.9705743999948027, 0.9748177000001306, 0.9428266999893822, 0.9581417000008514, 1.0024889999913285, 0.9736342000105651, 0.945737400004873, 1.0445403000048827, 0.9734043000062229, 0.9679351999948267, 0.982484399995883, 0.9844653999898583, 0.9722517000045627, 0.9446483999927295, 0.9656340000074124, 0.9751298999908613, 0.9786221000103978, 0.9681687999982387, 0.9762244999874383, 0.9841283000132535, 0.9681933999963803, 0.960732999999891, 0.9746893999981694, 0.9827741000044625, 0.9732395000028191, 0.9643372999998974, 0.9742038999975193, 0.9970177000068361, 0.9684178000024986, 0.986357699992368, 0.9724084000044968, 0.9563284000032581, 0.9777679999970132, 1.0148497000045609, 0.9656807999999728, 1.025139899997157, 1.0332397000020137, 1.0552385999908438, 0.9997010000079172, 0.9732393000012962, 0.9678504000039538, 0.9703887000068789, 0.9761811999924248, 0.9687504000030458, 0.9844049999956042, 0.9692147000023397, 0.9831978000001982, 0.9952028999978211, 0.9946533999900566, 0.9903178999957163, 1.051570100011304, 1.0297210999997333, 1.0721125999989454, 1.0594202999927802, 1.0632534000033047, 1.0600171999976737, 0.9757062999997288, 0.9718353999924148, 0.9791929999919375, 0.9572598000086145, 1.0401145000068936, 1.0321949000062887, 1.0738770000025397, 0.9808871999994153, 0.9661138999945251, 0.9706571999995504, 0.9721696999913547, 0.9731888999958755], "benchmark": [0.9740287000022363, 0.9796854000014719, 0.9703615000034915, 0.996887200002675, 0.9805250999925192, 0.9773892000084743, 0.9771761000010883, 0.9843280999921262, 0.9561058999970555, 0.9500822999980301, 1.014519400006975, 1.0526247000088915, 1.0493652000004658, 1.0582824000011897, 0.9630458000028739, 1.0467814000003273, 1.0308848999993643, 1.059487899998203, 1.048346199997468, 1.0551159999886295, 0.9669596000021556, 1.044869599994854, 0.9595093999960227, 1.0488375000131782, 1.03835839999374, 1.0774814000033075, 0.9687378000089666, 0.970461000004434, 0.9562601999932667, 0.9534125999925891, 1.027703300002031, 0.9767522000038298, 0.9922330000117654, 1.0457409000082407, 1.0591899000137346, 0.9623202999937348, 1.0750084000028437, 0.9894976000068709, 0.9799656999966828, 0.9763431000028504, 0.9702565000043251, 0.9618162000115262, 0.9682360000006156, 1.0158818999916548, 0.9491178999887779, 0.96215970000776, 1.0471719999914058, 1.0555084999941755, 1.0550246000057086, 0.9683877999923425, 0.9858273999998346, 0.9887752999929944, 0.9581142999959411, 1.005546599990339, 0.9637782000063453, 0.9617812000069534, 0.9808916000038153, 0.9726106000016443, 0.9878497000026982, 0.9544095000019297, 0.980708200004301, 0.9698786000080872, 0.957174799987115, 0.9822199000045657, 1.041885700004059, 1.06152309999743, 1.0648630000068806, 1.0612816000066232, 1.073344400007045, 0.956124300006195, 1.00017719999596, 0.9779196000017691, 0.9684359000093536, 0.978874899999937, 0.9720353000011528, 0.9923424000007799, 1.0028883000049973, 1.0217634000000544, 0.9564610000088578, 0.9738818000041647, 0.9850538999889977, 0.9671661000029417, 0.9863033000001451, 0.9976411999959964, 1.0151374000124633, 1.0672453000006499, 0.9589904000022216, 0.968915499994182, 0.9672513999976218, 1.0874170000024606, 1.0668691999890143, 1.0601296999957412, 0.9585862000094494, 0.9543945000041276, 0.9991761999990558, 1.0100998999987496, 1.0323983999987831, 0.9905209999997169, 1.0042356999911135, 0.9660291000036523]}, "cpython": {"warmup": [1.051781200003461, 1.0871145999990404, 1.012837700007367, 1.0210033000039402, 1.0306915999972261, 0.9923239000054309, 0.989531100000022, 1.0463000000017928, 1.0146538999979384, 0.9875567999988561, 1.0176674999966053, 0.9750506999989739, 0.9722972000017762, 1.0045618000003742, 1.0302826999977697, 1.0153518000006443, 0.9842499999940628, 1.0501034000044456, 1.0314516000071308, 1.0595561999944039, 1.0323518999939552, 1.0528186000010464, 1.009455200008233, 1.0327485000016168, 1.0088015999936033, 1.0141904000047361, 1.0826968000037596, 1.1134697000088636, 1.055152499990072, 0.9898050999909174, 1.0093467999977292, 0.9835711000050651, 1.012466999993194, 1.0635486000101082, 1.1010936999955447, 1.0276798999984749, 1.0269040999992285, 0.9768215999938548, 0.968236299988348, 1.0069920000096317, 1.016969699994661, 1.0224738999968395, 1.005294699993101, 1.0550978999963263, 1.097986699998728, 1.0136741000023903, 1.099221900003613, 1.042104299995117, 1.1031800000055227, 1.0907760999980383, 1.0375482000090415, 1.009575300005963, 1.0122483000013744, 1.0161617999983719, 1.1071051000035368, 1.087828099989565, 1.0994001000071876, 1.0292224000004353, 1.0279169999994338, 0.9861378000059631, 1.022646800003713, 1.0253804999956628, 0.989090800008853, 1.0952928999904543, 1.089995700007421, 0.991013999999268, 1.099282100010896, 0.9738771999982418, 1.007847299988498, 1.0433712999947602, 0.9793759000021964, 1.0263141000032192, 1.0171979000006104, 1.0426576000027126, 1.0175431999959983, 1.0185177999956068, 1.1238458000007086, 0.9835200000088662, 0.9761469999939436, 1.0205826999881538, 1.0092484000051627, 0.9734961000067415, 1.0965842999867164, 0.9921149000001606, 1.097624200003338, 0.9752877999999328, 0.9793675000109943, 1.1127481000003172, 0.9769285000074888, 0.9757604999904288, 0.971936400004779, 1.0093048999988241, 0.9746532999997726, 1.0245031999947969, 1.0112143000005744, 0.9767469000071287, 1.0641090999997687, 1.0935613000037847, 1.007511699994211, 1.071287000013399], "benchmark": [0.9832984999957262, 0.9807510999962687, 1.0014226000057533, 0.9762868999969214, 1.0200558999931673, 1.009848100002273, 1.0322272000048542, 1.0193811000062851, 1.0663529000012204, 1.0114740999997593, 1.017561200002092, 1.0222750000102678, 1.004353299998911, 0.9833508000010625, 1.0135747000022093, 1.023873199999798, 1.0290377000055742, 1.0299125999881653, 1.0944677999941632, 0.961838599992916, 1.0198755999881541, 1.0500702999997884, 1.0267215000058059, 1.083392599990475, 1.0177969000069425, 1.016563800003496, 1.0245693000033498, 1.092256299991277, 1.0794476000010036, 1.1016078000102425, 1.104407099992386, 1.0772570999979507, 1.04849080000713, 1.0395120000030147, 1.0544080999970902, 1.0814466000010725, 1.01675530000648, 1.1079823000036413, 1.068172900006175, 1.072700899996562, 1.0181203999964055, 0.9904671000113012, 0.9846126000047661, 0.9814192000048934, 1.0128965000039898, 0.980609899997944, 1.0154688999900827, 1.0165385999862337, 1.016098599997349, 1.0285752000054345, 1.026037699994049, 1.0287012999906437, 1.0201440999953775, 1.0124212999944575, 1.097709699999541, 1.0770898000046145, 1.012503400008427, 1.0975813999975799, 1.0859417999890866, 1.0969269999914104, 0.9672801999986405, 1.097861300004297, 1.1222015999956056, 1.005649300001096, 0.9948315000074217, 1.100005100000999, 1.0876411000062944, 1.0169183000107296, 1.0810109000012744, 1.024566500011133, 1.024979900001199, 1.0224201000091853, 1.1093375000054948, 1.012470999994548, 1.0130677999986801, 1.0403694999986328, 1.0841280999884475, 0.9839521999965655, 0.9890058000019053, 0.9826334999961546, 1.1023224999953527, 1.105475500007742, 0.995550199993886, 0.9959716000012122, 1.1123110000044107, 1.1091967999964254, 1.1010341000073822, 1.0268184000015026, 0.9863506999972742, 1.0835478000080911, 1.1092590000043856, 1.1102366999984952, 1.0788640999962809, 1.037639100002707, 1.0347660999977961, 1.0605179999984102, 1.0251243999955477, 1.0365940000046976, 1.0201764999947045, 0.9762156000069808]}}