{"nuitka": {"warmup": [0.9494001000130083, 0.9255123999901116, 0.9457598000008147, 0.9305842999892775, 0.9463876000081655, 0.9529767999774776, 1.01450200000545, 0.9242366999969818, 0.924802900000941, 0.9500217000022531, 0.9266878000053111, 0.9288367999834009, 0.9292336000071373, 0.9282364999817219, 0.9370945999980904, 0.9527071999909822, 0.9266246999904979, 0.9311228000151459, 0.9296514000161551, 0.927762100007385, 0.9286748999729753, 0.9504097999888472, 0.932654400006868, 0.9498917000018992, 0.9253095999883953, 0.9299520000058692, 0.9297863000247162, 0.9373640999838244, 0.9325682999915443, 0.9239531999919564, 0.939484899980016, 0.9952288000204135, 0.9305739999981597, 0.9249661999929231, 0.9277362000138965, 0.9326898999861442, 0.9249562000040896, 0.9275063999812119, 0.9297804000088945, 0.9499605000019073, 0.9271232999744825, 0.933033900015289, 0.9252056999830529, 0.9309427999833133, 0.9350745000119787, 0.98161240000627, 0.9394162000098731, 0.9365349999861792, 0.9243107000074815, 0.9412006999773439, 0.9263555000070482, 0.9300597999827005, 0.9240951999963727, 0.924269799987087, 0.9312782000051811, 0.9361228999914601, 0.9342720000131521, 0.9293073999870103, 0.9463053999934345, 0.9390602000057697, 0.9382090000144672, 0.9373911000147928, 0.9383460999815725, 0.9386032999900635, 0.929333600011887, 0.9700810000067577, 0.9331113999942318, 0.9328612000099383, 0.9271491999970749, 0.9266413000004832, 0.9460673999856226, 0.9259115999739151, 0.9296045999799389, 0.9290282999863848, 0.9276246999797877, 0.9245638999855146, 0.9317807000188623, 0.9269588000024669, 0.9291876000061166, 0.9352110999752767, 0.9536689999804366, 0.9375183999945875, 0.9310984000039753, 0.928402699995786, 0.9305842999892775, 0.9317576000175904, 0.9337498999957461, 0.9329281999962404, 0.931818499986548, 0.9291644000040833, 0.9387222999939695, 0.9253618999791797, 0.9248609000060242, 0.9308884999772999, 0.9272662999865133, 0.9415067999798339, 0.9334660000167787, 0.9340834000031464, 0.9282413000182714, 0.9470479000010528], "benchmark": [0.9272979000234045, 0.9304210999980569, 0.9382494000019506, 0.9522599999909289, 0.9261366999999154, 0.9346148000040557, 0.9239544000010937, 0.9245528999890666, 0.9372142999782227, 0.9229803000052925, 0.9261298000055831, 0.933909900020808, 0.9327935999899637, 0.9283098999876529, 0.945840300002601, 0.9354136999754701, 0.9295442999864463, 0.9283292999898549, 0.9248972999921534, 0.9491810000035912, 0.9336108000134118, 0.9269142000121064, 0.9284327999921516, 0.926158399990527, 0.9277814000088256, 0.9238297000119928, 0.9375728000013623, 0.9422787000075914, 0.9389771000132896, 0.9341919999860693, 0.9330525000113994, 0.9255497000121977, 0.9378453000099398, 0.9429193999967538, 0.929504600004293, 0.924255699996138, 0.9245643000176642, 0.9302362999878824, 0.9313582000031602, 0.9522774000070058, 0.9312232000229415, 0.9294261999893934, 0.930734499997925, 0.9512396000209264, 0.9329968999954872, 0.9308133000158705, 0.925773199996911, 0.926201399997808, 0.9263132000050973, 0.9362373999902047, 0.9294988999899942, 0.935492200020235, 0.9227864000131376, 0.9291354999877512, 0.9286477999994531, 0.9263846000249032, 0.923594799998682, 0.9343868999858387, 0.9428131000022404, 0.9352401999931317, 0.9344337000220548, 0.935752199991839, 0.9267124000180047, 0.9289305999991484, 0.9371728000114672, 0.9254946000000928, 0.9336213000060525, 0.9615053999878, 0.930675900017377, 0.9381587000098079, 0.9240212999866344, 0.9271497000008821, 0.9311496000154875, 0.9295795999933034, 0.9295365000143647, 0.928574599995045, 0.9257494999910705, 0.9253001999750268, 0.9304853999929037, 0.9438235000125133, 0.9238883999933023, 0.9289286000130232, 0.9386180999863427, 0.9244062000070699, 0.9254309000098146, 0.9262824000034016, 0.9239476000075229, 0.9223231000069063, 0.9268633000028785, 0.9298271000152454, 0.9303593999939039, 0.9441548000031617, 0.9227140999864787, 0.9282585000037216, 0.92375479999464, 0.9369098000170197, 0.9855932999926154, 1.0012639999913517, 0.9326931000105105, 0.9352888000139501]}, "cpython": {"warmup": [0.7642007000104059, 0.7527311999874655, 0.7521669999987353, 0.7608904000080656, 0.7643419999803882, 0.7465483999985736, 0.7509457999840379, 0.7700233999930788, 0.7518140000174753, 0.7525052999844775, 0.7466021000000183, 0.7670863000093959, 0.7825840000004973, 0.7656872000079602, 0.7508558999979869, 0.757481699984055, 0.7553450000123121, 0.7513125999830663, 0.7693453000101727, 0.7493025000148918, 0.756502600008389, 0.7497562999778893, 0.7535420999920461, 0.7609538000251632, 0.786429700005101, 0.7495320999878459, 0.7469869999913499, 0.7534539999905974, 0.7649079999828245, 0.7511299000179861, 0.7463454999960959, 0.7521473999950103, 0.7602474000013899, 0.7460221000073943, 0.750443400000222, 0.762313900020672, 0.7536420999967959, 0.7562141999951564, 0.7820766000077128, 0.7443841999920551, 0.7523215999826789, 0.7460233000165317, 0.7535613999934867, 0.7504555000050459, 0.756063400011044, 0.7518621000053827, 0.7547623999998905, 0.7500702000106685, 0.7708559999882709, 0.7688523999822792, 0.7541299999866169, 0.7854752000130247, 0.7522668000019621, 0.7526899999938905, 0.7566054000053555, 0.7604254999896511, 0.7525354000099469, 0.7660129999858327, 0.7583217999781482, 0.7692490000044927, 0.7708442000148352, 0.7561943999899086, 0.7518886000034399, 0.766701299988199, 0.7542447999876458, 0.7669970999995712, 0.757808299997123, 0.7549263999972027, 0.7807087000110187, 0.7630625999881886, 0.7525251000188291, 0.9635282999952324, 0.7479449000093155, 0.7526222000014968, 0.7513962000084575, 0.7541157999949064, 0.7871515000006184, 0.7512499000004027, 0.7505696999724023, 0.7524157000007108, 0.7780494999897201, 0.7531890999816824, 0.7577222999825608, 0.7599680999992415, 0.7651302000158466, 0.7643311000138056, 0.7744918999960646, 0.7572478000074625, 0.7647760999971069, 0.7925541999866255, 0.7615275999996811, 0.7518772000039462, 0.753123999980744, 0.7676720999879763, 0.776897600007942, 0.7560190000222065, 0.7466127999941818, 0.7660088000120595, 0.7574423000041861, 0.7580445999919903],