{"nuitka": {"warmup": [1.5111931000137702, 1.297688000020571, 1.2904973999829963, 1.2944171999988612, 1.2899147999996785, 1.2930617000092752, 1.2975815999961924, 1.2850945999962278, 1.2902651999902446, 1.3065483000245877, 1.2855437999824062, 1.3010134999931324, 1.2953234000015073, 1.286372400005348, 1.2931418000080157, 1.301070500019705, 1.2872987999871839, 1.2912103999988176, 1.2890960000222549, 1.2955990000045858, 1.2861320000083651, 1.2960166000120807, 1.3049821000022348, 1.290509899990866, 1.2920261999825016, 1.282944700011285, 1.2896182000113185, 1.2933985999843571, 1.2837554000143427, 1.282201599999098, 1.284872499993071, 1.3181912000000011, 1.2832250999927055, 1.2994055000017397, 1.2857904999982566, 1.2841091000009328, 1.2868413999967743, 1.2931642000039574, 1.3085818999970797, 1.2940911000187043, 1.28367099998286, 1.3060870000044815, 1.2952808999980334, 1.2886159000045154, 1.286493799998425, 1.2813418000005186, 1.2872149999893736, 1.2923086999799125, 1.2894698000163771, 1.285586499987403, 1.2921806999947876, 1.2953899999847636, 1.3023008000163827, 1.2800173999858089, 1.2851284999924246, 1.3006581999943592, 1.282311999995727, 1.282478799985256, 1.3023668999958318, 1.2858833000063896, 1.2907096999988426, 1.2846927999926265, 1.2861060999857727, 1.2899995000043418, 1.280260500003351, 1.2855724999972153, 1.2917572000005748, 1.281322700000601, 1.2885163000028115, 1.3030018999997992, 1.2873313000018243, 1.3034705000172835, 1.2915992999915034, 1.2939335000119172, 1.2898970999813173, 1.2824834000202827, 1.293777900020359, 1.2924190000048839, 1.2815067000046838, 1.2810929999977816, 1.29402050000499, 1.2878991999896243, 1.2885233999986667, 1.2852262999804225, 1.3031177000084426, 1.297649200016167, 1.283755199983716, 1.3142646000196692, 1.2907075000111945, 1.2860088000015821, 1.2888046999869402, 1.2794149999972433, 1.2895895999972709, 1.285220499994466, 1.2861015000089537, 1.3103471999929752, 1.2841876999882516, 1.2858945000043605, 1.287214700016193, 1.2931222000042908], "benchmark": [1.2847048999974504, 1.3063647999952082, 1.3022300000011455, 1.2879985000181478, 1.2813343000016175, 1.2860091000038665, 1.3127092999930028, 1.2885144999891054, 1.281174400006421, 1.299728599988157, 1.2862138000200503, 1.2820192000071984, 1.2937634999980219, 1.2808490000024904, 1.290466500009643, 1.2812806000001729, 1.299340800003847, 1.2930868999974336, 1.2860320000036154, 1.2819020999886561, 1.282161700015422, 1.307166699989466, 1.289344600023469, 1.2812098000140395, 1.285107900010189, 1.302981799992267, 1.3272571999987122, 1.290402599988738, 1.290026399976341, 1.2894749999977648, 1.2795625000144355, 1.2858832999772858, 1.3008293000166304, 1.2887653000070713, 1.2818002999993041, 1.3098735999956261, 1.2839488000026904, 1.286190600018017, 1.289607300015632, 1.2964095000061207, 1.2863271000096574, 1.2909776000014972, 1.290360300015891, 1.2828337000100873, 1.309681200014893, 1.2920946999802254, 1.2975384999881499, 1.2920822000014596, 1.2901705999975093, 1.287931099999696, 1.3056083999981638, 1.2870109000068624, 1.2907556999998633, 1.2850537000049371, 1.298048500000732, 1.2868568999983836, 1.2931225000065751, 1.288325999979861, 1.2890823999769054, 1.3083840000035707, 1.292169799999101, 1.2839006000140216, 1.2951410000096075, 1.2822977000032552, 1.289371699996991, 1.2826274000108242, 1.2876033000065945, 1.2839674999995623, 1.2898103000188712, 1.2929647999990266, 1.291996999992989, 1.3083291000220925, 1.30277290000231, 1.2962006000161637, 1.30541760000051, 1.3073583999939729, 1.299827600014396, 1.2882249999966007, 1.2873902000137605, 1.293545599997742, 1.313176099996781, 1.2868832999956794, 1.298535699985223, 1.287594599998556, 1.2916837999946438, 1.2889317000226583, 1.3029209999949671, 1.2983989999920595, 1.332580100017367, 1.2909696999995504, 1.284771600010572, 1.2874408999923617, 1.281990899995435, 1.286913599993568, 1.2991372999968007, 1.2996056000120007, 1.2931064000003971, 1.290214599983301, 1.2864059999992605, 1.2853782000020146]}, "cpython": {"warmup": [0.6762736999953631, 0.674575899989577, 0.6675281999923754, 0.6699482999974862, 0.6661330999922939, 0.6763483000104316, 0.6715994999976829, 0.7203639000072144, 0.6635842999967281, 0.6698182999971323, 0.6727982999873348, 0.6863745999871753, 0.6681857999938074, 0.674119300005259, 0.6729008999827784, 0.6740734000049997, 0.6636889000074007, 0.6633937000005972, 0.6639119999890681, 0.6664269000175409, 0.6750659999961499, 0.6830178000091109, 0.6769064000109211, 0.6741492000001017, 0.6685221999941859, 0.6692779999866616, 0.664786399982404, 0.6664622999960557, 0.6665180000127293, 0.6751358000037726, 0.6713183000101708, 0.677417200000491, 0.6709056999825407, 0.678428699990036, 0.693277099984698, 0.6681759000057355, 0.6766096000210382, 0.6701858000014909, 0.6788851000019349, 0.6662175999954343, 0.6657716000045184, 0.6631443000223953, 0.6748675999988336, 0.6640922999940813, 0.6674180000263732, 0.6726428999972995, 0.6653339999902528, 0.6767722000076901, 0.6668561999977101, 0.6693006999848876, 0.6706641000055242, 0.6674110000021756, 0.6729835000005551, 0.6644513999926858, 0.6737819999980275, 0.6779489000036847, 0.664352499996312, 0.666552499984391, 0.6644521999987774, 0.6717847999825608, 0.6956090000167023, 0.6654692000010982, 0.6850100999872666, 0.6660929000063334, 0.6755894999951124, 0.6867560000100639, 0.6760682000021916, 0.687844900006894, 0.68622800000594, 0.6710056999872904, 0.6798800000105985, 0.6637692999793217, 0.6734179999912158, 0.666268000000855, 0.6881601000204682, 0.6672292999865022, 0.6747543000092264, 0.6641316000022925, 0.666769099974772, 0.6739457999938168, 0.6672521999862511, 0.6675659000175074, 0.673377300001448, 0.6777537000016309, 0.6671845999953803, 0.6683684000163339, 0.6744223999849055, 0.6655876000004355, 0.6637554000189994, 0.670798700011801, 0.6772265000035986, 0.678735699999379, 0.6771258999942802, 0.6694503000180703, 0.6669860999973025, 0.6748395999893546, 0.6639255000045523, 0.6682253999751993, 0.676490499987267, 0.6895309000101406], "benchmark": [0.6664564000093378, 0.6728990000265185, 0.6744145000120625, 0.6726400000043213, 0.6752160000032745, 0.6720733999973163, 0.6680181999981869, 0.6671332000114489, 0.6829415000102017, 0.6670413000101689, 0.6769160999974702, 0.6680734999827109, 0.6696457999933045, 0.6676614999887533, 0.6719522000057623, 0.6742961000127252, 0.6744327000051271, 0.6730103000008967, 0.6642751999897882, 0.6728088000090793, 0.6655239000101574, 0.6726799999887589, 0.6647031999891624, 0.6736196000128984, 0.6753058000176679, 0.6761967999918852, 0.6710985999961849, 0.6680524999974295, 0.6754815000167582, 0.6657914999814238, 0.664183300017612, 0.6634702000010293, 0.6646264999872074, 0.6638090999913402, 0.6641925000003539, 0.6737303999834694, 0.6683021000062581, 0.6688884999894071, 0.6690732999995816, 0.678782200004207, 0.6647124000010081, 0.6765014999837149, 0.6774781999993138, 0.6767458000103943, 0.6698208999878261, 0.6776420999958646, 0.6738428999960888, 0.664598900009878, 0.6722085000074003, 0.6652958999911789, 0.6648309000011068, 0.6691915999981575, 0.6810247999965213, 0.6664409000077285, 0.6753690000041388, 0.6666933000087738, 0.6678659000026528, 0.6681052999920212, 0.6633653000171762, 0.6754738999879919, 0.682647600013297, 0.674464200012153, 0.6883501999836881, 0.6665205000026617, 0.667488000006415, 0.6630048000079114, 0.6671255999826826, 0.6833110000006855, 0.6782968000043184, 0.6671364000067115, 0.6648187999962829, 0.6674495000042953, 0.6688246999983676, 0.6723291999951471, 0.6730728000111412, 0.6732846999948379, 0.6711063999973703, 0.6654610000259709, 0.6885700999991968, 0.676263100001961, 0.6740820000122767, 0.6734667000127956, 0.6673238000075798, 0.676574699988123, 0.6712577000143938, 0.6738201999978628, 0.6646024000074249, 0.6770368000143208, 0.6721078999980818, 0.6697219999914523, 0.6811607999843545, 0.6632614000118338, 0.6735937999910675, 0.6632917000097223, 0.6659958999953233, 0.6667642000247724, 0.6773032000055537, 0.6743611000129022, 0.6825760999927297, 0.6638271000119857]}}