{"nuitka": {"warmup": [2.35747579999952, 2.0458015000003797, 2.247635200001241, 2.1980040999987978, 2.1605861999996705, 2.109670499998174, 1.9798866000019189, 2.342240199999651, 2.0633030999997573, 2.1663937000012083, 2.0614229000020714, 2.132706100001087, 2.166064400000323, 2.161587499998859, 2.0321889000006195, 2.1651587999986077, 2.025117900000623, 2.1226691999981995, 2.158010800001648, 2.0042281999994884, 2.0738443000009283, 2.2136928999971133, 2.101925199996913, 2.1351033999999345, 2.249013799999375, 1.9697282000015548, 2.0111391999998887, 2.1714008999988437, 2.0104911000016727, 2.148848499997257, 2.02404789999855, 2.119055399998615, 2.161204899999575, 1.9894539000015357, 2.1721753000019817, 2.1268216999997094, 2.0190301000002364, 2.1158958000014536, 2.1458676000002015, 2.166802900002949, 2.190659500000038, 1.9570375000002969, 2.1883264999996754, 2.0976714999997057, 2.140816499999346, 2.147684699997626, 2.106865999998263, 2.0658765000007406, 2.188663400000223, 2.0914143000009062, 2.11035880000054, 2.0018890999999712, 2.1069969999989553, 1.9766075000006822, 2.0180734999994456, 2.189160300000367, 2.1270970000005036, 1.9314158000015595, 2.1821559999989404, 2.0841355999982625, 2.0203262999966682, 2.1561013000027742, 1.9926777000000584, 1.954747399999178, 2.1967960000001767, 2.1773242999988724, 2.1111717999992834, 2.1486385999996855, 2.1963252000023203, 2.081582200000412, 2.1090454000004684, 2.0360690999987128, 2.0980362000009336, 2.1066447000011976, 2.047750499998074, 2.0977411000021675, 2.0662498000019696, 2.338077799999155, 2.0224916000006488, 1.9897252000009757, 2.122996400001284, 2.0732676000006904, 2.1126394999992044, 2.0397827999986475, 1.9629214000015054, 1.9764228999993065, 2.137015000000247, 2.11188200000106, 2.013733299998421, 2.1116095000033965, 2.155478699998639, 1.9555151000022306, 2.146379199999501, 2.099116299999878, 2.1466848000018217, 2.1536495000000286, 2.231591700001445, 2.0110409000008076, 2.1129863999994996, 2.2288248000004387], "benchmark": [2.0896999000033247, 2.145631499999581, 2.149111800001265, 2.1811407999994117, 2.107339399997727, 2.115504699999292, 2.0277743999977247, 2.0352816000013263, 2.1442483000028005, 2.012898500001029, 2.153903900001751, 2.358034200002294, 2.157151799998246, 2.0388878000012483, 2.0158656999992672, 2.017149999999674, 2.1644546999996237, 2.1284544999980426, 2.2071049000005587, 1.9578237999994599, 2.0569668999996793, 1.9968195000001288, 2.0746776000014506, 2.1382750000011583, 1.9911036000012245, 2.105531900000642, 2.1724355000005744, 2.119119999999384, 2.005038899998908, 2.024205499998061, 2.003040100000362, 2.1299733000014385, 2.155384200003027, 2.097910000000411, 2.073209499998484, 2.1030279000005976, 2.029069599997456, 2.0820333999981813, 2.2088946999974723, 2.021821700000146, 2.1857003000004624, 2.014044899999135, 2.0885578999987047, 2.1185170999997354, 1.9727228000010655, 2.116136500000721, 2.1235545000017737, 2.11184140000114, 1.9783754000018234, 1.992274099997303, 2.1262771999972756, 2.1311970999995538, 2.0888085999977193, 1.9030566999972507, 2.1567493000002287, 2.0560227999994822, 2.1582710000002407, 1.9752922999978182, 2.144748200000322, 2.1638958000003186, 2.1195481999966432, 1.9821616000008362, 1.9720414000003075, 2.1272016999973857, 2.0012085999987903, 1.9748236000014003, 2.108498799996596, 2.140989100000297, 2.156472999999096, 2.011922899997444, 2.2378066000019317, 2.138621999998577, 2.179403900001489, 2.059647499998391, 2.113626900001691, 2.170844299998862, 2.1398794000015187, 2.1259510000018054, 1.9588226000014402, 1.995721200000844, 2.0322061000006215, 2.088730499999656, 2.1035845000005793, 2.014668399999209, 2.098777399998653, 1.9620539999996254, 1.9880166000002646, 2.141058699999121, 2.0380398999986937, 2.128819800000201, 2.1299380000018573, 2.101190100001986, 2.05508810000174, 2.0665513000021747, 2.0582205999999132, 2.0083064999998896, 2.032796100000269, 2.117165499999828, 2.046811999996862, 2.1428443000004336]}, "cpython": {"warmup": [2.031516399998509, 2.00153230000069, 2.0490076999994926, 2.0572986000006495, 2.014311300001282, 2.029905100000178, 2.102537399998255, 2.1020597999995516, 2.04204369999934, 2.0833821999985958, 2.14590010000029, 2.0601910000004864, 2.0538758000002417, 2.2022845999999845, 1.996607099998073, 2.065449300000182, 2.080846600001678, 2.074033500000951, 2.0286084999970626, 2.0235766999976477, 2.041313199999422, 2.2210274999997637, 2.0414445999995223, 2.0093593999990844, 2.037918499998341, 2.037690200002544, 2.038707499999873, 2.080496500002482, 2.0438739999990503, 2.0268162000029406, 2.0757567000000563, 2.0527135000011185, 2.1400694999974803, 2.0308595999995305, 2.008007499996893, 2.0778886000007333, 2.022109300000011, 2.0383160000019416, 2.002731500000664, 2.100952500000858, 2.197264400001586, 2.0565272999992885, 2.056278200001543, 2.0270266000006814, 2.067798000000039, 2.0360720999997284, 2.057606400001532, 2.024359099999856, 2.0542858999979217, 2.0482675999992352, 2.0368240999996488, 2.0055410000022675, 2.0438934999983758, 2.0286998999981734, 2.061936899997818, 2.2281662999994296, 2.0428030000002764, 2.0752882000015234, 2.098289300000033, 2.119570000002568, 2.052035300002899, 2.0825155999991694, 2.007226099998661, 2.0037865999984206, 2.1125843999980134, 2.0557778000002145, 2.051418200000626, 2.078885999999329, 2.071067500000936, 1.9992598999997426, 2.023210100000142, 2.0179299999981595, 2.0503049999970244, 2.03904859999966, 2.1115962999974727, 2.0213817000003473, 2.019969200002379, 1.9813702999999805, 2.0661347999994177, 2.0126372999984596, 2.0230506000007153, 2.020680800000264, 2.0264892000013788, 2.118057299998327, 1.9933597000017471, 2.027162300000782, 2.0552515000017593, 2.0349198000003526, 2.1023083000000042, 2.0168812000010803, 2.043399300000601, 2.0617917999989004, 2.0534203999995952, 2.015165699998761, 2.068324100000609, 2.0505918999988353, 1.9952991000027396, 2.0368025000025227, 2.1198488999980327, 2.0294562999988557], "benchmark": [2.161191499999404, 2.0997405999987677, 2.05496359999961, 2.0493911000012304, 1.9972920000000158, 2.023318499999732, 2.0103425000015704, 2.102125800000067, 2.0845649000002595, 2.0966994000009436, 2.038803599996754, 2.0775508000006084, 2.236313599998539, 2.024690600002941, 2.022475800000393, 2.046025499999814, 2.2744583999992756, 2.046417500001553, 2.113872199999605, 2.200208300000668, 2.0439049000015075, 2.1142543999994814, 2.051083099999232, 2.093391900001734, 2.1033609000005526, 2.0305829999997513, 2.0755527000001166, 2.057215200002247, 2.0068587999994634, 2.0403625999970245, 2.0901591000001645, 2.004404200000863, 2.0546243999997387, 2.0217398000022513, 1.996466299999156, 2.0139699000028486, 2.0766922000002523, 2.0059677999997803, 2.055762500000128, 2.184898900002736, 2.018696399998589, 2.0563187999978254, 1.9925495999996201, 2.062573600000178, 2.0519877999977325, 2.0476875999993354, 2.0127170000014303, 2.293622299999697, 2.022997199997917, 2.068477900000289, 2.059353100001317, 2.008425600000919, 2.0674677999995765, 2.0482726999980514, 2.0421323999980814, 2.252161000000342, 2.077658700000029, 2.088658900000155, 2.106341799997608, 2.04453569999896, 2.037949199999275, 1.9905139000002237, 2.0413318000028084, 2.0673200999990513, 2.0294455000002927, 2.0017702000004647, 2.2189716000029875, 2.089196200002334, 2.248285699999542, 2.259327399999165, 2.0139885999997205, 2.030007099998329, 2.0233192999985476, 2.0927749000002223, 2.010286000000633, 2.04942740000115, 2.0306318000002648, 2.0383583000002545, 2.166908899998816, 2.054581899999903, 2.0257558999983303, 2.299701300002198, 2.0903828000009526, 2.0157319999998435, 2.1311375000004773, 2.0603980000014417, 2.0708879999983765, 2.283011499999702, 2.100064199999906, 2.052227500000299, 2.0417952999996487, 2.058040100000653, 2.0927217999997083, 2.0452850999972725, 2.026254100001097, 2.0029119000028004, 2.0482996000027924, 2.050415499998053, 2.1244124000004376, 2.211806700001034]}}