{"nuitka": {"warmup": [1.8509424999938346, 1.5040549999976065, 1.5010526999976719, 1.5944392999954289, 1.6622491000016453, 1.536472199994023, 1.6037676999985706, 1.6050173999974504, 1.578804199991282, 1.551150699990103, 1.617902600002708, 1.5754984999948647, 1.580574899999192, 1.5067648999975063, 1.611597499999334, 1.4576747999963118, 1.447484300006181, 1.4770142999914242, 1.555126300008851, 1.5228562999982387, 1.5213205000036396, 1.5169827000063378, 1.5252509999991162, 1.5570932999980869, 1.5283322000032058, 1.5791650000028312, 1.6144276999984868, 1.5740848999994341, 1.6203692999988561, 1.4293445000075735, 1.5851540000003297, 1.5128666999953566, 1.5644040999904973, 1.5941306999884546, 1.558355200002552, 1.5222134999930859, 1.4175208999949973, 1.54413769999519, 1.549384400001145, 1.5295186000003014, 1.5374869000079343, 1.4793595999944955, 1.5366477999923518, 1.5387852999992901, 1.5734787999972468, 1.4607726999965962, 1.5279394999961369, 1.5163074000010965, 1.5103325999953086, 1.545769599993946, 1.5085148999933153, 1.535510499990778, 1.4733008999901358, 1.5711967999959597, 1.515261399996234, 1.5405506000097375, 1.5215768000052776, 1.54036489999271, 1.5537653000064893, 1.5102831999975024, 1.5252399999881163, 1.5099798000010196, 1.5466615000041202, 1.5035077999928035, 1.5768372000020463, 1.4763435000058962, 1.5450272000016412, 1.5769362000137335, 1.5384345999918878, 1.5909206999931484, 1.58764230000088, 1.539442399996915, 1.5652317000058247, 1.5341287999908673, 1.3965007000078913, 1.5216039000079036, 1.5397324000077788, 1.567483100006939, 1.5264843000040855, 1.5595092000003206, 1.4158372999954736, 1.5391615000116872, 1.5365495000005467, 1.524807600013446, 1.5145306999911554, 1.5387495000031777, 1.4007442000001902, 1.5471800999948755, 1.5207002000097418, 1.502749599996605, 1.4663019999861717, 1.572101500001736, 1.5634957000002032, 1.493727699998999, 1.5445238000102108, 1.537031300002127, 1.5632895000017015, 1.4094792999967467, 1.5649392000050284, 1.5097026000003098], "benchmark": [1.5355056999978842, 1.5070084000035422, 1.5600379000097746, 1.5289519999932963, 1.532430100007332, 1.3969069000013405, 1.5944321999995736, 1.5108967999985907, 1.5762348999996902, 1.4195779000001494, 1.5301653999922564, 1.5352157000015723, 1.4879086000000825, 1.5226776000054087, 1.5151852999988478, 1.422499299995252, 1.4123815999919316, 1.5337327999877743, 1.387692899996182, 1.5122181000042474, 1.4984694000013405, 1.527868799996213, 1.5714314000069862, 1.5070039999991423, 1.4082574999920325, 1.514153999989503, 1.3917254999978468, 1.5160211000038544, 1.5456154999992577, 1.5215292000066256, 1.5100579999998445, 1.5328385000029812, 1.5094365999975707, 1.5226007000019308, 1.546314599996549, 1.477692600004957, 1.5402782000019215, 1.533182899991516, 1.5360415000031935, 1.5036878999962937, 1.3931955000007292, 1.5533567000093171, 1.5139113000041107, 1.4064624000020558, 1.5222560999973211, 1.5645102999988012, 1.5268466000125045, 1.3995638000051258, 1.514519799995469, 1.5243278999987524, 1.546443300001556, 1.5852802000008523, 1.560441499997978, 1.557247799995821, 1.5265012000018032, 1.4168112000043038, 1.4979164000105811, 1.5562249000067823, 1.5358810000034282, 1.533129999996163, 1.4541117000044324, 1.5156205999956, 1.5055760999966878, 1.5830730000016047, 1.5151486999966437, 1.5209187000000384, 1.5049980000039795, 1.5093037999904482, 1.4947881999978563, 1.5894631999981357, 1.5736283000005642, 1.5285834999958752, 1.5389133999997284, 1.4419643000001088, 1.4202915000059875, 1.520938000001479, 1.5777241000032518, 1.5723154000006616, 1.5623448000114877, 1.5166503000073135, 1.5176556000078563, 1.5168688999983715, 1.5188383999920916, 1.5624739000049885, 1.569087199997739, 1.5623110000015004, 1.5403437999921152, 1.5068615999916801, 1.5307328999915626, 1.5303092999965884, 1.5512814999965485, 1.5339273999998113, 1.529332299993257, 1.5592828999942867, 1.5477729000122054, 1.5523557999986224, 1.5304403000045568, 1.528988299993216, 1.5236943000054453, 1.5380086999939522]}, "cpython": {"warmup": [1.5272510999930091, 1.5312396999943303, 1.5630531000060728, 1.4756707000051392, 1.5163570000004256, 1.4473715000058291, 1.620592500010389, 1.5748516999883577, 1.4653759000066202, 1.496882999999798, 1.4761422000010498, 1.449872899989714, 1.4446996999904513, 1.55723880000005, 1.5947857999999542, 1.5746893000032287, 1.5024734999897191, 1.5131865000003017, 1.5793429000041215, 1.584927300005802, 1.5269504000025336, 1.5557091000082437, 1.5567477000004146, 1.4725462999922456, 1.5763873999967473, 1.599023999995552, 1.4968856000050437, 1.496620100006112, 1.6029713999887463, 1.516604099990218, 1.5911113000038313, 1.5565773999987869, 1.5616534000000684, 1.5216663000028348, 1.460251700002118, 1.5479741000017384, 1.5749561999982689, 1.529524899990065, 1.4687905000027968, 1.5656677000079071, 1.4863420000037877, 1.5527583999937633, 1.464730599996983, 1.540603600005852, 1.4642519000044558, 1.5904893999977503, 1.5676154999964638, 1.5786870000010822, 1.5755800000042655, 1.5621813000034308, 1.552344700001413, 1.5709189999906812, 1.5409221000008984, 1.5032808999967529, 1.5257669999991776, 1.4794909000047483, 1.575378900000942, 1.463948899996467, 1.5630194999976084, 1.63813079999818, 1.6258866999996826, 1.475296000004164, 1.5200308999919798, 1.5456156000000192, 1.5728298999893013, 1.4966971999965608, 1.5524805000022752, 1.5401155999861658, 1.58918779999658, 1.5503118999913568, 1.4757571000081953, 1.5552560999931302, 1.6433383999974467, 1.5574863999936497, 1.5483287000097334, 1.4420386999991024, 1.5767829999967944, 1.590548399995896, 1.5598784000030719, 1.4865106000070227, 1.6442826999991667, 1.5755575999937719, 1.4574664999963716, 1.5018350000027567, 1.491814200009685, 1.5472594000020763, 1.5771608000068227, 1.5351674999983516, 1.5175754000083543, 1.4959705999935977, 1.637556500005303, 1.6519122999889078, 1.5102324000035878, 1.6028499999956694, 1.456851299997652, 1.5359143999958178, 1.6738765000045532, 1.5699185999983456, 1.51033710000047, 1.4664262000005692], "benchmark": [1.4435291999980109, 1.5582647999981418, 1.4464846000046236, 1.4872228000022005, 1.555082399994717, 1.5195606000052067, 1.5737603999878047, 1.5169236000074307, 1.584458099998301, 1.47531209999579, 1.6350968000042485, 1.519364099993254, 1.5722242999909213, 1.4611035999987507, 1.5391290999978082, 1.5313048999960301, 1.576863800000865, 1.5736074000014924, 1.5075282999896444, 1.5585921999881975, 1.6851013999985298, 1.56356219999725, 1.5605808999971487, 1.514236200004234, 1.492339800010086, 1.616460700010066, 1.5700178999977652, 1.5522539999947185, 1.601154800009681, 1.5453580000030342, 1.5644271999917692, 1.6102476000087336, 1.4480372999969404, 1.556189800001448, 1.596659799994086, 1.5805666999949608, 1.493544099997962, 1.354665799997747, 1.590576799993869, 1.5918292999995174, 1.4453035999904387, 1.5614563999988604, 1.5645466999994824, 1.536073800001759, 1.5700824999948964, 1.4704672999941977, 1.5040851999947336, 1.554636800006847, 1.554752299998654, 1.4530483999988064, 1.477654000002076, 1.5684475000016391, 1.5670301000063773, 1.481335600008606, 1.472156100004213, 1.4685485999943921, 1.5394797000044491, 1.5177003999997396, 1.5877937999903224, 1.5734909000020707, 1.4711725999950431, 1.5600405000004685, 1.5808447000017622, 1.4693961999873864, 1.6659633999952348, 1.4916181000007782, 1.6003387000091607, 1.4942100000043865, 1.5783243000041693, 1.4576104000007035, 1.46786869999778, 1.4193789999990258, 1.6517031999974279, 1.5759016000083648, 1.566518299994641, 1.452263099999982, 1.4656764999963343, 1.4680360999918776, 1.6381437000090955, 1.4734797999990406, 1.453412999995635, 1.542416399999638, 1.6021615999925416, 1.5798516999930143, 1.5772235999902477, 1.5959799000120256, 1.5635381999891251, 1.5063614999962738, 1.612187000006088, 1.5058350000035716, 1.4576218000001973, 1.5772441000008257, 1.5469970000121975, 1.4346567000029609, 1.569209299996146, 1.5824721999961184, 1.6130454000085592, 1.5785486999957357, 1.4577940000017406, 1.5515621999948053]}}