{"nuitka": {"warmup": [0.5926514000020688, 0.5290913000062574, 0.5332059000065783, 0.5282216000050539, 0.5338811999972677, 0.5365362000011373, 0.531402300010086, 0.5283918000059202, 0.5265130000043428, 0.533308300000499, 0.5318083000020124, 0.5311813000007533, 0.5272397000080673, 0.5314480000088224, 0.5287583000026643, 0.5306961000023875, 0.5252780000009807, 0.5260456000105478, 0.527358200008166, 0.5374714999925345, 0.5295368999941275, 0.5275756000046385, 0.5344596999930218, 0.5306523999897763, 0.5255327000049874, 0.528198899992276, 0.5302664000046207, 0.5330491000058828, 0.5330128999921726, 0.5323865999962436, 0.5320453999884194, 0.5385935999947833, 0.5301853999990271, 0.5326802000054158, 0.5384885999956168, 0.527495699992869, 0.5307889999967301, 0.5297520000021905, 0.5283252999943215, 0.5271878000057768, 0.5318086999905063, 0.5300011000072118, 0.5272143000038341, 0.5331151999998838, 0.5278669999970589, 0.5344231000053696, 0.5274287999927765, 0.5271314999990864, 0.5256367999973008, 0.5324258000036934, 0.5271436000039103, 0.5274157999956515, 0.5274770000105491, 0.5413112000096589, 0.5273862999893026, 0.5265445999975782, 0.5284469999896828, 0.5286003000073833, 0.5366261000017403, 0.5388531000062358, 0.5370396999933291, 0.5278556999983266, 0.5315397999947891, 0.5394077000091784, 0.5334627999982331, 0.5266879999981029, 0.5364612999983365, 0.5324094999959925, 0.5346210999996401, 0.5351585000025807, 0.5251787000015611, 0.5307964999956312, 0.523822699993616, 0.5322722999990219, 0.5245200999925146, 0.5282198000058997, 0.5288293000048725, 0.530152100007399, 0.5321262999932515, 0.5240271999937249, 0.5344597000075737, 0.5304872999986401, 0.5297027000051457, 0.547179999994114, 0.527180999997654, 0.5271779999893624, 0.531499899996561, 0.5279982000065502, 0.536025299996254, 0.5301227000018116, 0.5319610000005923, 0.5283648000040557, 0.5301635000068927, 0.5284566999907838, 0.5319470999966143, 0.5295316999981878, 0.5312260000064271, 0.5296749999979511, 0.5379086000029929, 0.527150599999004], "benchmark": [0.5313889000099152, 0.5337965000071563, 0.531209900000249, 0.5317714999982854, 0.5269914999953471, 0.5289350999955786, 0.5331078000017442, 0.5288977000018349, 0.5298832999978913, 0.5339371000009123, 0.5441901000012876, 0.5356170000013663, 0.5296324999944773, 0.5316918999888003, 0.5270500000042375, 0.5303760999959195, 0.5253333000000566, 0.5272819000092568, 0.5380864999897312, 0.5287853000045288, 0.5241558999987319, 0.5316216000064742, 0.540370199989411, 0.5259339999902295, 0.5335545999987517, 0.525378800011822, 0.5314999999973224, 0.5243431999988388, 0.5276850999944145, 0.533476900003734, 0.5340843000012683, 0.530406399993808, 0.5375227000040468, 0.5334446000051685, 0.5303258999920217, 0.5339573999954155, 0.5308508000016445, 0.5309700999932829, 0.5231794000137597, 0.5319588999991538, 0.5361684999952558, 0.5313385000044946, 0.5298070999997435, 0.5278698000038275, 0.5299362000077963, 0.5314126999874134, 0.534502300011809, 0.5413677000033204, 0.5269613999989815, 0.5318867000023602, 0.5447697999916272, 0.5329918000061298, 0.5296939999971073, 0.5327288999978919, 0.5390654999937396, 0.5279938000021502, 0.5309990999958245, 0.5287765999964904, 0.5297687999991467, 0.5306234999879962, 0.5310900000040419, 0.5392082000034861, 0.5315682999935234, 0.5316779999993742, 0.5279057000007015, 0.5313457000011113, 0.5398251000005985, 0.5460164999967674, 0.5294104000058724, 0.5326013000012608, 0.5284544000023743, 0.5258636999933515, 0.5340638000052422, 0.5331003000028431, 0.5415300000022398, 0.5303354000061518, 0.5245778999960748, 0.5308431000012206, 0.5241321000066819, 0.5241968000045745, 0.522434999991674, 0.5221669000020484, 0.5276035000133561, 0.5210003000102006, 0.5235364999971353, 0.5270438000006834, 0.5217391999904066, 0.5245769999892218, 0.52465310000116, 0.5309648999973433, 0.5287242000049446, 0.5241029000026174, 0.5219117999949958, 0.5264953000005335, 0.5217850999906659, 0.5195707000093535, 0.5320643000013661, 0.5331729000026826, 0.5341654000076232, 0.5256139999983134]}, "cpython": {"warmup": [0.6569805000035558, 0.6492472999962047, 0.6662150000047404, 0.6628739000007045, 0.6553019999992102, 0.6498033999960171, 0.6461068999924464, 0.6529904999915743, 0.6578013999969698, 0.6493149000016274, 0.655118599999696, 0.6553313000040362, 0.6493691000068793, 0.6446921000024304, 0.6485888000024715, 0.646630000002915, 0.6517581999942195, 0.6449744999990799, 0.6480417999991914, 0.6473308999993606, 0.6488360000075772, 0.6482761999941431, 0.6485786999983247, 0.6490634999936447, 0.6508368999930099, 0.6546050000033574, 0.6445279000035953, 0.6490170000033686, 0.6552730999974301, 0.649654200009536, 0.6473515999969095, 0.6493322999886004, 0.651680299997679, 0.6430919999984326, 0.6461794999922859, 0.6455431999929715, 0.6510307999997167, 0.6516950999939581, 0.6492195000028005, 0.6418043000012403, 0.6455198000039672, 0.6458207999967271, 0.6443647999985842, 0.6493955000041751, 0.6596332999906735, 0.6474414999975124, 0.6507991999969818, 0.6610255999985384, 0.6464772999897832, 0.6517673000053037, 0.6618230999883963, 0.6458567999943625, 0.6550977000006242, 0.6452868999913335, 0.645860199991148, 0.6472237999987556, 0.6499923000083072, 0.6457182000012835, 0.6559290000004694, 0.646147799998289, 0.6525483000004897, 0.646437599993078, 0.6454410000005737, 0.6547550999966916, 0.6536094999901252, 0.6457494000060251, 0.6482962000009138, 0.6579234999953769, 0.6466010000003735, 0.6513476999971317, 0.6479612999974051, 0.6446920000016689, 0.652542199997697, 0.6532416999980342, 0.6454252999974415, 0.6470364999986487, 0.6458433999941917, 0.6484861000062665, 0.6550237000046764, 0.6480943999922602, 0.647956200002227, 0.6490996000065934, 0.639202699996531, 0.6469314999994822, 0.6546119999984512, 0.6466348000103608, 0.6487799000024097, 0.6510621000052197, 0.6463590000057593, 0.6434029999945778, 0.6447832999983802, 0.6497184999898309, 0.6473154999985127, 0.654044499999145, 0.648915500001749, 0.6461414999939734, 0.6597401000035461, 0.6470526000048267, 0.6471652000036556, 0.6453944999957457],