{"nuitka": {"warmup": [1.0086974000150803, 1.0103668000083417, 1.008611800003564, 0.9969341999967583, 0.993977400008589, 1.0097599000146147, 0.9939735000079963, 0.9980586000019684, 0.9978654999868013, 1.0066460999951232, 1.0002977999974973, 0.9988840000005439, 0.99917799999821, 0.9919350999989547, 0.9950591999804601, 0.9982010999810882, 0.9992372999840882, 0.9961892999999691, 1.0243781000026502, 0.9935912000073586, 0.9962120999989565, 1.0180032999778632, 1.0053040999919176, 1.0002817999920808, 0.9970843000046443, 1.001420099986717, 0.9962291999836452, 0.9966894999961369, 1.0078657999983989, 0.9970762999728322, 1.0065168000000995, 1.0087499000073876, 1.003129099990474, 1.0123671000183094, 0.9986395000014454, 1.004283000016585, 1.0037876999995206, 1.0230722000123933, 1.0078415000170935, 1.0032788999960758, 0.9925660000008065, 1.002303600020241, 0.996562799991807, 1.004306099988753, 1.0086732999770902, 1.0223599000019021, 1.0064791000040714, 1.0024960000009742, 1.0016420999891125, 1.0049205000104848, 1.0017305000219494, 1.0031620000081602, 0.9965168999915477, 1.0091402999823913, 0.9968362999788951, 1.0210714999993797, 1.0001498000056017, 1.0057650999806356, 0.9972936999984086, 1.0019043000065722, 1.0004577000217978, 1.0077425999916159, 1.0182138000091072, 0.9931381000205874, 0.9970618999795988, 1.0124187000037637, 1.0008510999905411, 0.9918544000247493, 1.0006327999872155, 0.9940385000081733, 0.9932330999872647, 1.008467700012261, 0.9907552000076976, 0.9992738000000827, 0.9960113000124693, 0.996998699993128, 1.0006114999996498, 1.0016712000069674, 1.0063250999955926, 0.9934551000187639, 0.9961208000022452, 1.008949599985499, 1.0014344000082929, 0.9966473000240512, 0.9966639000049327, 1.0032617000106256, 0.9974520999821834, 1.0130699999863282, 0.9920494000252802, 0.9974296999862418, 1.006371899973601, 0.9917484999750741, 0.9968868999858387, 1.0034313999931328, 0.9975033999944571, 0.9985008000221569, 1.0004604999849107, 0.9915077000041492, 0.9941431999905035, 0.9990679000038654], "benchmark": [0.9915205999859609, 1.0187777999963146, 1.0040804000163916, 0.9983933999901637, 1.010564099997282, 0.9947285999951418, 1.001940200017998, 1.0027379000093788, 0.9965169000206515, 1.0160933999868575, 0.9992977999791037, 0.9999894000065979, 0.9956976000103168, 1.001302199991187, 0.9975019000121392, 1.0009838000114542, 1.0074801000009757, 1.0049539000028744, 0.9934787999955006, 1.0241010000172537, 0.99619169998914, 0.9945092999842018, 0.9967688000178896, 0.9951125000079628, 1.0014575000095647, 0.99331560000428, 1.00072059998638, 1.0034335999807809, 0.9958583999832626, 1.0005085000011604, 0.9934986000007484, 0.9940550000173971, 1.0010713000083342, 1.0002891999902204, 0.9957836999965366, 0.9981670000124723, 1.0024376999936067, 1.007688900019275, 1.0109808999986853, 0.9962820000073407, 1.0111356000124943, 1.0072591000061948, 0.9996663000201806, 1.0032853999873623, 1.0035659999994095, 1.0034113000147045, 0.9964566999988165, 1.003144499991322, 1.0143397999927402, 1.003132599988021, 1.0035383000213187, 1.0106803999806289, 0.9976347000047099, 1.0110899999854155, 0.9965794000017922, 1.0005088000034448, 1.0001866999955382, 0.9928205000178423, 0.9886553999967873, 0.9958087999839336, 0.9908877999987453, 0.9918891999986954, 0.9982992000004742, 0.9943273999961093, 1.001016599999275, 1.0051751999999397, 0.9979070000117645, 0.9964888000104111, 0.9975964000041131, 0.9969170000113081, 0.9994971999840345, 1.0000166999816429, 1.0063232999818865, 1.0010635000071488, 0.9962795999890659, 1.0092379999987315, 1.0011005999986082, 1.008268900011899, 0.9925042999966536, 1.0098049999796785, 1.0117712000210304, 0.9983538000087719, 1.013575299992226, 0.9956907999876421, 0.994635000010021, 0.9953979999991134, 0.997315599990543, 0.9928033000032883, 1.0045968999911565, 0.9953907000017352, 1.0121335000148974, 0.9961475000018254, 0.99657760001719, 1.0098010000074282, 0.9943614000221714, 0.9949383999919519, 0.9953396000200883, 0.9997074000129942, 0.9979412000102457, 1.000458599999547]}, "cpython": {"warmup": [1.0826994999952149, 1.07739489999949, 1.0801116000220645, 1.079128099983791, 1.0806396000261884, 1.0836852999927942, 1.075940199982142, 1.080482099991059, 1.077363200020045, 1.0831133000028785, 1.0772524999920279, 1.0795032999885734, 1.0791227000008803, 1.083599800011143, 1.0794365000037942, 1.0834521999931894, 1.079555000003893, 1.0765975000103936, 1.0821069999947213, 1.0760096999874804, 1.0779872999992222, 1.080066700000316, 1.0789662000024691, 1.0819368999800645, 1.0781620000198018, 1.0786706999933813, 1.0787258000054862, 1.0797939999902155, 1.0865636999951676, 1.0742699999827892, 1.0755449999996927, 1.0763501999899745, 1.0803299999970477, 1.0821339999965858, 1.0779079000058118, 1.0752428999985568, 1.0795271999959368, 1.0792451000015717, 1.0780473000195343, 1.0778526999929454, 1.0767808000091463, 1.0791651000035927, 1.0768093999940902, 1.0802574999979697, 1.0787192000134382, 1.0765718999900855, 1.0774702999915462, 1.079161000001477, 1.0885796999791637, 1.077278299984755, 1.0773641999985557, 1.078649500006577, 1.0809477000148036, 1.0810460000066087, 1.0826437000068836, 1.0748875999997836, 1.080810699990252, 1.0803007000067737, 1.0807777000009082, 1.0828523999953177, 1.0776634000067133, 1.0860632999974769, 1.0868139000085648, 1.0771259000175633, 1.07742600000347, 1.0764600000111386, 1.0889550000138115, 1.0769031000090763, 1.0786515999934636, 1.0807185000157915, 1.0853958000079729, 1.0764903000090271, 1.0804138999956194, 1.080383399996208, 1.0809796999965329, 1.0787657999899238, 1.0788531000143848, 1.0793816999939736, 1.0790784000128042, 1.0811359999934211, 1.0845081000006758, 1.0835993000073358, 1.078233900014311, 1.0804810000117868, 1.075979399989592, 1.0766543000063393, 1.082058700005291, 1.0776241999992635, 1.079119100002572, 1.080765099992277, 1.0874695999955293, 1.075575499999104, 1.077552899980219, 1.0770623999997042, 1.0813013000006322, 1.076549999997951, 1.080712000024505, 1.0797081000055186, 1.0755581999837887, 1.0864864999894053], "benchmark": [1.0774031000037212, 1.0788917999889236, 1.0805604000051972, 1.077439000015147, 1.0768617000139784, 1.0757923999917693, 1.0771337999904063, 1.0780231000098865, 1.0763285000284668, 1.082958899991354, 1.0767683000012767, 1.081915899994783, 1.0851172000111546, 1.0840394000115339, 1.078247099998407, 1.0781384999863803, 1.079630799998995, 1.079935799993109, 1.0867257999780122, 1.075989299977664, 1.075452499993844, 1.0768478000245523, 1.0805600000021514, 1.07635359998676, 1.0765445999859367, 1.0765308999980334, 1.0745194999908563, 1.078858199995011, 1.0778565999935381, 1.0792309999815188, 1.0774597999989055, 1.084590999991633, 1.082105400011642, 1.0779813000117429, 1.080114299984416, 1.0778307000000495, 1.0792894999904092, 1.0815412999945693, 1.073111899982905, 1.0757488000090234, 1.0809548000106588, 1.085717299982207, 1.0780380000069272, 1.078515500004869, 1.0787910999788437, 1.0768746999965515, 1.0816126000136137, 1.0755833000002895, 1.0865400999900885, 1.0778292000177316, 1.0784004000015557, 1.0807985000137705, 1.0838204000028782, 1.0852141000214033, 1.0784317000070587, 1.0776680000126362, 1.1247373999794945, 1.0787492000090424, 1.0785735999816097, 1.0770171000040136, 1.07933109998703, 1.0789614999957848, 1.0786841999797616, 1.0765804999973625, 1.0848323999962304, 1.0775350999902003, 1.0795859000063501, 1.07636750000529, 1.0757355999958236, 1.0786826999974437, 1.0783025000127964, 1.0760584000090603, 1.0822476999892388, 1.0778601000201888, 1.081109299993841, 1.0794124999956694, 1.077735600003507, 1.0806362000002991, 1.0770144000125583, 1.0764714000106324, 1.0760358999832533, 1.0900407999870367, 1.0814614999981131, 1.0809692000038922, 1.0805800999805797, 1.0843303999863565, 1.077602500008652, 1.0783526999875903, 1.0778924000042025, 1.0821741000108887, 1.0836144000058994, 1.080998699995689, 1.075950800004648, 1.0773090999864507, 1.0763335000083316, 1.077996300009545, 1.0830676000041422, 1.0784810000041034, 1.0803585999819916, 1.08112779998919]}}