{"nuitka": {"warmup": [1.322997099981876, 1.2868649000010919, 1.2885743000078946, 1.3063516000111122, 1.2867688999976963, 1.2823590000043623, 1.2991367999929935, 1.291054700006498, 1.2969523999781813, 1.287896699999692, 1.2868920000037178, 1.2884077000198886, 1.292919300001813, 1.3012267000158317, 1.295083800010616, 1.2862224999989849, 1.2844881000055466, 1.2973098999937065, 1.3058286999876145, 1.2830179000156932, 1.2812042000005022, 1.2874513999850024, 1.2915105000138283, 1.2846027000050526, 1.288255699997535, 1.2921779000025708, 1.2945056000025943, 1.2909239000000525, 1.293319699994754, 1.304000400006771, 1.2855543000041507, 1.2896627000009175, 1.2883678000071086, 1.288265399984084, 1.2946445000125095, 1.284771600010572, 1.2900237000139896, 1.2857434999896213, 1.295064400008414, 1.2956418999820016, 1.3046845000062604, 1.2893279000127222, 1.3069409999880008, 1.2868934999860357, 1.2798807000217494, 1.2928008000017144, 1.304551100009121, 1.3312131999991834, 1.288695800001733, 1.3171816999965813, 1.2855514000111725, 1.2938946000067517, 1.2932443000026979, 1.2971070000203326, 1.2899358999857213, 1.2813334000238683, 1.2853640999819618, 1.283700800006045, 1.2867961000010837, 1.287128500000108, 1.304966499999864, 1.2988217999809422, 1.2895184000080917, 1.3027946000220254, 1.3019882999942638, 1.297775899991393, 1.3163196999812499, 1.3114991000038572, 1.2909339000179898, 1.3014376999926753, 1.2934893999772612, 1.2884811000258196, 1.2964157999958843, 1.2823581999982707, 1.2998097000236157, 1.3148372000141535, 1.2870545999903698, 1.2958727999939583, 1.2922289000125602, 1.2856644999992568, 1.2867604999919422, 1.2870492000074591, 1.300901500013424, 1.286811999976635, 1.2852884999883827, 1.2837540000036824, 1.2935451999946963, 1.2848860000085551, 1.3120323999901302, 1.2851656000129879, 1.2854405000107363, 1.2930454000015743, 1.2825219000224024, 1.3083117000060156, 1.2913321000232827, 1.2896872999845073, 1.2830246999801602, 1.2968873000063468, 1.3026014000060968, 1.2844534999749158], "benchmark": [1.284362600010354, 1.288290699973004, 1.2877921000181232, 1.300545800011605, 1.286267899995437, 1.300558099988848, 1.284970400010934, 1.3070426000049338, 1.3107386000046972, 1.2895731000171509, 1.2912311000109185, 1.2818067999905907, 1.3209069999866188, 1.3052712000207976, 1.2883304000133649, 1.2844405999931041, 1.289882300014142, 1.2879562000161968, 1.2932604999805335, 1.2849521999887656, 1.2820750000246335, 1.286357200006023, 1.2929679999942891, 1.2799660000018775, 1.2881922999804374, 1.2870820999960415, 1.2909916999924462, 1.2876373000035528, 1.2858432999928482, 1.295187400013674, 1.2833569000067655, 1.285828299995046, 1.3036559999745805, 1.2907765999843832, 1.3085411000065506, 1.2876539999851957, 1.2931624999910127, 1.310101000010036, 1.2927187000168487, 1.290810300008161, 1.2846470999938902, 1.2824716000177432, 1.2865526000095997, 1.2937966999888886, 1.2945996999915224, 1.294309599994449, 1.2864687999826856, 1.2918326999933925, 1.3003988999989815, 1.3125817000109237, 1.2869028999994043, 1.288494400010677, 1.2924271000083536, 1.2964463999960572, 1.314059600001201, 1.2877229999867268, 1.2861914999957662, 1.2845201000163797, 1.2821029000042472, 1.2868671999895014, 1.2856007999798749, 1.303153899993049, 1.2878811999980826, 1.291867399995681, 1.2850660999829415, 1.2860746000078507, 1.3045703000098001, 1.2831738000095356, 1.2984583999786992, 1.286065599997528, 1.2839381000085268, 1.2798439000034705, 1.2900690000096802, 1.2919762000092305, 1.2929089000099339, 1.3053106000006665, 1.2924801000044681, 1.281037800014019, 1.2912876000045799, 1.2883140000049025, 1.293282900005579, 1.2850562000239734, 1.2827932999935001, 1.2921695000259206, 1.3021650000009686, 1.2822562000073958, 1.2815883999865036, 1.2905337999982294, 1.2876068000041414, 1.2865613000176381, 1.2847302999871317, 1.2841109999862965, 1.3001775000011548, 1.285324299999047, 1.2929567999963183, 1.29381070000818, 1.3233231999911368, 1.2863771000120323, 1.310434000013629, 1.2910272000008263]}, "cpython": {"warmup": [0.6676898000005167, 0.6732628000027034, 0.6743764000129886, 0.6748283999913838, 0.664216299977852, 0.664020399999572, 0.6646545999974478, 0.673972100019455, 0.6703633000142872, 0.6666402000118978, 0.682280000008177, 0.6649818999867421, 0.6725809999916237, 0.6896687000116799, 0.6738855000003241, 0.6691148000245448, 0.6735448999970686, 0.6825574999966193, 0.6736322999931872, 0.6816234999860171, 0.6749092999962159, 0.6774135000014212, 0.6785512999922503, 0.6660284000099637, 0.6758182999910787, 0.6793137000058778, 0.7235079000238329, 0.6670675000059418, 0.7390774000086822, 0.670457100000931, 0.6771161000069696, 0.679478600010043, 0.6811890999961179, 0.6703712000162341, 0.6690023000119254, 0.6682291000033729, 0.6642204000090715, 0.7321053000050597, 0.679988299991237, 0.6807284999813419, 0.6665068999864161, 0.6712015999946743, 0.6661905999935698, 0.705700299993623, 0.6645967000222299, 0.6659446000121534, 0.6655522999935783, 0.6644640000013169, 0.6744716000102926, 0.6670301000121981, 0.6644945000007283, 0.6840767999819946, 0.677883299998939, 0.6639246999984607, 0.6886201999732293, 0.6691773999773432, 0.6660095000115689, 0.6632771999866236, 0.6633144999796059, 0.6678556999831926, 0.6717886999831535, 0.6677206000022124, 0.6725179999775719, 0.6672688999969978, 0.6633538999885786, 0.7226375000027474, 0.6734160000050906, 0.6698207999870647, 0.688022300018929, 0.6748062999977265, 0.6789473999815527, 0.6636962000047788, 0.6666678999899887, 0.6631746999919415, 0.6693097999959718, 0.6820999999763444, 0.6673890999809373, 0.6662903999967966, 0.6643177999940235, 0.6660524000180885, 0.6639115999860223, 0.6645081999886315, 0.7352811000018846, 0.6760400999919511, 0.6728696000063792, 0.6661003999761306, 0.6644285000220407, 0.6711617999826558, 0.6683980999805499, 0.6678064999869093, 0.6638852000178304, 0.6707470999972429, 0.6678911999915726, 0.6771343000000343, 0.6760667999915313, 0.6755972999962978, 0.6768339000118431, 0.674090000014985, 0.6656443999963813, 0.6631285999901593],