{"nuitka": {"warmup": [0.8645517999975709, 0.8351322000089567, 0.8352834000106668, 0.8370998999889707, 0.8385810000036145, 0.8385037999978522, 0.8372403000103077, 0.8375573000084842, 0.8351208999956725, 0.8346795000106795, 0.8384022999962326, 0.8367282000108389, 0.8384797000035178, 0.8382396999950288, 0.8350718000001507, 0.8344280000019353, 0.8329460999957519, 0.8393323999916902, 0.8360036999947624, 0.8333656000031624, 0.8358024999906775, 0.8328286999894772, 0.8391591000108747, 0.8423004000069341, 0.8395083999930648, 0.8368239999981597, 0.8341488000005484, 0.8371218999964185, 0.8387318999884883, 0.8343253999919398, 0.8355128999974113, 0.8346982000075513, 0.8436344000074314, 0.8337714999943273, 0.839221300004283, 0.8376461000007112, 0.8409987000050023, 0.8369279999897117, 0.8355453999974998, 0.8357111999939661, 0.8556717000028584, 0.8348897000105353, 0.8360788999998476, 0.8388109000079567, 0.837350100002368, 0.8408001000061631, 0.8462578000035137, 0.8342093999963254, 0.8397226999950362, 0.8358947999950033, 0.8401531999988947, 0.8356414000008954, 0.8405065000115428, 0.8363001999969129, 0.8418362000084016, 0.8376952999969944, 0.8367706999997608, 0.8407974000001559, 0.8386483999929624, 0.8375770999991801, 0.8324943000043277, 0.8353078999934951, 0.8478293000080157, 0.8385973999975249, 0.8357404999987921, 0.838443599990569, 0.8330062000022735, 0.837337100005243, 0.8355275000067195, 0.8361513999989256, 0.8464793000021018, 0.8345982000028016, 0.8382025000028079, 0.8382764999987558, 0.8367049999942537, 0.8399254000105429, 0.8437313999893377, 0.8330140000034589, 0.8373832999932347, 0.840798100005486, 0.838927299992065, 0.8360686000087298, 0.836329099998693, 0.8357669999968493, 0.8349469999957364, 0.8434155999857467, 0.8350500999949872, 0.8356082000100287, 0.8363481999986107, 0.8404321000125492, 0.8367362999997567, 0.8409040999977151, 0.8326232999970671, 0.8354007000016281, 0.8338226000050781, 0.8353720000013709, 0.8406925999879604, 0.8368210000044201, 0.8334618999942904, 0.8355950999975903], "benchmark": [0.8379653000010876, 0.8343005000060657, 0.8330048999923747, 0.8431782999978168, 0.833492000005208, 0.8343063999927836, 0.8347905999980867, 0.8396930000017164, 0.835333900002297, 0.8345348000002559, 0.8327397999964887, 0.8338210999936564, 0.835974299989175, 0.8358841000008397, 0.8439727000077255, 0.8396272999962093, 0.8343220999959158, 0.8326694999996107, 0.8389009999955306, 0.8388639999902807, 0.8362788000085857, 0.8371974000037881, 0.835890800008201, 0.8407199000066612, 0.8359689000062644, 0.8442416999896523, 0.8380601000098977, 0.8353426000103354, 0.8483818999957293, 0.8365850999980466, 0.838922700000694, 0.8367145000083838, 0.8377497000037692, 0.8375720000040019, 0.8335106000013184, 0.8367298999946797, 0.8579211000032956, 0.834915599989472, 0.83773199999996, 0.8356862000073306, 0.8397811999893747, 0.8362461000069743, 0.8408987000002526, 0.8413563999929465, 0.8471340999967651, 0.8414606000005733, 0.8372374999889871, 0.8333414999942761, 0.8341141000128118, 0.8341371999995317, 0.8388397999951849, 0.8403856000077212, 0.8362357999867527, 0.8364075999998022, 0.8366984000022057, 0.8382017000112683, 0.8366747999971267, 0.833722300012596, 0.8372091999917757, 0.8385008000041125, 0.8341479999944568, 0.8450192000018433, 0.8389497000025585, 0.882649000006495, 0.8381576000101632, 0.8356283000030089, 0.8390724000055343, 0.8356545999995433, 0.8379475999972783, 0.8380178999941563, 0.832357499995851, 0.8391269999992801, 0.8363373000029242, 0.8348074000095949, 0.8379019999993034, 0.8434901000000536, 0.8450106000091182, 0.8421619000000646, 0.8338004999968689, 0.8384510000032606, 0.8377007000090089, 0.8367719999951078, 0.8397241000056965, 0.8369601000013063, 0.8352558000042336, 0.838100500011933, 0.8503577999945264, 0.8360134999966249, 0.8355451000097673, 0.8380876000010176, 0.8339533000107622, 0.8377944999956526, 0.8381862000096589, 0.8382099000009475, 0.8334613000042737, 0.8371362000034424, 0.8413522999908309, 0.8350291999959154, 0.8375056999939261, 0.834346400006325]}, "cpython": {"warmup": [0.7978650000004563, 0.8034944999963045, 0.800747200002661, 0.7947661999933189, 0.7962860999978147, 0.8377896000019973, 0.7914894000132335, 0.7965866000013193, 0.7953909000061685, 0.7933085000113351, 0.7952414000028512, 0.7966937000019243, 0.7948913000000175, 0.8025673000083771, 0.7953355000063311, 0.7919074000092223, 0.7935657000052743, 0.7958363999932772, 0.8035123000008753, 0.8113098000030732, 0.8157115999929374, 0.7932881999877281, 0.7977459999965504, 0.8066265000088606, 0.8115579999866895, 0.8868893000035314, 0.8230108999996446, 0.8176761999930022, 0.8015810999932, 0.8029098999977577, 0.7928431999898748, 0.7946276000002399, 0.7936067999980878, 0.8336540000018431, 0.7991352000099141, 0.7943885999993654, 0.7952190000069095, 0.8064163999952143, 0.8022359000024153, 0.8378243000042858, 0.8044225000048755, 0.7937314000009792, 0.8108955000061542, 0.7924638999975286, 0.7930963999970118, 0.8051462000003085, 0.7998179999995045, 0.8023831000027712, 0.7924360999895725, 0.7986586000042735, 0.8012205999984872, 0.8049866000073962, 0.7979771999962395, 0.7989131000067573, 0.7910983000037959, 0.793433200000436, 0.7985388999950374, 0.7932325000001583, 0.8141388999938499, 0.7927315000124509, 0.7943310999980895, 0.7921597000095062, 0.7953266999975313, 0.7953191999986302, 0.8098200999957044, 0.8025936000049114, 0.8245667000010144, 0.8197375000017928, 0.7950693000020692, 0.796730000001844, 0.7955452999885892, 0.7944183000072371, 0.7989927000016905, 0.7938974999997299, 0.7949113999929978, 0.7969570999994176, 0.7986188999930164, 0.7978470000089146, 0.7948429000098258, 0.8101774000097066, 0.7946289999963483, 0.8047286000073655, 0.8046930999989854, 0.7937335000024177, 0.8164319000061369, 0.7912175999954343, 0.796538700000383, 0.8068166000011843, 0.7978356999956304, 0.7943097000097623, 0.794045599992387, 0.7974771000008332, 0.7930692999943858, 0.8369413999898825, 0.7924921999947401, 0.7907574999990175, 0.8007034000038402, 0.8047809000127017, 0.7948598000075435, 0.8041550999914762],