{"nuitka": {"warmup": [0.814081200005603, 0.8057902000000468, 0.8085509999946225, 0.7925799999939045, 0.7968147999927169, 0.8018368000048213, 0.7917301000125008, 0.8056049000006169, 0.7944458999991184, 0.792615600003046, 0.794907500006957, 0.8041856000054395, 0.801226299998234, 0.7973991000035312, 0.796922599998652, 0.7951255000079982, 0.793067799997516, 0.8010007000120822, 0.8129468000115594, 0.7972131999995327, 0.7965544999897247, 0.7971296000032453, 0.8060281999933068, 0.79668899999524, 0.7961819000047399, 0.8005080000002636, 0.8076117999880807, 0.7994690000050468, 0.7967283999896608, 0.799151700004586, 0.7971700000052806, 0.8033089999953518, 0.7984697999927448, 0.7961082999972859, 0.8068390000116779, 0.8031687000038801, 0.7978536000009626, 0.8024855999974534, 0.7945245000009891, 0.7938076999998884, 0.794997399993008, 0.7956903999875067, 0.7943533000070602, 0.794657600010396, 0.793734000006225, 0.8126878000039142, 0.7930376000003889, 0.7964259000000311, 0.7903327000094578, 0.7906158999976469, 0.795792499993695, 0.7929005000041798, 0.7928991999942809, 0.7929211000009673, 0.791050500003621, 0.8036494999978459, 0.7918142999988049, 0.7947439999989001, 0.7928648999950383, 0.7926386000035563, 0.7923050999961561, 0.7925613999977941, 0.7942959000065457, 0.8000827000068966, 0.7901982000039425, 0.7967676999978721, 0.7934835999913048, 0.7911840000015218, 0.7977031000045827, 0.7990233000018634, 0.7982329999940703, 0.7919982000021264, 0.7938072000106331, 0.8014764999970794, 0.8022599999967497, 0.8037263000005623, 0.7930182999989484, 0.791961299997638, 0.7929380999994464, 0.7965181000035955, 0.7901369000028353, 0.7968227999954252, 0.7937288000102853, 0.7905289000045741, 0.7948755000106758, 0.7943939999968279, 0.7993882000009762, 0.7942503000085708, 0.7927157999947667, 0.7932823000010103, 0.7918702000024496, 0.7969315999944229, 0.7982372999977088, 0.7946654999977909, 0.7982767000066815, 0.7944180999911623, 0.7904899999994086, 0.7933469999989029, 0.792482500008191, 0.8005936999979895], "benchmark": [0.7959830000036163, 0.7945786000054795, 0.7926371000066865, 0.7957917000021553, 0.8031574000051478, 0.7917810999933863, 0.798445599997649, 0.7965180999890435, 0.8099522999982582, 0.797000599995954, 0.7939823999913642, 0.7948255999945104, 0.7987862000009045, 0.7982186000008369, 0.7914979999914067, 0.7941066999919713, 0.7923204999970039, 0.7946858999930555, 0.7933545999985654, 0.7927974999911385, 0.7908183999970788, 0.7965161999891279, 0.793757799998275, 0.7924692999949912, 0.8011735000036424, 0.7935563999926671, 0.7925891000049887, 0.7923148999980185, 0.7962950999935856, 0.7970414000010351, 0.7907469000056153, 0.7935618000046816, 0.7898140999895986, 0.7975249000010081, 0.7895729999872856, 0.798342699999921, 0.7976831999985734, 0.7976200999983121, 0.7982998999941628, 0.7974214999994729, 0.7960923000064213, 0.7949738000024809, 0.7987427000043681, 0.7915933000040241, 0.7923883999901591, 0.79115869999805, 0.7990903000027174, 0.8030219000065699, 0.7933122000104049, 0.8062583999999333, 0.7954546999972081, 0.7935903000034159, 0.7905080000055023, 0.7979488999990281, 0.796616499996162, 0.794419799989555, 0.798736500000814, 0.7974440999969374, 0.795357499999227, 0.7939872999995714, 0.7907409000035841, 0.8102390999993077, 0.7961511000030441, 0.7922685999947134, 0.7944349000026705, 0.7972910999960732, 0.7940814000030514, 0.7931558999989647, 0.7903803999943193, 0.7964081999962218, 0.800779600001988, 0.7941059000004316, 0.8041571999929147, 0.7914304000005359, 0.8004265999916242, 0.7958884999970905, 0.7920765000017127, 0.7931586999911815, 0.7963141000072937, 0.795168199998443, 0.7967989000026137, 0.7944070000085048, 0.7921446999971522, 0.7984660000074655, 0.7891617999994196, 0.7960353999951622, 0.7931616999994731, 0.7938381999992998, 0.793150900004548, 0.7929384000017308, 0.7928866000002017, 0.7943482999980915, 0.7932739999960177, 0.79662309998821, 0.7967227999906754, 0.7941934000118636, 0.7930996999930358, 0.7993354999925941, 0.7938970999966841, 0.7916198000020813]}, "cpython": {"warmup": [0.9599785000027623, 0.9593328999908408, 0.9715204999956768, 0.9479198000044562, 0.9575125000119442, 0.9543881999998121, 0.9558026000013342, 0.9506459000112955, 0.9489333999954397, 0.9497894999949494, 0.9512266000092495, 0.9468983000115259, 0.9530459999950835, 0.9480810000095516, 0.9496765000076266, 0.9507961999916006, 0.9471932000014931, 0.952123399998527, 0.9512046999880113, 0.9566420999908587, 0.9472474999929545, 0.9519734000059543, 0.9494645999948261, 0.9547856999997748, 0.951434300004621, 0.949345999993966, 0.9513302999985171, 0.9515755000029458, 0.9502896999911172, 0.9472291999991285, 0.9489017000014428, 0.9503875000082189, 0.9531832999928156, 0.9547338999982458, 0.9542944999993779, 0.9449715999944601, 0.9487477999937255, 0.9465386999945622, 0.9504356000106782, 0.9515256000013324, 0.949485499993898, 0.957525199992233, 0.9492507000104524, 0.9482655999890994, 0.9461500999896089, 0.9526691999926697, 0.952991900005145, 0.9473744000133593, 0.9552411000040593, 0.9509394999913638, 0.9497596000001067, 0.9458725000004051, 0.9471985999989556, 0.9532141999952728, 0.9485398999968311, 0.9505150000040885, 0.9534232000005431, 0.9524421999958577, 0.9992206999886548, 0.9555059999984223, 0.9501142999943113, 0.9516596000030404, 0.9527619000000414, 0.9588075999927241, 0.9524913000059314, 0.9662896999943769, 0.9557580999971833, 0.9527262999908999, 0.9626519000012195, 0.9548781000048621, 0.9566942999954335, 0.9482276000053389, 0.9488105000054929, 0.9601460000121733, 0.9490134999941802, 0.9543530999944778, 0.9536377000040375, 0.948579099989729, 0.9451704999955837, 0.9468259999994189, 0.9512784999969881, 0.9464853000099538, 0.9546401999978116, 0.9501922000054037, 0.9481022999971174, 0.9461046999931568, 0.9475310999987414, 0.9498449999955483, 0.9490551999915624, 0.9518996999977389, 0.9593429999949876, 0.9480722000007518, 0.9500537999992957, 0.9531406000023708, 0.9481253999983892, 0.9497572999971453, 0.9462248999916483, 0.9520496999903116, 0.9583258000056958, 0.9497850999905495],