{"nuitka": {"warmup": [1.2245755000003555, 1.2187592999980552, 1.194757799999934, 1.2070389000000432, 1.2066870999988168, 1.2058332999986305, 1.2199106000007305, 1.203424700001051, 1.1993556000015815, 1.2066613999995752, 1.2112769999985176, 1.221326400001999, 1.204238999998779, 1.2107441999978619, 1.2045727000004263, 1.216491400002269, 1.2087917999997444, 1.2100791000011668, 1.20330549999926, 1.2283577000016521, 1.2155886000000464, 1.2080109000016819, 1.202606900002138, 1.2051320000027772, 1.2087185999989742, 1.2009179999986372, 1.2055026999987604, 1.2104084999991755, 1.2080731999994896, 1.2019536000007065, 1.2034113000008801, 1.198876200000086, 1.2020349000013084, 1.2073883999983082, 1.2169939000013983, 1.2035161999992852, 1.209604900002887, 1.2102721000010206, 1.2022490999988804, 1.20269769999868, 1.192831300002581, 1.2044085999987146, 1.1964918000012403, 1.2242741999980353, 1.2101555000008375, 1.213854600002378, 1.2016946000003372, 1.2082424000000174, 1.2092852999994648, 1.2043706000004022, 1.20541779999985, 1.208909600001789, 1.2139991000003647, 1.2125539000007848, 1.2144273000012618, 1.203134499999578, 1.20651700000235, 1.2154807999977493, 1.2167746000013722, 1.207898299999215, 1.2064588000030199, 1.2050906000004034, 1.2194621999988158, 1.1958874999982072, 1.2122629999976198, 1.2086903999988863, 1.1985862999972596, 1.2089310999981535, 1.212481200000184, 1.2054209000016272, 1.2247723000000406, 1.2236737999992329, 1.2123890000002575, 1.2064108999984455, 1.211194900002738, 1.2034220999994432, 1.2213248999978532, 1.2112625999980082, 1.2073184000000765, 1.1950782999992953, 1.2041650999999547, 1.211189400000876, 1.1979351000009046, 1.2082231999993382, 1.2202895000009448, 1.2026412000013806, 1.2020335999986855, 1.2150141000020085, 1.2225266999994346, 1.2095297000014398, 1.2050464999992982, 1.2127159999981814, 1.2040267999982461, 1.207933800000319, 1.2010423000028823, 1.2061748000014632, 1.2064372999993793, 1.2051165000011679, 1.2105332999999519, 1.2041191999996954], "benchmark": [1.2092507999986992, 1.2004500000002736, 1.2030583999985538, 1.2096530999988317, 1.2002375000010943, 1.2016227999993134, 1.2085867999994662, 1.2115115999986301, 1.2197076999982528, 1.2080014000021038, 1.2102379999996629, 1.2058579000004102, 1.2097732000001997, 1.2090705999980855, 1.212196500000573, 1.2049158999980136, 1.2152107000001706, 1.2173695999990741, 1.2320271999997203, 1.2078325000002224, 1.2035606000026746, 1.2138546999995015, 1.205746800002089, 1.2079818000020168, 1.2004974999981641, 1.20604209999874, 1.2213126999995438, 1.2058171999997285, 1.2103281000017887, 1.2066852999996627, 1.205781399999978, 1.2144007999995665, 1.2049237999999605, 1.269310299998324, 1.2050917999986268, 1.227654899998015, 1.204844599997159, 1.2089307000023837, 1.2043706999975257, 1.2112700000034238, 1.2135554999986198, 1.217558000000281, 1.198310499999934, 1.1986074000014924, 1.196762799998396, 1.2033856000016385, 1.2166606000027969, 1.213960799999768, 1.2314631000008376, 1.2125011999996786, 1.216326299996581, 1.217979999997624, 1.1933844000013778, 1.214596799996798, 1.209605100000772, 1.2034099000011338, 1.2059401000005892, 1.211256399998092, 1.2088579000010213, 1.2243439000012586, 1.2105671999997867, 1.2024582000012742, 1.218005800001265, 1.2076565999996092, 1.201270999998087, 1.2122001999996428, 1.205527099999017, 1.2099463999984437, 1.2013503999987734, 1.2060536999997566, 1.205373900000268, 1.2172395999987202, 1.2263043000020843, 1.217235600001004, 1.2121194999999716, 1.215761300001759, 1.2040495000001101, 1.2071532000009029, 1.2029136999990442, 1.2048040999980003, 1.2098779000007198, 1.202111499998864, 1.2157531999982893, 1.1971634999972594, 1.2056407000018226, 1.2002044000000751, 1.2051926000021922, 1.2226035999992746, 1.2060683999989124, 1.210180100002617, 1.2035992000019178, 1.2049288000016531, 1.1986571999987063, 1.1999453999997058, 1.2157804999988002, 1.2117072000000917, 1.208267199999682, 1.2305834999970102, 1.216583299999911, 1.2110745999998471]}, "cpython": {"warmup": [1.7392397000003257, 1.722415500000352, 1.7230626999989909, 1.7305099000004702, 1.7291273999981058, 1.7240873999980977, 1.798951799999486, 1.7234946000025957, 1.72764190000089, 1.7226593999985198, 1.7236432999998215, 1.7257223999986309, 1.7210285000001022, 1.734123999998701, 1.7335621000020183, 1.722292099999322, 1.7220665000022564, 1.7193541000015102, 1.7172931999994034, 1.7246864999979152, 1.7235852999983763, 1.7287670999976399, 1.7287098999986483, 1.752188300000853, 1.7341779000016686, 1.723256000001129, 1.724342899997282, 1.7367596000003687, 1.7233625999979267, 1.7387832999993407, 1.7205911000019114, 1.727736900000309, 1.7239520000002813, 1.7277113999989524, 1.7131415000003472, 1.7384997999979532, 1.7374307999998564, 1.7227352999980212, 1.726946400001907, 1.7244952000000922, 1.7272090000005846, 1.7374405999980809, 1.7246735000007902, 1.718103200000769, 1.74410209999769, 1.7249544000005699, 1.725384800000029, 1.7278958999995666, 1.7294105000000854, 1.7200009000007412, 1.731916500000807, 1.730497299999115, 1.736314500001754, 1.729192899998452, 1.7228714000011678, 1.7157359000011638, 1.7224994999996852, 1.7161373000017193, 1.7304938999986916, 1.739511499999935, 1.733015300000261, 1.7268454000004567, 1.7285795000025246, 1.7159653000016988, 1.7181121000030544, 1.734021500000381, 1.7276694000029238, 1.7264243999998143, 1.7242044000013266, 1.7270066000019142, 1.7205472000023292, 1.733383099999628, 1.724196999999549, 1.7241393000003882, 1.729457100002037, 1.7387774000017089, 1.7437657000009494, 1.7324072999981581, 1.7297940999997081, 1.7283916999986104, 1.7232924999989336, 1.7330223999997543, 1.734732000000804, 1.7189909000007901, 1.7254219000024023, 1.7298755000010715, 1.7162360000002082, 1.7331574999989243, 1.7161863000001176, 1.7241317000007257, 1.7340755999975954, 1.7217292000023008, 1.713833900001191, 1.7362671000009868, 1.722913100002188, 1.7355303000003914, 1.7292741000019305, 1.717117899999721, 1.7363373000007414, 1.7253664999989269], "benchmark": [1.7202268000000913, 1.7231087000000116, 1.7298745999978564, 1.7228216000003158, 1.717934399999649, 1.7263113000008161, 1.7240223000007973, 1.7168467000010423, 1.7182218999987526, 1.768222099999548, 1.7243097999999009, 1.722087800000736, 1.7207276999979513, 1.717001100001653, 1.738162800000282, 1.7407492999991518, 1.7271352000025217, 1.7208189999983006, 1.734224700001505, 1.7337719000024663, 1.727872400002525, 1.718057999998564, 1.726496600000246, 1.7271265000017593, 1.7301797000000079, 1.741727600001468, 1.7407804999966174, 1.734244300001592, 1.7308823999992455, 1.7279063999994833, 1.734168300001329, 1.7222801000025356, 1.7293773999990663, 1.7257782999986375, 1.754486400001042, 1.7233519000001252, 1.730991600001289, 1.7328674999989744, 1.7225109999999404, 1.720453500001895, 1.7297150000013062, 1.7157618000019283, 1.7300493000002461, 1.7284744000025967, 1.7259365999998408, 1.738122900002054, 1.7198685000003024, 1.7328426999993098, 1.7256269000026805, 1.7343615999998292, 1.7327045999991242, 1.736589999996795, 1.7192218999989564, 1.7279908999989857, 1.7310216000005312, 1.7303389999979117, 1.7229456999994, 1.7135037999978522, 1.7345363999993424, 1.7339883999993617, 1.7283822999997938, 1.719951699997182, 1.7201567000010982, 1.7244071000022814, 1.7502018000013777, 1.7194425999987288, 1.7332453999988502, 1.7238141000016185, 1.7137566999990668, 1.7266406000017014, 1.732139100000495, 1.7338033999985782, 1.720950900002208, 1.725059099997452, 1.724880800000392, 1.7260631999997713, 1.7155793000019912, 1.726666300000943, 1.7216106000014406, 1.7261646000006294, 1.7325555000024906, 1.7327301000004809, 1.7295458000007784, 1.721679199999926, 1.764589700000215, 1.724924699999974, 1.7245460000012827, 1.721494100002019, 1.7157709000020986, 1.7422883999970509, 1.720535500000551, 1.7202983999995922, 1.7301296000005095, 1.7327555000010761, 1.7225571000017226, 1.737138500000583, 1.7285174999997253, 1.7195666000006895, 1.7224433999981557, 1.718349800001306]}}