{"nuitka": {"warmup": [1.3577629000064917, 1.3344676999986405, 1.347152799993637, 1.3402923999965424, 1.34204740000132, 1.368934000012814, 1.3478608000004897, 1.3395710999902803, 1.332687199988868, 1.3429469999973662, 1.3336182000057306, 1.3462829000054626, 1.3827590000000782, 1.3573195999924792, 1.3450504999927944, 1.3650071999873035, 1.3437949999934062, 1.3306503000058, 1.3406600000016624, 1.3774963000032585, 1.3312854999967385, 1.3342039999988629, 1.3292903999972623, 1.348138100001961, 1.3399605000013253, 1.3309685999993235, 1.3540000999928452, 1.3822183000011137, 1.3357054999942193, 1.3590889999904903, 1.3504860999964876, 1.3386238000093726, 1.3551605000102427, 1.3359359000023687, 1.3373067999928026, 1.3354437000089092, 1.3375418999930844, 1.3372865999990609, 1.3460747000062838, 1.3380347000056645, 1.3605255000002217, 1.325021700002253, 1.344042199998512, 1.3321309000020847, 1.3301935999916168, 1.3531270000094082, 1.3457597000087844, 1.3455647000082536, 1.3271029999887105, 1.3532134999986738, 1.3443667000101414, 1.3485094999923604, 1.35889170000155, 1.3345759000076214, 1.3460168999881716, 1.3620260000025155, 1.3291795999975875, 1.339476699999068, 1.3309003000031225, 1.3389941999921575, 1.3290781999967294, 1.3483215000014752, 1.339882200001739, 1.341179099996225, 1.3355964999936987, 1.327432999998564, 1.3349329000047874, 1.3380853999988176, 1.3509272999945097, 1.3462206999975024, 1.345148499996867, 1.3329475000064122, 1.3493358999985503, 1.3496974000008777, 1.3624061999871628, 1.3556017999944743, 1.3348488000046927, 1.3435289000044577, 1.3174226999981329, 1.3313198999967426, 1.347213200002443, 1.3481430000101682, 1.3443511000077706, 1.3582542999938596, 1.3682812000042759, 1.3673858999973163, 1.338167900001281, 1.334745700005442, 1.3634368999919388, 1.3566042000020389, 1.3442437000048812, 1.3405714999971678, 1.368429299996933, 1.3418491999909747, 1.3383098999911454, 1.343745799997123, 1.3484514000010677, 1.3484735999954864, 1.3408251000073506, 1.3544319000066025], "benchmark": [1.3458896999945864, 1.335184499999741, 1.338157999998657, 1.340699799999129, 1.3470993999944767, 1.338121000007959, 1.3301095999922836, 1.336684800000512, 1.3374542000092333, 1.332530500003486, 1.347587600001134, 1.3480447000038112, 1.359131500008516, 1.3597771000058856, 1.3533139000064693, 1.3496678999945289, 1.3659183999989182, 1.3757909999985714, 1.3638109999883454, 1.3382217999896966, 1.3508322999987286, 1.355910700003733, 1.361801299994113, 1.3695870000083232, 1.399792800002615, 1.3411140000098385, 1.3393496000062441, 1.3361208999995142, 1.3362801000039326, 1.342631799998344, 1.3370521999895573, 1.3416274000046542, 1.3444371000077808, 1.3452385999989929, 1.3440684999950463, 1.3367340999975568, 1.3378969000041252, 1.343300199994701, 1.348312199988868, 1.355142500004149, 1.3401197000057437, 1.3286477000074228, 1.3549563999986276, 1.351312600003439, 1.38542900000175, 1.3475080999924103, 1.338046699995175, 1.3362429999979213, 1.3683119000052102, 1.3453128000110155, 1.349823099997593, 1.3823936999979196, 1.3361803000007058, 1.3279051999998046, 1.3477280999941286, 1.3357314000022598, 1.3589147000020603, 1.3485291999968467, 1.3380702000140445, 1.354899400001159, 1.3430455000052461, 1.3502338999969652, 1.330512300002738, 1.3519509000034304, 1.3489477999974042, 1.3448189999908209, 1.3357775999902515, 1.344023700003163, 1.3532589999958873, 1.339287200011313, 1.3321032999956515, 1.368520100004389, 1.3475543000095058, 1.3319483999948716, 1.357465000008233, 1.3389567999984138, 1.3407116000016686, 1.3389256999944337, 1.3385590999969281, 1.3622348999924725, 1.3556645000062417, 1.3232111999968765, 1.33602719999908, 1.3459918000007747, 1.3556105000025127, 1.3406614999985322, 1.3251576000038767, 1.3519613000098616, 1.349969200004125, 1.349460800003726, 1.3487392000097316, 1.3406667999952333, 1.3587491000071168, 1.3283121999993455, 1.347711900001741, 1.3252659999998286, 1.346953800006304, 1.3556457000086084, 1.334472700007609, 1.3435981000075117]}, "cpython": {"warmup": [1.2538146000006236, 1.1967642000090564, 1.1987726999941515, 1.247968800002127, 1.2019497000001138, 1.2452437000029022, 1.2351944999973057, 1.1997051000071224, 1.204723600007128, 1.2301585000095656, 1.2139554000023054, 1.1918792000069516, 1.2122308999969391, 1.3048802999983309, 1.2448535000003176, 1.21017920000304, 1.201954600008321, 1.2314691000065068, 1.2206672000029357, 1.1972023999987869, 1.2002323000051547, 1.2310444000031566, 1.2285501000005752, 1.2228800000011688, 1.245474399998784, 1.21045199999935, 1.2044763999874704, 1.2266346999967936, 1.2297849000024144, 1.1999737000005553, 1.2409094000031473, 1.2058603999903426, 1.2268241999991005, 1.2192192999937106, 1.2111663999967277, 1.2116880000103265, 1.2260076999955345, 1.21318639999663, 1.233314099998097, 1.22820430000138, 1.2226820000068983, 1.2140130000043428, 1.193497300002491, 1.252276900006109, 1.22600669998792, 1.21917910000775, 1.2378379000001587, 1.2024252000119304, 1.2229757999884896, 1.191665499994997, 1.2098887999891303, 1.198405899995123, 1.1985786000004737, 1.22385339999164, 1.2323462999920594, 1.2276610999979312, 1.2325968999939505, 1.2023791999963578, 1.1958385000034468, 1.2034482000017306, 1.2039892000029795, 1.2115498000057414, 1.2151063000055728, 1.2416177999984939, 1.202515199998743, 1.2269579999992857, 1.2305349999951432, 1.2012693999859039, 1.2318121999996947, 1.2297577999997884, 1.2189521999971475, 1.234125100003439, 1.210424899996724, 1.2114484000048833, 1.2015344000101322, 1.2061878999957116, 1.2194613000028767, 1.2189887999993516, 1.2129929999937303, 1.2124451999989105, 1.2189154000079725, 1.2054379000037443, 1.2636199999978999, 1.2223038000083761, 1.2132871000067098, 1.238491399999475, 1.2047558999911416, 1.2416106999880867, 1.238409199999296, 1.2066802000044845, 1.2203262000111863, 1.2159114000096451, 1.2065220000076806, 1.2133501999924192, 1.2322216000029584, 1.2328613999998197, 1.2246326999884332, 1.2033965999871725, 1.2288864000001922, 1.2055815999920014], "benchmark": [1.2394226000033086, 1.2148778999981005, 1.199895400000969, 1.250956199990469, 1.237822100010817, 1.2063483000092674, 1.2053774999949383, 1.212024399996153, 1.2408597000030568, 1.2129652000003261, 1.2080091999960132, 1.231395099996007, 1.2229997999966145, 1.1990070000028936, 1.2468474999914179, 1.213636900007259, 1.2106714000110514, 1.2108699999953387, 1.204456300009042, 1.211920799993095, 1.19673719999264, 1.2042982999992091, 1.2292654999910155, 1.2091186000034213, 1.2193346999993082, 1.2133678999962285, 1.2313718999939738, 1.212504800001625, 1.2329222000116715, 1.2004920000035781, 1.205660000006901, 1.2387502000055974, 1.248051700007636, 1.2441489999910118, 1.2298503999918466, 1.2275308999960544, 1.214417199997115, 1.2056004000041867, 1.2280532000004314, 1.219037599992589, 1.2189658999996027, 1.2038764999888372, 1.2242765000119107, 1.199597900005756, 1.222574600004009, 1.2473421000031522, 1.2104512000078103, 1.2089424000005238, 1.247183600004064, 1.2185925999947358, 1.2025535000138916, 1.2381720999983372, 1.224353700003121, 1.2010596000036458, 1.2119718000030844, 1.2324777000030736, 1.2057282000023406, 1.2206962000054773, 1.2414289000007557, 1.2064709000114817, 1.2169054999976652, 1.2211941999994451, 1.2143106000003172, 1.2311913000012282, 1.2339521999965655, 1.227128400001675, 1.2071310000028461, 1.1994013000075938, 1.22571670000616, 1.2459724999935133, 1.2107405999995535, 1.211892399995122, 1.1983818000007886, 1.2269916999939596, 1.2144836999941617, 1.2284354000003077, 1.1996062000107486, 1.231732699990971, 1.2437955999921542, 1.2486974999919767, 1.2255257000069832, 1.2009624999918742, 1.2150357000064105, 1.1972911999910139, 1.2202949000056833, 1.2297085000027437, 1.2235069000016665, 1.2350349000043934, 1.2172176000021864, 1.210292900010245, 1.204526799992891, 1.20728479999525, 1.2079994000087027, 1.20494769999641, 1.2098163000046043, 1.2419233999971766, 1.2591182999894954, 1.2105541999917477, 1.2140660000004573, 1.2162768000125652]}}