{"nuitka": {"warmup": [0.664002999998047, 0.6547739000088768, 0.6508605999988504, 0.6509384999953909, 0.6519565000053262, 0.6522849000029964, 0.6505674999934854, 0.6513572999974713, 0.6509345999947982, 0.6501759000093443, 0.650648299997556, 0.6504131999972742, 0.6541247999994084, 0.6517042999912519, 0.6534143000026233, 0.6511581999948248, 0.650784500001464, 0.6495833000080893, 0.6546200000011595, 0.6539768999937223, 0.6511580999940634, 0.6520709000033094, 0.6498773000057554, 0.6511787999916123, 0.6501239999925019, 0.6521645999891916, 0.6511787999916123, 0.6515617999975802, 0.6559502000018256, 0.6509006999986013, 0.6538192000007257, 0.6524269999936223, 0.655520999993314, 0.6516461999999592, 0.6521818000037456, 0.6523118000040995, 0.6563066999951843, 0.6532329999899957, 0.6516701999935322, 0.6521097000077134, 0.6562603999918792, 0.6527054000034695, 0.6520405000046594, 0.6555112000060035, 0.6587197000044398, 0.6504524999909336, 0.6542735000111861, 0.6530244000023231, 0.6531055999948876, 0.6535731000039959, 0.6532828000053996, 0.6538222999952268, 0.6532162000075914, 0.6582160999969346, 0.6522843999991892, 0.6542333999968832, 0.6548301000002539, 0.650930599993444, 0.6525880999979563, 0.6519322000094689, 0.6511763999878895, 0.6522931999934372, 0.6566650000022491, 0.652272899998934, 0.6522077999979956, 0.6549968000035733, 0.6592998999985866, 0.6562677000038093, 0.6520877000002656, 0.6511552000010852, 0.6528946999897016, 0.653280900005484, 0.6523155999893788, 0.6551260999985971, 0.6527125999855343, 0.6533217999967746, 0.6532412999949884, 0.6550803999998607, 0.6545659999974305, 0.653617399992072, 0.6537035999936052, 0.6525526000041282, 0.6527733999973862, 0.6568163000047207, 0.6522324999968987, 0.6526224999979604, 0.6543857999931788, 0.6539514999894891, 0.6525996999989729, 0.6533439999911934, 0.6528486000024714, 0.6561121000122512, 0.653723399998853, 0.6528442999988329, 0.6545749999932013, 0.6567751000111457, 0.6510830000042915, 0.651148099990678, 0.6552649999939604, 0.6537333000014769], "benchmark": [0.653372800006764, 0.6535868000064511, 0.651464999988093, 0.6516112000099383, 0.6519690999994054, 0.6524223000014899, 0.6577273000002606, 0.6539962000097148, 0.6529759999975795, 0.654100700005074, 0.652158299999428, 0.6532325000007404, 0.6503739999898244, 0.6524014000024181, 0.6599399000115227, 0.6523700999969151, 0.65363790000265, 0.654007899996941, 0.6582604999857722, 0.6514776999974856, 0.6585447999968892, 0.6502923999942141, 0.6536679999990156, 0.6541672000021208, 0.6516636000014842, 0.6514333999948576, 0.6533541999961017, 0.6534818000072846, 0.6538216999906581, 0.6547465000039665, 0.6534859999956097, 0.6517506999953184, 0.6513598000019556, 0.6539932000014232, 0.6508743000013055, 0.6543836999917403, 0.6504781999974512, 0.6534305999957724, 0.6649924999946961, 0.6543898999952944, 0.6531519999989541, 0.6508043000067119, 0.6512632999947527, 0.6508727000036743, 0.6531777000054717, 0.655274200005806, 0.6521240000001853, 0.6504343999986304, 0.6542300000000978, 0.6531282999931136, 0.652605900002527, 0.652739199998905, 0.6547151999984635, 0.6554614000051515, 0.6658798999997089, 0.6601897000073222, 0.6543053000059444, 0.6622385999944527, 0.6528862999984995, 0.6534232999983942, 0.659209399993415, 0.6581841000006534, 0.655789000011282, 0.6572769000049448, 0.6556184999935795, 0.6634015999879921, 0.6636108999955468, 0.653037600000971, 0.6541555999865523, 0.65536429999338, 0.6551961000077426, 0.6613395000022138, 0.6594539000070654, 0.6567497000069125, 0.6531668999959948, 0.6573136000079103, 0.6547851999930572, 0.6547624000086216, 0.6539015999878757, 0.654374400008237, 0.6540018999949098, 0.6573613999935333, 0.6522105999902124, 0.6540564999886556, 0.6540455999929691, 0.6539656999957515, 0.6601215999980923, 0.657836899990798, 0.6567075999919325, 0.6545206000009784, 0.6561161999998149, 0.6526310999906855, 0.6583532999939052, 0.6598134999949252, 0.6605659000051674, 0.6532359999982873, 0.6546426999993855, 0.6520662999973865, 0.6546874000050593, 0.6572697000083281]}, "cpython": {"warmup": [0.757868700005929, 0.7463748000009218, 0.7461887000099523, 0.7496514000085881, 0.7413725000078557, 0.7457045999908587, 0.7494183000089834, 0.7483508000004804, 0.7495572000043467, 0.7519315000099596, 0.7480116999940947, 0.7429065000033006, 0.7438301999936812, 0.7437683000025572, 0.7426846000016667, 0.7494557000027271, 0.7487537999986671, 0.7442562000069302, 0.7454117000015685, 0.7437591000052635, 0.743898699991405, 0.7448979999899166, 0.7430675000068732, 0.7420633000001544, 0.7486497000063537, 0.7485854000115069, 0.7410477000084938, 0.7410088000033284, 0.7422585999884177, 0.7417790000035893, 0.7421071999997366, 0.7471462999965297, 0.7526502999971854, 0.7482892000116408, 0.7435455000086222, 0.7447625000058906, 0.7434666000044672, 0.7506319999956759, 0.7504463000077521, 0.7487975999974879, 0.7422695999994176, 0.7465977999963798, 0.7413237000000663, 0.7407334000017727, 0.7401165000046603, 0.7432534999970812, 0.7399903999903472, 0.7401653999986593, 0.7383343999972567, 0.7473075000016252, 0.7389905000018189, 0.7390870999952313, 0.741108100002748, 0.7428420999931404, 0.7396904000052018, 0.7397696999978507, 0.739153400005307, 0.7382407000113744, 0.7371463000017684, 0.7397223000007216, 0.7391799999895738, 0.740234099997906, 0.7424624999985099, 0.7388523999979952, 0.7422301000042353, 0.738854099996388, 0.7406977000064217, 0.7383369999879505, 0.7401775000034831, 0.7392154999979539, 0.7416350999992574, 0.7377040999999736, 0.7411629000125686, 0.7387148999987403, 0.7425583000003826, 0.7385721000027843, 0.7401585999905365, 0.7399762999993982, 0.7393807000044035, 0.7388159999973141, 0.7411342999985209, 0.7437358000024687, 0.7422437999921385, 0.7395562999881804, 0.7402847000048496, 0.7398299000051338, 0.7396399999997811, 0.7424468999961391, 0.7379503000120167, 0.7390497000014875, 0.7414940999879036, 0.7392056999960914, 0.740679700000328, 0.7401207000075374, 0.7392881999985548, 0.7376972000056412, 0.7423642999929143, 0.7399694999912754, 0.7377814000064973, 0.7385690000082832],