{"nuitka": {"warmup": [0.7372437000012724, 0.712884499997017, 0.7123097000003327, 0.7143324999924516, 0.713460800005123, 0.7134672999964096, 0.710055999996257, 0.7119267000089167, 0.7128171999938786, 0.713748599999235, 0.7133128999994369, 0.7129368999885628, 0.714494999992894, 0.7092593999987002, 0.7133637000079034, 0.7128608000057284, 0.7090568999992684, 0.7171311999991303, 0.7134463999973377, 0.7118111999880057, 0.7112550000019837, 0.7119670000101905, 0.714847600000212, 0.712082999991253, 0.7123439999995753, 0.7120953999983612, 0.7117270000017015, 0.7120616000029258, 0.7139025999931619, 0.7137599000125192, 0.7145006000064313, 0.7118026999960421, 0.7124945999967167, 0.7136795999977039, 0.7120021999871824, 0.7148091999988537, 0.7107353000028525, 0.7148484000063036, 0.7125753000000259, 0.711420999999973, 0.7157242999965092, 0.7112471000000369, 0.7109733999968739, 0.7123223999951733, 0.7143826999963494, 0.7136921000055736, 0.7144035000092117, 0.7129107999935513, 0.7145466999936616, 0.7113681000046199, 0.7162336000037612, 0.7123174000007566, 0.711091299992404, 0.714958900003694, 0.7127646000008099, 0.713103800007957, 0.7118821000040043, 0.7154030999954557, 0.7148679999954766, 0.7141188999958104, 0.7148025000060443, 0.7136732000071788, 0.7102772000071127, 0.7112344000051962, 0.7117744999995921, 0.712387999999919, 0.7092754000041168, 0.7128204999899026, 0.710519000000204, 0.7118550999875879, 0.7120069000084186, 0.7150893999933032, 0.7119051000045147, 0.7116539999988163, 0.7101484999875538, 0.7152047999989009, 0.7120431999937864, 0.7133905999944545, 0.7132493999961298, 0.7134651000087615, 0.7104914999945322, 0.7150574999977835, 0.715772299998207, 0.7128536999953212, 0.7130425000068499, 0.7102627999993274, 0.7126455999969039, 0.7109918000060134, 0.7133981000079075, 0.7150438999960897, 0.710559999992256, 0.7130320999858668, 0.7109953000035603, 0.7092618000024231, 0.7134490000025835, 0.7150961000006646, 0.7124027999961982, 0.7113540999998804, 0.7118650000047637, 0.714050299997325], "benchmark": [0.7141168999951333, 0.7135635000013281, 0.7136248000024352, 0.7120095999998739, 0.7136335999966832, 0.7147410000034142, 0.7121150000020862, 0.7134376000030898, 0.7143236000119941, 0.7128946000011638, 0.7095678000041516, 0.713527800005977, 0.7144165000063367, 0.714446300000418, 0.7141249000123935, 0.7137220000004163, 0.7152149999892572, 0.7153117999987444, 0.7107034000073327, 0.7113440999964951, 0.712414900001022, 0.7134491999895545, 0.7121209000033559, 0.7123930000088876, 0.7126717999926768, 0.7125328999973135, 0.7117177000036463, 0.7132192999997642, 0.7123812000063481, 0.712689699998009, 0.7137308999954257, 0.7112827999953879, 0.7127353000105359, 0.710310299997218, 0.7156215000140946, 0.7129163999925368, 0.7110053000069456, 0.7135761999961687, 0.7127081000071485, 0.7139367999916431, 0.7148723999998765, 0.7122078999964288, 0.7137750999972923, 0.7149569000030169, 0.7152245000033872, 0.7165782000083709, 0.7165811000013491, 0.7130529999994906, 0.7156864999997197, 0.7110876999940956, 0.7149212000076659, 0.711707700000261, 0.7146014000027208, 0.7098909000051208, 0.7099997000041185, 0.714297099999385, 0.7100838999904227, 0.7113212999975076, 0.7123277000064263, 0.710548100003507, 0.7098478999978397, 0.7150951999938115, 0.7136142000090331, 0.713809000008041, 0.7132325999991735, 0.7129449999920325, 0.715374299994437, 0.7117201000073692, 0.7138929999928223, 0.7117992999992566, 0.7112201999989338, 0.7131132000067737, 0.712533900004928, 0.7125911999901291, 0.7139555000030668, 0.7131535999942571, 0.7134114000073168, 0.7179917999892496, 0.7154270000028191, 0.7117538000020431, 0.7152597999956924, 0.7122159999998985, 0.711557200003881, 0.7128949000034481, 0.7158521000092151, 0.7145429999945918, 0.713653599988902, 0.7117874000105076, 0.7118396000005305, 0.7135433000075864, 0.7130408000084572, 0.7126014000095893, 0.7143066999997245, 0.7127965999970911, 0.7105809999920893, 0.7108626999979606, 0.7150796000059927, 0.7120576000015717, 0.7117070000094827, 0.7135678000049666]}, "cpython": {"warmup": [0.7844515000033425, 0.7701410999870859, 0.7672454999992624, 0.7701579999993555, 0.7721980000060285, 0.770076099986909, 0.7681025000056252, 0.7703227000019979, 0.7740690999926301, 0.772450000004028, 0.7670273999974597, 0.769373999995878, 0.7695786999975098, 0.7676252999954158, 0.7729812000034144, 0.7678318999969633, 0.7705301999958465, 0.7727341000136221, 0.770588500003214, 0.7716226000047754, 0.7745509999949718, 0.7751673000020673, 0.7671541000017896, 0.7706802000029711, 0.7732412999903318, 0.7724917999876197, 0.7700207000016235, 0.7715331999934278, 0.7679776000004495, 0.7674371999892173, 0.7731354999996256, 0.7674699000053806, 0.7730981000058819, 0.7754966000065906, 0.7707700000028126, 0.7755534000025364, 0.7740695999964373, 0.7696806999883847, 0.7684307000017725, 0.7687667999998666, 0.7707149999914691, 0.7708344999991823, 0.7772748999996111, 0.768679599990719, 0.7691376000002492, 0.7717604999925243, 0.7734592000051634, 0.7754948000074364, 0.7675935000006575, 0.7680938000121387, 0.7757168999960413, 0.7740434000006644, 0.7695683000056306, 0.7715950000128942, 0.7681249000015669, 0.7763299000071129, 0.7711142000043765, 0.7742404000018723, 0.7677212999988114, 0.7722406000102637, 0.7704757000028621, 0.7695868000009796, 0.7697904999949969, 0.7709831999964081, 0.7737209999904735, 0.7667695999989519, 0.7713253999972949, 0.772205400004168, 0.7709253000066383, 0.7681643000105396, 0.7657518000050914, 0.7726341000088723, 0.7742622999940068, 0.7742742999980692, 0.7678078000026289, 0.772328799997922, 0.7700970000005327, 0.7745735000062268, 0.7754706999985501, 0.770648199992138, 0.7700393999984954, 0.7659401999990223, 0.7679404000082286, 0.7705096000136109, 0.7743273999949452, 0.771200699993642, 0.7722256999986712, 0.7742263999971328, 0.76927109999815, 0.773425599996699, 0.7760711000009906, 0.7767118000047049, 0.7737537999928463, 0.7701973000075668, 0.773879800006398, 0.7713438999926439, 0.7695345000101952, 0.7704417000059038, 0.7715208999870811, 0.7678525999945123],