{"nuitka": {"warmup": [0.6737605000089388, 0.6597173999907682, 0.6562200999906054, 0.6538795000087703, 0.6589268000097945, 0.6546484999998938, 0.6534755000029691, 0.65615589999652, 0.6546010000020033, 0.6539138000080129, 0.6516643999930238, 0.6551095999893732, 0.6545741999871098, 0.6530723000032594, 0.6560045999940485, 0.6534721999923931, 0.6529449999943608, 0.6540717000025325, 0.652810400002636, 0.6528245999943465, 0.6556009999912931, 0.6534329999994952, 0.652875399988261, 0.6520849999942584, 0.6544388999900548, 0.6546347999974387, 0.6547967000078643, 0.6518799000041327, 0.656961600005161, 0.6546390000003157, 0.6541978000022937, 0.6586321000067983, 0.6528569999936735, 0.6536922999948729, 0.6546809999999823, 0.6532654999900842, 0.6548182999977143, 0.6560421999893151, 0.6527559000096517, 0.655054899994866, 0.6586586999910651, 0.6523798999987775, 0.6570206999895163, 0.6557164999976521, 0.6523335000092629, 0.6536954000039259, 0.6571153000113554, 0.6527296999993268, 0.6527415000018664, 0.6541833000082988, 0.6535489999951096, 0.6536766999925021, 0.6570715999987442, 0.6527344999922207, 0.6578860000008717, 0.6540925000008428, 0.6542264000017894, 0.6547636000032071, 0.6545868999965023, 0.6546812000015052, 0.657339099998353, 0.656716099998448, 0.6543619000003673, 0.6566105999954743, 0.6528030000044964, 0.6541513999982271, 0.6548326000047382, 0.6540745999955107, 0.6541328999883262, 0.6571210999973118, 0.6531927000032738, 0.653733099999954, 0.6548416999867186, 0.6520335999957751, 0.653397899994161, 0.6550646999967285, 0.6533617999957642, 0.6573426999966614, 0.6553581000043778, 0.6560273000068264, 0.6561101999977836, 0.6544487999926787, 0.653591399997822, 0.6560879000026034, 0.651495199999772, 0.6519047999900067, 0.6551302000007126, 0.653971099993214, 0.6547415000095498, 0.6534018999955151, 0.6534608000074513, 0.6528474000078859, 0.6570255999977235, 0.6533048999990569, 0.6536373999988427, 0.6565890999918338, 0.6516359000088414, 0.6549120000127004, 0.6538436000118963, 0.6520611000014469], "benchmark": [0.6544342999986839, 0.6542816000001039, 0.6540060999977868, 0.6545428000099491, 0.6529013000108534, 0.6541559000033885, 0.6563106000103289, 0.6549387999984901, 0.6666533999959938, 0.656509400010691, 0.6542915000027278, 0.6534443000127794, 0.6537587000057101, 0.6544074000121327, 0.6551801000023261, 0.6559013999940362, 0.6582838999893283, 0.6547344999999041, 0.6537324999953853, 0.6525759000069229, 0.6551209000026574, 0.6581289000023389, 0.654532400003518, 0.656714099997771, 0.6512696999998298, 0.6533256999973673, 0.6536130999884335, 0.6546562000003178, 0.6526703000126872, 0.6538806999888038, 0.6547686000121757, 0.6549915999930818, 0.6578860000008717, 0.65549170000304, 0.6558663999894634, 0.6555788999976357, 0.6546129999915138, 0.6531074999948032, 0.6535728000017116, 0.6552544000005582, 0.6562891999928979, 0.6559380999970017, 0.6526409000070998, 0.6534209000092233, 0.6555143000005046, 0.6530244000023231, 0.6551342999882763, 0.6525321000081021, 0.6525640000036219, 0.6547731000027852, 0.6536850999982562, 0.6531469999899855, 0.6533635999949183, 0.6543726000090828, 0.6538479000009829, 0.6528675000008661, 0.653012899987516, 0.6544614000013098, 0.6544393000076525, 0.6545664999866858, 0.6538807000033557, 0.653512499993667, 0.6538435999973444, 0.653532999989693, 0.6538004000030924, 0.6533086999988882, 0.6534906000015326, 0.6518070000020089, 0.6521788000100059, 0.6535131999989972, 0.6552736000012374, 0.6526174999889918, 0.6546641000022646, 0.658050900005037, 0.6538204000098631, 0.6544676000048639, 0.653341500001261, 0.6557651000039186, 0.653558999998495, 0.6535939000023063, 0.6553865000023507, 0.6604692000109935, 0.6540572999947472, 0.6565955999976723, 0.6526389999926323, 0.6526287000015145, 0.653054800000973, 0.6560194000048796, 0.6526327999890782, 0.6545220999978483, 0.6557980999932624, 0.6530846999958158, 0.6517848999937996, 0.6547214000020176, 0.6543343999946956, 0.6541560999903595, 0.6538421000004746, 0.652655700003379, 0.6530358000018168, 0.6532854000106454]}, "cpython": {"warmup": [0.7562791999953333, 0.7501778000005288, 0.7557396999909543, 0.7507419000030495, 0.750057299999753, 0.7499754000018584, 0.7482097000029171, 0.7498980000091251, 0.7491445999912685, 0.7491406000044663, 0.7506320999964373, 0.7501910999999382, 0.749107700001332, 0.7498773999977857, 0.7529682000022149, 0.7502546999894548, 0.7493854999920586, 0.7504502000083448, 0.7527734000032069, 0.7565853999985848, 0.8593071000068448, 0.7534673000045586, 0.7580581000074744, 0.7538842999929329, 0.7545485000009649, 0.7556920000060927, 0.7610578000021633, 0.7539691999991192, 0.7556126999988919, 0.7551707999955397, 0.7510412999981781, 0.7571368999924744, 0.7538274999969872, 0.7592938000016147, 0.7517874000041047, 0.7523770999978296, 0.7531525999947917, 0.7606437999929767, 0.7572730999963824, 0.7548354999889852, 0.7558171999990009, 0.7549899000005098, 0.7556574000045657, 0.7575372999999672, 0.7612728000094648, 0.7552604999946197, 0.7561257999914233, 0.7531520999909844, 0.7578667999914614, 0.7521297999919625, 0.7539438999956474, 0.7510156000062125, 0.7597246999939671, 0.750366699998267, 0.752646699998877, 0.7524391999904765, 0.7519236000080127, 0.7505539999983739, 0.7504339000006439, 0.756303799993475, 0.7520218000136083, 0.750721300006262, 0.756246300006751, 0.7510791000095196, 0.7514586999895982, 0.7495883999945363, 0.7505901999975322, 0.7504749999934575, 0.7489648000046145, 0.749645200005034, 0.7496664999925997, 0.7638368000043556, 0.7508547000034014, 0.7521118000004208, 0.7501599999959581, 0.7583404000033624, 0.7514045999996597, 0.7492862000071909, 0.7494212000019616, 0.769807500008028, 0.7500374999945052, 0.7566685000056168, 0.750435900001321, 0.7507735999970464, 0.7507621000113431, 0.7618154999945546, 0.7494807999901241, 0.750179599999683, 0.7498587000009138, 0.7650049999938346, 0.7507790000090608, 0.751657000000705, 0.7499939999979688, 0.7528372999950079, 0.7534228000004077, 0.7501693999947747, 0.7499862999975448, 0.7575741000036942, 0.7524794000055408, 0.7516107999981614],