{"nuitka": {"warmup": [1.4824988000036683, 1.3403028000029735, 1.3798383999965154, 1.3381971000053454, 1.3799042999744415, 1.377890200004913, 1.3566229999996722, 1.3793733999773394, 1.3390337000018917, 1.350494600017555, 1.338881699979538, 1.355565400008345, 1.3828268999932334, 1.38352170001599, 1.3363662000047043, 1.3378248999943025, 1.3361358999973163, 1.3382201999775134, 1.3419554000138305, 1.3822446000122, 1.4152164999977686, 1.3375377999909688, 1.3964490999933332, 1.3359552999900188, 1.3370085000060499, 1.3808080999879166, 1.3381293000129517, 1.3152770999877248, 1.3355124999943655, 1.3358744999859482, 1.3358171000145376, 1.3363536999968346, 1.3806107999989763, 1.3346912000270095, 1.3799313000054099, 1.3366289999976289, 1.3377685000014026, 1.3819475999916904, 1.3828970000031404, 1.380937299982179, 1.3383876000007149, 1.3810359000053722, 1.340310400002636, 1.3792670000111684, 1.3354514999955427, 1.3372152000083588, 1.3381447999854572, 1.3776728000084404, 1.3376937999855727, 1.3354840999818407, 1.3791028000123333, 1.3864512000000104, 1.3447794999810867, 1.382275199983269, 1.4021719000011217, 1.3805182999931276, 1.33933899999829, 1.3819407999981195, 1.3415937000245322, 1.3820217000029515, 1.3783571999811102, 1.3376308000006247, 1.334505699982401, 1.3354935999959707, 1.3357030999904964, 1.3371791999961715, 1.3789128999924287, 1.3780281999788713, 1.3810322000063024, 1.3340312000073027, 1.3790636000048835, 1.3372395999904256, 1.3712744000076782, 1.3798839999944903, 1.340443499997491, 1.3360321999934968, 1.3378910000028554, 1.3341824999952223, 1.3384082000120543, 1.3790086000226438, 1.378496899997117, 1.3775060000189114, 1.336157399986405, 1.3374291000072844, 1.3364396000106353, 1.3388778000080492, 1.3333628000109456, 1.3716458000126295, 1.3353164999862202, 1.3801960999844596, 1.3820528999785893, 1.3395978000189643, 1.3346432999824174, 1.379146099992795, 1.3410734999924898, 1.3782701000163797, 1.3436453999893274, 1.3776972999912687, 1.338120300002629, 1.3808799000107683], "benchmark": [1.3793214999896009, 1.3404681000101846, 1.3820985999773256, 1.3803578999941237, 1.3158683000074234, 1.37878999998793, 1.3528695999993943, 1.3795082999859005, 1.3397660999908112, 1.3347991000046022, 1.381459399999585, 1.3787700999819208, 1.3802025000040885, 1.3424283000058495, 1.3708499999775086, 1.381407200009562, 1.3828937000071164, 1.3367046999919694, 1.3384654999827035, 1.3371535000042059, 1.379607799986843, 1.3844512999930885, 1.371577099984279, 1.3419160000048578, 1.3400243999785744, 1.3788716999988537, 1.3942932999925688, 1.3363060999836307, 1.3383735000097658, 1.3356067000131588, 1.3304339000023901, 1.3736008999985643, 1.3431567000225186, 1.3407016999844927, 1.3354357999924105, 1.3345772000029683, 1.3790090999973472, 1.3816484000126366, 1.3816518999810796, 1.380024100013543, 1.3829679999907967, 1.3822854000027291, 1.334467600012431, 1.3812427000084426, 1.3797698999987915, 1.3703346000111196, 1.37726829998428, 1.3330029000062495, 1.3380292999790981, 1.3807228000077885, 1.3763736999826506, 1.3811895000108052, 1.3962461999908555, 1.3810121999995317, 1.387295799999265, 1.3798140000144485, 1.3810823999810964, 1.338234900002135, 1.3339531999954488, 1.3377863000205252, 1.3852571000170428, 1.3823465000023134, 1.3365501000080258, 1.3356275999976788, 1.3780746999836992, 1.395844999991823, 1.378382299997611, 1.3374379000160843, 1.334985699999379, 1.3328575000050478, 1.3356063999817707, 1.3821825000050012, 1.332732799986843, 1.3777336000057403, 1.339622400002554, 1.3975356000009924, 1.3510625999770127, 1.3793456999992486, 1.3781511000124738, 1.335883499996271, 1.3770363999938127, 1.3799253999895882, 1.3820476999972016, 1.349589499994181, 1.3807611999800429, 1.3791057000053115, 1.3761468000011519, 1.3347828000260051, 1.336471699993126, 1.3783840000105556, 1.3403144000039902, 1.333274500007974, 1.3341587999893818, 1.3361911999818403, 1.3342978000000585, 1.333785299997544, 1.3772740999993403, 1.376339000009466, 1.3774929999781307, 1.3390791999991052]}, "cpython": {"warmup": [1.439295400021365, 1.493097000027774, 1.4720980999991298, 1.4235667000175454, 1.4279729999834672, 1.4776911000080872, 1.48512669999036, 1.4112671000184491, 1.425255099980859, 1.4267016999947373, 1.4850677000067662, 1.4254266999778338, 1.4891143000277225, 1.4252988000225741, 1.4784254000114743, 1.4856061000027694, 1.4323746000009123, 1.4697445000056177, 1.423776799987536, 1.4277316000079736, 1.4232170999748632, 1.4796107000147458, 1.4810408000194002, 1.4259986999968532, 1.424944799975492, 1.4867168000200763, 1.4829102999938186, 1.4770738999941386, 1.4232749000075273, 1.4267257000028621, 1.411163500015391, 1.4853705999848899, 1.485776999994414, 1.4752543999929912, 1.4309556999942288, 1.4252775000059046, 1.4262947000097483, 1.4260751999972854, 1.4866328999924008, 1.4289778000093065, 1.428519100008998, 1.4928227000054903, 1.489724599989131, 1.4907984999881592, 1.4255510000220966, 1.486633000022266, 1.4230561000003945, 1.485553999984404, 1.4248724000062793, 1.4239718000171706, 1.3959279999835417, 1.4261988999787718, 1.4292911000084132, 1.424753300001612, 1.4203126000065822, 1.4832559000060428, 1.4865763999987394, 1.4845841999922413, 1.4844740999978967, 1.482796700001927, 1.4877686999971047, 1.4845001999929082, 1.4262466999934986, 1.4871259999927133, 1.4846773000026587, 1.4315008000121452, 1.4824555999948643, 1.428124600002775, 1.4246205000090413, 1.407130400009919, 1.4840197000012267, 1.4115390999941155, 1.4269332000112627, 1.4831146000069566, 1.4112585999828298, 1.4693824000132736, 1.4863537999917753, 1.5006853000086267, 1.418470200005686, 1.4844199999934062, 1.4861537000106182, 1.4257205999747384, 1.4079140000103507, 1.4273375000047963, 1.487544599978719, 1.4271394000097644, 1.4827338000177406, 1.4905129999970086, 1.4845250000071246, 1.4901921999990009, 1.4264685999951325, 1.4334934999933466, 1.422761800000444, 1.475555599987274, 1.409700599993812, 1.4288397000054829, 1.4299251000047661, 1.4868534999841359, 1.4185431000078097, 1.4863127999997232], "benchmark": [1.489473599998746, 1.428181900002528, 1.4736846000014339, 1.4858296000165865, 1.4833566000161227, 1.4871742999821436, 1.4892983000027016, 1.4859995000006165, 1.4276622000033967, 1.4866926999820862, 1.4131242000148632, 1.429588099999819, 1.4273360000224784, 1.4875689999898896, 1.5135692000039853, 1.4849803999823052, 1.4258565000200178, 1.4879302999761421, 1.4077745999966282, 1.4901168000069447, 1.4277054000122007, 1.4283110999967903, 1.4856930999958422, 1.4107749999966472, 1.486909100000048, 1.4999176999845076, 1.488866900006542, 1.4846698000037577, 1.4112789999926463, 1.4243426000175532, 1.485388300003251, 1.425922399997944, 1.4872544000099879, 1.486919199989643, 1.4860821999900509, 1.4891169000184163, 1.471026899991557, 1.44030320001184, 1.4241762000019662, 1.4266751000250224, 1.486755899997661, 1.4267847999872174, 1.4261678000038955, 1.4811014000151772, 1.3957617999985814, 1.424273099983111, 1.4871770000027027, 1.4243055999977514, 1.425330900005065, 1.4258514999819454, 1.4941157000139356, 1.4926695000031032, 1.4880998999869917, 1.4856056999997236, 1.4260263000032865, 1.4277169000124559, 1.4258783000113908, 1.4247541000077035, 1.425887799996417, 1.484454600024037, 1.4253677999950014, 1.4263810999982525, 1.4884014999843203, 1.4271493999985978, 1.4865329999884125, 1.4775415000040084, 1.4761628999840468, 1.4247021999908611, 1.491440399986459, 1.4090299000090454, 1.4893096999730915, 1.483087999979034, 1.412401800014777, 1.4291672999970615, 1.4272866999963298, 1.4099906999908853, 1.480393699981505, 1.4927023999916855, 1.426264200010337, 1.481092699978035, 1.4829796999983955, 1.4804765000008047, 1.4296520999923814, 1.4722086999972817, 1.488591900008032, 1.4869355999981053, 1.4251756999874488, 1.4082409999973606, 1.4258955999976024, 1.4244389000232331, 1.4851086999988183, 1.4254500000097323, 1.4789077999885194, 1.4833417999907397, 1.4865756999934092, 1.4275760000164155, 1.4858719000185374, 1.487427399988519, 1.4127843000169378, 1.485362699982943]}}