{"nuitka": {"warmup": [1.7382020999939414, 1.439426299999468, 1.4412200999940978, 1.4379446000093594, 1.4440016000007745, 1.4364395000011427, 1.4401190999924438, 1.4427598000038415, 1.4395070000027772, 1.4420204999914858, 1.441289099995629, 1.439960500007146, 1.4414814000047045, 1.4556997000036063, 1.439004300002125, 1.4359782000101404, 1.4375584999943385, 1.4390978000010364, 1.4407704999903217, 1.4608275000064168, 1.4577894000103697, 1.4529739999998128, 1.4454052999935811, 1.4389899999951012, 1.4417662999912864, 1.4532102000084706, 1.4414264999941224, 1.453038599996944, 1.4396695000032196, 1.4420576999982586, 1.4383322999929078, 1.4378727000002982, 1.437984600008349, 1.4567902000126196, 1.4352906000131043, 1.437881699996069, 1.4388860000035493, 1.4387839999981225, 1.4411281000066083, 1.4401432999875396, 1.4378337000089232, 1.4368208999949275, 1.4406806999904802, 1.4408319999929518, 1.4407612000068184, 1.4402056999970227, 1.440857199995662, 1.4410945999989053, 1.4428558999934467, 1.4403168999997433, 1.4380703999922844, 1.440054600010626, 1.437978399990243, 1.4549973999965005, 1.4586007999896538, 1.4385236999951303, 1.4422118999937084, 1.4394558000058169, 1.4414354000036838, 1.4376869999978226, 1.4529272000072524, 1.4442599000030896, 1.4441738000023179, 1.4413811999984318, 1.4407596000091871, 1.4422928999993019, 1.4374852000037208, 1.4416603999998188, 1.4398593999940204, 1.4471832999988692, 1.454904300000635, 1.4444046999997227, 1.457278599991696, 1.44179090000398, 1.4435391000006348, 1.4396073999960208, 1.440352099991287, 1.4385008000099333, 1.439652200002456, 1.445715099995141, 1.441413200009265, 1.438506899998174, 1.439815699995961, 1.4600410999992164, 1.4390816999948584, 1.4520682000002125, 1.4421347999887075, 1.4436080000014044, 1.4404318000015337, 1.4603479000070365, 1.4528950999956578, 1.4456982000119751, 1.4463860999967437, 1.4398157999967225, 1.4405160000023898, 1.4360278000094695, 1.4429363000090234, 1.439213000005111, 1.4400490999978501, 1.4412506999942707], "benchmark": [1.4420711999991909, 1.4475650999956997, 1.4529459000041243, 1.443670499997097, 1.4401645000034478, 1.4399105000047712, 1.4412575000023935, 1.4389324999938253, 1.4454985999909695, 1.4564357999915956, 1.4429239000019152, 1.4449147999985144, 1.4450099000096088, 1.438311000005342, 1.4442679000057979, 1.4419443999940995, 1.4612378000019817, 1.4426674999995157, 1.4412200000078883, 1.4441787999967346, 1.4374664000060875, 1.4542594000085955, 1.451428100001067, 1.4392666000057943, 1.4538260999979684, 1.436671200004639, 1.4404361999913817, 1.4430025000037858, 1.4408122000022558, 1.4527096999954665, 1.4444194999960018, 1.4390751000028104, 1.4613058999966597, 1.440713499992853, 1.442740500002401, 1.4387087999930372, 1.4409198999928776, 1.4456388999969931, 1.4414928999904078, 1.4420111999934306, 1.4372140000050422, 1.444984999994631, 1.4402100000006612, 1.468646399996942, 1.4583300000085728, 1.4529629000026034, 1.4482250000000931, 1.4489480000047479, 1.452830800000811, 1.441117000009399, 1.4448262999940198, 1.448351900005946, 1.4485142000048654, 1.4421518000017386, 1.4402478000120027, 1.4400857000000542, 1.4414796000055503, 1.442260099996929, 1.4473682999960147, 1.441573400006746, 1.4565960000036284, 1.4420204000052763, 1.439882500009844, 1.4393261999939568, 1.4442761999962386, 1.4375053999974625, 1.4371855000063078, 1.4363251000031596, 1.443807099989499, 1.4405044000013731, 1.445054199997685, 1.4396941000013612, 1.4378335999936098, 1.441101800010074, 1.4394214999920223, 1.4439672000007704, 1.442471399990609, 1.4392320000042673, 1.444832299996051, 1.441869600006612, 1.4489766999904532, 1.4370674999954645, 1.4527352000004612, 1.440092699995148, 1.4535660999972606, 1.4370113000040874, 1.4535966999974335, 1.4373077000054764, 1.4406232000037562, 1.4391324000025634, 1.4535827999934554, 1.4568797999963863, 1.4528931999957422, 1.4444420999934664, 1.4339136000053259, 1.4431977999920491, 1.441682500008028, 1.4495303999865428, 1.4386827999987872, 1.438331900004414]}, "cpython": {"warmup": [1.5258399000013014, 1.5101717000070494, 1.5159543000045232, 1.526561299993773, 1.513794799990137, 1.5109771999996156, 1.5277123000123538, 1.514727200003108, 1.512180100005935, 1.5131186999933561, 1.5175478000019211, 1.5102077000046847, 1.5207145000022138, 1.5208622999925865, 1.5417477000009967, 1.5131574999977602, 1.5149659999879077, 1.5105455000011716, 1.5093167000013636, 1.5084288000070956, 1.5119607000087854, 1.5126544000086142, 1.5064297000062652, 1.5157011000119383, 1.5061369000031846, 1.515802399997483, 1.5108814999985043, 1.5078462000092259, 1.515299499995308, 1.5188634999940405, 1.5097391000017524, 1.5275552999955835, 1.5127351000119234, 1.5133513000037055, 1.5188900000066496, 1.514356499988935, 1.5167645000037737, 1.5142626000015298, 1.5108426999941003, 1.5133282999886433, 1.5209567999991123, 1.52538029999414, 1.5251448000053642, 1.548178299999563, 1.5242714999913005, 1.5163175999914529, 1.5200274999951944, 1.5238857999938773, 1.5204111999919405, 1.5170429999998305, 1.5151680999988457, 1.511357199997292, 1.5168135999992955, 1.5145151000033366, 1.5185252000082983, 1.5096644000004744, 1.5277685000037309, 1.5070680999924662, 1.5177531999943312, 1.5114525000099093, 1.5120540000061737, 1.5164378000044962, 1.514324999996461, 1.51359250000678, 1.5158646999916527, 1.511312499991618, 1.5228196999960346, 1.5215807000058703, 1.5145453000004636, 1.5136600999976508, 1.528444000010495, 1.5133471000008285, 1.5139696000114782, 1.5169867999939015, 1.5071659999957774, 1.515904900006717, 1.5111014999856707, 1.5189094000088517, 1.5126184000109788, 1.5142209000041476, 1.5125635000003967, 1.5108563999965554, 1.52106850000564, 1.5153272000025027, 1.5113447000039741, 1.5160239999968326, 1.5084886999975424, 1.5150586999952793, 1.5099429999972926, 1.5161083999992115, 1.5223235999874305, 1.509813500000746, 1.5098139999900013, 1.5257123000046704, 1.5244651999964844, 1.5122938999993494, 1.5287289999978384, 1.5200673999934224, 1.5430796000000555, 1.5142256999970414], "benchmark": [1.5086388000054285, 1.5184658999933163, 1.5134891999914544, 1.514613699997426, 1.5142760000017006, 1.5158595999964746, 1.516780199992354, 1.5135063000052469, 1.5119987000070978, 1.5159272999881068, 1.515071000001626, 1.5132171000004746, 1.511928199994145, 1.515756799999508, 1.5124778000026708, 1.5097050000040326, 1.5113578000018606, 1.508677500009071, 1.5067674000019906, 1.512495000002673, 1.511257399994065, 1.5095545000076527, 1.5137588000070537, 1.5086147999973036, 1.5144379999983357, 1.5093370000104187, 1.5147343999997247, 1.5131328999996185, 1.5121745000069495, 1.5143427000002703, 1.5233076000004075, 1.5228898000059417, 1.5300445000029868, 1.5231395999871893, 1.5238478999963263, 1.530435499997111, 1.5172159999929136, 1.5123775999963982, 1.5188323000038508, 1.5243508999992628, 1.533734500000719, 1.530454899999313, 1.5174158000008902, 1.517161900002975, 1.52167560000089, 1.5242778999963775, 1.518403499998385, 1.5169271000049775, 1.5181952999992063, 1.5236331000050995, 1.5161736000009114, 1.5250530999910552, 1.5227975000016158, 1.517698300012853, 1.5165727000130573, 1.508476899995003, 1.5221592000016244, 1.5138659000076586, 1.5226131999952486, 1.5136085999984061, 1.5146526000025915, 1.518340700000408, 1.5122670999990078, 1.5140157000132604, 1.513688799997908, 1.512645099996007, 1.5101060000015423, 1.5138945000071544, 1.5071232000045711, 1.50596090000181, 1.5123320999991847, 1.512057799991453, 1.5140132999949856, 1.5150340999971377, 1.5324068000045372, 1.513701799995033, 1.5050635000079637, 1.5136409000115236, 1.517304900000454, 1.5109893000044394, 1.5132652000029339, 1.5109669999947073, 1.5211635000014212, 1.5095275000057882, 1.512877999994089, 1.5111816999997245, 1.5168090999941342, 1.5061310000019148, 1.5120569999999134, 1.5106535999948392, 1.520165599999018, 1.5105937000043923, 1.518003699995461, 1.5120137999911094, 1.508696399992914, 1.5121263999899384, 1.5194046999968123, 1.5101806000020588, 1.512059999993653, 1.512581400005729]}}