{"nuitka": {"warmup": [1.4332856999972137, 1.373944199993275, 1.3726738999976078, 1.3323755000019446, 1.3736155000078725, 1.3745150000031572, 1.3740375000052154, 1.3163692999951309, 1.3732890999963274, 1.3720844000054058, 1.329215200006729, 1.364286500000162, 1.372924299997976, 1.33420450000267, 1.3719342999975197, 1.380001400000765, 1.330007199998363, 1.3724185000028228, 1.32885289999831, 1.3718477999937022, 1.3748669999913545, 1.375471799998195, 1.3340032999985851, 1.3715116000093985, 1.3778128999983892, 1.3415368999994826, 1.3397745000111172, 1.3344958999950904, 1.3769650000031106, 1.3809217999951215, 1.3710168000106933, 1.372100299995509, 1.3761108000035165, 1.3791122999973595, 1.3726049000106286, 1.3735763000004226, 1.3349122000072384, 1.3300646999996388, 1.3324247999989893, 1.3291209000017261, 1.3281259999930626, 1.3721464999980526, 1.3588173000025563, 1.3713008999911835, 1.3752182000025641, 1.3297401000017999, 1.371371100001852, 1.316837400008808, 1.3721928000013577, 1.32961119999527, 1.3645706999959657, 1.365846100001363, 1.36970769999607, 1.3746283999935258, 1.3291943000076571, 1.3432428000087384, 1.3292034000041895, 1.373055200005183, 1.3739375000004657, 1.327475099998992, 1.3316321000020253, 1.330487200000789, 1.3709826999984216, 1.3297176000050968, 1.3877126999868779, 1.3306729000032647, 1.3769409999949858, 1.3299389999883715, 1.3313741000019945, 1.3282767999917269, 1.379787199999555, 1.3294643000117503, 1.3282930999994278, 1.3148953999916557, 1.3290602999913972, 1.3741200000076788, 1.3299029000045266, 1.3724099999963073, 1.3312448999931803, 1.3300632999889785, 1.3304206000029808, 1.3744771000056062, 1.3740134999970905, 1.3283557000104338, 1.370287500001723, 1.331056399998488, 1.372433500000625, 1.334499100004905, 1.3744341999990866, 1.3320461999974214, 1.3344295999995666, 1.3269325000001118, 1.3304814000002807, 1.3773031000018818, 1.3377333999960683, 1.3821549999993294, 1.3731916999968234, 1.3722360000101617, 1.3409661000041524, 1.365313000002061], "benchmark": [1.3281084999907762, 1.3295477999927243, 1.3716110999957891, 1.331094299996039, 1.3340793999959715, 1.3760700999991968, 1.335711599997012, 1.3729344000021229, 1.369242699991446, 1.373696700000437, 1.373328900008346, 1.3343036000005668, 1.3316484999959357, 1.3302606000070227, 1.3878040999989025, 1.331727700002375, 1.378067600002396, 1.3354336000047624, 1.3748334999982035, 1.394771099992795, 1.3771413999929791, 1.3747398999985307, 1.334416700003203, 1.329287700005807, 1.3295710000093095, 1.3708180999965407, 1.331364699988626, 1.384826499997871, 1.3325742000015453, 1.3300333999941358, 1.3282999000075506, 1.373640699996031, 1.3731632999988506, 1.3751790999958757, 1.3728211999987252, 1.3733643000014126, 1.3087699999887263, 1.3727619999990566, 1.3763627000007546, 1.3221631000051275, 1.330323900008807, 1.3306294000067282, 1.3333341000106884, 1.3742910000000848, 1.3733553000056418, 1.3723960999923293, 1.3316980000090552, 1.3657941999990726, 1.3717354999971576, 1.375244400012889, 1.3744338000105927, 1.3759310000023106, 1.3747266999998828, 1.3328697999968426, 1.3744497000006959, 1.3528424999967683, 1.3660186999914004, 1.330872399994405, 1.3740036000090186, 1.331957300004433, 1.36491410000599, 1.3328210000036051, 1.3288233000057517, 1.3355249000014737, 1.3329278999881353, 1.3670967999933055, 1.3295189999917056, 1.3289412000012817, 1.3720077999896603, 1.3723192000034032, 1.3699461000069277, 1.3321429999923566, 1.3311991000082344, 1.3065863999945577, 1.3293195000005653, 1.3733143000135897, 1.3307206000026781, 1.3271133999951417, 1.331398199996329, 1.3746791000012308, 1.3663410000008298, 1.3534202000009827, 1.3731339999940246, 1.3362650999915786, 1.3351260000054026, 1.372220200006268, 1.3726451999973506, 1.3319980000087526, 1.3307140999968396, 1.3313379000028362, 1.4024441000074148, 1.3303450000094017, 1.3771918999991613, 1.3314325000101235, 1.3726921000052243, 1.372835500005749, 1.3927549999934854, 1.3311148000066169, 1.390345099993283, 1.3412128999916604]}, "cpython": {"warmup": [1.5075016000046162, 1.495820999989519, 1.5232897999958368, 1.4949543999973685, 1.4967209000024013, 1.4944378999934997, 1.4246705000114162, 1.5190474999981234, 1.4382336999988183, 1.4367500000080327, 1.5245231000008062, 1.4855358000058914, 1.4382320000004256, 1.4931660000002012, 1.4977702000032878, 1.421140300008119, 1.5179838000040036, 1.4448640000045998, 1.4964957000047434, 1.4891856000031112, 1.4961825000063982, 1.5020401000074344, 1.4970792999956757, 1.4748245000082534, 1.4784527000010712, 1.4782299999933457, 1.418839099991601, 1.4204833999974653, 1.4159550000040326, 1.433735800004797, 1.471910200009006, 1.4007809000031557, 1.418419499997981, 1.4188375999947311, 1.4781743000057759, 1.4743832000094699, 1.4761157000029925, 1.4618595999927493, 1.4765740000002552, 1.4763053999922704, 1.4773134999995818, 1.4013797999941744, 1.4929735000041546, 1.4812937999959104, 1.4769934999931138, 1.4210536999889882, 1.4752595000027213, 1.4219376999972155, 1.5028231000032974, 1.4090916999994079, 1.4199006999988342, 1.4349216000118759, 1.4767581000050995, 1.4805355999997118, 1.4773408000037307, 1.4753797000012128, 1.4198562999954447, 1.4708077999966918, 1.479202999995323, 1.4208551999909105, 1.4204110999999102, 1.4787540000106674, 1.416478899991489, 1.4730942999885883, 1.4779279999929713, 1.4787726999929873, 1.4170901000034064, 1.3931247999862535, 1.4761110999970697, 1.4724518000002718, 1.4968929999886313, 1.5041391999984626, 1.4178664999926696, 1.421690800008946, 1.4739923000015551, 1.4761234000034165, 1.492488100004266, 1.3857480000006035, 1.4192710999923293, 1.463616400011233, 1.469801400002325, 1.4198803000035696, 1.4779915999970399, 1.4747373999998672, 1.4200610000116285, 1.399753999998211, 1.4763198000000557, 1.4815586999902735, 1.4778450000012526, 1.4180229999910807, 1.4172688999969978, 1.4194070999947144, 1.4145080000016605, 1.4203676000033738, 1.4731262999994215, 1.4200360999966506, 1.4692858999915188, 1.4776405000011437, 1.4706596000032732, 1.475309900008142], "benchmark": [1.4780424000055064, 1.468783699994674, 1.5059662999992725, 1.4186412000126438, 1.482188199996017, 1.4700434999977006, 1.4766229999950156, 1.4844814999960363, 1.420037100004265, 1.4233899000100791, 1.3874115999933565, 1.4015458999929251, 1.4175504000013461, 1.47701909999887, 1.4774661999981618, 1.4773826000018744, 1.500252099998761, 1.470146100007696, 1.4394347000052221, 1.4761085000063758, 1.4157764000119641, 1.475547900001402, 1.5015714000037406, 1.4191692000022158, 1.420767399991746, 1.4765716999972938, 1.4787629000056768, 1.416661999988719, 1.478093199999421, 1.4774562000093283, 1.4170702999981586, 1.4187259000027552, 1.4029494000133127, 1.4783299999980954, 1.4201202999975067, 1.4720312999997986, 1.407079699987662, 1.4213650999881793, 1.4216973000002326, 1.4201157000061357, 1.4801019000005908, 1.4681503000028897, 1.4722524999961024, 1.4766055999934906, 1.4771144000114873, 1.4228644000104396, 1.4054800999874715, 1.4772629999933997, 1.4801537000021199, 1.423830400002771, 1.4844869999942603, 1.4073540999961551, 1.3861184999987017, 1.478216200004681, 1.4708722999930615, 1.4729561999993166, 1.4227687999955378, 1.4813577000022633, 1.4793321999895852, 1.399851199996192, 1.4198161000094842, 1.4686332999990555, 1.505211399999098, 1.420223100009025, 1.4806887000013376, 1.4692838999908417, 1.4721352999913506, 1.4195221999980276, 1.4199201000010362, 1.423159099998884, 1.4028738999913912, 1.4785435999947367, 1.4761487000068882, 1.421914899998228, 1.4348195000056876, 1.4204413999977987, 1.4202499000093667, 1.4779702000087127, 1.3908039999951143, 1.423549599989201, 1.435875600000145, 1.465333300002385, 1.4210536000027787, 1.4202022000099532, 1.470984400002635, 1.4057270000048447, 1.4191257000056794, 1.4209543999895686, 1.4734723000001395, 1.4800803999969503, 1.5020692000107374, 1.3929879999923287, 1.4204714999941643, 1.4715368000033777, 1.4968464999983553, 1.4740676999936113, 1.4208913000038592, 1.5020783999934793, 1.4795603000093251, 1.4756501999945613]}}