{"nuitka": {"warmup": [1.515947099999721, 1.3508144999996148, 1.3633699000001798, 1.3633157999993273, 1.3894626000001153, 1.3716828999995414, 1.371794000000591, 1.3502725000007558, 1.3585759000006874, 1.3654879999994591, 1.3565613999999186, 1.3579181999994034, 1.3534935999996378, 1.3512027000006128, 1.3502605000003314, 1.3564979000002495, 1.3468237999995836, 1.3500844000000143, 1.3595519000000422, 1.35237589999997, 1.352020100000118, 1.359762099999898, 1.4093403999995644, 1.356016400000044, 1.3462033999994674, 1.3537102999998751, 1.3526451999996425, 1.3464985000000524, 1.3519700000006196, 1.3536364999999932, 1.349725899999612, 1.3494308999997884, 1.352848699999413, 1.3683443999998417, 1.3474419000003763, 1.3519244999997682, 1.370230100000299, 1.363035100000161, 1.3572448000004442, 1.3950614999994286, 1.3534593000003952, 1.3892611999999644, 1.3717577999996138, 1.396591400000034, 1.361492800000633, 1.350569700000051, 1.3538643000001684, 1.3900054999994609, 1.3534393999998429, 1.3391166999999768, 1.3630499999999302, 1.3638662000003023, 1.4175739000002068, 1.3521064000005936, 1.3575287999992725, 1.3500378999997338, 1.35014880000017, 1.3886847999992824, 1.3644731000003958, 1.35211419999996, 1.3524709000002986, 1.3642666000005192, 1.3987942000003386, 1.3507660999994187, 1.349326600000495, 1.4069473999998081, 1.3522358000000168, 1.3566447000002881, 1.3487591000002794, 1.3741163000004235, 1.3503550000004907, 1.365945699999429, 1.3542717999998786, 1.402086899999631, 1.3540054000004602, 1.3525442999998631, 1.3494559000000663, 1.3516212000004089, 1.3570899999995163, 1.350319799999852, 1.41391239999939, 1.3575293000003512, 1.3969827000000805, 1.3502198999995016, 1.348405499999899, 1.34892790000049, 1.3564886999993178, 1.3505897000004552, 1.3484892999995282, 1.3595993999997518, 1.3487377000001288, 1.3699363000005178, 1.3683883000003334, 1.3716235000001689, 1.3634205000007569, 1.3477698999995482, 1.3457650999998805, 1.3508280999994895, 1.3535054000003583, 1.3541169999998601], "benchmark": [1.3903268000003663, 1.359952599999815, 1.4008584000002884, 1.3490647999997236, 1.3599348999996437, 1.3477860000002693, 1.3560202999997273, 1.3508677999998326, 1.351855400000204, 1.3526740000006612, 1.357725400000163, 1.3628571999997803, 1.3467917999996644, 1.348543800000698, 1.3939167999997153, 1.408036699999684, 1.3499580999996397, 1.3526905999997325, 1.3463432999997167, 1.3511394000006476, 1.351168800000778, 1.344972300000336, 1.364879299999302, 1.3667952000005243, 1.3519158999997671, 1.3515609999994922, 1.4003527000004397, 1.348584700000174, 1.3665686000003916, 1.361073099999885, 1.3646774999997433, 1.3663102999998955, 1.3473645000003671, 1.3496979000001375, 1.3536432000000787, 1.3530966999996963, 1.3644907999996576, 1.3629003000005468, 1.3516463000005388, 1.377940800000033, 1.354432000000088, 1.3689739000001282, 1.3559560999992755, 1.3491593999997349, 1.352839700000004, 1.3599788000001354, 1.4018280999998751, 1.3529270999997607, 1.3516709000004994, 1.3495264000002862, 1.3477643000005628, 1.364249700000073, 1.364069400000517, 1.348607500000071, 1.3931714999998803, 1.3585979999998017, 1.3578327999994144, 1.3613924000001134, 1.3536828999995123, 1.3532233000005363, 1.3687543999994887, 1.358707499999582, 1.3582876999998916, 1.353417499999523, 1.3571671999998216, 1.3874149000002944, 1.3498191999997289, 1.3506253000005017, 1.3499742000003607, 1.3523332000004302, 1.3481762999999773, 1.3603938000005655, 1.3472472000003108, 1.348797999999988, 1.3521425999997518, 1.3542008999993413, 1.3889835999998468, 1.3695674000000508, 1.3626635000000533, 1.3495157999996081, 1.363405000000057, 1.3464591000001747, 1.3480030999999144, 1.3598000000001775, 1.3493311000001995, 1.362156700000014, 1.359952400000111, 1.3614793999995527, 1.346447499999158, 1.3525147000000288, 1.3486839999995937, 1.3488581000001432, 1.3516205999994781, 1.3584644999991724, 1.349494400000367, 1.3507415000003675, 1.3513413999999102, 1.352623799999492, 1.3624933000000965, 1.3511928000007174]}, "cpython": {"warmup": [1.493319799999881, 1.441046699999788, 1.4345067000003837, 1.4395158999996056, 1.4297296999993705, 1.4447526000003563, 1.4280060000000958, 1.4278831999999966, 1.444807199999559, 1.4250488999996378, 1.4244078000001537, 1.431794600000103, 1.4785123999999996, 1.4302151000001686, 1.4296144999998432, 1.4240117999997892, 1.4451495000002978, 1.4449462000002313, 1.4431070999999065, 1.436924600000566, 1.4593148000003566, 1.4377678000000742, 1.4308258999999452, 1.4478090999991764, 1.4343487999994977, 1.4458402000000206, 1.4482512000004135, 1.444652600000154, 1.433335900000202, 1.4390323999996326, 1.4339373000002524, 1.4348072000002503, 1.480433699999594, 1.4456013999997595, 1.4459769000004599, 1.4411196000000928, 1.436749399999826, 1.4556132000006983, 1.4328607000006741, 1.4351427999999942, 1.4831655999996656, 1.4547698999995191, 1.4418106999992233, 1.4594164000000092, 1.448429600000054, 1.4449798000005103, 1.4320778000001155, 1.4298808999992616, 1.4438055000000531, 1.4403929999998581, 1.436693099999502, 1.4525652000002083, 1.4612907000000632, 1.4773710999998002, 1.443349500000295, 1.474534300000414, 1.4373089999999138, 1.4367389999997613, 1.4421236000007411, 1.432408900000155, 1.4322230999996464, 1.4333841999996366, 1.4323441999995339, 1.4288782000003266, 1.4919585999996343, 1.4617988999998488, 1.4360588999998072, 1.43692800000008, 1.431868200000281, 1.4364392999996198, 1.4242740999998205, 1.4365777000002709, 1.443218300000808, 1.4412013000001025, 1.4358931000006123, 1.4404393000004347, 1.4800580000000991, 1.4413030000005165, 1.4350746000000072, 1.4433434000002308, 1.43132180000066, 1.4370521999999255, 1.4416311000004498, 1.446226499999284, 1.431380099999842, 1.451626000000033, 1.4374790000001667, 1.459407199999987, 1.4862132999996902, 1.4345518999998603, 1.4229566000003615, 1.4801624000001539, 1.4504271000005247, 1.454734400000234, 1.4496095999993486, 1.4391238999996858, 1.4363210999999865, 1.4298091999999087, 1.4350533999995605, 1.4414472999997088], "benchmark": [1.484583699999348, 1.4505771000003733, 1.453552099999797, 1.4508358000002772, 1.435196100000212, 1.4451985999994577, 1.4480406000002404, 1.4326928000000407, 1.4522471999998743, 1.4631484999999884, 1.4385700000002544, 1.4364809999997306, 1.4343552000000273, 1.4488602000001265, 1.4823874000003343, 1.4436211000002004, 1.4475241000000096, 1.4418643999997585, 1.43892760000017, 1.4356761999997616, 1.4481424999994488, 1.4412105999999767, 1.457177799999954, 1.45141059999969, 1.6811765000002197, 1.4464411999997537, 1.4345493999999235, 1.4423106999993252, 1.4307134000000588, 1.4346373999997013, 1.4488171000002694, 1.4410667000001922, 1.440127300000313, 1.4295972999998412, 1.4378262000000177, 1.45764489999965, 1.4536293000001024, 1.4318284999999378, 1.4485563999996884, 1.4421379999994315, 1.4389287000003605, 1.4354260999998587, 1.444954599999619, 1.434909300000072, 1.4441512000003058, 1.4504421000001457, 1.437164500000108, 1.4432435999997324, 1.445855500000107, 1.4599322999993092, 1.5031201000001602, 1.4544634999992923, 1.4733237999998892, 1.4624972000001435, 1.4461498000000574, 1.4521110999994562, 1.438589299999876, 1.4401591999994707, 1.4505850999994436, 1.4294233000000531, 1.4466250000004948, 1.4334302999995998, 1.451651700000184, 1.4498471000006248, 1.4449082000001, 1.4651848000003156, 1.4446673000002193, 1.449234499999875, 1.451261500000328, 1.4438553999998476, 1.470652699999846, 1.4495927999996638, 1.431797600000209, 1.4430640000000494, 1.451091400000223, 1.4387489999999161, 1.499265700000251, 1.4519865000002028, 1.4336072000005515, 1.4316447000001062, 1.447936500000651, 1.4430554000000484, 1.4715281999997387, 1.4707966999994824, 1.4422187999998641, 1.4570419000001493, 1.4720361999998204, 1.452545099999952, 1.4403831999998147, 1.4456357999997635, 1.4694559999998091, 1.4350836000003255, 1.444945899999766, 1.4470627999999124, 1.4689841000008528, 1.447662799999307, 1.4459847999996782, 1.4493781000001036, 1.4598694000005707, 1.4509904000005918]}}