{"nuitka": {"warmup": [1.8859303999997792, 1.4486558999997214, 1.4632464999995136, 1.4230714999976044, 1.4308343999982753, 1.4368581999988237, 1.446875200002978, 1.4450902999997197, 1.4364597999992839, 1.4386050000030082, 1.432551700003387, 1.4213999000021431, 1.4334317000029841, 1.4422746999989613, 1.431639599999471, 1.4442531999993662, 1.4373995999994804, 1.4426722999996855, 1.4311182999990706, 1.4751840000026277, 1.4445426000020234, 1.4432678000011947, 1.4472536999965087, 1.4508566000004066, 1.4237046999987797, 1.440452800001367, 1.478011700000934, 1.4780761999973038, 1.4445928000022832, 1.4450419999993755, 1.436472399997001, 1.4799822999993921, 1.4418439000000944, 1.451766599999246, 1.473209499999939, 1.4438922999979695, 1.4880207999995037, 1.43990340000164, 1.4718417000003683, 1.4228134999975737, 1.4811437999996997, 1.471610700002202, 1.476271400002588, 1.4770143000023381, 1.446889700000611, 1.4351199999982782, 1.44981430000189, 1.4379988000000594, 1.435454499998741, 1.4418344000005163, 1.4407391999993706, 1.4424199000022782, 1.4359475999990536, 1.4381183999976201, 1.4416604999969422, 1.445128499999555, 1.47221559999889, 1.4349400999999489, 1.4262488999993366, 1.427548999999999, 1.4359265999992203, 1.4316195999999763, 1.4412707999981649, 1.4540674999989278, 1.4477188999990176, 1.4321476000004623, 1.4689478000000236, 1.487982099999499, 1.442558499998995, 1.4429930999976932, 1.4247163999971235, 1.449846499999694, 1.4318578000020352, 1.4414258999968297, 1.4420343999991019, 1.4420739999986836, 1.444440899998881, 1.4217878999988898, 1.4397654999993392, 1.4289526000029582, 1.4261278999983915, 1.4322379999975965, 1.4681688999990001, 1.4390978000010364, 1.4708834000011848, 1.4415596999970148, 1.4696538999996847, 1.4461878000001889, 1.434722199999669, 1.4394949000015913, 1.4778370999993058, 1.429085200001282, 1.4423061999987112, 1.4793245000000752, 1.4641994000012346, 1.474630500000785, 1.4820689000007405, 1.446753100000933, 1.4262449000016204, 1.4402178000018466], "benchmark": [1.488199799998256, 1.481437200000073, 1.4312745999995968, 1.4456430999998702, 1.4716794000014488, 1.4384451000005356, 1.438002899998537, 1.4783697000020766, 1.4376957999993465, 1.4185160000015458, 1.4734223000014026, 1.4810573000031582, 1.451454099998955, 1.4336583000003884, 1.436477700000978, 1.4361425999995845, 1.470365999997739, 1.4406731000017317, 1.4433946999997715, 1.4302582999989681, 1.425264600002265, 1.4667254999985744, 1.4421808000006422, 1.4287373000006482, 1.4700387000011688, 1.475673499997356, 1.429128399999172, 1.4309209000020928, 1.4821917999979632, 1.4781937999978254, 1.477818199997273, 1.439700900002208, 1.4447170000021288, 1.4282562999978836, 1.4408550999978615, 1.4406278999995266, 1.4341822999995202, 1.4461523999998462, 1.442985800000315, 1.4760821999989275, 1.443689899999299, 1.4681998000014573, 1.4256193000001076, 1.4398662999992666, 1.4586560999996436, 1.4314998000008927, 1.419797099999414, 1.4400065000008908, 1.4392245999988518, 1.4813687999994727, 1.4828622999993968, 1.4721841999999015, 1.4749106000017491, 1.4236201000021538, 1.4437547999987146, 1.4703122999999323, 1.439828500002477, 1.4425646999989112, 1.430401500001608, 1.4757656000001589, 1.462439999999333, 1.477583500000037, 1.4674794000020484, 1.441694400000415, 1.4358033000025898, 1.4279448999986926, 1.4382499999992433, 1.4473627999977907, 1.4722422000013466, 1.4209163999985321, 1.4767040999977326, 1.4845769999992626, 1.4478676999970048, 1.4365792999997211, 1.478443600000901, 1.4366800999996485, 1.4374290999985533, 1.4392340000013064, 1.4441823000015575, 1.4342590999985987, 1.4355863999990106, 1.4290634999997565, 1.444694999998319, 1.4407900000005611, 1.4331223000008322, 1.4383147000007739, 1.4694124999987253, 1.4205540000002657, 1.4324212999999872, 1.4738873999995121, 1.4365887999992992, 1.4441777000029106, 1.4402580999994825, 1.4741694000003918, 1.4314030000023195, 1.446295800000371, 1.4832498999967356, 1.4237986000007368, 1.4441917000003741, 1.4372809000014968]}, "cpython": {"warmup": [1.5849129000016546, 1.5660715000012715, 1.5675947000017914, 1.5684876999985136, 1.5919352999990224, 1.571194899999682, 1.5641761000006227, 1.571456899997429, 1.5671247000027506, 1.5676344000021345, 1.5653585999971256, 1.5814481999987038, 1.5593623999993724, 1.5648581999994349, 1.5674612000002526, 1.5674629000022833, 1.5456620999975712, 1.5624238999989757, 1.5766016999987187, 1.568097300001682, 1.5726718000005349, 1.50655259999985, 1.5694108999996388, 1.534131600001274, 1.5683422000001883, 1.568611199996667, 1.5689187000025413, 1.5757309000000532, 1.5727279000020644, 1.5690938000007009, 1.551551800002926, 1.5678329000002122, 1.5678336999990279, 1.5848336999988533, 1.5723352000022714, 1.6291377999987162, 1.5841212999985146, 1.5957166999978654, 1.5651079999988724, 1.5452298000018345, 1.5487186000027577, 1.5669450999994297, 1.5804657000007865, 1.5710815000020375, 1.5683787999987544, 1.579495499998302, 1.5674653999994916, 1.5635131999988516, 1.57354850000047, 1.5708028000008198, 1.5369896999982302, 1.5739839999987453, 1.536852599998383, 1.569675599999755, 1.5692646999996214, 1.5727040999991004, 1.5686191999993753, 1.5358681999969122, 1.5011594999996305, 1.5671027999997023, 1.5747424000001047, 1.5707003999996232, 1.5703630999996676, 1.5721805000030145, 1.5423411000010674, 1.5683695000006992, 1.5718844999973953, 1.5322870000018156, 1.5699085000014747, 1.5681292000008398, 1.5644474999971862, 1.567638699998497, 1.5759149999976216, 1.5706083000004583, 1.5422280999991926, 1.532871299998078, 1.565400999999838, 1.5744593999988865, 1.5502154999994673, 1.5584471999973175, 1.5435815999990155, 1.5666488999995636, 1.5679816999981995, 1.5446325000011711, 1.5785976000006485, 1.5728307999997924, 1.5830889999997453, 1.5716857000006712, 1.5629140000019106, 1.5923760999976366, 1.5700644999997166, 1.5601064000002225, 1.5647921999989194, 1.5674354000002495, 1.5552349999998114, 1.5691569000009622, 1.5923792000030517, 1.5707671000018308, 1.5795685999983107, 1.5499353000013798], "benchmark": [1.5702798000020266, 1.5690511999964656, 1.5435384000011254, 1.5490491000018665, 1.536352099999931, 1.5646239999987301, 1.5042982999984815, 1.5044396999983292, 1.5695487999983015, 1.5706711000020732, 1.5829592999980377, 1.5884819000020798, 1.568564699999115, 1.5759258000034606, 1.569161500003247, 1.5358472000007168, 1.5442438999998558, 1.5744926999977906, 1.5716610000017681, 1.5771620999985316, 1.5629723999991256, 1.5707934999991267, 1.565045100000134, 1.5750712000008207, 1.5717904999983148, 1.5756474000008893, 1.5487537999979395, 1.5709303000003274, 1.5913233000028413, 1.5749443000022438, 1.5719616999995196, 1.5479392999986885, 1.5688642999994045, 1.5750793000006524, 1.5695180000002438, 1.5752538000015193, 1.5664572999994562, 1.5698098000029859, 1.5727533999997831, 1.5684006000010413, 1.566056599996955, 1.5635552999992797, 1.5559083999978611, 1.587718999999197, 1.5719332000007853, 1.5431688000026043, 1.580305399998906, 1.569544500001939, 1.5898334000012255, 1.5833095999987563, 1.5785289000014018, 1.5769625000029919, 1.5656364999995276, 1.5640305999986595, 1.5728288000027533, 1.5514875999979267, 1.5704267000000982, 1.5666909999999916, 1.544415399999707, 1.5689544000015303, 1.5527284999989206, 1.5708930000000692, 1.5486095000014757, 1.570549399999436, 1.5711526000013691, 1.5686432000002242, 1.5492357000002812, 1.573502200000803, 1.576031199998397, 1.5686248999991221, 1.5691365000020596, 1.5448813000002701, 1.5700772000018333, 1.5356090999994194, 1.537635799999407, 1.5665215000008175, 1.5657054999974207, 1.5728324000010616, 1.5712715000008757, 1.545956900001329, 1.5714412999986962, 1.5734754000004614, 1.562837400000717, 1.5685432999998739, 1.5771421999997983, 1.5555044000029739, 1.5400719000026584, 1.54147759999978, 1.5740328000028967, 1.5703651999974682, 1.5641855999965628, 1.5373422999982722, 1.581613099999231, 1.5718863000001875, 1.5674011000010069, 1.5547148000005109, 1.569716400001198, 1.5738301999990654, 1.5709677000013471, 1.5709719000005862]}}