{"nuitka": {"warmup": [1.215564500002074, 1.2020828999957303, 1.199834600003669, 1.1940845000062836, 1.1936302999965847, 1.2098442999995314, 1.19568010000512, 1.2019306000001961, 1.2095565000054194, 1.1956573000061326, 1.1949215999920852, 1.1979761999973562, 1.203470099993865, 1.197729799998342, 1.19404050000594, 1.2033276000001933, 1.1933356000081403, 1.1999016999907326, 1.1969431000034092, 1.2052862999989884, 1.2029871999984607, 1.1958872999966843, 1.2106013000011444, 1.2015193999977782, 1.1971367999940412, 1.1952345999889076, 1.2083676000038395, 1.1971959999937098, 1.2175054999970598, 1.2032562000094913, 1.2011676999973133, 1.1952941000054125, 1.2060212000069441, 1.202202300002682, 1.2231804999901215, 1.1922143999981927, 1.1958646999992197, 1.2045794000005117, 1.1972005999996327, 1.202485500005423, 1.196533400012413, 1.1956481999950483, 1.19539929999155, 1.2005091999890283, 1.1978746999957366, 1.204313700000057, 1.2101378000079421, 1.1898064000124577, 1.1978986999893095, 1.1987911999895005, 1.1920267999958014, 1.1980868999962695, 1.2009201000037137, 1.2039394000021275, 1.2087325000029523, 1.219547300002887, 1.2021585000038613, 1.2006378000078257, 1.2121659999975236, 1.1984604000026593, 1.1914014000067255, 1.2067121000000043, 1.2038670999900205, 1.1919570999889402, 1.2000682999932906, 1.204126600001473, 1.2001620000082767, 1.199760099989362, 1.1947567999886815, 1.2060809999966295, 1.2046852000057697, 1.1965090000012424, 1.1918317999952706, 1.1979914999974426, 1.2005375000007916, 1.200093099992955, 1.207371399999829, 1.202691099999356, 1.202343999990262, 1.2050155000033556, 1.1997846000012942, 1.2014827999955742, 1.2192734999989625, 1.2030371000000741, 1.214017700011027, 1.2002387999964412, 1.2100475000042934, 1.201529500001925, 1.1961407999915536, 1.2013191000005463, 1.2067129999923054, 1.201624699999229, 1.1958855999982916, 1.198393800004851, 1.200994200000423, 1.1984301999909803, 1.2032152000028873, 1.219739899999695, 1.203945899993414, 1.2028214000019943], "benchmark": [1.1994970999949146, 1.1987732999987202, 1.2039922999974806, 1.2176552000019, 1.209221000011894, 1.202826599997934, 1.1934860000037588, 1.199923399995896, 1.19983990000037, 1.2042152999929385, 1.212989000006928, 1.2100680000003194, 1.1991693999880226, 1.2028642000077525, 1.205672100011725, 1.2058715000021039, 1.1997747000132222, 1.2005172000062885, 1.1924578999896767, 1.1937985999975353, 1.211449199996423, 1.1965383999922778, 1.2028549999959068, 1.2056703999987803, 1.200344099997892, 1.208315500000026, 1.200508699999773, 1.2143956000072649, 1.2109793999989051, 1.1953565000003437, 1.202965899996343, 1.2152234999957727, 1.203509099999792, 1.2024528000038117, 1.209581300005084, 1.2094472000026144, 1.2110669999965467, 1.2025944000051823, 1.2081713000079617, 1.1980173999909312, 1.2083721000090009, 1.201253600011114, 1.2116128999914508, 1.1995181999955093, 1.1991374999925029, 1.1985223999945447, 1.2081602999969618, 1.1966522000002442, 1.1944790000125067, 1.195021399995312, 1.199167300001136, 1.2211455999931786, 1.199030000003404, 1.1961620999936713, 1.2114150999987032, 1.19595290000143, 1.1973292000038782, 1.204556800003047, 1.2194095999875572, 1.1998902000050293, 1.2061952999938512, 1.196661399997538, 1.1973144999938086, 1.1990433000028133, 1.2013641000085045, 1.2126950999954715, 1.2064381999953184, 1.2002066999993986, 1.2010432000097353, 1.2621091000037268, 1.1961516000010306, 1.2000907000037841, 1.2136954000015976, 1.1983005000074627, 1.2277918999898247, 1.20507730000827, 1.2057944999978645, 1.212068699998781, 1.2123455999972066, 1.1981499999965308, 1.2018123000016203, 1.2006911000062246, 1.2019690000015544, 1.2083241999935126, 1.2010101000050781, 1.1979752000042936, 1.2060598999960348, 1.2113458999956492, 1.2079107000026852, 1.202831000002334, 1.206179400003748, 1.2063303000031738, 1.2059554000006756, 1.215445300011197, 1.1996233000099892, 1.1948265999963041, 1.203442800004268, 1.2166011999943294, 1.2148261999973329, 1.2122211000096286]}, "cpython": {"warmup": [1.4123371000023326, 1.4303283000044758, 1.4094162999972468, 1.4122710999945411, 1.4251972999918507, 1.4161740999988979, 1.429465799999889, 1.4117676000023494, 1.4060448999953223, 1.4131687000044622, 1.4151530999952229, 1.4118965000088792, 1.41257850000693, 1.4262050999968778, 1.407418000002508, 1.4060156999912579, 1.4292150999972364, 1.4177701999869896, 1.4055616999976337, 1.4021045999979833, 1.4073751999967499, 1.4047482000023592, 1.430433699992136, 1.4238787000067532, 1.4018591000058223, 1.4250946999964071, 1.4122381999914069, 1.4279671999975108, 1.4217505999986315, 1.4164818999997806, 1.4150432000024011, 1.4247953000012785, 1.4218938999983948, 1.4037753000011435, 1.4359548000065843, 1.425440899998648, 1.4214083999977447, 1.406579000002239, 1.4300743000057992, 1.4164618000068003, 1.4336143999971682, 1.4185894999973243, 1.4207079999905545, 1.409463500007405, 1.4112724000005983, 1.4224781000084477, 1.4330059999920195, 1.4253001000033692, 1.4356455000088317, 1.4054409000091255, 1.4220764000056079, 1.4134318999858806, 1.4685243999992963, 1.4119095000060042, 1.429596500005573, 1.4061642000015127, 1.43011590000242, 1.4214922999963164, 1.404527999999118, 1.4126462999993237, 1.4324674000090454, 1.4177698999992572, 1.429794799987576, 1.4072997999901418, 1.4303685000049882, 1.4027343000052497, 1.4062162999907741, 1.4141476000077091, 1.424725999997463, 1.410708399998839, 1.4034739000053378, 1.4175783999962732, 1.4175280000054045, 1.4190883999981452, 1.432695600000443, 1.4191726999997627, 1.4154335000057472, 1.419091000003391, 1.4048088999988977, 1.4113821999926586, 1.4142056999990018, 1.4073135000071488, 1.4187528999900678, 1.4206096999987494, 1.4458770000055665, 1.4204999000066891, 1.4168322000041371, 1.4151857000106247, 1.4268401000008453, 1.424704600009136, 1.4014979999919888, 1.412746200003312, 1.4202076999936253, 1.4156842000083998, 1.39643980000983, 1.4367521000094712, 1.416237400000682, 1.4263833000004524, 1.432147300001816, 1.3987205000012182], "benchmark": [1.4296627000003355, 1.4156703000044217, 1.435405800002627, 1.4246815999940736, 1.4058665999909863, 1.4016873999935342, 1.43582339999557, 1.4266388999967603, 1.4240237000049092, 1.4087913999974262, 1.4191207999974722, 1.436388199988869, 1.430667499997071, 1.4136157000029925, 1.4128641999996034, 1.4024943999975221, 1.4118254000059096, 1.4269646000029752, 1.4172182000038447, 1.4075400000001537, 1.4296096000034595, 1.421740799996769, 1.4215008999890415, 1.4059498999995412, 1.4151066999911563, 1.4053544999915175, 1.408362699992722, 1.4132380000082776, 1.4112443000049097, 1.4226391999982297, 1.4251000000076601, 1.4256926999951247, 1.4081013999966672, 1.4158932999998797, 1.4067012000014074, 1.4362286999967182, 1.4154464999883203, 1.4200141000037547, 1.4093401999998605, 1.4243527999933576, 1.4104203000024427, 1.4129175999987638, 1.4115649000013946, 1.4147655999986455, 1.406290099999751, 1.4295329000015045, 1.4165549999888754, 1.418850800007931, 1.4024682999879587, 1.3987862000067253, 1.417508499987889, 1.4124641000089468, 1.4098618999996688, 1.4096620999916922, 1.420213400007924, 1.4220593999925768, 1.4067037000058917, 1.4072975000017323, 1.411301200001617, 1.4057426000072155, 1.419027099997038, 1.4225765999872237, 1.4149297999974806, 1.4187619000003906, 1.4263976999936858, 1.4107889000006253, 1.4153970000043046, 1.4073701000015717, 1.4165426999970805, 1.407547800001339, 1.4260101999971084, 1.4087456999986898, 1.4125238999986323, 1.4207450999965658, 1.421273600004497, 1.420442800008459, 1.4069449999951757, 1.415688399996725, 1.414059200003976, 1.411484999989625, 1.4138476000080118, 1.411077299999306, 1.412127399991732, 1.4032980999909341, 1.41139180000755, 1.4217209999915212, 1.43497319999733, 1.4609501999948407, 1.4256009999953676, 1.4207243000128074, 1.4184086000022944, 1.428626599998097, 1.4140954000031343, 1.4066353000089293, 1.4100637000083225, 1.4310645000077784, 1.4219909999956144, 1.4152044999937061, 1.4329297999938717, 1.422789999996894]}}