{"nuitka": {"warmup": [1.209966299997177, 1.1952655999921262, 1.1981133999943268, 1.1938510999898426, 1.1892041000246536, 1.1878995000151917, 1.1844913999957498, 1.1903576999902725, 1.2133769000065513, 1.1873424999939743, 1.1827170999895316, 1.1864292999962345, 1.196047900011763, 1.1890741999959573, 1.1890718000067864, 1.191326800006209, 1.1867244000022765, 1.1911626000073738, 1.1919802999764215, 1.1961090000113472, 1.1868031000194605, 1.1884944000048563, 1.1879070000140928, 1.180968100001337, 1.1856166000070516, 1.1963166999921668, 1.1874088000040501, 1.2008077999926172, 1.1831905999861192, 1.197037600009935, 1.1903865000058431, 1.1894496000022627, 1.2164835000003222, 1.1967583000077866, 1.1958801999862771, 1.1877912000054494, 1.2013563999789767, 1.1930604000226595, 1.1929037000227254, 1.1821722000022419, 1.1936104999913368, 1.1881103000196163, 1.192552299995441, 1.1915815999964252, 1.1853812000190374, 1.1986198999802582, 1.214302400010638, 1.198378600005526, 1.1862237000023015, 1.1977702000003774, 1.1873028999834787, 1.181395599996904, 1.1855018000060227, 1.1911908999900334, 1.1877851000172086, 1.1815300000016578, 1.1981907000008505, 1.2183154000085779, 1.1925472999864724, 1.1895239999867044, 1.1951577000145335, 1.1922765000199433, 1.1971285999752581, 1.2015553999808617, 1.1949826999916695, 1.2056203999964055, 1.1991354000056162, 1.1928424999932759, 1.1963199999881908, 1.180801500013331, 1.1982491000089794, 1.1930226999975275, 1.1910615999950096, 1.1935049000021536, 1.1959144000138622, 1.1884540999890305, 1.1886839999933727, 1.1915564000082668, 1.2004042000044137, 1.1878800000122283, 1.191927299980307, 1.1896299000072759, 1.193750500009628, 1.1841741999960504, 1.1998208000150044, 1.210405499994522, 1.1910797999880742, 1.1850674000161234, 1.1922944999823812, 1.18385830000625, 1.1966380999947432, 1.1921368000039365, 1.1990094000066165, 1.2385612000070978, 1.187405899981968, 1.183958600013284, 1.201008300005924, 1.210258300008718, 1.1893364999850746, 1.1809018999920227], "benchmark": [1.1988599000032991, 1.183774800010724, 1.1832023999886587, 1.1935823000094388, 1.1833484999951907, 1.1904250999796204, 1.1855978000094183, 1.1803938000230119, 1.1908786999993026, 1.1855876999907196, 1.1859841000114102, 1.1824545999988914, 1.194888700003503, 1.18886319999001, 1.2192261000163853, 1.199459300027229, 1.1946412999823224, 1.189658099989174, 1.2017217999964487, 1.1817875000124332, 1.1854824000038207, 1.1842240999976639, 1.1868067999894265, 1.2024885999853723, 1.193122399999993, 1.1891620999958832, 1.1890557000006083, 1.1987475999922026, 1.21863650000887, 1.199643100000685, 1.1913436999893747, 1.1917221000185236, 1.2004386000044178, 1.188508199993521, 1.190610599995125, 1.1849500999960583, 1.1906755000236444, 1.2030918000091333, 1.1885101000079885, 1.1934377000143286, 1.1869336999952793, 1.1871898999961559, 1.185381099989172, 1.2006293999729678, 1.2012718000041787, 1.2177029000013135, 1.1913330999959726, 1.1845916000020225, 1.1960761999944225, 1.2229253000114113, 1.184178299998166, 1.1968767999787815, 1.1935133000079077, 1.191233799996553, 1.2005731000099331, 1.1969449000025634, 1.1821578000090085, 1.1924946999934036, 1.1937590999878012, 1.1864538000081666, 1.1883475999929942, 1.1931559999939054, 1.206063899997389, 1.1984162000007927, 1.1850506000046153, 1.2020329000079073, 1.1902458000113256, 1.206125600001542, 1.2023339000006672, 1.1878586999955587, 1.2057124000275508, 1.1842190999886952, 1.1812470000004396, 1.1966041999985464, 1.2051488000142854, 1.1865078999835532, 1.184419600002002, 1.1894163000106346, 1.200296700000763, 1.1874381999950856, 1.1944367999967653, 1.189426299999468, 1.1950635999965016, 1.1922913000162225, 1.208728700003121, 1.184647699992638, 1.1848607000138145, 1.1832649999996647, 1.1860473999986425, 1.1888158000074327, 1.1879513000021689, 1.1872357999964152, 1.1823793000075966, 1.1976911000092514, 1.1881019000138622, 1.1949116000032518, 1.1954601000179537, 1.1876007999817375, 1.2071948000229895, 1.1990059999807272]}, "cpython": {"warmup": [1.2385398999904282, 1.2076910999894608, 1.2270387000171468, 1.2201652000076137, 1.214049200003501, 1.2569521999976132, 1.2215013999957591, 1.2362262000096962, 1.2111034000117797, 1.2277671000047121, 1.2192522000113968, 1.2225613000045996, 1.229487100004917, 1.2369186999858357, 1.225042800011579, 1.2235088000015821, 1.2328497000271454, 1.2139119999774266, 1.2164211999916006, 1.2159615000127815, 1.2318500999826938, 1.231678499985719, 1.2261218999919947, 1.2242803999979515, 1.2107173000113107, 1.2321182999876328, 1.2270969999954104, 1.2148626999987755, 1.220024900016142, 1.2175478000135627, 1.2158541000098921, 1.2203789000050165, 1.2130634000059217, 1.221126100019319, 1.224090800009435, 1.2373194999818224, 1.2179534999886528, 1.2324510000180453, 1.2298093999852426, 1.2433715999941342, 1.227206900017336, 1.2160756999801379, 1.2186665999761317, 1.2223221999884117, 1.2226662000175565, 1.2150689999980386, 1.2206841000006534, 1.2212778000102844, 1.220612400007667, 1.215896999987308, 1.2369248000031803, 1.217401100002462, 1.2150339999934658, 1.2171606999763753, 1.2088948999880813, 1.2214401999954134, 1.2098308999848086, 1.2406144000124186, 1.2302610999904573, 1.2209709000017028, 1.2402324999857228, 1.2278078999952413, 1.2309891000040807, 1.2257962999865413, 1.225693800020963, 1.2362474000256043, 1.228672800003551, 1.2359143999929074, 1.2245778000215068, 1.223570500005735, 1.2199512000079267, 1.224939700012328, 1.2237747999897692, 1.2397652999788988, 1.2238538000092376, 1.2168794000172056, 1.212472200015327, 1.2376580999989528, 1.2195465999830049, 1.219037999981083, 1.2210268000198994, 1.2111927999940235, 1.2213191000046209, 1.2102103999932297, 1.2182562000234611, 1.2365919000003487, 1.2075679000117816, 1.2219584000122268, 1.2145459999737795, 1.2220975999953225, 1.221396899985848, 1.2510419999889564, 1.2163253999897279, 1.2140195000101812, 1.237228599988157, 1.2288092999951914, 1.2828052999975625, 1.235080399987055, 1.2238791000272613, 1.2204683999880217], "benchmark": [1.2398604999762028, 1.2151216999918688, 1.228432999982033, 1.2230909999925643, 1.257652699976461, 1.2267136999871582, 1.211823399993591, 1.2046268999984022, 1.222668500005966, 1.2204703000024892, 1.2239435999945272, 1.2324338000034913, 1.2117998999892734, 1.2097981000260916, 1.2768772999988869, 1.2335373999958392, 1.2265165999997407, 1.2205117999983486, 1.2152926999842748, 1.2119612999958917, 1.219118700013496, 1.2361865999992006, 1.2129946999775711, 1.244314099982148, 1.2120510999811813, 1.2229032999894116, 1.211378500011051, 1.2200608999992255, 1.2306453000055626, 1.2427040000038687, 1.2335654000053182, 1.217340700008208, 1.216318399994634, 1.214167099999031, 1.2190945000038482, 1.2159218000015244, 1.217423099995358, 1.2214477000234183, 1.2240219000086654, 1.2568255999940448, 1.2198418999905698, 1.2178352000191808, 1.2256349999806844, 1.216805599979125, 1.2367096000234596, 1.2289395999978296, 1.2267952999973204, 1.219075500004692, 1.2055309000134002, 1.2132121999748051, 1.2128217999998014, 1.228443600004539, 1.2094325999787543, 1.239085500012152, 1.2062693000189029, 1.2250581000116654, 1.2196674999722745, 1.229182100010803, 1.2253149999887682, 1.2201661000144668, 1.214338099991437, 1.2064810000010766, 1.2132796999940183, 1.2283626999997068, 1.2221621999924537, 1.2196153000113554, 1.2326418999873567, 1.2286060000187717, 1.2186827000114135, 1.2182933000149205, 1.2372384000045713, 1.2342064999975264, 1.2328326999850105, 1.2077583999780472, 1.2197489000100177, 1.2080840000126045, 1.2321063000126742, 1.2162337999907322, 1.2278062999830581, 1.2089799000241328, 1.2026321000012103, 1.22325800001272, 1.2180003999965265, 1.2344640000083018, 1.2105324000003748, 1.230409799987683, 1.2265890999988187, 1.229649499990046, 1.2329354000103194, 1.2255876999988686, 1.2182074999727774, 1.2168207000067923, 1.2237973999872338, 1.2319235999893863, 1.227141000010306, 1.2185712000064086, 1.225539300008677, 1.2234187000140082, 1.2136367000057362, 1.216381200007163]}}