{"nuitka": {"warmup": [1.0822431999986293, 1.0662721999979112, 1.0680238000059035, 1.0772791000053985, 1.0695668999978807, 1.066779000000679, 1.06137700000545, 1.0662071999977343, 1.0603977999999188, 1.0682915000070352, 1.0692788000014843, 1.0669167000014568, 1.0675667000032263, 1.064335300005041, 1.0813053000019863, 1.0717342999996617, 1.0646182000054978, 1.0667869000026258, 1.0626889999984996, 1.0591354999924079, 1.0960952000023099, 1.0724170999892522, 1.0705832000094233, 1.0776741999870865, 1.0765226999938022, 1.0677876999980072, 1.0601813999965088, 1.0938150999863865, 1.0630157999985386, 1.0622395000100369, 1.0635432999988552, 1.0748781000002054, 1.0577645999874221, 1.0840912999992725, 1.0654581999988295, 1.064107199999853, 1.0661335000040708, 1.0598222999979043, 1.065129299997352, 1.0771222000039415, 1.0665772999927867, 1.0640128999948502, 1.0636896999931196, 1.063908000010997, 1.0634172999998555, 1.0603904000017792, 1.0684311999939382, 1.0610331000061706, 1.0644062999926973, 1.0630544000014197, 1.063567499993951, 1.0607602000090992, 1.060877399999299, 1.0808574999973644, 1.0771103000006406, 1.0769454999972368, 1.0628185000095982, 1.0672998999943957, 1.0614486999984365, 1.0627016999933403, 1.0628989999968326, 1.0586340000008931, 1.0717280999961076, 1.0622901000024285, 1.0622106999944663, 1.061390200004098, 1.0805202000046847, 1.066032400005497, 1.0735295999911614, 1.0697069999878295, 1.0729573999997228, 1.0705854999978328, 1.0683443000016268, 1.0749130000040168, 1.0649719000066398, 1.0654426999972202, 1.0825776000128826, 1.0645821999933105, 1.0596027999999933, 1.0617100999952527, 1.083214800004498, 1.0592634000058752, 1.057606800008216, 1.0604981999931624, 1.0587230999954045, 1.0584729999973206, 1.0779826000070898, 1.059066999994684, 1.069165199995041, 1.065514300003997, 1.0701133999973536, 1.0586914000014076, 1.0603218999895034, 1.0635650000040187, 1.059067199996207, 1.0639749999972992, 1.0663280000007944, 1.0551806000003126, 1.0644737999973586, 1.0880170000018552], "benchmark": [1.0641846000071382, 1.0909678000025451, 1.0654830999992555, 1.0718214999942575, 1.0680463000026066, 1.0676317000034032, 1.0674088999949163, 1.0671580000052927, 1.070538600004511, 1.0649615000002086, 1.0637079000007361, 1.0703315999999177, 1.0585565000073984, 1.0633711000118637, 1.0580728000059025, 1.0639627999917138, 1.0688283999916166, 1.0610780999995768, 1.0583164999989094, 1.0601351999939652, 1.0750181000039447, 1.066931299996213, 1.0656614000035916, 1.0593391000002157, 1.0661793000035686, 1.0632503999950131, 1.076966500011622, 1.0775714000046719, 1.0621441999974195, 1.069209499997669, 1.0649722000089241, 1.0753332000022056, 1.064438000001246, 1.0646539000008488, 1.0644694000075106, 1.0802736000041477, 1.0672123999975156, 1.0736069999984466, 1.062419800000498, 1.062262899999041, 1.0626069999998435, 1.0668907999934163, 1.0796294000028865, 1.0669558999943547, 1.0799975000118138, 1.0643998000014108, 1.0608555000071647, 1.0678977000061423, 1.0637508000072557, 1.0648756000009598, 1.066671900000074, 1.062948899998446, 1.0624618000001647, 1.0640273000026355, 1.0677700999949593, 1.0612871999910567, 1.0606208999961382, 1.0592099000059534, 1.0742821999883745, 1.0626924999960465, 1.0631326000002446, 1.0623675999959232, 1.063709199996083, 1.0713169000082416, 1.0645989999902667, 1.0773671000060858, 1.0598600999946939, 1.0589460000046529, 1.061541400005808, 1.0727985999983503, 1.082902299996931, 1.0615942000003997, 1.068712799999048, 1.0700741000036942, 1.0672693999949843, 1.0624731999996584, 1.0704351000022143, 1.0655370999884326, 1.0617903000093065, 1.0674736999935703, 1.0615377000067383, 1.0709677999984706, 1.0663061999948695, 1.0734617999987677, 1.0661515000101645, 1.0739943999942625, 1.0719571000081487, 1.057301599998027, 1.0704636999871582, 1.0718790999962948, 1.063485299993772, 1.074377299999469, 1.0653694000066025, 1.0609265000093728, 1.062460999994073, 1.068284200009657, 1.0633552000072086, 1.059649700007867, 1.0593784999946365, 1.0586004000069806]}, "cpython": {"warmup": [0.76888260000851, 0.769465899997158, 0.7736595000023954, 0.7683499000122538, 0.7714081000012811, 0.7672026999935042, 0.7695721000054618, 0.7668112999963341, 0.7674645000079181, 0.766676400002325, 0.7642613999923924, 0.7691800000029616, 0.7715775000106078, 0.7675028999947244, 0.7737807999947108, 0.7787736999889603, 0.7660808000073303, 0.785147100003087, 0.7679588000028161, 0.7638429000071483, 0.768806099993526, 0.7666417000000365, 0.7704298000026029, 0.7701189999934286, 0.7830165000050329, 0.765335199990659, 0.76623500000278, 0.7655431000021053, 0.7705884000024525, 0.7648115999909351, 0.776776400001836, 0.765409899991937, 0.781819900003029, 0.7920154000021284, 0.7679780000034953, 0.7684860000008484, 0.7865894999995362, 0.7672664000128862, 0.785959399989224, 0.7666943999938667, 0.7654806000064127, 0.7713065999996616, 0.7784477999957744, 0.772793800002546, 0.7694738999998663, 0.7704591999936383, 0.7689641000033589, 0.7757935999979964, 0.785367699994822, 0.7639156999939587, 0.7674918999982765, 0.7721184999973048, 0.781685900001321, 0.7669162000092911, 0.7764857000001939, 0.769134899994242, 0.7906479000084801, 0.7734187000023667, 0.7678779999987455, 0.7676471000013407, 0.7800163999927463, 0.7681019000010565, 0.7706886000087252, 0.7681047999940347, 0.7683434999926249, 0.7633402000064962, 0.7704400999937207, 0.77945770000224, 0.762595300009707, 0.7816996000037761, 0.7815792000037618, 0.7641288000013446, 0.7677191999973729, 0.7711896999971941, 0.7718673000053968, 0.7698856999923009, 0.7713698000006843, 0.7756204000033904, 0.7804871999978786, 0.7759049000014784, 0.7687392000079853, 0.7740098999929614, 0.7760757999931229, 0.7683869000029517, 0.7711017000110587, 0.76991880001151, 0.7677779999939958, 0.7651984999974957, 0.7756995999952778, 0.7661494999920251, 0.7751414000085788, 0.7671450000052573, 0.7679755999997724, 0.7731726999918465, 0.7830595999985235, 0.7701194999972358, 0.7661195999971824, 0.7652369999996154, 0.7704469000018435, 0.7693621999933384],