{"nuitka": {"warmup": [1.0206031999987317, 1.0146013000048697, 1.0118234000110533, 1.1826402000006055, 1.0086544999940088, 1.0099618999956874, 1.0071742000000086, 1.0257133999984944, 1.0095115000003716, 1.0131800999952247, 1.010053300007712, 1.0376394000049913, 1.0195937999960734, 1.0117757999978494, 1.009035800001584, 1.0068107999977656, 1.0069994999939809, 1.0202791000047, 1.0195716000016546, 1.0252517000044463, 1.0085115999972913, 1.0202356000081636, 1.0064159000030486, 1.0173930000019027, 1.010315499996068, 1.018008800005191, 1.01799469999969, 1.0092921999894315, 1.009535600009258, 1.00620109999727, 1.0087978999945335, 1.017518699998618, 1.0223750000004657, 1.0089721999975154, 1.0212529999989783, 1.0083592000009958, 1.0063214999972843, 1.005791000003228, 1.012140899998485, 1.0187889999942854, 1.0344356999994488, 1.0089747000019997, 1.0096151000034297, 1.0081483999965712, 1.00718310000957, 1.0078079999948386, 1.0073750000010477, 1.0203758999996353, 1.0139482999948086, 1.0102365000057034, 1.0196938999870326, 1.0165975999989314, 1.0093204000004334, 1.0079560000012862, 1.012139800004661, 1.011285799992038, 1.01967130000412, 1.0091128000058234, 1.0163300999993226, 1.0082691999996314, 1.0447648000117624, 1.006863600006909, 1.0178395999973873, 1.0082742999948096, 1.0094108000048436, 1.0081108000013046, 1.005479400002514, 1.0061692000017501, 1.0115464000118664, 1.008379299993976, 1.0110535999992862, 1.0308490000024904, 1.0092926000070293, 1.0196253000030993, 1.0078377000027103, 1.0085555000114255, 1.0201518999965629, 1.0135832000087248, 1.0091106000036234, 1.013284400003613, 1.0087714999972377, 1.0111674999934621, 1.0081256000121357, 1.0088376000057906, 1.0092299999960233, 1.006974000003538, 1.008193299989216, 1.01933409999765, 1.0171757000061916, 1.0154580000089481, 1.017620699989493, 1.0088906999881146, 1.0164541999984067, 1.0041257999982918, 1.0237818000023253, 1.0070790000027046, 1.0192343999951845, 1.0101641999935964, 1.0180199000024004, 1.0103388999996241], "benchmark": [1.0082667999959085, 1.0217421999986982, 1.013182800001232, 1.0152135999960592, 1.0071326999895973, 1.0099205000005895, 1.0084905000112485, 1.0270423000038136, 1.0143289000116056, 1.014511000001221, 1.0056196000077762, 1.0073338999936823, 1.0074337999976706, 1.010526599988225, 1.014108599993051, 1.0066710999963107, 1.0095984000072349, 1.0055702999961795, 1.0099066000111634, 1.0134999000001699, 1.009299800003646, 1.0067301999952178, 1.008554300002288, 1.0063712000119267, 1.0074008999945363, 1.0460741999995662, 1.0191408999962732, 1.0175026999932015, 1.01759889999812, 1.017333800002234, 1.0108253999933368, 1.0047633000067435, 1.0297583999927156, 1.0116840999980923, 1.0298050999990664, 1.0524804000015138, 1.0109395000035875, 1.0096928999992087, 1.038465699995868, 1.0076743999961764, 1.022352599989972, 1.0115444999973988, 1.041016999995918, 1.0089106000086758, 1.0135694000055082, 1.0296078999963356, 1.0072492000035709, 1.0097316000028513, 1.0069121999986237, 1.017343500003335, 1.007044700003462, 1.018100700006471, 1.0050776999996742, 1.0145169000024907, 1.0185868000116898, 1.010179099990637, 1.0152990000060527, 1.0078688000066904, 1.010135699994862, 1.0180517999979202, 1.0065220999968005, 1.0092479000013554, 1.015204299998004, 1.0376117000123486, 1.0256031000026269, 1.0240888999978779, 1.009354900001199, 1.0069307000085246, 1.0136270000075456, 1.0084326999931363, 1.0028351000073599, 1.0085871999908704, 1.0057530000049155, 1.0117146999982651, 1.0106922000122722, 1.0184852000093088, 1.0144562999921618, 1.0087824999936856, 1.0125190000107978, 1.0079474999947706, 1.020892599990475, 1.006698299999698, 1.0152482000121381, 1.0278934000089066, 1.0085871999908704, 1.0061139000026742, 1.0200750999938464, 1.0085412000044016, 1.0187569000117946, 1.009177300002193, 1.0168609000102151, 1.0073090000078082, 1.0079312000016216, 1.00705420000304, 1.0091796000051545, 1.0097314000013284, 1.0170261000021128, 1.006912700002431, 1.00870260001102, 1.010207299987087]}, "cpython": {"warmup": [0.8224763000034727, 0.817749099995126, 0.8069300000061048, 0.807141600002069, 0.8157896000047913, 0.8004711999965366, 0.8190327999909641, 0.8042251000006218, 0.8208304999861866, 0.8039928000071086, 0.8173492999922018, 0.8056440000073053, 0.80492989999766, 0.8426904999942053, 0.8039238000055775, 0.8102921999961836, 0.8122355000086827, 0.824605400004657, 0.8086312999948859, 0.8272198000049684, 0.8053906999994069, 0.8168019000004278, 0.8246750999969663, 0.8104410999949323, 0.8135918000043603, 0.8137081999884686, 0.8210625999927288, 0.8288812999962829, 0.8123564999987138, 0.804550200002268, 0.8193451999977697, 0.8176683000056073, 0.816034600007697, 0.8183933999971487, 0.8130228000081843, 0.8286926000000676, 0.8144878000020981, 0.808651600003941, 0.8239831000100821, 0.8156193000031635, 0.818563599998015, 0.819737099998747, 0.8156165999971563, 0.8121589000074891, 0.8032099999982165, 0.8360151000088081, 0.8411512000020593, 0.817557799993665, 0.8110583000088809, 0.8143886000034399, 0.8052759999991395, 0.8037397000007331, 0.8415308000112418, 0.8189687000121921, 0.8161966999905417, 0.8180619000049774, 0.8245930999983102, 0.8077813000127207, 0.8238295999908587, 0.8194248999934644, 0.8137102999899071, 0.814708600009908, 0.8274910000036471, 0.8161467000027187, 0.8309748000028776, 0.818973300003563, 0.8164233999996213, 0.8098309000051813, 0.8131603000074392, 0.8213307999976678, 0.8223116000008304, 0.8122748000023421, 0.8108034000033513, 0.8196186999994097, 0.812923800011049, 0.8201852000056533, 0.8380019999895012, 0.8117896999901859, 0.8328859000030207, 0.8252793999999994, 0.8079400999995414, 0.8061373999953503, 0.8177195000025677, 0.8203174999944167, 0.8066622999904212, 0.8103680000058375, 0.8170261999912327, 0.8026021999976365, 0.8054097999993246, 0.825048800004879, 0.8176376999908825, 0.8113875999988522, 0.8045342999976128, 0.8169215000089025, 0.8156914999999572, 0.8270200999977533, 0.8085129000101006, 0.8059599999978673, 0.8252091000031214, 0.811910500007798], "benchmark": [0.8214261000102852, 0.8407444000040414, 0.8235360999969998, 0.8198639999900479, 0.8189405000011902, 0.80805349998991, 0.8064452999969944, 0.8196735999954399, 0.809186900005443, 0.8076818999979878, 0.8060084000026109, 0.8047553999931552, 0.822743900003843, 0.8058560000063153, 0.8245523999939905, 0.8196556000038981, 0.8164141000015661, 0.8154394000011962, 0.8042856000101892, 0.8135134000040125, 0.8056139999971492, 0.8045471000077669, 0.8035166999907233, 0.8085758999950485, 0.8184578000073088, 0.8173203999904217, 0.8073880000010831, 0.81486459998996, 0.8129902999935439, 0.8106136999995215, 0.8131640999927185, 0.8077325999911409, 0.8194605999888154, 0.8174209999997402, 0.8194252999965101, 0.8043785000045318, 0.8205408000067109, 0.8067502999911085, 0.8107756999961566, 0.8037242999998853, 0.8064183999958914, 0.8019821000052616, 0.8103642000060063, 0.8157113999914145, 0.8165881000022637, 0.8193996000045445, 0.8012530999985756, 0.8182301000051666, 0.8068895999895176, 0.8118739999918034, 0.813060200001928, 0.8039847000036389, 0.8043402999901446, 0.810207000002265, 0.8209770000103163, 0.8170219000021461, 0.8197852000012062, 0.8178501000074903, 0.8074893000011798, 0.8149983000039356, 0.8077802000043448, 0.8033124000066891, 0.8248452999978326, 0.8223051000095438, 0.8317364000104135, 0.8328560999943875, 0.8220835999964038, 0.8177793999930145, 0.8207680999912554, 0.8186551999970106, 0.8181942000082927, 0.8147987000120338, 0.8082228000130272, 0.8215560000098776, 0.8133849000005284, 0.8038380000070902, 0.8152843999996549, 0.8295437000051606, 0.8083551999880001, 0.8055373000097461, 0.8302851000044029, 0.8120714999968186, 0.8115031000052113, 0.8122614000021713, 0.8178850000113016, 0.8238577000010991, 0.8236819000012474, 0.8030935999995563, 0.8204146999923978, 0.8078149999928428, 0.805803700000979, 0.8044440999947255, 0.8071641999995336, 0.8021903999906499, 0.8083274999953574, 0.8113792000076501, 0.8109175999998115, 0.8247014000080526, 0.8156866000063019, 0.8074373999988893]}}