{"nuitka": {"warmup": [1.4318003999942448, 1.4122129999886965, 1.40005770001153, 1.3905560999992304, 1.4064346999948611, 1.4067079999949783, 1.4024202000000514, 1.4004642000072636, 1.3981395000009798, 1.3953497000038624, 1.406374300000607, 1.4087702999968315, 1.4008090999996057, 1.395864200007054, 1.3965277999959653, 1.4262120999919716, 1.4267628000088735, 1.400944499997422, 1.4017860000021756, 1.4028186000068672, 1.3911719000025187, 1.391168000001926, 1.3905239000014262, 1.397435700011556, 1.3980944999930216, 1.4198595000052592, 1.396308900002623, 1.4025861999980407, 1.4100858000019798, 1.4127777000103379, 1.4023731000052067, 1.405518600004143, 1.3983503999916138, 1.3823255000024801, 1.400527299992973, 1.4162962999980664, 1.39381159999175, 1.4175207000080263, 1.3932159999967553, 1.3991497000097297, 1.412502899998799, 1.3945898999954807, 1.4079831999988528, 1.3985373000032268, 1.404800400006934, 1.3981344000058016, 1.3918785999994725, 1.41059289999248, 1.4059910000069067, 1.4001382999995258, 1.394041699997615, 1.4126619000016944, 1.3951049000024796, 1.4378909999941243, 1.4093549999961397, 1.4155035000003409, 1.3941750999947544, 1.3911841999943135, 1.4029885999916587, 1.4011765000032028, 1.3997749000118347, 1.416693100007251, 1.399208800008637, 1.3988987000047928, 1.4539015000045765, 1.3939301999926101, 1.3937295000068843, 1.3958650999993552, 1.3992583000072045, 1.3910730000061449, 1.3920554000069387, 1.4088800000026822, 1.393505500003812, 1.4156520999968052, 1.393498699995689, 1.397893599991221, 1.4000031999894418, 1.4004584000067553, 1.4006236999994144, 1.4037265999941155, 1.3934357999969507, 1.3956091000000015, 1.4044854000094347, 1.4199718000018038, 1.42163260000234, 1.4074112999951467, 1.391124600006151, 1.410699799991562, 1.407211500001722, 1.4106724000012036, 1.3974042000045301, 1.385205099999439, 1.41017400000419, 1.3947203999996418, 1.4171588000026532, 1.4111944000032963, 1.4045978999929503, 1.3966206000040984, 1.4115263999992749, 1.4054485999949975], "benchmark": [1.3953210000036051, 1.3975715000124183, 1.3986672000028193, 1.395880500000203, 1.3889895000029355, 1.426304299995536, 1.404098500002874, 1.3854667999985395, 1.436174000002211, 1.4101366999966558, 1.4004011999932118, 1.4337805999966804, 1.4033670000062557, 1.396549099998083, 1.3951375000033295, 1.4069091999990633, 1.4145290000014938, 1.4074748999992153, 1.3997254999994766, 1.397820900005172, 1.4180749999941327, 1.4153940999967745, 1.4196561999997357, 1.3955210000131046, 1.4025015000079293, 1.3873354999959702, 1.4027236999972956, 1.4083683999924688, 1.4158940999914194, 1.4012154999945778, 1.3979201000038302, 1.3924121000018204, 1.503920699993614, 1.3880977000080748, 1.407017799996538, 1.399044200006756, 1.4188138999888906, 1.422772600009921, 1.3928565999958664, 1.3919376999983797, 1.4129113999952096, 1.4136063999903854, 1.419714899995597, 1.3960820000065723, 1.3964893000083975, 1.4109850999957416, 1.3984349999955157, 1.4035867000056896, 1.3927158000005875, 1.4022999000007985, 1.3985200999886729, 1.4144552999932785, 1.4099780999968061, 1.3915503999887733, 1.4104875999910291, 1.3925501000048826, 1.417028099996969, 1.4056959000008646, 1.393955300009111, 1.3971886999934213, 1.3994594999967376, 1.3998786000011023, 1.3896932000061497, 1.4000496000080602, 1.4083041999983834, 1.4147981999994954, 1.4016420999978436, 1.4060881000041263, 1.4048630000033882, 1.3987236000102712, 1.3917060000094352, 1.4075348999904236, 1.399089600003208, 1.394526299991412, 1.4150958000100218, 1.3931382000009762, 1.4108667999971658, 1.4102859999984503, 1.4032958000025246, 1.4082255999965128, 1.4323195000033593, 1.4073617000103695, 1.3919729000044754, 1.4076120999961859, 1.4111543000035454, 1.40202649999992, 1.423142600004212, 1.4019018999970285, 1.394424699989031, 1.4031411000032676, 1.4091591000033077, 1.3892642999999225, 1.4097113000025274, 1.395235899995896, 1.4039105999981984, 1.4084060000022873, 1.3965726000024006, 1.405145700002322, 1.4059737000061432, 1.4070527000003494]}, "cpython": {"warmup": [0.6919354999990901, 0.6671236999973189, 0.6661233999911929, 0.6842592000029981, 0.6714231000078144, 0.6746003999869572, 0.6772294999973383, 0.6726843000069493, 0.7341359999991255, 0.7427742999861948, 0.675363100002869, 0.6800982999993721, 0.6666336999915075, 0.6675207999942359, 0.671951700001955, 0.681366100005107, 0.7056614000030095, 0.6674289000075078, 0.664281999997911, 0.6756619000079809, 0.6646593000041321, 0.6640493000013521, 0.666550299996743, 0.6738043000077596, 0.6809738000010839, 0.6808459000021685, 0.6724605000053998, 0.6747744000022067, 0.6797363999939989, 0.6733441999967908, 0.6664418000000296, 0.6772687999909976, 0.6735244000010425, 0.6813790999876801, 0.6701625999994576, 0.6745150000060676, 0.6786285000125645, 0.6803724000055809, 0.6723495000042021, 0.6775418000033824, 0.6821085999981733, 0.6643455000012182, 0.6747257000097306, 0.6708977000089362, 0.6782244000060018, 0.6754179999988992, 0.6704916000016965, 0.672836500001722, 0.6641539999982342, 0.7406404999928782, 0.6658445999928517, 0.6840921999973943, 0.6722201999946265, 0.6875641999940854, 0.6745040999958292, 0.6639872000087053, 0.6811900000029709, 0.6736913999920944, 0.6747272000066005, 0.674819000007119, 0.7081726000033086, 0.7540697999938857, 0.6742551999923307, 0.6893146999937017, 0.6650927000009688, 0.6752575999998953, 0.6675878000096418, 0.7333189000055427, 0.6765591000003042, 0.6805383000028087, 0.6741805000056047, 0.6637245000019902, 0.6849222000018926, 0.6638945000013337, 0.6705033000034746, 0.6748978999967221, 0.6677581999974791, 0.6893060000002151, 0.6654339999950025, 0.6673760999983642, 0.6688136000011582, 0.6709087000053842, 0.6691541999898618, 0.6754609000054188, 0.672064300000784, 0.6736229000089224, 0.6799151999875903, 0.6669217000016943, 0.6828290999983437, 0.6771276999934344, 0.6761633999994956, 0.6690918999956921, 0.683045800004038, 0.6650502999982564, 0.6698236999945948, 0.6739081999985501, 0.6699145000020508, 0.6670808000053512, 0.6767404000129318, 0.6688164000079269],