{"nuitka": {"warmup": [1.0188453000009758, 0.9977803999972821, 1.0027015000014217, 1.001618199999939, 0.9935413000021072, 1.0182371999981115, 1.006944199998543, 1.006402099999832, 1.009455600000365, 0.996118099999876, 1.0051362999984121, 1.0046614999992016, 0.9972792999978992, 0.9931474000004528, 1.0088310000028287, 0.9968888999974297, 1.004091700000572, 1.0118843999989622, 1.010750100002042, 0.9964284999987285, 0.9954840999998851, 1.0035470000002533, 1.0405212000005122, 0.9963868999984697, 1.0135575000022072, 0.9985770999992383, 0.9993115999968722, 1.009810399998969, 0.9920725999982096, 0.995039800000086, 0.9923511999986658, 0.9975186000010581, 0.9977698999973654, 1.018771500002913, 0.9999563999990642, 0.9987306000002718, 1.0065004999996745, 0.9976013999985298, 0.9955232000029355, 0.99685369999861, 1.0066026999993483, 1.0085085000027902, 1.0218090000016673, 0.9955349000010756, 0.9972115000018675, 0.9979086000021198, 0.9940037999986089, 0.9999572999986412, 1.0002989999993588, 0.9989256000008027, 1.0015524000009464, 0.9972040000029665, 1.0100539999984903, 1.0001666999996814, 0.991638100000273, 1.0072417000010319, 0.9939480000030017, 0.9961499999990338, 1.0021194999972067, 0.9974296000000322, 1.0014436999990721, 1.0027840999973705, 0.9987714000017149, 1.0022086999997555, 1.002183899996453, 1.0076235999986238, 0.9969469999996363, 0.9980534999995143, 1.0121062999969581, 1.0048993999989762, 0.9938996999990195, 0.9976930000011635, 1.0053469000013138, 0.9963806999985536, 1.0021501000010176, 1.0189873000017542, 0.9977886000015133, 0.997991500000353, 1.0053513999991992, 0.9979639000011957, 1.006602199999179, 0.9993719000012788, 1.0069220000004862, 0.9954728999982763, 0.999653999999282, 1.0040886999995564, 1.0042876999978034, 0.994643800000631, 1.000690000000759, 0.9940572000014072, 0.9959756999996898, 1.0001286000006075, 0.9964447999991535, 0.9918084000019007, 1.0067717999991146, 1.0051165000004403, 1.0014149000016914, 0.9966442999975698, 0.9982635000014852, 1.0006474000001617], "benchmark": [0.9930753000007826, 0.9964052000032098, 0.9974727000007988, 1.0150296000028902, 1.0003663000024972, 1.0018500000005588, 0.997365200000786, 1.005766300000687, 1.0129240000023856, 1.0018264999998792, 0.9934543000017584, 0.9946264999998675, 1.006366400000843, 1.0036035999983142, 1.0024095000007947, 1.0043656999987434, 1.0064415000015288, 1.0170727000004263, 0.9962073000024247, 1.0042938999977196, 1.0063030999990588, 0.9983739000017522, 0.9927994000026956, 0.9962983000004897, 0.9970551999977033, 1.001504700001533, 1.002282000001287, 0.9934466000013344, 1.0071315000022878, 1.007848400000512, 0.9956860999991477, 1.0048762999977043, 1.0043613000016194, 1.0244754999985162, 0.9982859000010649, 1.0198162000015145, 0.9977169000012509, 1.0033591000028537, 1.0011334999981045, 1.0000222000016947, 1.0118462999998883, 1.0064985999997589, 1.002445500002068, 0.997934199996962, 0.9966376000011223, 0.9985101999991457, 0.9932899999985239, 1.0152651999997033, 1.008354399997188, 0.9970481000018481, 0.9973322000005282, 0.9942386999973678, 0.99957490000088, 0.9972199000003457, 1.0058177999999316, 1.0037883000004513, 0.999360899997555, 0.9949731000015163, 1.0069503000013356, 0.9978452000032121, 0.998521500001516, 0.9995453000010457, 1.001477599998907, 1.0000093000016932, 1.0238262999992003, 0.9950866999970458, 0.9994885999985854, 1.0112096999982896, 0.997063500002696, 0.9953927999995358, 0.9995008000005328, 0.9964686999992409, 1.005636100002448, 0.9922820000028878, 1.0030421999981627, 1.0036460000010266, 0.9943872000003466, 0.9977580000013404, 1.0049001000006683, 1.0035336000000825, 1.0044894999991811, 1.0003159000007145, 1.0124034999971627, 0.9982060999973328, 1.000352600000042, 0.9987623999986681, 0.999683099998947, 0.9961435999975947, 1.0089669000008143, 0.9951780000010331, 1.000161100000696, 1.000637999997707, 0.9917453999987629, 1.0057372000010218, 1.0013365999984671, 0.9941302000006544, 0.9971949999999197, 0.9969872000001487, 1.0005067999991297, 0.9983840999993845]}, "cpython": {"warmup": [1.08742809999967, 1.0789068000012776, 1.0830384000000777, 1.0816126999998232, 1.0800226999999722, 1.0813248000013118, 1.0777645000016491, 1.0826124000013806, 1.083591599999636, 1.087984800000413, 1.0747152000003553, 1.0791566000007151, 1.0840787000015553, 1.0828824000018358, 1.079863099999784, 1.0796448000000964, 1.082963299999392, 1.0752873999990697, 1.0781265000005078, 1.0825441999986651, 1.0841706999999587, 1.0797210999990057, 1.082260099999985, 1.0813366000002134, 1.0855369999990216, 1.0803286999980628, 1.0773876999992353, 1.0812017999996897, 1.0802519999997457, 1.080756699997437, 1.0772437999985414, 1.078909300002124, 1.0908834000001661, 1.08157299999948, 1.0803481000002648, 1.0760629999967932, 1.0923857000016142, 1.0826258999986749, 1.0795811999996658, 1.082102300002589, 1.0745653999983915, 1.080063199999131, 1.0845300000000861, 1.0779059999986202, 1.0781526000027952, 1.0805274000013014, 1.0825368000005255, 1.0773111999988032, 1.0871437999994669, 1.081369799998356, 1.0813268999991124, 1.0793997000000672, 1.0781786999978067, 1.0799984999976004, 1.0870880000002217, 1.0787612999993144, 1.0797531999996863, 1.080343500001618, 1.0833314999981667, 1.0803061000005982, 1.0838009000035527, 1.0799205000002985, 1.0785561999982747, 1.0819516999981715, 1.0830500000010943, 1.084333599999809, 1.0868315000006987, 1.0856545000024198, 1.081982199997583, 1.0821561999982805, 1.0832143000006909, 1.0803362999977253, 1.0779933999983768, 1.0796754000002693, 1.0772524999993038, 1.0846347000006062, 1.085046300002432, 1.079393500000151, 1.0784100999990187, 1.0788312000004225, 1.079492000000755, 1.0784174000000348, 1.0830676000005042, 1.0804002999975637, 1.0842507999986992, 1.0778465999974287, 1.0863672000014049, 1.0785995999976876, 1.0741452000002027, 1.077676300003077, 1.0841426999977557, 1.0788046999987273, 1.0802392000005057, 1.0782846000001882, 1.0751941999988048, 1.0823025999998208, 1.0832227999999304, 1.0803067999986524, 1.07874780000202, 1.0810824000000139], "benchmark": [1.078938400001789, 1.0782776000014564, 1.08370510000168, 1.0786068000015803, 1.0818235999977333, 1.0798518999981752, 1.0837064000006649, 1.0779190000030212, 1.0784175999979198, 1.08023509999839, 1.079124399999273, 1.079399199999898, 1.0810581000005186, 1.0831555999975535, 1.0844313000015973, 1.078384599997662, 1.0782461000017065, 1.0851212999987183, 1.0804701999986719, 1.0812403000018094, 1.081998300000123, 1.084833400000207, 1.0778919000003953, 1.0736293000009027, 1.0794429999987187, 1.079585399998905, 1.0759709000012663, 1.0833951000022353, 1.0767106999992393, 1.0802390999997442, 1.0841005000002042, 1.077143899998191, 1.0802372000034666, 1.082191800000146, 1.07713970000259, 1.079548600002454, 1.0800217000032717, 1.0796289999998407, 1.082243800003198, 1.0838363000002573, 1.0834046000018134, 1.0793847999993886, 1.083346100000199, 1.0850873999988835, 1.078035099999397, 1.0794857000000775, 1.0782123999997566, 1.0781881000002613, 1.0798472999995283, 1.082384600002115, 1.0786582000000635, 1.0861925999997766, 1.0794939000006707, 1.0765143999997235, 1.0841298000013921, 1.0807432000001427, 1.0797898000018904, 1.0813118999976723, 1.083213000001706, 1.0794547000004968, 1.0784899999998743, 1.0805292000004556, 1.0780269999995653, 1.0823048999991443, 1.075808400000824, 1.0824597999999241, 1.078938399998151, 1.0819005999983347, 1.0821077000000514, 1.0814877999982855, 1.0809645000008459, 1.0818670000007842, 1.0855980000014824, 1.0859080999980506, 1.0858109000000695, 1.0795795000012731, 1.0833627000029082, 1.0831618000011076, 1.0793090000006487, 1.0760018000000855, 1.0806374000021606, 1.0786130999986199, 1.0805075999996916, 1.078385500000877, 1.0840212000002794, 1.0789186000001791, 1.0806095999978425, 1.0795708000005106, 1.0813888999982737, 1.0814585000007355, 1.0813099999977567, 1.0794391999988875, 1.0785206000000471, 1.0848846000008052, 1.081878400000278, 1.07845929999894, 1.0773506999976235, 1.0854168000005302, 1.087920199999644, 1.083901899997727]}}