{"nuitka": {"warmup": [0.974101800005883, 0.9300627999909921, 0.9297261000028811, 0.9442252000008011, 0.9473686999990605, 0.9594077000074321, 0.9351632999896538, 0.9399720000074012, 0.9401523999986239, 0.9330780999880517, 0.934352399999625, 0.9393294000037713, 0.9364152000052854, 0.9338223999948241, 0.9485247999982676, 0.945027099995059, 0.9389554999943357, 0.931927600002382, 0.9300967000017408, 0.9329043000034289, 0.9315237000118941, 0.9276121000002604, 0.9330559000081848, 0.9424313999916194, 0.9382360000017798, 0.9288269000098808, 0.9354269000032218, 0.9319416000071215, 0.9374652999977116, 0.9467554000002565, 0.9433432000078028, 0.927476700002444, 0.9341628999973182, 0.9330316999985371, 0.9407339000026695, 0.9337173999956576, 0.9298361999972258, 0.928244700000505, 0.9363806000037584, 0.9333420999901136, 0.934301700006472, 0.9301769000012428, 0.9340866999991704, 0.9410562999983085, 0.9369858999998542, 0.9340714999998454, 0.92780550000316, 0.933530399997835, 0.9291000999946846, 0.935104100004537, 0.9396496000117622, 0.9299823000037577, 0.9279735000018263, 0.9297679000010248, 0.9388810999953421, 0.9336855000001378, 0.935146599993459, 0.9283349999896018, 0.9372407999908319, 0.9330086999980267, 0.9312848999979906, 0.9504849000077229, 0.9304560000018682, 0.9392935000068974, 0.9567895000072895, 0.9308414999977686, 0.9447086000000127, 0.9349778000032529, 0.928866599992034, 0.9420200000022305, 0.9810011999943526, 0.9483028999966336, 0.9318989999883343, 0.9290464000077918, 0.9294274000130827, 0.9278447000106098, 0.9648913999990327, 0.9388897000026191, 0.9339734999957727, 0.9313931000069715, 0.9406045999930939, 0.9301921000005677, 0.9288474999921164, 0.9342955000029178, 0.9301521000015782, 0.9343019999942044, 0.9287417000014102, 0.9411175000132062, 0.9494525000045542, 0.9347819000104209, 0.9342258000106085, 0.9312974000058603, 0.9479411000065738, 0.9423324999952456, 0.9320200999936787, 0.9295884000021033, 0.9355445999972289, 0.9317347000032896, 0.930026000001817, 0.9289203999942401], "benchmark": [0.9472776999900816, 0.9292466999904718, 0.9410273000103189, 0.935508899987326, 0.9362797000067076, 0.9336990000010701, 0.9417942000000039, 0.9326278999942588, 0.9293114000029163, 0.9303053999901749, 0.93017740000505, 0.9404835000023013, 0.9319061999995029, 0.9344602000055602, 0.9417188999941573, 0.9386716000008164, 0.932154400012223, 0.9347410000045784, 0.9334366999974009, 0.9342371000093408, 0.9405499999993481, 0.9334376000042539, 0.9447051000024658, 0.9292934000113746, 0.9499567000020761, 0.9426891000039177, 0.934133800008567, 0.9332629999989877, 0.9369104000070365, 0.9403668000013568, 0.9405314000032376, 0.9315466999978526, 0.9410522999969544, 0.9361617000104161, 0.9311620999942534, 0.9346912999899359, 0.9279998999991221, 0.9435117999964859, 0.9349554999935208, 0.9382110000005923, 0.9425753999967128, 0.9328270999976667, 0.9393839999975171, 0.9295780000102241, 0.9345751999935601, 0.9350332000030903, 0.935701299997163, 0.9300276000140002, 0.9367859000049066, 0.9555049000045983, 0.9347897999978159, 0.9317887999932282, 0.9405491999932565, 0.9292811000050278, 0.9338075999985449, 0.9419036999897799, 0.9538290999917081, 0.9293132000020705, 0.9298470000067027, 0.9431994999904418, 0.9465616999950726, 0.9285411000018939, 0.930738700000802, 0.9419476999901235, 0.934325499998522, 0.93017009999312, 0.9294376999896485, 0.9341857999970671, 0.9334323999937624, 0.9311753999936627, 0.9303037999925436, 0.9379267000040272, 0.9312626000028104, 0.9334630999946967, 0.9306248000066262, 0.9349155999952927, 0.9304580000025453, 0.941523600005894, 0.9622949000040535, 0.9279733000003034, 0.9367315999988932, 0.9287874000001466, 0.9332425999891711, 0.9307009000040125, 0.9488908999919659, 0.9319607000070391, 0.9382067999977153, 0.9341424000012921, 0.9451587999938056, 0.9534265999973286, 0.9299726000026567, 0.9359292000008281, 0.9333784000045853, 0.9395586999889929, 0.9342892999993637, 0.9335591999988537, 0.9309920000087004, 0.9495287999889115, 0.9377134999958798, 0.9467029000079492]}, "cpython": {"warmup": [0.7557175999972969, 0.7508692999981577, 0.7532920999947237, 0.7625681000063196, 0.7454218999919249, 0.7518284999969183, 0.7488998000044376, 0.7546079000021564, 0.7444123000022955, 0.7525894999998854, 0.7479375999973854, 0.7688921000080882, 0.7604723999975249, 0.7458299999998417, 0.7733078000019304, 0.7455304999893997, 0.7604079000011552, 0.779799500000081, 0.7472552999970503, 0.7534576999896672, 0.7907524999900488, 0.7700731999939308, 0.7534154000022681, 0.7526571000053082, 0.7472012999933213, 0.7565857000008691, 0.7506484999903478, 0.7448942000046372, 0.7569017999921925, 0.7596747000061441, 0.7533190999965882, 0.7516080999921542, 0.7993274000036763, 0.7509228999988409, 0.7559612000040943, 0.7551272999990033, 0.7525502999924356, 0.7513643999991473, 0.7925105000031181, 0.7694176000077277, 0.7523962999985088, 0.757605800012243, 0.7508121999999275, 0.7870123000029707, 0.7814474000042537, 0.7591345000109868, 0.758336099999724, 0.7523328999959631, 0.7478403999994043, 0.7501350000093225, 0.7507379000016954, 0.7431940000096802, 0.764171399991028, 0.7577023000048939, 0.7509705999982543, 0.7515495999978157, 0.8395629000006011, 0.7453735000017332, 0.7586504000064451, 0.760461400001077, 0.7500461000017822, 0.753732700002729, 0.750081299993326, 0.7596399000030942, 0.7504919999919366, 0.7901492999953916, 0.7425016000051983, 0.7611995999905048, 0.7528861000027973, 0.7533434999932069, 0.76379279998946, 0.7491168999986257, 0.7554174999968382, 0.763591599999927, 0.7796591000078479, 0.7501498000056017, 0.7475333000038518, 0.7725838000042131, 0.7723640999902273, 0.7556972000020323, 0.7498010999988765, 0.75531829999818, 0.7519422000041232, 0.7483576999948127, 0.7632874000119045, 0.7512873999949079, 0.7663899999897694, 0.7537964999937685, 0.7844626000005519, 0.7547435000014957, 0.7484499999991385, 0.7584894999890821, 0.7626587000122527, 0.7572188000049209, 0.7527836000081152, 0.7614016000006814, 0.7518829999899026, 0.7540380999998888, 0.7456363000092097, 0.7558061000017915],