{"nuitka": {"warmup": [0.7709105000103591, 0.7511509000032675, 0.7520349999977043, 0.7521550999954343, 0.753178700004355, 0.7517719000024954, 0.7543189999996684, 0.7625542000023415, 0.7518219000048703, 0.7536208999954397, 0.7515199000044959, 0.755157199993846, 0.7523645000037504, 0.7510108999995282, 0.7527496999973664, 0.7518585999932839, 0.7513365999911912, 0.7523240000009537, 0.7592894999979762, 0.7550753999967128, 0.7542471000051592, 0.7523407999979099, 0.7547733999963384, 0.751400500012096, 0.7543856999982381, 0.7778207000083057, 0.752323399996385, 0.7525441000034334, 0.7511739999899874, 0.7527747999993153, 0.7517228999931831, 0.7517569000046933, 0.7556407999945804, 0.7551449000020511, 0.751715399994282, 0.75412429998687, 0.7517182000010507, 0.7552643000090029, 0.7514484999992419, 0.7585341999947559, 0.7592266999999993, 0.7519309000053909, 0.7530772000027355, 0.7535032000014326, 0.7524084000033326, 0.7517675000126474, 0.752171999993152, 0.7533001999981934, 0.7681154000019887, 0.7536844999995083, 0.7519590000010794, 0.755041500000516, 0.755399599991506, 0.7554970999917714, 0.7525324000016553, 0.7532732999970904, 0.7653872000082629, 0.7548360000073444, 0.7538435000024037, 0.7555707999999868, 0.7599371999967843, 0.7528920000040671, 0.7558277000061935, 0.7520901999960188, 0.7571042000054149, 0.7539037000096869, 0.7515993999986676, 0.7518565999926068, 0.7536255000013625, 0.7554937999957474, 0.7561213000008138, 0.7540806000033626, 0.7528152000013506, 0.7513969000137877, 0.753046900004847, 0.7532590000046184, 0.7518103000038536, 0.7525595999904908, 0.7533161000028485, 0.7533064999879571, 0.7595510999963153, 0.7528767000039807, 0.7517670999950496, 0.7513019999896642, 0.7532661999866832, 0.7518645000091055, 0.7532046999986051, 0.7509004000021378, 0.7517855000041891, 0.7512847999896621, 0.7539735000027576, 0.7514077000087127, 0.7530709999991814, 0.7516364000039175, 0.7571654000057606, 0.7507687000033911, 0.7509207999974024, 0.7504936999903293, 0.7526213999954052, 0.7546469000080833], "benchmark": [0.7525872999976855, 0.7541532999894116, 0.7558587999956217, 0.7507822000043234, 0.7520781000057468, 0.754588000010699, 0.7535026999976253, 0.7514335999876494, 0.7578174999944167, 0.7514124999870546, 0.7549504000053275, 0.752645799992024, 0.7550994000048377, 0.7529076999926474, 0.7520326999947429, 0.7535532000038074, 0.7521349000016926, 0.7537256999930833, 0.7531367000046885, 0.7520572999928845, 0.751465699999244, 0.7536309999995865, 0.7515364999999292, 0.7517246999923373, 0.7514003999967827, 0.7569649999932153, 0.7542591999954311, 0.7512900000001537, 0.7515909999929136, 0.7511287000088487, 0.7509901000012178, 0.7528834999975516, 0.7510267000034219, 0.753469799994491, 0.75261209999735, 0.7550460000056773, 0.7517632999952184, 0.7532645000028424, 0.7532097999937832, 0.7519723000004888, 0.753532599992468, 0.7538929000002099, 0.7511859000078402, 0.750187099998584, 0.752884500005166, 0.753458099992713, 0.7520336000015959, 0.7689941999997245, 0.7541963000112446, 0.7617771000077482, 0.7552472999959718, 0.7531754999945406, 0.7521604999928968, 0.7513977000053274, 0.7536202000046615, 0.7524894999951357, 0.7553632000053767, 0.7524646999954712, 0.7544632000062848, 0.754388100001961, 0.7591714000009233, 0.7525568999990355, 0.7537345000018831, 0.7548161000013351, 0.7523237999994308, 0.7518838000105461, 0.754584900001646, 0.7534544999944046, 0.7544828000100097, 0.7520520999969449, 0.7508970000053523, 0.7527510000072652, 0.7522278000105871, 0.7530183999915607, 0.7528962999931537, 0.7515828999894438, 0.7531610000005458, 0.7575700000015786, 0.752596899998025, 0.7527304999966873, 0.753018700008397, 0.7510626000002958, 0.7518515999981901, 0.7517318000027444, 0.7513891999988118, 0.7512513999972725, 0.7570302999956766, 0.7521482000011019, 0.7519167999998899, 0.7556424000067636, 0.7523991000052774, 0.7522123000089778, 0.7506600000051549, 0.752226900003734, 0.7554384999966715, 0.7542821999959415, 0.7561558999877889, 0.7510937999904854, 0.7517293999990216, 0.7520588000043062]}, "cpython": {"warmup": [0.7871928999957163, 0.7809950999944704, 0.7872043000097619, 0.7803854999947362, 0.7810403000039514, 0.7805473000044003, 0.781819900003029, 0.783323499999824, 0.7838401000044541, 0.7907705999969039, 0.7843831999925897, 0.7873985999904107, 0.7844156000064686, 0.7853015000000596, 0.7813415999989957, 0.7868100000050617, 0.7830600000015693, 0.7810277000098722, 0.7819075000006706, 0.7826123999984702, 0.7844500999926822, 0.7849149000103353, 0.7832183999998961, 0.7823108000011416, 0.7855138999875635, 0.7898576000006869, 0.7865958999900613, 0.7876395000057528, 0.7812659000046551, 0.7856831000099191, 0.7842584000027273, 0.7805032000032952, 0.7856136000045808, 0.7849023000017041, 0.7892545000067912, 0.7904727999994066, 0.7799152999941725, 0.7811349000112386, 0.7830231000116328, 0.7843103000050178, 0.7825553000002401, 0.7790387999993982, 0.7878650999919046, 0.7821311000006972, 0.78523990001122, 0.7821663999930024, 0.7820083999977214, 0.7852308000001358, 0.7811442999955034, 0.7800546999933431, 0.7870608000084758, 0.7852273000025889, 0.7852585000073304, 0.7838489999994636, 0.779368199990131, 0.7815687000111211, 0.786599600003683, 0.7828489000094123, 0.7818898999976227, 0.7816191000019899, 0.7840067000070121, 0.7820412000000942, 0.7818703999946592, 0.8084183000028133, 0.78340770000068, 0.8026212999975542, 0.782472399994731, 0.7849617000028957, 0.7846998999884818, 0.7889173000003211, 0.7795049999986077, 0.781377599996631, 0.7854709999955958, 0.782911200003582, 0.7823107000003802, 0.7840159999905154, 0.7803233000013279, 0.7823407999967458, 0.7867276000033598, 0.7822102999925846, 0.7873024000000441, 0.7893054000014672, 0.7870298000052571, 0.7860157999966759, 0.7838906999968458, 0.7811858000059146, 0.7862020000029588, 0.7817488000000594, 0.78377239999827, 0.8027591999998549, 0.7804914000007557, 0.7845463999983622, 0.7868490000109887, 0.7853420000028564, 0.7825504000065848, 0.7821134999976493, 0.7815864000003785, 0.7858402999991085, 0.7834904000046663, 0.7820184000011068],