{"nuitka": {"warmup": [0.7877441000018734, 0.7687306000007084, 0.7675424000044586, 0.7705813999928068, 0.7675018000009004, 0.7711563000048045, 0.7681556000025012, 0.7690680999949109, 0.767921100006788, 0.7713355000014417, 0.7873764999967534, 0.7694465999957174, 0.7677505999890855, 0.7676461999944877, 0.7674979000003077, 0.7692680000036489, 0.768505300002289, 0.7688801999902353, 0.7653481000015745, 0.767255099999602, 0.7758479000040097, 0.7671907000039937, 0.7737904999958118, 0.7700860000040848, 0.7660436000005575, 0.77754530000675, 0.7663746000034735, 0.7670242000021972, 0.782673399997293, 0.7814164000010351, 0.768127999996068, 0.7692434000055073, 0.7677857999951812, 0.7682089000009, 0.7666101000068011, 0.773254600004293, 0.7731878000049619, 0.7744291999988491, 0.7668361999967601, 0.7675928999960888, 0.7686141000012867, 0.7683570999943186, 0.7750979999982519, 0.7692199999873992, 0.7671556999994209, 0.7785818999982439, 0.7692328999983147, 0.7745214000024134, 0.767406500002835, 0.7714825000002747, 0.7678186999983154, 0.7686076999962097, 0.7671745999978157, 0.7693116000009468, 0.7683976000116672, 0.7731896000041161, 0.7645361000031698, 0.7690834999957588, 0.7754289000004064, 0.7693350999907125, 0.770323599994299, 0.772039900009986, 0.7732570999942254, 0.7731158999959007, 0.7745907999924384, 0.767786199998227, 0.7681909000093583, 0.7771078999940073, 0.7756603000016185, 0.7789411999983713, 0.7698002999968594, 0.7669756000104826, 0.767529699995066, 0.7644230000005336, 0.7718642999971053, 0.767371900001308, 0.7684341999993194, 0.7665481000003638, 0.768024000004516, 0.7678323000000091, 0.7673005000106059, 0.7685320000018692, 0.7754762999975355, 0.7683641000039643, 0.7899522000079742, 0.7676817000028677, 0.7711350000026869, 0.7769941000005929, 0.7734509000001708, 0.7726174999988871, 0.7664503999985754, 0.7783755999989808, 0.7704625999904238, 0.7669696000084514, 0.7703157999931136, 0.7683488000038778, 0.768984400012414, 0.7731596999947214, 0.7724357999977656, 0.7759747000091011], "benchmark": [0.7687705999996979, 0.7812917999981437, 0.7683248999965144, 0.7711822999990545, 0.7670375000016065, 0.7723351999884471, 0.7693533999990905, 0.769808799988823, 0.7702977000008104, 0.7693012999952771, 0.7670605000021169, 0.7674600000027567, 0.771209300000919, 0.7706987999990815, 0.7672298999968916, 0.7708810000040103, 0.76736310000706, 0.7655996999965282, 0.771689500004868, 0.7762846999976318, 0.7696458999998868, 0.765619500001776, 0.7659668999986025, 0.7666567999986, 0.775168099993607, 0.7706514000019524, 0.7664688000077149, 0.7677421000116738, 0.7698779000056675, 0.7663651000038953, 0.7685762000037357, 0.7676036000048043, 0.7673643000016455, 0.7696152999997139, 0.7782071999972686, 0.7678566999966279, 0.7721186999988277, 0.7663535000028787, 0.7780781000037678, 0.7699846000032267, 0.7718956000026083, 0.7672759999986738, 0.7662395000079414, 0.7668713999883039, 0.7725394000008237, 0.7662504000036279, 0.7715599000075599, 0.7695462000119733, 0.7688068999996176, 0.7808954999927664, 0.7661769999976968, 0.7693022000021301, 0.7710267999937059, 0.7680326999980025, 0.768773500007228, 0.7681480000028387, 0.7663553000020329, 0.7734781999897677, 0.7670119999966118, 0.7697028999973554, 0.7699519000016153, 0.7757929000072181, 0.7693527999945218, 0.7728759000019636, 0.7680681000056211, 0.7720569999946747, 0.7698155000107363, 0.7676719000010053, 0.7708672000007937, 0.7670578000106616, 0.7711619000037899, 0.7673056999919936, 0.7711825000005774, 0.7674904999876162, 0.7676646000036271, 0.7699090000096476, 0.7673417999903904, 0.7741628000076162, 0.7687568000110332, 0.7685331000102451, 0.777068399998825, 0.7708572999981698, 0.768259799995576, 0.76894340000581, 0.7677782000100706, 0.773681899998337, 0.7694760000013048, 0.7686408000008669, 0.7722903000103543, 0.767615000004298, 0.7737729000073159, 0.7770595999900252, 0.7699276999919675, 0.7660820000019157, 0.7882103000010829, 0.7735914999939268, 0.7786516000051051, 0.7701423999969848, 0.7679631999926642, 0.7665578999876743]}, "cpython": {"warmup": [0.8227136000059545, 0.8154877000051783, 0.8155989999941085, 0.828918999992311, 0.8154151999915484, 0.8161881999985781, 0.8420385000063106, 0.8142141999996966, 0.8168892999965465, 0.840416599996388, 0.815009400001145, 0.8150075000012293, 0.8140486000047531, 0.8351438999961829, 0.8308644999924581, 0.8127451000036672, 0.814870999995037, 0.8448331999970833, 0.8224582000111695, 0.8198242999933427, 0.8188699999882374, 0.8167126999906031, 0.8216806999989785, 0.8147815999982413, 0.8177250000007916, 0.8248512999998638, 0.8194873000029474, 0.8225316000025487, 0.825668699995731, 0.8876221000100486, 0.8199155000038445, 0.8142557000101078, 0.8146357999939937, 0.8126713999954518, 0.813740500001586, 0.8125696999923093, 0.82012869999744, 0.8142957999953069, 0.8158253000001423, 0.8196621999959461, 0.8120504000107758, 0.8138462999922922, 0.8119271000032313, 0.8344198999984656, 0.8161974000104237, 0.816178500012029, 0.8172048999986146, 0.8217454999976326, 0.811522200005129, 0.8132631999906152, 0.8226392000069609, 0.8418424999981653, 0.8128393999941181, 0.847649100003764, 0.8158129999937955, 0.8195658000040567, 0.823298799994518, 0.8119486999930814, 0.831448700002511, 0.8226544999924954, 0.8257406000047922, 0.8262955000100192, 0.8243099999963306, 0.817053599996143, 0.8210797000065213, 0.8154607999895234, 0.8107949999975972, 0.8216198000009172, 0.8457341999892378, 0.8120364000060363, 0.8402308999939123, 0.8583848999987822, 0.8150847999932012, 0.8200931000028504, 0.8117694999964442, 0.8698349999904167, 0.8131029999931343, 0.8158284999954049, 0.8193414999986999, 0.8234414999897126, 0.8114979999954812, 0.8311238000023877, 0.8133899000094971, 0.8143809999892255, 0.8169958999933442, 0.8141096000035759, 0.8251301999989664, 0.8147801000013715, 0.8183481000014581, 0.8131292999896687, 0.8122306000004755, 0.8177551999979187, 0.8171554000000469, 0.8177597000030801, 0.824636899997131, 0.8132478000043193, 0.8216053999931319, 0.8135696000099415, 0.8215555999922799, 0.8294443999911891],