{"nuitka": {"warmup": [0.6801611999981105, 0.6649131000012858, 0.6659550000040326, 0.6631878000043798, 0.664789300004486, 0.6639408000046387, 0.6639584999938961, 0.6636202999943634, 0.6655338999989908, 0.6639081000030274, 0.6735513999883551, 0.6634192000055918, 0.6640184999996563, 0.6634638999967137, 0.6634387999947648, 0.662470299997949, 0.6633026000054087, 0.6634074000030523, 0.6643087999982527, 0.6635836999921594, 0.665318200000911, 0.6615236000070581, 0.6667377000121633, 0.6669270000129472, 0.663917500001844, 0.6653179999993881, 0.663310799995088, 0.665149599997676, 0.6661862999899313, 0.6640541999950074, 0.6652748000051361, 0.6652947999973549, 0.6646236999949906, 0.6681131000077585, 0.6638877999939723, 0.6681701999914367, 0.6670280999969691, 0.6651681999937864, 0.6650679000013042, 0.66461830001208, 0.6658340000140015, 0.6735345000051893, 0.6643618000089191, 0.6658423999906518, 0.6684632000105921, 0.6684628999937559, 0.665294599995832, 0.6633113999996567, 0.663132499990752, 0.6643428000097629, 0.6649314999958733, 0.663449200001196, 0.6643121999950381, 0.6660378999949899, 0.664948399993591, 0.6660736999911023, 0.6647326999955112, 0.6635944000008749, 0.6632333000015933, 0.6638976999965962, 0.6652237999951467, 0.6645269000000553, 0.6646277999971062, 0.6631078000064008, 0.6664326000027359, 0.6646626000001561, 0.6647802000079537, 0.6652498999901582, 0.663888399998541, 0.6666829000023426, 0.6647023999976227, 0.6620575000124518, 0.665684899999178, 0.6642904999898747, 0.6684944000007818, 0.6643777999997837, 0.6633892999961972, 0.6641487000015331, 0.6622407999966526, 0.6639950999961002, 0.6633545999939088, 0.6637173000053735, 0.6639755000069272, 0.6652104999957373, 0.6639360999979544, 0.6655303000006825, 0.662924699994619, 0.6633781000127783, 0.6647379000060027, 0.6626538999989862, 0.6642112999979872, 0.6633559000038076, 0.6636864000029163, 0.662553600006504, 0.665196100002504, 0.6654290000005858, 0.6628646000026492, 0.6647508000023663, 0.672942699995474, 0.6976692999887746], "benchmark": [0.6649501999927452, 0.6629080999991857, 0.6621107999962987, 0.6638365000108024, 0.6643149000010453, 0.6675216000003275, 0.6670331999921473, 0.6639137999882223, 0.6652829999948153, 0.6646678999968572, 0.6636162999930093, 0.6658282999997027, 0.6656432000017958, 0.669817799993325, 0.665016500002821, 0.664510300004622, 0.6671223000012105, 0.6638435000058962, 0.665126700012479, 0.6635658999875886, 0.66569699998945, 0.6655606999993324, 0.6676072999980533, 0.6640923000086332, 0.6631531999883009, 0.6644063999992795, 0.6637698999984423, 0.6664938999892911, 0.6639349999895785, 0.663097700002254, 0.6650334000005387, 0.6624753000069177, 0.662404599992442, 0.6652917999890633, 0.6637268000049517, 0.6650691999966512, 0.6627807000040775, 0.6663781000097515, 0.664695200001006, 0.6636323999991873, 0.6643685000017285, 0.6634277999983169, 0.6670718000095803, 0.6642922999890288, 0.6670516000012867, 0.666039699994144, 0.6659419999923557, 0.6631684999883873, 0.6650339000043459, 0.6633642999950098, 0.6627596000034828, 0.6653195999970194, 0.6650684000051115, 0.6627169999992475, 0.6660151999967638, 0.66415219999908, 0.6641539000120247, 0.6655008999950951, 0.6653537999955006, 0.6622931000019889, 0.6634746000054292, 0.6733184000040637, 0.663891500007594, 0.6668188000039663, 0.6627736999944318, 0.6643002000055276, 0.6646647000015946, 0.6646654000069248, 0.6631217999965884, 0.6636091999971541, 0.6720783000055235, 0.6633750000037253, 0.6628848999971524, 0.6656866999983322, 0.6649187000002712, 0.6637199999968288, 0.6623744000098668, 0.6643758999998681, 0.6657575999997789, 0.666098100002273, 0.6643196999939391, 0.6639020000002347, 0.6635856999928365, 0.6646039000042947, 0.6648397000099067, 0.66232879999734, 0.6670233000040753, 0.6658845000056317, 0.6640201999980491, 0.6655437000008533, 0.6669897000101628, 0.6649619999952847, 0.6651452999940375, 0.6648200000054203, 0.6652259999973467, 0.6641704999929061, 0.6647341000061715, 0.6644057999947108, 0.665324799992959, 0.6652714999945601]}, "cpython": {"warmup": [0.7658552999928361, 0.761294199997792, 0.7599851999984821, 0.7628222999919672, 0.7663132000016049, 0.7586403000022983, 0.7598456999985501, 0.7609636999986833, 0.7593081999948481, 0.7603622999886284, 0.7596750000084285, 0.7577164000103949, 0.7587802999914857, 0.7602041000063764, 0.761027100001229, 0.7592292000044836, 0.7665636000019731, 0.7605080999928759, 0.7619894999952521, 0.7574606000125641, 0.7598316999938106, 0.7590266000042902, 0.7659396000090055, 0.7617767000047024, 0.7598074999987148, 0.757877500000177, 0.7604585000080988, 0.7603206999920076, 0.7576742999954149, 0.7597877999942284, 0.7588996999984374, 0.765438099988387, 0.7576204999932088, 0.7590368000091985, 0.761322200007271, 0.7601285999990068, 0.760462499994901, 0.7598071999964304, 0.7587311000097543, 0.7593496000044979, 0.7591403999977047, 0.7572859999927459, 0.7627968000015244, 0.7580185999977402, 0.7608287000039127, 0.7619768000004115, 0.7627127000014298, 0.7580426999920746, 0.7593650999915553, 0.7624252999958117, 0.7588290999992751, 0.7620001000032062, 0.7597429000015836, 0.7589380999997957, 0.7591533000086201, 0.7610534999985248, 0.7602558999933535, 0.7585696000023745, 0.7606118999974569, 0.7587159999966389, 0.7587980999960564, 0.7672324000013759, 0.7606056000076933, 0.7577942999923835, 0.7635049000091385, 0.7568284000008134, 0.7598960999894189, 0.759805800000322, 0.7652949000039371, 0.7600085000012768, 0.75793259999773, 0.7602534999896307, 0.7593407000094885, 0.7608971000008751, 0.7582242999924347, 0.7594078999973135, 0.7587414000008721, 0.759421900002053, 0.7574485999939498, 0.7610776999936206, 0.756089599992265, 0.7591071000060765, 0.7571240999968722, 0.7647882999881404, 0.7615629999927478, 0.7619910999928834, 0.7620601999951759, 0.7609011000022292, 0.7652815000037663, 0.7589914000127465, 0.7570048000052338, 0.7602489999990212, 0.7651124999974854, 0.7593366000073729, 0.7612966000015149, 0.7641836000111653, 0.7597101999999722, 0.768070499994792, 0.7578694999974687, 0.7597536999965087],