{"nuitka": {"warmup": [0.788836599997012, 0.7248183000010613, 0.727800800003024, 0.7265471999999136, 0.7223655999987386, 0.7237576000006811, 0.7266543000005186, 0.7250108000007458, 0.7265399999996589, 0.7241142000020773, 0.7255603000012343, 0.7263246000002255, 0.7233539000008022, 0.7236426999988907, 0.7238154000006034, 0.7244743999981438, 0.7256058999992092, 0.7244690000006813, 0.726611199999752, 0.7274359999973967, 0.7225694000007934, 0.723806499998318, 0.7277960999999777, 0.7258059999985562, 0.7261446999982581, 0.7245206999978109, 0.7237021999972058, 0.7286638000005041, 0.7256347000002279, 0.7223056000002543, 0.7233261000001221, 0.7252487999976438, 0.7267897999990964, 0.7239373000011255, 0.7243796000002476, 0.724032599999191, 0.7262350000019069, 0.7242432999992161, 0.7251844000020355, 0.7263155000000552, 0.7236922000010964, 0.7251088000011805, 0.7235933000010846, 0.7239210000007006, 0.7238561000012851, 0.7270562999983667, 0.7261246999987634, 0.7248970000000554, 0.7246320999984164, 0.7240956999994523, 0.7235423999991326, 0.7231701999990037, 0.724420899998222, 0.7248314999997092, 0.7248491999998805, 0.7251676000014413, 0.7235289999989618, 0.7248450000006414, 0.7249580999996397, 0.7246320000012929, 0.7233233999977529, 0.725627899999381, 0.7257491999989725, 0.7272527999994054, 0.7254984999999579, 0.7251001999975415, 0.7233782000002975, 0.7240343999983452, 0.7235331999982009, 0.7236991999998281, 0.7245297000008577, 0.7257884999999078, 0.7237556999971275, 0.7235590999989654, 0.7269702999983565, 0.7239616000006208, 0.7224190000015369, 0.7256993999981205, 0.7257257999990543, 0.7260026999974798, 0.7246302999992622, 0.7248873999997159, 0.725631199999043, 0.7237133000016911, 0.7239989999980025, 0.7229785999988962, 0.7243745000014314, 0.7270323000011558, 0.7250604000000749, 0.7241495999987819, 0.7255747999988671, 0.7272013000001607, 0.7278174999992189, 0.7256051000003936, 0.7268516000003729, 0.7252985000013723, 0.7267406999999366, 0.7256268999990425, 0.7247960000022431, 0.7226912000005541], "benchmark": [0.7240061999982572, 0.7437790999974823, 0.7296978000013041, 0.7276629000007233, 0.7237356000005093, 0.7250996000002488, 0.7237020000029588, 0.7258221000010963, 0.7235282000001462, 0.7241309999990335, 0.7226162000006298, 0.7243081999986316, 0.7257036000009975, 0.7228562000018428, 0.7257728000004136, 0.7254915999983496, 0.7369270000017423, 0.7256090999981097, 0.7230589999999211, 0.7287890000006882, 0.7250467999983812, 0.7246803000016371, 0.726672900000267, 0.7244810999982292, 0.7230081999987306, 0.7258253999971203, 0.7247709000002942, 0.724082400000043, 0.7251240000005055, 0.7237657999976363, 0.7246300999977393, 0.7263781000001472, 0.7242651999986265, 0.7252430000007735, 0.7246449000012944, 0.7266509000000951, 0.7270265000006475, 0.7252974000002723, 0.7243875999993179, 0.723595600000408, 0.7272685000025376, 0.7255220000006375, 0.7242936000002373, 0.7253930999977456, 0.724573399998917, 0.7256425000014133, 0.7249641000016709, 0.7234269000000495, 0.7248462999996264, 0.7263616999989608, 0.7226001999988512, 0.7245511000000988, 0.7244236000005913, 0.7250261000008322, 0.7252864000001864, 0.7243062000015925, 0.7247944000009738, 0.7228756999975303, 0.7234045000004699, 0.7239814000022307, 0.7259125000018685, 0.724681600000622, 0.7260817999995197, 0.7260799999967276, 0.726576599998225, 0.7251711000026262, 0.7263767000004009, 0.7250571000004129, 0.7245438999998441, 0.7260472000016307, 0.7259070000000065, 0.7246621000012965, 0.7250046000008297, 0.7244733999978052, 0.7253603999997722, 0.7252725999969698, 0.7257769000025291, 0.7226279999995313, 0.7247199999983422, 0.7239986999993562, 0.7249607999983709, 0.7251854999994976, 0.7251051999992342, 0.7247619999980088, 0.7239909000018088, 0.7275912999975844, 0.7233083999999508, 0.7240511999989394, 0.7263869999987946, 0.7253961999995227, 0.7241887999989558, 0.7248220000001311, 0.7260071999990032, 0.7272045999998227, 0.7246990000021469, 0.7232882999996946, 0.728935499999352, 0.7268799000012223, 0.7246262000007846, 0.7234037999987777]}, "cpython": {"warmup": [0.8301664999999048, 0.8256096000004618, 0.8205975999990187, 0.8192344999988563, 0.830974000000424, 0.8243355000013253, 0.8270577000002959, 0.8229124999998021, 0.8216936999997415, 0.8212763000010455, 0.8215677000007418, 0.8198158999985026, 0.8213707000031718, 2.8845441000012215, 0.827992999998969, 0.8228108000002976, 0.8200508999980229, 0.8220365999986825, 0.8241773000008834, 0.8284702000019024, 0.8209631000027002, 0.8213785999978427, 0.8220651999981783, 0.8233489999984158, 0.8197596999998495, 0.8265008999987913, 0.8186906999981147, 0.8274252000010165, 0.8270841000012297, 0.8192267999984324, 0.8273511000006692, 0.8203439999997499, 0.8266546000013477, 0.8198243999977421, 0.8256032999997842, 0.8206299000012223, 0.822515799998655, 0.821002699998644, 0.8203761999975541, 0.8221650000014051, 0.827295499999309, 0.8286240000015823, 0.8298074999984237, 0.8210394999987329, 0.8243941999971867, 0.8258850000020175, 0.8250614999997197, 0.8213327000012214, 0.826425700000982, 0.8228860999988683, 0.8253909000013664, 0.8267018000005919, 0.8251839999975346, 0.8218428000000131, 0.8234937999986869, 0.8205721000013, 0.8268808000029821, 0.8234109000004537, 0.8255167000024812, 0.8312788000002911, 0.8199057999991055, 0.8191798000007111, 0.8248272999990149, 0.8220847000011418, 0.8214079999997921, 0.8211847999991733, 0.8256251999991946, 0.8202468999988923, 0.8235382999991998, 0.8253223000028811, 0.8199121000034211, 0.8292071000032593, 0.821554099999048, 0.8237310999975307, 0.8215830999979516, 0.8272742000008293, 0.8316336000025331, 0.830223200002365, 0.8195458999980474, 0.8242662999982713, 0.8233040000013716, 0.822634600001038, 0.8265251000011631, 0.8200735000027635, 0.8223583999970288, 0.8254438999974809, 0.8238868999978877, 0.8246231000011903, 0.8255400999987614, 0.8244616000010865, 0.8276851999980863, 0.8199057999991055, 0.8261230000025535, 0.8223581000020204, 0.8200956000000588, 0.8247053999984928, 0.8216806999989785, 0.8242570000002161, 0.825218699999823, 0.8244601000005787],