{"nuitka": {"warmup": [0.7705358999992313, 0.6519014000004972, 0.6540257000015117, 0.6521189999984927, 0.6509475999991992, 0.651865200001339, 0.6534228999989864, 0.6527463999991596, 0.6509086000005482, 0.6511008000015863, 0.6498828999974648, 0.6512309000027017, 0.6521881999979087, 0.6509964000033506, 0.6519015000012587, 0.6514576000008674, 0.6508132999988447, 0.6526888000007602, 0.6499241000019538, 0.6507214999983262, 0.6518036999987089, 0.6509743999995408, 0.6619006000000809, 0.6516900999995414, 0.6495179000012286, 0.6578413999995973, 0.6506975999982387, 0.6500702000012097, 0.651999199999409, 0.6515836999969906, 0.6507775000027323, 0.6522313999994367, 0.6502753000022494, 0.6498105999999098, 0.6522065999997722, 0.6562126999997417, 0.6506692000002658, 0.6518929000012577, 0.6506157000003441, 0.6494333999980881, 0.6494189999975788, 0.6496485999996366, 0.6505236000011791, 0.6493206000013743, 0.6496767000026011, 0.6525407000008272, 0.6512932000005094, 0.6507781999971485, 0.6521094999989145, 0.6513856999990821, 0.6497588999991422, 0.6517423000004783, 0.6514776000003621, 0.6502653999996255, 0.6500540999986697, 0.6506614000027184, 0.6551899000005506, 0.6514012999978149, 0.6508265999982541, 0.651300599998649, 0.6519831999976304, 0.6535597000001871, 0.6509941999975126, 0.6556340999995882, 0.6503412000020035, 0.6509831000003032, 0.6505319999996573, 0.6502166999998735, 0.6509590999994543, 0.6515016999983345, 0.6492776000013691, 0.6516639000001305, 0.6510818999995536, 0.6509508999988611, 0.6512455000010959, 0.6513536999991629, 0.6514179000005242, 0.650857000000542, 0.6506474999987404, 0.6509934999994584, 0.6535699000014574, 0.6529212999994343, 0.6531642999980249, 0.6510020999994595, 0.6510497999988729, 0.6520033000015246, 0.6491266000011819, 0.6504520000016782, 0.6539110000012442, 0.6508084000015515, 0.6519312999989779, 0.649830700000166, 0.6520323999975517, 0.6506378000012774, 0.6509764000002178, 0.6500618999998551, 0.6530340999997861, 0.6522078999987571, 0.6506046999966202, 0.6514513000001898], "benchmark": [0.6499540999975579, 0.6509896999996272, 0.6503077999986999, 0.6505286999999953, 0.6514557000009518, 0.6508931999997003, 0.6505760000000009, 0.6496382999976049, 0.6523047999980918, 0.6518866999977035, 0.6548895999985689, 0.654298800000106, 0.6509513000019069, 0.6499965000002703, 0.650572500002454, 0.6501699000000372, 0.6495847000005597, 0.6509564999978465, 0.6504372999988846, 0.6500379999997676, 0.6517923999999766, 0.6509948000020813, 0.6520624000004318, 0.6514176999990013, 0.6497183999999834, 0.6499758999998448, 0.6521800999980769, 0.6532219000000623, 0.6512651000011829, 0.6536777000001166, 0.6509552999996231, 0.6526431999991473, 0.6533468999987235, 0.6523854000006395, 0.6509856000011496, 0.6546669999988808, 0.6494415000015579, 0.6510431000024255, 0.6499320000002626, 0.651561099999526, 0.6513368000014452, 0.6505209000024479, 0.6503092000020843, 0.6533493999995699, 0.6514225999999326, 0.6509384999990289, 0.6508264000003692, 0.651767799998197, 0.6506655999983195, 0.6507620000011229, 0.6521595999984129, 0.6518531000001531, 0.6519406999977946, 0.6491851999999199, 0.6508061999993515, 0.6516761999992013, 0.6526905999999144, 0.6500569000018004, 0.6507483999994292, 0.6502569999975094, 0.6502043000000413, 0.651937499998894, 0.6529924999995274, 0.6505610999993223, 0.6500634000003629, 0.6528778000028979, 0.6533593999993172, 0.6515680999982578, 0.650734899998497, 0.6518442000015057, 0.652114000000438, 0.6519382000005862, 0.6526905999999144, 0.6520754000011948, 0.6516515999974217, 0.6501253999995242, 0.6488827000030142, 0.6510151000002224, 0.6525366000023496, 0.6507177999992564, 0.6507536999997683, 0.6506648999966274, 0.6512447999994038, 0.651523400003498, 0.6489866999982041, 0.6527686000008543, 0.654364700003498, 0.6502349999973376, 0.6515704000012192, 0.6522884000005433, 0.6504676999975345, 0.6584843999989971, 0.6517578999992111, 0.6513191999983974, 0.6521756000001915, 0.6525726999971084, 0.650050200001715, 0.6515146999990975, 0.6511332000009133, 0.6526940999974613]}, "cpython": {"warmup": [0.7410033000014664, 0.7422281999970437, 0.7379026999988127, 0.7405151000020851, 0.7396437999996124, 0.7392485000018496, 0.7398721999998088, 0.7395031000014569, 0.7379072000003362, 0.738231999999698, 0.7479825000009441, 0.7404715000011493, 0.7388614999981655, 0.7388825999987603, 0.7397649999984424, 0.738700300000346, 0.7389293000014732, 0.7400140999998257, 0.7406789000015124, 0.7395687000025646, 0.7371851999996579, 0.7401576000011119, 0.7398226999976032, 0.7395226000007824, 0.7384687000012491, 0.7402798000002804, 0.7387236000031407, 0.7426274999997986, 0.7395661000009568, 0.738089200000104, 0.7392314999997325, 0.7394039000027988, 0.7384367999984534, 0.7392163000004075, 0.7386417000016081, 0.7403772000034223, 0.7402737000011257, 0.7403116000023147, 0.737743199999386, 0.7386987999998382, 0.7375909000002139, 0.7411530999997922, 0.7383431999987806, 0.7371213999977044, 0.7390449000013177, 0.7392046999993909, 0.738826800003153, 0.7392854000027, 0.7385216000002401, 0.7385458999997354, 0.7394253000020399, 0.739227199999732, 0.7391196000025957, 0.7414878999989014, 0.7400034999991476, 0.7400033999983862, 0.7382327999985137, 0.7393952000020363, 0.7395424000023922, 0.7404236000002129, 0.7449376000004122, 0.7384342000004835, 0.7394462000011117, 0.7390091000015673, 0.7394840999986627, 0.7390289999966626, 0.7386384999990696, 0.7404265999975905, 0.7391397999999754, 0.7383412000017415, 0.7383616000006441, 0.7391196000025957, 0.7418304000020726, 0.7385643999987224, 0.7382757000013953, 0.7382013999995252, 0.7376920999995491, 0.739835000000312, 0.739144999999553, 0.7381137000011222, 0.7382705999989412, 0.7389649999968242, 0.738735999999335, 0.7379540000001725, 0.7395533999988402, 0.7392159000009997, 0.7403815000034228, 0.739187099999981, 0.7400281000009272, 0.7379656000011892, 0.7386208999996597, 0.7383053999983531, 0.7389745000000403, 0.7410247000007075, 0.7428422999983013, 0.7390414000001329, 0.7399210000003222, 0.7397190000010596, 0.7385939000014332, 0.7394471000006888],