{"nuitka": {"warmup": [1.0238021000113804, 0.9499521999969147, 0.9483232999918982, 0.9271422000019811, 0.9223441999929491, 0.9678194000152871, 0.958053700014716, 0.9600761999899987, 0.9612423999933526, 0.9515545000031125, 0.9596739999833517, 0.9504158000054304, 0.9809352000011131, 0.9694703999848571, 0.9503383999981452, 0.949993899994297, 0.9688578000059351, 0.9412417999992613, 0.9692760000179987, 0.954149299999699, 0.9239395000040531, 0.9591511999897193, 0.9563404000073206, 0.9550484000064898, 0.958485599985579, 0.9571461000014096, 0.9550113000150304, 0.9653461999841966, 0.9481083000137005, 0.9435920999967493, 0.9550466999935452, 0.9570770999998786, 0.9533254999842029, 0.9610008000163361, 0.9466248999815434, 0.9655903000093531, 0.9620224999962375, 0.9812442999973428, 0.9513552999997046, 0.9514754999836441, 0.9608886000060011, 0.9510976999881677, 0.9473798000253737, 0.9375772999774199, 0.9255840000114404, 0.9572390000103042, 0.965345399978105, 0.9533398999774363, 0.9522083000047132, 0.933353000000352, 0.9450894999899901, 0.9666604000085499, 0.9553732000058517, 0.9501555000024382, 0.9529935000173282, 0.9603012000152376, 0.9472165000042878, 0.9495248000021093, 0.9543994999839924, 0.954214099998353, 0.9718572999991011, 0.9578258999972604, 0.9544416999851819, 0.9551763999916147, 0.9635191000124905, 0.9593653999909293, 0.9716665000014473, 0.9601352000026964, 0.9663808000041172, 0.9492955000023358, 0.9273708000255283, 0.9712605000240728, 0.9575116000196431, 0.9575291999790352, 0.9509685999946669, 0.9690912000078242, 0.9514217000105418, 0.96280520001892, 0.9672237999911886, 0.9533764000225347, 0.9745605000061914, 0.953808599995682, 0.9424099000170827, 0.9516232999740168, 0.9502885999972932, 0.9579215999983717, 0.983944799983874, 0.9595382999978028, 0.9492847000074107, 0.9411350000009406, 0.9613775000034366, 0.9631359000049997, 0.9605407000053674, 0.9638563999906182, 0.9526871000125539, 0.9495146000117529, 0.9559498000016902, 0.9565245999838226, 0.9849635999999009, 0.9522493999975268], "benchmark": [0.9634045999846421, 0.966491600003792, 0.9727808000170626, 0.9544065999798477, 0.9596090999839362, 0.9552719000203069, 0.9710267000191379, 0.9704341000178829, 0.951041799999075, 0.9651467000076082, 0.9577229999995325, 0.9624001000192948, 0.9601422999985516, 0.9491675999888685, 0.9554733999830205, 0.9611521000042558, 0.9685416999855079, 0.9738666999910492, 0.9557481000083499, 0.9371328999986872, 0.9399610999971628, 0.9804522000194993, 0.9637571999919601, 0.9557085999986157, 0.9740578999917489, 0.9756877000036184, 0.9541590000153519, 0.9560533000039868, 0.9523810000100639, 0.9534668000123929, 0.9556787999754306, 0.9515849000017624, 0.9607587999780662, 0.9647667999961413, 0.9537583000201266, 0.9796249000064563, 0.96023339999374, 0.9565495999995619, 0.9079007999971509, 0.9493347000097856, 0.949605400004657, 0.9742657000024337, 0.9568100000033155, 0.9449507999815978, 0.9501088999968488, 0.9641784999985248, 0.9518931999919005, 0.9546282000083011, 0.9451868000032846, 1.0006019000138622, 0.9679324000026099, 0.9499655999825336, 0.954775200021686, 0.951640800019959, 0.9477479000051972, 0.9482314999913797, 0.9465080000227317, 0.9443685000005644, 0.9583324000122957, 0.9448416999948677, 0.9560557999939192, 0.9190363000088837, 0.9610064000007696, 0.9570593999815173, 0.9581755000108387, 0.9620187999971677, 0.9572582000109833, 0.9388613000046462, 0.9512999000144191, 0.9540441999852192, 0.9510295999934897, 0.9511318999866489, 0.953726599982474, 0.9514897000044584, 0.9460074999951757, 0.9500372000038624, 0.9499492000031751, 0.9409716999798547, 0.9588177999830805, 0.9655578000238165, 0.9636567999841645, 0.9584348000062164, 0.9422447000106331, 0.9610263999784365, 0.9508242000010796, 0.9542632999946363, 0.9495699999970384, 0.9565138000180013, 0.959755399991991, 0.9454320000077132, 0.9517855999874882, 0.950280399993062, 0.9763304999796674, 0.9488477999984752, 0.9546707000117749, 0.9817303000018001, 0.9553373999951873, 0.8952793000207748, 0.9477064999809954, 0.9692139000108]}, "cpython": {"warmup": [1.0098022999882232, 1.015684300014982, 0.9940391999843996, 1.0061628999828827, 0.9972276999906171, 0.9848820999905001, 1.0177316000044812, 1.0004912999866065, 1.0152535999950487, 1.0085910999914631, 1.0050616000080481, 1.0086504000064451, 1.0052894999971613, 0.9994398999842815, 0.9973572000162676, 0.9591318000166211, 0.9797943999874406, 0.9888792000128888, 0.9886717000044882, 0.9726806999824475, 0.9971615000104066, 0.9926109999942128, 1.0047102000098675, 1.0042771000007633, 0.9924346999905538, 1.017913599993335, 1.0080125000094995, 1.02162689997931, 1.0122213999857195, 1.008838999987347, 1.0114775999973062, 0.9919293000129983, 0.9929054999956861, 1.002476800000295, 0.9571825999883004, 1.0285803999868222, 1.0267566999827977, 1.0055808000033721, 1.006505900004413, 1.012461300007999, 0.9857872999855317, 1.0203815000131726, 1.0075341999763623, 1.0060443000111263, 1.0196779999823775, 1.0131044000154361, 1.004785900004208, 1.0285780999984127, 1.0135869999940041, 1.0173900999943726, 1.0161275999853387, 1.0012517999857664, 1.0027561000024434, 1.0039361999952234, 1.0071706000017002, 1.0128934000094887, 1.0112869000004139, 1.0035241000005044, 1.0120637000072747, 1.007667700003367, 1.0184531999984756, 1.0099609000026248, 1.0166294000227936, 0.986925400007749, 1.0266081999870948, 1.0081652000080794, 0.994095699978061, 1.0147983000206295, 1.0166185999987647, 0.9910111000062898, 1.0033657999883872, 1.0028591000009328, 1.0046850999933667, 0.9983413000009023, 0.9992548000009265, 1.0246352999820374, 0.9901826999848709, 1.003543400001945, 1.0159055000112858, 1.0183514999807812, 1.007348400016781, 1.0004222000134178, 1.001416600018274, 1.0059525000106078, 0.9956478999811225, 1.0187299000099301, 1.0129628000140656, 1.0026848000125028, 1.0173622999864165, 1.0085344999970403, 0.9912671999773011, 1.020248899993021, 0.9929050999926403, 1.0019075000018347, 1.022014099988155, 1.0178539999760687, 1.0028368000057526, 0.9768977999920025, 1.0220683999941684, 0.9779443000152241],