{"nuitka": {"warmup": [1.2421802000026219, 1.223339299991494, 1.2393910999962827, 1.2097083000116982, 1.2264687999995658, 1.220094499993138, 1.2284763999923598, 1.2274717000109376, 1.2455253999942215, 1.2516997999919113, 1.2270033000095282, 1.2296506999991834, 1.2279520000010962, 1.2165406999993138, 1.2226443999970797, 1.2407506000017747, 1.2389001999981701, 1.2164331000094535, 1.2262619999964954, 1.2356528999953298, 1.235892700002296, 1.2371303999971133, 1.2236460999993142, 1.2322151999978814, 1.2296018000051845, 1.2278671000094619, 1.2280989999999292, 1.2242105000041192, 1.2317551000014646, 1.2388763999915682, 1.222968599991873, 1.2209680999949342, 1.237120000005234, 1.2298868999932893, 1.215244500010158, 1.2504164000129094, 1.2100336000003153, 1.2242961000010837, 1.2263663000048837, 1.221243100007996, 1.232557800001814, 1.224070100011886, 1.222730200010119, 1.2342113999911817, 1.2414111000107368, 1.3014955000107875, 1.2379329999967013, 1.2216645000007702, 1.2541572000045562, 1.2261242999957176, 1.2236855999944964, 1.2150576999993064, 1.2369909000117332, 1.2213596999936271, 1.2302777000004426, 1.2340249999979278, 1.216532600010396, 1.217130899996846, 1.2143959000095492, 1.2284921999962535, 1.231467799996608, 1.2208340000070166, 1.2246153000014601, 1.2258436999982223, 1.219785299996147, 1.2306582999881357, 1.2351085999980569, 1.2321295000001555, 1.2354238999978406, 1.2232569999905536, 1.2292118000041228, 1.228218399992329, 1.2284102999983588, 1.2259279999998398, 1.2511905999999726, 1.2328085999906762, 1.248400499986019, 1.2310071999963839, 1.217731000011554, 1.2313487000064924, 1.22735630000534, 1.3216185999917798, 1.2234241999976803, 1.2277852999977767, 1.2302904000098351, 1.210918099997798, 1.2331285999971442, 1.2314691999927163, 1.227894000010565, 1.2259279999998398, 1.2299149000027683, 1.2375737999973353, 1.2439533000142546, 1.2317822000040906, 1.2363893000001553, 1.225460200002999, 1.227581699989969, 1.2230689999996684, 1.2362477000133367, 1.225825999994413], "benchmark": [1.228445599990664, 1.2329367999918759, 1.2176798000000417, 1.234937400004128, 1.2313437999982852, 1.2213683000009041, 1.2203706000000238, 1.2325924999895506, 1.2372434999997495, 1.2416101999988314, 1.2385212000081083, 1.235498900001403, 1.220323500005179, 1.228955099999439, 1.218278599990299, 1.2416239000012865, 1.2304958000022452, 1.2392395999922883, 1.2330842999945162, 1.2347282000118867, 1.2225002000050154, 1.2334905000025174, 1.230333999992581, 1.2415040000050794, 1.2222828999947524, 1.2232270999957109, 1.2344091999984812, 1.2208241000043927, 1.2126252000016393, 1.2256794000131777, 1.253751199998078, 1.22896039999614, 1.2251940999994986, 1.2237164999969536, 1.252977700001793, 1.2330508000013651, 1.2339301000029081, 1.2212478000001283, 1.2469885000027716, 1.222996399999829, 1.2262657999963267, 1.2197659000084968, 1.219929900005809, 1.2252382999868132, 1.2244741000031354, 1.2360285000031581, 1.2202103000017814, 1.2294253000000026, 1.2394018999912078, 1.2352731999999378, 1.2260505000012927, 1.2386965000041528, 1.217103800008772, 1.2223206000053324, 1.2370695000136038, 1.2203881999885198, 1.2448112000129186, 1.219361100011156, 1.2270076999993762, 1.2289057000016328, 1.2220690999965882, 1.261513699995703, 1.240306399995461, 1.225256999998237, 1.2151348000043072, 1.2327691999962553, 1.2266591000079643, 1.2335988999984693, 1.2130319999996573, 1.238222100000712, 1.2293711999955121, 1.220897999999579, 1.2456746000098065, 1.2114011999947252, 1.2229782000067644, 1.2276948999933666, 1.2356342999992194, 1.2203272000042489, 1.2389830000029178, 1.2372502000071108, 1.2209472000104142, 1.2289125000097556, 1.2310559999896213, 1.233888599992497, 1.225089100000332, 1.2296619999979157, 1.2246882999897934, 1.2200547999964328, 1.2185263999999734, 1.22957480000332, 1.2357816000003368, 1.2371760999958497, 1.2287121999979718, 1.2484850000037113, 1.2304249000007985, 1.2168531000061193, 1.2233983000041917, 1.2473749999917345, 1.2430681999976514, 1.2408795999945141]}, "cpython": {"warmup": [1.6381888000032632, 1.668462500005262, 1.6348511000105646, 1.6536381000041729, 1.639160599996103, 1.6530816000013147, 1.65731730000698, 1.6656608000048436, 1.6516701000073226, 1.6518926999997348, 1.6447825000068406, 1.672659100004239, 1.6634077000053367, 1.659000700004981, 1.6456228000024566, 1.6443796999956248, 1.6343059000064386, 1.662077799992403, 1.6703493999957573, 1.6447526999982074, 1.662905100005446, 1.6421229999978095, 1.642428100007237, 1.656047500000568, 1.664853000009316, 1.6353501999983564, 1.6410182999970857, 1.6644474000058835, 1.6486714000056963, 1.6503078999958234, 1.64457059999404, 1.65451849999954, 1.6343124999984866, 1.6658076000021538, 1.6495076999999583, 1.6505230000038864, 1.6397520000027725, 1.673652299999958, 1.6493197999952827, 1.657703600008972, 1.6441820000036387, 1.6501098000007914, 1.6429684000031557, 1.647562400001334, 1.6472833000007086, 1.636140400005388, 1.6494180000008782, 1.6431378999986919, 1.653878999990411, 1.659511100006057, 1.6467246000102023, 1.6393074999941746, 1.6316006000124617, 1.6492585000087274, 1.6410964999959106, 1.6290317999955732, 1.6519285999966087, 1.651104500007932, 1.6449450999934925, 1.6415596999868285, 1.6278678999951808, 1.644933800009312, 1.6595253999985289, 1.6277381999971112, 1.6372518999996828, 1.6443657000054372, 1.638857800004189, 1.647267099993769, 1.6555351999995764, 1.6495078000007197, 1.6394424000027357, 1.653007399989292, 1.6341640000027837, 1.6403037999989465, 1.655574299991713, 1.658965700000408, 1.6611694000021089, 1.6636529999959748, 1.6608751000021584, 1.654940099993837, 1.6490469999989728, 1.641924099996686, 1.6476288999983808, 1.6470642000058433, 1.6433699000044726, 1.6424069999920903, 1.65244900000107, 1.6415686999971513, 1.6504931000090437, 1.643588799997815, 1.6518899999937275, 1.6493326000054367, 1.65507210000942, 1.6351974999997765, 1.6485042999993311, 1.6428317000099923, 1.6636109999963082, 1.6482799000077648, 1.6702415999898221, 1.644885699992301], "benchmark": [1.643000199997914, 1.6434252000035485, 1.6383528000005754, 1.6537236000003759, 1.655002700004843, 1.6569612000021152, 1.6627296000078786, 1.6612444999918807, 1.6460539999970933, 1.6555802999937441, 1.6373190000012983, 1.6411028000002261, 1.6490332999965176, 1.6421894999948563, 1.6494093000073917, 1.6463750999973854, 1.6506936000077985, 1.6479749999998603, 1.6598705000069458, 1.6525830000027781, 1.6502171000029193, 1.6431677999935346, 1.6551879000035115, 1.6470709000132047, 1.6566183000104502, 1.6367933000001358, 1.6364457000017865, 1.676344399995287, 1.6413372999959392, 1.6689864999934798, 1.6425575000030221, 1.6380337000009604, 1.642861600004835, 1.6439810000010766, 1.6571362999966368, 1.6427803999977186, 1.651041000004625, 1.6527031000005081, 1.6401886000094237, 1.6292995999974664, 1.6498041000013473, 1.6474192000023322, 1.6451579999993555, 1.6429447999980766, 1.635950199997751, 1.652151899994351, 1.6477449000085471, 1.6418554999982007, 1.6382710000034422, 1.6424663999932818, 1.649990699996124, 1.643004600002314, 1.6319380000059027, 1.6430646000080742, 1.6515914000046905, 1.6478159999969648, 1.64676529999997, 1.6543922000128077, 1.640789600001881, 1.638427199999569, 1.6492979999893578, 1.6483912999974564, 1.6416344000026584, 1.6299348000029568, 1.6625701000011759, 1.6450590999884298, 1.6747816999995848, 2.12479090000852, 1.654966300004162, 1.6391384000016842, 1.6455953999975463, 1.6488079999980982, 1.6540523000003304, 1.645068199999514, 1.64816690000589, 1.6442966000031447, 2.7807006999937585, 1.6620228999963729, 1.665256699998281, 1.6423822999931872, 1.641061999995145, 1.6477968999970471, 1.6440002000017557, 1.6515603000007104, 1.6485352999879979, 1.6413795999978902, 1.7049308999994537, 1.6471533999865642, 1.6566557999904035, 1.6407245000009425, 1.6540496999950847, 1.6498600999912014, 1.642523100003018, 1.6457079000101658, 1.6444020999915665, 1.6420830999995815, 1.6452258999925107, 1.6444336999993538, 1.647398000000976, 1.661712200002512]}}