{"nuitka": {"warmup": [1.6510893999948166, 1.609607699996559, 1.6089131999760866, 1.6293659999791998, 1.640347299980931, 1.6260181999823544, 1.6157777000044007, 1.620272300002398, 1.6157419000228401, 1.6202742999885231, 1.6325118000095244, 1.6253425999893807, 1.6182907999900635, 1.6292195999994874, 1.618395600002259, 1.6314537999860477, 1.6228932999947574, 1.612110100017162, 1.6205786000064109, 1.6198825000028592, 1.6178685000049882, 1.620642299996689, 1.6326915000099689, 1.6234150000091176, 1.6163892999757081, 1.6216683999809902, 1.6177411999960896, 1.6169411999871954, 1.6220434000133537, 1.6154298999754246, 1.6173404000001028, 1.6161098000011407, 1.6161727999860886, 1.6146807000041008, 1.623094000009587, 1.6272773999953642, 1.6200790000148118, 1.620873699983349, 1.6253573999856599, 1.6214720999996644, 1.633155599993188, 1.617700300004799, 1.6286349000001792, 1.6249214000126813, 1.6180756999820005, 1.6243787999846973, 1.6113980000081938, 1.6347634999838192, 1.622647500014864, 1.6163994999951683, 1.6232158000057098, 1.6135163999861106, 1.6284558000043035, 1.6265916000120342, 1.6233249999932013, 1.620199600001797, 1.6247245999984443, 1.6148971000220627, 1.6119930999993812, 1.6166586999897845, 1.619018600002164, 1.6205700999998953, 1.6244922000041697, 1.6246174000261817, 1.6050485000014305, 1.6074712999979965, 1.619253499986371, 1.6268733000033535, 1.6231930000067223, 1.6198058000009041, 1.6181234999967273, 1.6282535000063945, 1.6287774999800604, 1.6191468999895733, 1.6126387000258546, 1.6127445999882184, 1.619405999983428, 1.6142842000117525, 1.6188952999946196, 1.6208861999912187, 1.6149585999955889, 1.6152422000013757, 1.60997769999085, 1.6189499000029173, 1.6199954000185244, 1.6159444999939296, 1.6127252000151202, 1.6118476999981795, 1.6220488999970257, 1.615768499992555, 1.6229990999854635, 1.6058515000040643, 1.6154067000024952, 1.6152868999924976, 1.615718500019284, 1.6178447999991477, 1.6160164999892004, 1.626047199999448, 1.6130071000079624, 1.6137321000278462], "benchmark": [1.6060189000272658, 1.6138649999920744, 1.60742929999833, 1.6200301999924704, 1.6109598000184633, 1.6102542000007816, 1.6167694999894593, 1.6155451999802608, 1.6180435000278521, 1.6209978999977466, 1.6192755000083707, 1.6117937999952119, 1.610632700001588, 1.6261665000056382, 1.614369600021746, 1.6142964000173379, 1.6232506000087596, 1.6129460000083782, 1.607927600009134, 1.6138029999856371, 1.6224333999853116, 1.6152571999991778, 1.6101101000094786, 1.6242824000073597, 1.6117184000031557, 1.6124940000008792, 1.6157387999992352, 1.6229284000000916, 1.6169163000013214, 1.6244796999963, 1.611966600001324, 1.6100151000136975, 1.6070941000070889, 1.6274847999738995, 1.6073752000229433, 1.6206406000128482, 1.6186459000164177, 1.6171592000173405, 1.6049982999975327, 1.6122873999993317, 1.6124144999776036, 1.6107354999985546, 1.6164023000164889, 1.608602599997539, 1.6036433999834117, 1.6175156999961473, 1.6173952000099234, 1.6124600999755785, 1.6313650000083726, 1.6229508999967948, 1.6128743000153918, 1.615319599979557, 1.6116565999982413, 1.6183009000087623, 1.6158283000113443, 1.603586200013524, 1.6115163000067696, 1.6257956000044942, 1.625667100015562, 1.6235671000031289, 1.608681700017769, 1.6110684000013862, 1.6147821999911685, 1.634989999991376, 1.616336200007936, 1.6155570999835618, 1.616714999981923, 1.6222837000095751, 1.6217383999901358, 1.6302217000047676, 1.6192377000115812, 1.6197303000080865, 1.6077671000093687, 1.6191211999976076, 1.6137943000067025, 1.6191338000062387, 1.61768180000945, 1.6249363999813795, 1.6218876000202727, 1.6153712999948766, 1.6172491999750491, 1.6058822000049986, 1.6160056000226177, 1.6270069000020158, 1.6156100000080187, 1.6171772000088822, 1.6194280000054277, 1.6111035000067204, 1.608991099987179, 1.61432860000059, 1.6106374000082724, 1.6145240000041667, 1.609028600010788, 1.6191087999904994, 1.6088328000041656, 1.6209539999836124, 1.60846109999693, 1.6204206999973394, 1.614982900005998, 1.6164593000139575]}, "cpython": {"warmup": [1.5581949000188615, 1.550554799992824, 1.5614072000025772, 1.5421887999982573, 1.549387300008675, 1.5628023000026587, 1.5614503999822773, 1.5536777999950573, 1.5561466999934055, 1.5469591000000946, 1.5411617000063416, 1.5497677999956068, 1.55224239997915, 1.5523059999977704, 1.5539977999869734, 1.5569212999835145, 1.5564583000086714, 1.5672361000033561, 1.5561641000094824, 1.5489140000136103, 1.5451004999922588, 1.545578099990962, 1.5547359000192955, 1.5559010000142734, 1.5591604000073858, 1.5418003000086173, 1.5509769000054803, 1.5395283999969251, 1.5325164000096265, 1.549313199997414, 1.5581005999993067, 1.552514599985443, 1.561475499998778, 1.5594614000001457, 1.5387242999859154, 1.547537399979774, 1.5398373999923933, 1.540916500001913, 1.5522444999951404, 1.5542498999857344, 1.552335000014864, 1.5531015000015032, 1.5496759999950882, 1.556895399990026, 1.5440089000039734, 1.5694745999935549, 1.5458405000099447, 1.562845100008417, 1.543478800012963, 1.5630603000172414, 1.548367400013376, 1.5389680000080261, 1.538482700008899, 1.5520307999977376, 1.5403019999794196, 1.5452102000126615, 1.5506903999776114, 1.5653730999911204, 1.5500228999881074, 1.555966999992961, 1.545152800012147, 1.555972300004214, 1.5454695999796968, 1.5404939999862108, 1.5478210999863222, 1.5523573000100441, 1.5429154000012204, 1.549236099992413, 1.5409982000128366, 1.5550143000145908, 1.5410106000199448, 1.5470001999929082, 1.5449813000159338, 1.5454705999873113, 1.5524831999791786, 1.5409412999870256, 1.5508816999790724, 1.562429700017674, 1.5589352000097279, 1.549378700001398, 1.5414388000208419, 1.5414447000075597, 1.5462144000048283, 1.5441825999878347, 1.5525234999950044, 1.5382140000001527, 1.554751599993324, 1.5435224999964703, 1.5418198999832384, 1.5480397999926936, 1.5344984999974258, 1.5443692000117153, 1.5437269000103697, 1.5697368000110146, 1.5433538000215776, 1.5415065000124741, 1.5492955000081565, 1.5380839999997988, 1.5372100000095088, 1.5446092000056524], "benchmark": [1.5589380000019446, 1.5436303000024054, 1.5505413000064436, 1.5413287999981549, 1.5347392999974545, 1.556684100010898, 1.5413954999821726, 1.5463006000209134, 1.5273072000127286, 1.5487867000047117, 1.5418268000066746, 1.5485641000268515, 1.5539706999843474, 1.5493040999863297, 1.5522004000085872, 1.5529566000041086, 1.5501645999902394, 1.5429669999866746, 1.5381057999911718, 1.5467095000203699, 1.552464600012172, 1.5512873000116087, 1.546709499991266, 1.5411710999906063, 1.5499309000151698, 1.55103259999305, 1.5374747999885585, 1.5517113000096288, 1.5527792000211775, 1.5507748000090942, 1.5611544999992475, 1.5452781000058167, 1.5618338999920525, 1.5592579999938607, 1.5394321999920066, 1.5453114999982063, 1.5564300999976695, 1.5484816999814939, 1.5453314999758732, 1.5563583000039216, 1.5548145000066143, 1.5560253000003286, 1.5473025999963284, 1.5440527999890037, 1.5333763000089675, 1.5367676000169013, 1.5509149999998044, 1.5435794000222813, 1.5478559999901336, 1.544054199999664, 1.5523753000015859, 1.5435829999914858, 1.5452659000002313, 1.542111799994018, 1.5625478000147268, 1.571343199990224, 1.5516320999886375, 1.548666000016965, 1.5416483999870252, 1.5691571999923326, 1.5371308000176214, 1.5467135999933816, 1.5450522000028286, 1.5438777999952435, 1.545309199980693, 1.5511122000170872, 1.547200700006215, 1.5452303000201937, 1.5542519000009634, 1.5616392999945674, 1.5525897000043187, 1.552894299995387, 1.5503976000181865, 1.55678149999585, 1.542680400016252, 1.5501215000113007, 1.5514832999906503, 1.547440499998629, 1.5553111000044737, 1.5477908000175375, 1.5567831000080332, 1.550266800011741, 1.5425990000076126, 1.5602300000027753, 1.5467209999915212, 1.535342400020454, 1.5477827000140678, 1.5546255999943241, 1.5441206000105012, 1.546292099985294, 1.5447683999955188, 1.5607686000003014, 1.5544812000007369, 1.5608248000207823, 1.5458454999898095, 1.550018399982946, 1.5453852000064217, 1.5562223000160884, 1.549644000013359, 1.5394827999989502]}}