{"nuitka": {"warmup": [1.7080249999999069, 1.371752800012473, 1.3773109999892768, 1.3481980000069598, 1.3500045999971917, 1.4035541999910492, 1.3495056999963708, 1.3710473999963142, 1.3885574999876553, 1.3497896999906516, 1.3956248000031337, 1.3621504999900935, 1.3542619999934686, 1.4272382000053767, 1.3433548000029987, 1.4158357000123942, 1.347694500000216, 1.3476398999919184, 1.345227799989516, 1.4008227000012994, 1.349412299998221, 1.3604283000022406, 1.351087600007304, 1.3506689999921946, 1.3496892000111984, 1.3474683999957051, 1.3538018000108423, 1.3967616000009002, 1.3493370000069262, 1.3632043999969028, 1.3891310000035446, 1.370183499995619, 1.412868500003242, 1.4051810999953886, 1.3541438999964157, 1.3518905999953859, 1.354689200001303, 1.3953315000107978, 1.3527139000070747, 1.3544175000133691, 1.349661099986406, 1.3892466999968747, 1.3993364999914775, 1.3891507999942405, 1.3461450999893714, 1.3562044999998761, 1.3464928999892436, 1.3787785000022268, 1.399854299990693, 1.3497175000084098, 1.3609231000009459, 1.3946734000055585, 1.3479307999950834, 1.3480360999965342, 1.3466270999924745, 1.34676230000332, 1.3525460999953793, 1.3881710999994539, 1.3486571999965236, 1.3497917000058806, 1.3467343999946024, 1.3958402999996906, 1.3621772000042256, 1.3472373999975389, 1.3600696000066819, 1.3942619000008563, 1.3528315000003204, 1.3505161000066437, 1.3495621000038227, 1.3521998000069289, 1.3484974000020884, 1.3577001999947242, 1.349811599997338, 1.392312399999355, 1.3510404999979073, 1.3504108999914024, 1.3500327999936417, 1.4205917999934172, 1.411640600010287, 1.3486105999909341, 1.3518968999997014, 1.3802974999998696, 1.3501145000045653, 1.380460200001835, 1.3453850999940187, 1.3481761000002734, 1.347543299998506, 1.3508499000017764, 1.3487622999964515, 1.40487879999273, 1.363022900011856, 1.3806187000009231, 1.3512192999914987, 1.3892364999919664, 1.3496328000037465, 1.3527180999953998, 1.3498503000009805, 1.3504232999985106, 1.3470828999998048, 1.3569030999933602], "benchmark": [1.3643474000127753, 1.3474515000125393, 1.3469163000117987, 1.3438042999914614, 1.359830300003523, 1.361759899999015, 1.390019399987068, 1.392065799998818, 1.4301077999989502, 1.3532916999974987, 1.3806603999983054, 1.375869400013471, 1.348143600000185, 1.3504727999970783, 1.3466623999993317, 1.3475692000065465, 1.3626678000000538, 1.3489975999982562, 1.349759599994286, 1.350449399993522, 1.3516228999942541, 1.3709885999996914, 1.4043980999995256, 1.4003226999921026, 1.3870131000003312, 1.3773637000122108, 1.393214600000647, 1.3999658999964595, 1.350042600010056, 1.3509192000055918, 1.3850216999999247, 1.3474127000081353, 1.3471236000041245, 1.396160599993891, 1.3475351999950362, 1.3503578999952879, 1.3469165999995312, 1.3539133000012953, 1.4050374000071315, 1.349639299995033, 1.3606524000060745, 1.3499182000086876, 1.3930622000043513, 1.360032399999909, 1.452135300001828, 1.3514340999972774, 1.3962116000038804, 1.351155900003505, 1.35642419999931, 1.387494599999627, 1.3478470999980345, 1.392643200000748, 1.3531777000025613, 1.349947800001246, 1.3529697000049055, 1.3505002000019886, 1.4159848999988753, 1.3822829999990063, 1.3494476000050781, 1.417397000011988, 1.362911099990015, 1.4076808000099845, 1.370025500000338, 1.3652695000055246, 1.3529750000016065, 1.3891879000002518, 1.3483042000007117, 1.3484673000057228, 1.3803342000028351, 1.384655300003942, 1.3517620000056922, 1.3926937000069302, 1.4284558999934234, 1.3514895999978762, 1.3873429000086617, 1.406899000008707, 1.3518112000019755, 1.3504900999978418, 1.4300032000028295, 1.3904593999905046, 1.3530202999972971, 1.34976359999564, 1.4097701999999117, 1.3482099999964703, 1.3476401000079932, 1.3844059999973979, 1.3476224000041839, 1.4267430000036256, 1.341625799992471, 1.3513794000027701, 1.3543253000098048, 1.420919899988803, 1.3637767000036547, 1.3505104000068968, 1.357753500007675, 1.3542144000093685, 1.3526361999975052, 1.3961284999968484, 1.3494988000020385, 1.3954355000023497]}, "cpython": {"warmup": [1.4440117000049213, 1.4420055999944452, 1.4421084999921732, 1.4342387999931816, 1.4482881000003545, 1.443111399988993, 1.44178649999958, 1.4405229999974836, 1.4298535999987507, 1.4336188999877777, 1.4334027000004426, 1.4396994999988237, 1.4331317000032868, 1.4361137000087183, 1.4389576000103261, 1.4364316999999573, 1.437371299994993, 1.4757309000124224, 1.448275000002468, 1.4360247000004165, 1.4380441999965115, 1.4420847000001231, 1.4283795999945141, 1.4299791999947047, 1.4537039999995613, 1.4334507000021404, 1.477533700002823, 1.4410566000005929, 1.4367918000061763, 1.4413944000116317, 1.4369057000003522, 1.4271095000003697, 1.4360772000072757, 1.4451314000034472, 1.4388695000088774, 1.4521337999904063, 1.4334135000099195, 1.4393005000019912, 1.4382717999978922, 1.4790173000073992, 1.4310531999944942, 1.4487487000005785, 1.4340098000102444, 1.4400887000083458, 1.4402955999976257, 1.4271829000063008, 1.4311785999889253, 1.4448465000023134, 1.4373795999999857, 1.4555005000001984, 1.449555999992299, 1.4689343000063673, 1.4226054000027943, 1.4422141999966698, 1.431878699993831, 1.4261513999954332, 1.4418364000011934, 1.4754710999986855, 1.4405441999988398, 1.446589999992284, 1.464396700001089, 1.4487687999935588, 1.449910600000294, 1.461457999990671, 1.4412050000100862, 1.4391696000093361, 1.4840967000054661, 1.4365409000020009, 1.427573000008124, 1.4355319000023883, 1.4349805999954697, 1.4338250000000698, 1.4233087999891723, 1.4322296000027563, 1.4400586999981897, 1.4765849999967031, 1.4604242000059457, 1.4319562000018777, 1.426619899997604, 1.4290097999910358, 1.4404136999946786, 1.441072700006771, 1.4344581999903312, 1.4381235000037123, 1.4343831000005594, 1.451474600005895, 1.4439588999957778, 1.4259553000010783, 1.4438057000079425, 1.431973000013386, 1.4469791000010446, 1.4623148999962723, 1.4824102999991737, 1.4470732000045246, 1.4444300000031944, 1.433260199992219, 1.4240703000104986, 1.442123899993021, 1.4334761999925831, 1.442201700003352], "benchmark": [1.4594285000057425, 1.4758956000005128, 1.4310968999925535, 1.4415806000033626, 1.4455524000077276, 1.4498542999936035, 1.4462359000026481, 1.4657544999936363, 1.4857988000003388, 1.4492620999953942, 1.4336078000051202, 1.4332377999962773, 1.4502434999885736, 1.4467163999943295, 1.4461217999923974, 1.4432506000011927, 1.4443365000042832, 1.4365063000004739, 1.4437340000004042, 1.4412751999916509, 1.4813437999982852, 1.436112100011087, 1.4364958999940427, 1.4308420000015758, 1.4451068000053056, 1.4808398999884957, 1.4417761999939103, 1.4422733000101289, 1.4458315999945626, 1.4306703999900492, 1.4791575999988709, 1.4246522999892477, 1.4388106999977026, 1.4382026999955997, 1.4531093999976292, 1.4591545000002952, 1.4556541999918409, 1.4740721999987727, 1.439525900001172, 1.4408846000005724, 1.434338500010199, 1.4396989999950165, 1.4508561999973608, 1.4640565000008792, 1.4613548000052106, 1.4420010000030743, 1.4408499999990454, 1.463951999990968, 1.4593327000038698, 1.45959519999451, 1.440554400003748, 1.4446999000065261, 1.4413197000103537, 1.4453613000077894, 1.4368364999972982, 1.430295500002103, 1.4450376000022516, 1.4486241999984486, 1.437389600003371, 1.451842399997986, 1.4541524999949615, 1.4644676000025356, 1.4374160000006668, 1.4392617999983486, 1.4422784999915166, 1.4486924999946496, 1.423826400001417, 1.444020900002215, 1.4493979000108084, 1.444455900011235, 1.4868247999984305, 1.4685490999981994, 1.4889910999918357, 1.4492618000076618, 1.4403062000055797, 1.4805463999946369, 1.438294899999164, 1.4305838000000222, 1.4449030999967363, 1.4476279999944381, 1.4660855999973137, 1.4489551000006031, 1.4440138999925693, 1.482645500000217, 1.4247418000013568, 1.430867799994303, 1.4363451999961399, 1.4365351000014925, 1.440672299999278, 1.4255002999998396, 1.4798479000019142, 1.4315428999980213, 1.4498427000071388, 1.4720260000030976, 1.480684599999222, 1.4645407999923918, 1.4415488000086043, 1.4343668999936199, 1.432205300006899, 1.4788423999998486]}}