{"nuitka": {"warmup": [1.7154614000028232, 1.345472900007735, 1.317330600009882, 1.3307586000009906, 1.328933800003142, 1.3306790999922669, 1.345218799993745, 1.330392000003485, 1.3325353000109317, 1.3315661999949953, 1.3327493999968283, 1.35797850000381, 1.3497379000036744, 1.322243199989316, 1.3486321999953361, 1.3328719999990426, 1.3455201000033412, 1.3464266000082716, 1.347251300001517, 1.3470525000011548, 1.3620602000009967, 1.3315107000089483, 1.358902300009504, 1.3197057000070345, 1.3492070999927819, 1.3349527999962447, 1.3476949000032619, 1.3442512999899918, 1.3504498999973293, 1.3325592999899527, 1.3441882000042824, 1.3312221999949543, 1.3456357999966713, 1.319319699992775, 1.3375530000048457, 1.3541635000001406, 1.299994399989373, 1.3293233000003966, 1.3320930000045337, 1.3429199000092922, 1.358490599988727, 1.3323358000052394, 1.3300624999974389, 1.3500478000059957, 1.3323706999944989, 1.345631100004539, 1.3371041999926092, 1.3353995999932522, 1.3523293000034755, 1.3512748000066495, 1.3312286000000313, 1.3317097999970429, 1.3214218999928562, 1.3299202999914996, 1.3212820000044303, 1.3510526000027312, 1.347416599994176, 1.3473547000030521, 1.3313282000017352, 1.3427985000016633, 1.3330274999898393, 1.3570724000019254, 1.355407600000035, 1.3359991000033915, 1.3302232999994885, 1.3465275000053225, 1.359910500003025, 1.3530188000004273, 1.331495200007339, 1.3327873999951407, 1.3551389000058407, 1.3470914999925299, 1.3462901000020793, 1.333286599998246, 1.3437330000015208, 1.3507429000019329, 1.3200082999974256, 1.3499643999966793, 1.3177636000036728, 1.350828199996613, 1.347352700002375, 1.3309713000053307, 1.3550500999990618, 1.3468904999899678, 1.330513399996562, 1.352038500001072, 1.3304253999958746, 1.3311111999937566, 1.335130700012087, 1.3340030000108527, 1.349653400000534, 1.3742426999961026, 1.3612912999960827, 1.3514602000068408, 1.3485781000053976, 1.3450472000113223, 1.3459726000000956, 1.345821499999147, 1.3300812000088627, 1.345439600001555], "benchmark": [1.3449706999963382, 1.3331074999878183, 1.3459981999912998, 1.333397900001728, 1.349791600005119, 1.335214199993061, 1.3169882000074722, 1.3308438000094611, 1.3445848999981536, 1.345900200001779, 1.3403930000058608, 1.335626099986257, 1.329025900005945, 1.3471749000018463, 1.3239876000006916, 1.331004199993913, 1.3551742999989074, 1.3443165999924531, 1.3318127999955323, 1.3519819999928586, 1.3460548000002746, 1.3289854999893578, 1.3593248999968637, 1.346265999993193, 1.3590643999923486, 1.3452725999959512, 1.3624880999996094, 1.359078599998611, 1.330962299995008, 1.3295827999972971, 1.3499945999938063, 1.3454733999969903, 1.3459264999983134, 1.3514687999995658, 1.3514719000086188, 1.3476878999936162, 1.3348696000030031, 1.347819200003869, 1.3476337999891257, 1.3298614999948768, 1.330272099992726, 1.3170711000129813, 1.3161811999889323, 1.346258299992769, 1.329476800005068, 1.3187235000077635, 1.3662157999933697, 1.3319833999994444, 1.3463439000042854, 1.3560696999920765, 1.3413226999982726, 1.3436490000021877, 1.3348829000024125, 1.3422913999966113, 1.3478398000006564, 1.3332212999957846, 1.3308271999994759, 1.3474407000030624, 1.3342887999897357, 1.343978300006711, 1.3316685000027064, 1.3468027000053553, 1.3305671000125585, 1.3482947000011336, 1.3521937999903457, 1.3316735999978846, 1.3357314000022598, 1.3496162999945227, 1.3505679999943823, 1.3319793999980902, 1.3488409999990836, 1.3457676999969408, 1.3339207999961218, 1.352326800013543, 1.3404248000006191, 1.332369399999152, 1.3636085000034655, 1.3348022999998648, 1.3331971999868983, 1.3336420000123326, 1.3320136999973329, 1.3473093999928096, 1.3324898999999277, 1.3320437999936985, 1.3425095999991754, 1.3472997000062605, 1.359448599992902, 1.3322041000064928, 1.3208023000042886, 1.3331878000026336, 1.3451825999945868, 1.3345049000054132, 1.3240749000106007, 1.3442858000053093, 1.3477968999941368, 1.3449332999880426, 1.3657214999984717, 1.3425410999916494, 1.3176517999963835, 1.3309379999991506]}, "cpython": {"warmup": [1.4112978000048315, 1.473083000004408, 1.4460098999988986, 1.4044443999882787, 1.4594061999960104, 1.4459878000052413, 1.4854340000019874, 1.470301900000777, 1.4609529000008479, 1.4556099999899743, 1.46477400000731, 1.4503585999918869, 1.458432500003255, 1.4614312999910908, 1.4740775999962352, 1.458329799992498, 1.4043393000029027, 1.457759699987946, 1.4038810999918496, 1.4047721999959322, 1.4054640999966068, 1.4843780000082916, 1.4555321000079857, 1.3812649000028614, 1.4597902000095928, 1.4044536000001244, 1.406983199995011, 1.40804520000529, 1.406607900004019, 1.4061663999891607, 1.458261499996297, 1.4053372999915155, 1.4014915000007022, 1.4075268000015058, 1.4033333999977913, 1.4044436999975005, 1.4051268999901367, 1.4549293000018224, 1.4052021999959834, 1.4026722999988124, 1.4592918000125792, 1.3907012999989092, 1.4556998000043677, 1.4090374000079464, 1.4611315000074683, 1.4078710000030696, 1.403864000007161, 1.4051430999970762, 1.4611699000088265, 1.4033748999936506, 1.45765680000477, 1.4030934000038542, 1.458083399993484, 1.4549158000008902, 1.4061733000125969, 1.4256871999969007, 1.458563199994387, 1.4051971000008052, 1.401527800000622, 1.4046931999910157, 1.4030210999917472, 1.4056752000033157, 1.4189722000010079, 1.4009668999933638, 1.4519903999898816, 1.401778400002513, 1.4044900000008056, 1.4602601999940816, 1.4041797999962, 1.462410699998145, 1.4077386999997543, 1.457886399992276, 1.401931099986541, 1.4579172999947332, 1.4050008000049274, 1.4561596999992616, 1.4045015000010608, 1.4564569000067422, 1.4577075999986846, 1.4566780000022845, 1.4077613999979803, 1.4550122000073316, 1.4021576999948593, 1.4551791000121739, 1.4023276999942027, 1.4081861000013305, 1.456156500003999, 1.457339000000502, 1.4578827999939676, 1.4203935999976238, 1.4599862000031862, 1.407791299992823, 1.4604189999954542, 1.4026548999972874, 1.4541184000117937, 1.386011700000381, 1.4067495000053896, 1.408482600003481, 1.3878340000082972, 1.449783000003663], "benchmark": [1.401132900005905, 1.4564097999973455, 1.4706919000018388, 1.4721011999936309, 1.459177999990061, 1.4059176000009757, 1.4598900999990292, 1.3872976999991806, 1.4463538999989396, 1.4705362999957288, 1.4595138000004226, 1.454930099993362, 1.4616858000081265, 1.403372799992212, 1.4742742999951588, 1.469810199996573, 1.4038340999977663, 1.4672583999927156, 1.45640569999523, 1.4583305999985896, 1.455792399996426, 1.4581348999927286, 1.4030957000068156, 1.455950900010066, 1.4595168999949237, 1.4024778000020888, 1.405992799991509, 1.4053120999888051, 1.4562815000099363, 1.4560339999879943, 1.45977679999487, 1.3936543999880087, 1.4569875999877695, 1.407750099999248, 1.4693177999870386, 1.464346900000237, 1.458881200000178, 1.471671299994341, 1.4052131999924313, 1.407563200002187, 1.4583490999939386, 1.388519100000849, 1.4567717999889283, 1.4568338000099175, 1.4559061000036309, 1.4037100999994436, 1.403953500004718, 1.457425600005081, 1.4572499000059906, 1.4811625000002095, 1.3856947999884142, 1.38736519998929, 1.417452299996512, 1.4023933999997098, 1.459349500000826, 1.4574088999943342, 1.410301600000821, 1.4526219999970635, 1.4561437999946065, 1.402239599992754, 1.4029411999945296, 1.45097240000905, 1.4552268999977969, 1.4011563999956707, 1.4044921000022441, 1.46635650000826, 1.4020071999984793, 1.4055815000028815, 1.4579416000051424, 1.4531157000019448, 1.4021134999929927, 1.4011024000064936, 1.4579843999963487, 1.403111199993873, 1.4566494000027888, 1.4060127999982797, 1.4026143000082811, 1.4229398999887053, 1.398779299997841, 1.401116599998204, 1.4041462000022875, 1.4040921999985585, 1.402874100007466, 1.4011916000017663, 1.4195708000042941, 1.4181801000086125, 1.4710964999976568, 1.4604299000056926, 1.4025479999982053, 1.402126999993925, 1.4011450999969384, 1.472098600002937, 1.4574468000064371, 1.386567900000955, 1.453099900012603, 1.3910226000007242, 1.4580079999868758, 1.458574200005387, 1.4046411000017542, 2.1676421000011032]}}