{"nuitka": {"warmup": [1.787435699996422, 1.5382184000045527, 1.548327700002119, 1.5164452999888454, 1.5293663000047673, 1.506974199990509, 1.4938860999973258, 1.4481334000010975, 1.4983441999938805, 1.507428600001731, 1.4616224999917904, 1.4664521999948192, 1.4600408999976935, 1.4536153000080958, 1.4462860000057844, 1.421022400012589, 1.452183800007333, 1.455462500001886, 1.4412859000003664, 1.4648471999971662, 1.4839279000007082, 1.4566772999969544, 1.464714500005357, 1.4364189000043552, 1.4456646000035107, 1.4536741000047186, 1.4931159999978263, 1.426632000002428, 1.3843037000042386, 1.4307440999982646, 1.428025900007924, 1.4372603999945568, 1.453782600001432, 1.456961499992758, 1.4279585000040242, 1.3800391999975545, 1.4406417999998666, 1.422638599993661, 1.4298159000027226, 1.423162000006414, 1.436193599991384, 1.4017232999904081, 1.4346817000041483, 1.4494628999964334, 1.4257383000076516, 1.45227259999956, 1.4185855999967316, 1.42986689999816, 1.4464637999917613, 1.4233421999961138, 1.4324866000097245, 1.3718917000078363, 1.4617285999993328, 1.4343607000046177, 1.4175531000073534, 1.429610400009551, 1.4039309000072535, 1.3500305999914417, 1.4284592999902088, 1.5253803000086918, 1.4320979000040097, 1.4288538000109838, 1.3608587000053376, 1.4174365000071703, 1.4378270000015618, 1.4581560000078753, 1.4161708999890834, 1.4292028000054415, 1.3693689000065206, 1.4912139999942156, 1.536488300000201, 1.4262705000001006, 1.4620633000013186, 1.4163421999983257, 1.4191023000021232, 1.3652096000005258, 1.419293099999777, 1.4332360999978846, 1.3853526000020793, 1.4136557999881916, 1.4284974000038346, 1.4160258999909274, 1.4472496999951545, 1.4544613000034587, 1.417572199992719, 1.4350310000008903, 1.408016299988958, 1.4210117000038736, 1.3961266999976942, 1.390099199998076, 1.4272853000002215, 1.4465236999967601, 1.4073310999956448, 1.4148387999885017, 1.4425286000041524, 1.4095662999898195, 1.4127910999959568, 1.4120628000091529, 1.4238815999997314, 1.3863032999943243], "benchmark": [1.4145734999910928, 1.455058799998369, 1.4103261999989627, 1.4330554999905871, 1.399184099995182, 1.5194758000143338, 1.4022909000050277, 1.4128708999924129, 1.4072107999963919, 1.4539624000026379, 1.4335725999990245, 1.4125172000058228, 1.4135310999990907, 1.4233893000055104, 1.4231247000134317, 1.4149564000108512, 1.4386276000004727, 1.5319107999966945, 1.40056920000643, 1.4132851000031224, 1.4412193999887677, 1.4302216000069166, 1.435966400007601, 1.4466749999992317, 1.4124864999903366, 1.4454396000073757, 1.4349868999997852, 1.4541171000018949, 1.4646721999888541, 1.5310186999995494, 1.4327881000062916, 1.430692199995974, 1.4820805000053952, 1.428430700005265, 1.491484699989087, 1.4509415999928024, 1.3727893000032054, 1.4246399000112433, 1.4040070999908494, 1.430651000002399, 1.376044800010277, 1.4444660000008298, 1.370943999994779, 1.443462700000964, 1.4288463999982923, 1.4323575000016717, 1.431041700008791, 1.4332690000010189, 1.4370893000013893, 1.448170100004063, 1.408477100005257, 1.462700300005963, 1.440220499993302, 1.423259400005918, 1.429394200007664, 1.4378443000023253, 1.463835900009144, 1.429899300012039, 1.4091807000077097, 1.3258218000119086, 1.4239837000059197, 1.4554713999968953, 1.4081987999961711, 1.420571700000437, 1.4041502000036417, 1.4197802999988198, 1.4118243999982951, 1.4299599999940256, 1.439160300011281, 1.4309360000042943, 1.42412239999976, 1.5309621000051266, 1.4134479999920586, 1.442985099987709, 1.4398700000019744, 1.4674211999954423, 1.4733278999920003, 1.4263733999978285, 1.3973592999973334, 1.441325899999356, 1.4525520000024699, 1.411136599999736, 1.4645817999989958, 1.3501277000032132, 1.5544355000020005, 1.4274274999916088, 1.4141034000058426, 1.4370983999979217, 1.426591700001154, 1.4431604999990668, 1.4376748000067892, 1.4127002999885008, 1.442039300003671, 1.409892800002126, 1.4531950999953551, 1.4367652999935672, 1.4098669000086375, 1.4397243999992497, 1.4494545999914408, 1.4151672000007238]}, "cpython": {"warmup": [1.4170814999961294, 1.5060711999976775, 1.4495323000010103, 1.4808300000004238, 1.4777593000035267, 1.4823563000099966, 1.4747969999880297, 1.503261999998358, 1.449124999999185, 1.5766387000039686, 1.451617400001851, 1.4597554999927524, 1.4890032000112114, 1.460208699994837, 1.4409563000081107, 1.5085116999980528, 1.516973899997538, 1.4226055000035558, 1.4994406000041636, 1.520785500004422, 1.490481600005296, 1.4231822000001557, 1.4998192000057315, 1.4091708999912953, 1.5888864000007743, 1.5029585000011139, 1.4808568000007654, 1.4035074999992503, 1.4489814000116894, 1.4729503000125987, 1.4169306000112556, 1.4440310000063619, 1.4797899999975925, 1.4858865999995032, 1.4374300000054063, 1.471112400002312, 1.4888904999970691, 1.44160560000455, 1.4712616999895545, 1.46930360000988, 1.5630823000101373, 1.4141571000072872, 1.4819635000021663, 1.479147699996247, 1.4884918999887304, 1.4697770999919157, 1.443493300001137, 1.4422782999899937, 1.4574029999930644, 1.4226522999961162, 1.4577158000029158, 1.3958574999996927, 1.4970215999928769, 1.4891130000032717, 1.4764910000085365, 1.4201497999893036, 1.4136467000062112, 1.3896422999969218, 1.4634620000142604, 1.4827650999941397, 1.4639033999992535, 1.6352561999956379, 1.4848939000075916, 1.5152509000035934, 1.5615626000071643, 1.4697592000011355, 1.465928999998141, 1.4668495999940205, 1.471214000004693, 1.5089370000059716, 1.4675328000012087, 1.448865600003046, 1.421822299991618, 1.4184037999948487, 1.4877457999973558, 1.5034556000027806, 1.4759146999858785, 1.4826134000031743, 1.4631800000061048, 1.4684854000079213, 1.4696026000019629, 1.4736460999993142, 1.4219880000018748, 1.407673599998816, 1.3784002000029432, 1.505952299994533, 1.4469094999949448, 1.3880331999971531, 1.4539909999875817, 1.4577127999946242, 1.4002197999943746, 1.565010300007998, 1.469101700000465, 1.449856399995042, 1.4675457999983337, 1.433098699999391, 1.3896755000023404, 1.412054899992654, 1.4591985000006389, 1.4596304000006057], "benchmark": [1.470265300013125, 1.488033200002974, 1.4966860999993514, 1.454994200001238, 1.4581332999950973, 1.4445881999999983, 1.4509465000010096, 1.4027222000004258, 1.4887115000019548, 1.4310855000076117, 1.4613514999946347, 1.4632157000014558, 1.4728518000047188, 1.4293485999951372, 1.5020790999988094, 1.4365898999967612, 1.476371900003869, 1.4796557999943616, 1.5119969999941532, 1.4268785000022035, 1.515665800005081, 1.388814399993862, 1.4002053000003798, 1.4475424999982351, 1.5007276000105776, 1.4647105000040028, 1.414861800003564, 1.402298900007736, 1.5239344000001438, 1.464206100004958, 1.5131380999955582, 1.5641082000074675, 1.5529103000008035, 1.441988599995966, 1.505709700009902, 1.4763844000117388, 1.4527591000078246, 1.4468224000011105, 1.5012143000058131, 1.3884639000025345, 1.490057800008799, 1.4982212000031723, 1.4734309000050416, 1.3917213999957312, 1.5196722999971826, 1.396244100003969, 1.3997789999993984, 1.4553473999985727, 1.5100607000058517, 1.4548379999905592, 1.4148649999988265, 1.533816700000898, 1.4945751999912318, 1.456021799996961, 1.5016529999993509, 1.4920505000045523, 1.4341216000029817, 1.4519562999921618, 1.477262599990354, 1.4963199000048917, 1.588296400004765, 1.5053104999969946, 1.4448996999999508, 1.4999366999982158, 1.506569599994691, 1.4512652000121307, 1.4650470999913523, 1.4724420999991708, 1.5109921999974176, 1.4118484999926295, 1.4506531000079121, 1.4107340000045951, 1.481270800009952, 1.4490413999883458, 1.5051901000115322, 1.4348762999870814, 1.5341622000123607, 1.4705374000041047, 1.4667111999879126, 1.5566642000048887, 1.5037905999924988, 1.5141424000030383, 1.4736756999918725, 1.6080528999882517, 1.4513475999992806, 1.4800286999961827, 1.394532899998012, 1.4373633000068367, 1.4261770000011893, 1.4724925000045914, 1.5200558000069577, 1.4644111999950837, 1.4101101999985985, 1.520829600005527, 1.4574658000055933, 1.4672516999999061, 1.4558295000024373, 1.4903516000049422, 1.4812386999983573, 1.4155687999882502]}}