{"nuitka": {"warmup": [1.7840654000028735, 1.6349079999927199, 1.5543643999990309, 1.6987017999927048, 1.5909278000035556, 1.5978796999988845, 1.6305394999944838, 1.5091300000058254, 1.5308860999939498, 1.5339553000085289, 1.5138255999918329, 1.5064893000089796, 1.6385593000013614, 1.5809831999940798, 1.6642339000100037, 1.5467904999968596, 1.539569799992023, 1.4830968999885954, 1.4856635999894934, 1.6197474999935366, 1.6308036999980686, 1.6110793000116246, 1.5972649000032106, 1.499634399995557, 1.6213820999983, 1.626600999996299, 1.5111430000106338, 1.5352754000050481, 1.4977365999948233, 1.6068033999908948, 1.5081030000001192, 1.512081799999578, 1.5237476999900537, 1.589895199998864, 1.5105366999923717, 1.6490036000031978, 1.5676351999863982, 1.5739557999913814, 1.6163083999999799, 1.601721400002134, 1.5280013000010513, 1.5090116000064882, 1.6073143999965396, 1.4675895999971544, 1.6262943000037922, 1.5043697000073735, 1.6119250000047032, 1.5146611999953166, 1.5098465000046417, 1.6489325000002282, 1.5450018999981694, 1.6299328000022797, 1.594426099996781, 1.556893700006185, 1.6413118000054965, 1.6084372000041185, 1.6501991999975871, 1.6336299999966286, 1.5030956999980845, 1.6485916000092402, 1.5170915000053355, 1.4909016999881715, 1.5172620999946957, 1.5171043000009377, 1.5162120000022696, 1.6310805999964941, 1.5832002999959514, 1.4945695999922464, 1.6013403999968432, 1.5294704000116326, 1.5181302999990294, 1.6068630999943707, 1.5916666999983136, 1.5510786999948323, 1.604550100004417, 1.6701991999871098, 1.6579024999955436, 1.6496762000024319, 1.5018681000074139, 1.5254705000115791, 1.6175217000127304, 1.5561040000029607, 1.5300021000002744, 1.4643578999966849, 1.6001574999972945, 1.506389100002707, 1.450218700003461, 1.4577773999917554, 1.4996346000116318, 1.5824543999915477, 1.4706961000047158, 1.4875740999996196, 1.5726075999991735, 1.5614642000000458, 1.4897974000050453, 1.4924817999999505, 1.581370900006732, 1.4715313999913633, 1.6001085999887437, 1.6116999999940163], "benchmark": [1.5156140999897616, 1.5816819000028772, 1.4780962000077125, 1.5960183999995934, 1.5969154000049457, 1.5609081000002334, 1.5101202000078047, 1.4982945000083419, 1.7256178999959957, 1.496378800002276, 1.6385328000033041, 1.6023592999990797, 1.5599549999897135, 1.5569314000022132, 1.6414560000121128, 1.5075109000026714, 1.583900800003903, 1.588337799999863, 1.5922017999982927, 1.4714091999921948, 1.5056070999999065, 1.5015074999973876, 1.499907199991867, 1.616508499995689, 1.4648718999960693, 1.5297774000064237, 1.4809208999940893, 1.484448599992902, 1.559484600002179, 1.5183981000009226, 1.487723600002937, 1.586639599991031, 1.5853843999939272, 1.6107692000077805, 1.5894158000010066, 1.5044099999940954, 1.4904726999957347, 1.5302321999915875, 1.4902635000034934, 1.5622107999952277, 1.4969031999935396, 1.4657913000119152, 1.508046300004935, 1.5058028000057675, 1.514592099993024, 1.4892645000072662, 1.5222667000052752, 1.5866720999911195, 1.6130465000023833, 1.4913551000063308, 1.4848626000020886, 1.498844600006123, 1.5167400000063935, 1.4940683000022545, 1.6063796999951592, 1.4812318999902345, 1.4887696000077995, 1.4756614999932935, 1.4409485000069253, 1.5772357000096235, 1.504300399989006, 1.5284156999987317, 1.6159744999895338, 1.498089999993681, 1.5777091999916593, 1.4644339999940712, 1.506622700006119, 1.5941282999992836, 1.6086931000027107, 1.4899123000068357, 1.616326500006835, 1.6293511999974726, 1.5456847999885213, 1.5871370999957435, 1.636608900007559, 1.5202007000043523, 1.6788808999990579, 1.498564499997883, 1.5224280999973416, 1.6041365999990376, 1.4983376000018325, 1.6025729999964824, 1.4880833000061102, 1.5287062999996124, 1.6111922999989474, 1.4880859999975655, 1.541161800007103, 1.4899479000014253, 1.5610900000028778, 1.4717846999992616, 1.5243153999908827, 1.4656685999943875, 1.635745899999165, 1.4833889000001363, 1.506827199991676, 1.583543600005214, 1.4963467000052333, 1.6086820000055013, 1.6151362999953562, 1.5271519999951124]}, "cpython": {"warmup": [1.6692631000041729, 1.5865688000048976, 1.620373700003256, 1.6255077999958303, 1.759319200005848, 1.7309554999956163, 1.6729847000096925, 1.7339008999988437, 1.6169080999970902, 1.683309600004577, 1.6361987999989651, 1.6773811000020942, 1.6612160999939078, 1.5933301000040956, 1.6570662000012817, 1.723011399997631, 1.631781799995224, 1.6242300999874715, 1.6170488000061596, 1.5682512000057613, 1.7291332000022521, 1.6922857000026852, 1.7198284000041895, 1.6261650000087684, 1.666101399998297, 1.6776307999971323, 1.720954599994002, 1.6024001000041608, 1.831911500004935, 1.655083999998169, 1.6281768000044394, 1.5942231999943033, 1.8513426999998046, 1.6731192000006558, 1.6961767000029795, 1.6645219999918481, 1.5616337999963434, 1.6166226999921491, 1.5805710999993607, 1.5448200999962864, 1.6862583000038285, 1.560328399995342, 1.6201345000008587, 1.7274200999963796, 1.7357840999902692, 1.6318938000040362, 1.5543417000008048, 1.6037566000013612, 1.6059487000020454, 1.5339867000002414, 1.8216402000107337, 1.6354425000026822, 1.5521166999969864, 1.6203430000023218, 1.9611058000009507, 1.5995395999925677, 1.6927249000000302, 1.6203574999963166, 1.8102551999909338, 1.6972969000053126, 1.604911100002937, 1.700596399998176, 1.5735132999980124, 1.7086993999982951, 1.5722532000072533, 1.6776601000019582, 1.6764939999993658, 1.7412310999934562, 1.8077210000046762, 1.6900859999877866, 1.7467240000114543, 1.605049699996016, 1.6204647999984445, 1.6225948000064818, 1.8126063999952748, 1.6094275000068592, 1.6190624000009848, 1.639704699991853, 1.6872266999998828, 1.773221100011142, 1.5321860000112792, 1.7288011000055121, 1.6110673999937717, 1.504936599987559, 1.5664106000040192, 1.556181200008723, 1.835894300005748, 1.6751138999970863, 1.7123164999939036, 1.575947699995595, 1.5979358999902615, 1.5215243000129703, 1.6546670999960043, 1.583520000000135, 1.610002200002782, 1.6126689000084298, 1.6444608000019798, 1.5969767999922624, 1.5684652000054484, 1.6437789999909],