{"nuitka": {"warmup": [1.7923803000012413, 1.4782785999996122, 1.4383526000019629, 1.433955500004231, 1.4801657999923918, 1.4446226000000024, 1.4325375000044005, 1.4282361999939894, 1.4750369999965187, 1.4416169000032824, 1.4777963999949861, 1.4414152999961516, 1.4556110999983503, 1.4315247000049567, 1.4399082000018097, 1.430641500002821, 1.464392299996689, 1.4422836000012467, 1.4648544000083348, 1.4730505000043195, 1.4352660999866202, 1.439302200000384, 1.4538478000031319, 1.4614051999960793, 1.4300340000045253, 1.4421169000124792, 1.4711572999949567, 1.4375848999916343, 1.4788985999912256, 1.4459376000013435, 1.4390099000011105, 1.477201999994577, 1.4438498999952571, 1.437412300001597, 1.4804740999970818, 1.43860210001003, 1.4410924999974668, 1.4327442000067094, 1.4409357999975327, 1.4815405000117607, 1.4392172999941977, 1.426729200000409, 1.4208380000054603, 1.470835200001602, 1.4310835999931442, 1.4794656000012765, 1.4412371999933384, 1.4733986999926856, 1.4284749000071315, 1.4380676000000676, 1.4406686000002082, 1.431742499989923, 1.4697478000016417, 1.4659340999933193, 1.4683990000048652, 1.4697142000077292, 1.4392730000108713, 1.4324521999951685, 1.4415296000079252, 1.4364352999982657, 1.4712838999985252, 1.478323300005286, 1.4784816000028513, 1.4286797999957344, 1.4684806000004755, 1.4309126000007382, 1.4622109000047203, 1.4271301999979187, 1.4424237000057474, 1.4372407000046223, 1.463337799999863, 1.4757818000070984, 1.435147100011818, 1.4212006000016117, 1.4668451999896206, 1.4773571000114316, 1.4711023999989266, 1.4407532000041101, 1.4792878000007477, 1.4415338999970118, 1.43901879999612, 1.46634990000166, 1.4301064000028418, 1.431651899998542, 1.4748508999909973, 1.48552909999853, 1.4798121000058018, 1.4701682000013534, 1.4336541999946348, 1.4389163000014378, 1.4368663000059314, 1.4712323999992805, 1.4434215999935986, 1.4858139999996638, 1.436133700000937, 1.4435319999902276, 1.428901200008113, 1.4299330999929225, 1.429221400001552, 1.4499030000006314], "benchmark": [1.4286737000074936, 1.4786901000043144, 1.4387434000091162, 1.4797610999958124, 1.472865699994145, 1.4639804000034928, 1.4254733999987366, 1.444508800006588, 1.4780890999973053, 1.4418341999989934, 1.4798067000083392, 1.4407148000027519, 1.443773399994825, 1.4615350999956718, 1.4758166999963578, 1.4430870999931358, 1.441405899997335, 1.4418963000061922, 1.4769556999963243, 1.4649100999959046, 1.4390525999915553, 1.470589500007918, 1.4380282000056468, 1.465739500010386, 1.444705799993244, 1.4296287000033772, 1.4774509999988368, 1.438674599994556, 1.4615875000017695, 1.4339218999957666, 1.4648132000002079, 1.4384294999908889, 1.4259923000063282, 1.4415698000084376, 1.4817253000073833, 1.4376110000011977, 1.4407528000010643, 1.4702580999874044, 1.440763499995228, 1.4704029999993509, 1.4395975000079488, 1.440901900001336, 1.4392802999936976, 1.4306351999985054, 1.4377313000004506, 1.4362255000014557, 1.4411541000008583, 1.4760554999957094, 1.4746885999920778, 1.4748622000042815, 1.4364157000090927, 1.430425099999411, 1.4303740000032121, 1.4733615000004647, 1.4365765000111423, 1.4406373999954667, 1.458429000005708, 1.4181851999892388, 1.4418789000046672, 1.4399203000066336, 1.4344620000047144, 1.4764577000023564, 1.4378977000014856, 1.4425096000049962, 1.4480880000046454, 1.4770730000018375, 1.4812246999936178, 1.430950699999812, 1.4423652000114089, 1.474327900010394, 1.4593311000062386, 1.4352056000061566, 1.439599500008626, 1.4667969999864, 1.4731439000024693, 1.4401157000102103, 1.4689851000002818, 1.48054509999929, 1.4403689999890048, 1.4272277999989456, 1.4488198000035482, 1.4417912000062643, 1.4448099000001093, 1.4307815000065602, 1.4786401000019396, 1.4706495999998879, 1.4301722000091104, 1.4700920000032056, 1.4367021999933058, 1.4305080999911297, 1.4375746000005165, 1.4723888000007719, 1.468952300012461, 1.435415500003728, 1.4781271000101697, 1.442847400001483, 1.4380423000111477, 1.4415905000059865, 1.441066300001694, 1.474561499999254]}, "cpython": {"warmup": [1.5285937000007834, 1.5667230999970343, 1.5805495999957202, 1.5647740999993403, 1.538066000008257, 1.566221899993252, 1.5229131000087364, 1.5054138999985298, 1.5720013999962248, 1.5724188000021968, 1.4949504999967758, 1.5333571000082884, 1.573541199992178, 1.5907011000090279, 1.5707238000031793, 1.5682793000014499, 1.5859246000036364, 1.502643799991347, 1.5482298999995692, 1.5685534000076586, 1.5682672999973875, 1.5043239999940852, 1.4990510000061477, 1.568318099991302, 1.5557353000040166, 1.528192300000228, 1.5712615000084043, 1.5476924999966286, 1.5706058999930974, 1.5276407999917865, 1.5162175000004936, 1.5922516999999061, 1.5632981000089785, 1.5435785000008764, 1.5687857000011718, 1.5751976000028662, 1.5489285000076052, 1.570071399997687, 1.5753275999886682, 1.5651108999882126, 1.5407751999882748, 1.5464527000003727, 1.5384774999984074, 1.5441437999979826, 1.4958971000014571, 1.568093099995167, 1.56532629999856, 1.5378678999986732, 1.543756500002928, 1.537605600009556, 1.5490028999920469, 1.548904199997196, 1.5653994000022067, 1.5358393999922555, 1.5673578999994788, 1.5424632000067504, 1.56857879999734, 1.5676459999958752, 1.5742431999969995, 1.5351522999990266, 1.5724310000077821, 1.5727996999921743, 1.5720396999968216, 1.5678224000002956, 1.5728567999904044, 1.5722459999960847, 1.5513565000001108, 1.5571312000101898, 1.5665554000006523, 1.529389799994533, 1.505715000006603, 1.5400336000020616, 1.5713085000024876, 1.5644601000094553, 1.5931475999968825, 1.5662994000012986, 1.5514397999941139, 1.5481143000070006, 1.5474498000112362, 1.5426408000057563, 1.5745272999920417, 1.5674998000031337, 1.547698100010166, 1.5720106000080705, 1.5845349000010174, 1.5931380999973044, 1.565558999995119, 1.5688997999968706, 1.5039038999966579, 1.5398189999978058, 1.5799415000074077, 1.5406889000005322, 1.5690716999961296, 1.566969000006793, 1.5363182000000961, 1.562910799999372, 1.559029299998656, 1.5490841999999247, 1.5730503999948269, 1.5062915999878896], "benchmark": [1.5709625000017695, 1.5566974999965169, 1.5693447999947239, 1.5760497000010218, 1.5348152000078699, 1.5454901999910362, 1.5872133999946527, 1.5331574000010733, 1.5685965000011493, 1.5490429999917978, 1.5675341000023764, 1.533709600000293, 1.532314199997927, 1.554394400009187, 1.575696900006733, 1.5764767000073334, 1.5421429999987595, 1.5792515000066487, 1.5649947999918368, 1.57197809999343, 1.569598699992639, 1.5707919999986188, 1.5028101000061724, 1.5685958999965806, 1.5063803999946686, 1.5389781999983825, 1.5723586000094656, 1.5710375000053318, 1.5373452000058023, 1.5404151999973692, 1.5741362999979174, 1.5667448000021977, 1.5951803000061773, 1.5810438000044087, 1.544124699998065, 1.5916730000026291, 1.5603654000005918, 1.5359914000000572, 1.544069000010495, 1.5434998000127962, 1.5718097000062698, 1.5629222999996273, 1.502485600009095, 1.5752634000091348, 1.5600541000021622, 1.5691092999913963, 1.552643300005002, 1.5672177000087686, 1.566400399999111, 1.5671579000045313, 1.5270867999934126, 1.5701890000054846, 1.565514300003997, 1.570552300006966, 1.5076625999936368, 1.5141337999957614, 1.529676299993298, 1.5690972000011243, 1.552771800008486, 1.5699783000018215, 1.5475192000012612, 1.5424896000040462, 1.5835408999992069, 1.556234300005599, 1.5673801000084495, 1.540084599997499, 1.5397790999995777, 1.5654019999929005, 1.5053504999959841, 1.5789096999942558, 1.5516182999999728, 1.5545962999894982, 1.519924299995182, 1.5677540000033332, 1.5707400999963284, 1.5447767000005115, 1.5498715000139782, 1.5668178999912925, 1.5031780999997864, 1.5242950999963796, 1.5856466999975964, 1.571529400011059, 1.5754402999882586, 1.5377512999984901, 1.5377221000089776, 1.542026099996292, 1.582103200009442, 1.576568500007852, 1.5644702999998117, 1.5419748999993317, 1.5246994999906747, 1.5416667999961646, 1.534945899999002, 1.5428726999962237, 1.5476114000048256, 1.550888899990241, 1.531943299996783, 1.5663239999994403, 1.569512100002612, 1.5314371999993455]}}