{"nuitka": {"warmup": [1.6783966000075452, 1.3597680999955628, 1.3345296999905258, 1.3298822000069777, 1.3203217999980552, 1.3182506000011927, 1.3141389999946114, 1.3346801000006963, 1.3611949999904027, 1.3200954000058118, 1.3339903000014601, 1.346136899999692, 1.3614016999927117, 1.317801800003508, 1.3775530999992043, 1.347043500005384, 1.3433447999996133, 1.3191212999954587, 1.316628300002776, 1.359219000005396, 1.3194649999932153, 1.3633888000040315, 1.3179549000051338, 1.3583365999948, 1.3505643000098644, 1.3430455999914557, 1.3587017999961972, 1.3521247999888146, 1.3310543999978108, 1.337303399996017, 1.3170117999979993, 1.3508263999974588, 1.3465098000015132, 1.3175742999883369, 1.3471913000103086, 1.352472200000193, 1.3453252999897813, 1.300105899994378, 1.3571847999992315, 1.3534102999983588, 1.3635136999946553, 1.3165972999995574, 1.351683700006106, 1.3579079000046477, 1.3161150999949314, 1.3134725999989314, 1.3632276999996975, 1.3437993999978062, 1.3196916000015335, 1.3631343000015477, 1.3602190999954473, 1.3227311999944504, 1.3638845999957994, 1.334253399996669, 1.3619636999937939, 1.3476030000019819, 1.333428300000378, 1.3356416999886278, 1.3726002000039443, 1.3213069000048563, 1.342794700001832, 1.321325800003251, 1.3371341999882134, 1.3353524999984074, 1.3247121000022162, 1.3026299999910407, 1.344204200009699, 1.37009839998791, 1.3245834999979706, 1.35454149999714, 1.3643496000004234, 1.3582418000005418, 1.3403643999918131, 1.3909246000112034, 1.3620537999959197, 1.351815899994108, 1.3555819999892265, 1.3463836000009906, 1.320034399992437, 1.3677316999965115, 1.3295056999922963, 1.3533249000029173, 1.3343602000095416, 1.336316100001568, 1.345163700010744, 1.3687586999876658, 1.3680698999960441, 1.3054401999979746, 1.3572839999978896, 1.3650119000085397, 1.3383033999998588, 1.3691231999982847, 1.370688599999994, 1.3254311999917263, 1.329173999998602, 1.3328998999932082, 1.3582923999929335, 1.361002699995879, 1.3627700000070035, 1.3264919000066584], "benchmark": [1.3158791000023484, 1.3222678000020096, 1.359251600006246, 1.334197000003769, 1.3295822999934899, 1.3450511999981245, 1.339120800010278, 1.370395500009181, 1.3261190000048373, 1.360931300005177, 1.3619642999983625, 1.347220700001344, 1.366806699996232, 1.3623099999967963, 1.370805799990194, 1.3318924000050174, 1.3248829000076512, 1.334216400005971, 1.3614587999909418, 1.3313044999958947, 1.3222835000051418, 1.3393287000071723, 1.3314979999995558, 1.358595099998638, 1.364574300008826, 1.3472540999937337, 1.3477299999940442, 1.3497870999999577, 1.327398199995514, 1.3549103999976069, 1.327381900002365, 1.3405346999934409, 1.3606945000065025, 1.3742681000003358, 1.3294648999872152, 1.3630185999936657, 1.3618614000006346, 1.3261132999905385, 1.3735874999983935, 1.3295855000033043, 1.37442480000027, 1.3647230000060517, 1.364508200000273, 1.3506691999937175, 1.3525448000000324, 1.3209507999999914, 1.3193257999955676, 1.330361800006358, 1.3628124999959255, 1.3391198000026634, 1.3218111000023782, 1.3324717999930726, 1.3203788999962853, 1.3085007000045152, 1.3415901999978814, 1.324176299996907, 1.3503338000009535, 1.3313873000006424, 1.323980400004075, 1.3391078999993624, 1.3692045000061626, 1.3512319999863394, 1.3569988000090234, 1.366573999999673, 1.3720268000033684, 1.3344217999983812, 1.3418691999977455, 1.3710104000056162, 1.3679996999999275, 1.3276574999908917, 1.382631099986611, 1.3687338000017917, 1.371735799999442, 1.3414885999955004, 1.3771147999941604, 1.3443278000049759, 1.3421170000074198, 1.3741753000067547, 1.3285827999934554, 1.3491033000027528, 1.3370522999903187, 1.3696698999992805, 1.3346269000030588, 1.3402083999972092, 1.3300725000008242, 1.3416883000027156, 1.3595660999999382, 1.3897234000032768, 1.3497414000012213, 1.3661744999990333, 1.3457455999887316, 1.3466246999887517, 1.3519300999905681, 1.3703217000002041, 1.3126420999906259, 1.3646450999949593, 1.3251887999940664, 1.3575920000002952, 1.3674704000004567, 1.3515763999894261]}, "cpython": {"warmup": [1.4821343999938108, 1.469983000002685, 1.4590377999993507, 1.462645599996904, 1.4098914000060176, 1.469574000002467, 1.4062221000058344, 1.4956275000004098, 1.4617155000014463, 1.417240099995979, 1.464566399998148, 1.3825796000019182, 1.4678721000091173, 1.3831579999969108, 1.3877788000099827, 1.4083380999945803, 1.3974845000047935, 1.466393100010464, 1.394855300008203, 1.4052530000044499, 1.4579827000125078, 1.4571181000064826, 1.4748464000003878, 1.458837800004403, 1.4068529000069248, 1.4803237000014633, 1.461791900001117, 1.402624599999399, 1.4575799000012921, 1.4302503999933833, 1.4730565999925602, 1.4161550999997417, 1.406663399990066, 1.4589932999951998, 1.424926300009247, 1.4211225000035483, 1.4085793999984162, 1.4126833000045735, 1.4677440999948885, 1.4716538999928162, 1.469495299999835, 1.452210000003106, 1.414332000000286, 1.408213100003195, 1.4213568999985, 1.4578426000080071, 1.421922800000175, 1.4151329000014812, 1.4595407000015257, 1.4125402000063332, 1.4567489000037313, 1.4064780000044266, 1.419504000004963, 1.4629102000035346, 1.4676766000047792, 1.460232500001439, 1.4184588000061922, 1.4069587999983924, 1.410036699991906, 1.406147100002272, 1.405735399996047, 1.4054075999883935, 1.4037199999875156, 1.4575957000051858, 1.403076599992346, 1.4693604000058258, 1.4638110999949276, 1.410430300005828, 1.406662100009271, 1.4748279000050388, 1.4614569999976084, 1.4199479999952018, 1.4038584000081755, 1.4579081999982009, 1.4046641000022646, 1.407861599989701, 1.4206966999918222, 1.4059020999993663, 1.4568985999940196, 1.4209816999937175, 1.4578505999961635, 1.4097524000098929, 1.4570747999969171, 1.4557365999935428, 1.463663299990003, 1.4186155000061262, 1.4649615999951493, 1.403657100003329, 1.405910400004359, 1.4597991000046022, 1.4729625000036322, 1.404551799991168, 1.4603172000061022, 1.4680550000048243, 1.4558928000042215, 1.4589599000028102, 1.4069919000030495, 1.4582969000039157, 1.409598999991431, 1.4584297999972478], "benchmark": [1.4134620999975596, 1.4073293000110425, 1.4058532000053674, 1.4574437999981456, 1.461638499997207, 1.4053947999927914, 1.4027875999890966, 1.458349200009252, 1.4587467999954242, 1.4076281000016024, 1.4562473999976646, 1.4082561999966856, 1.4634712999977637, 1.4596523999935016, 1.407704899989767, 1.403044399994542, 1.4627819000015734, 1.4829879000026267, 1.468139799995697, 1.4247485999949276, 1.4166511999937939, 1.475824900000589, 1.4708085999882314, 1.4866586999996798, 1.4717868000007002, 1.4624793000111822, 1.4093599999905564, 1.4602845999907004, 1.4585078999953112, 1.4335352000052808, 1.4061273999977857, 1.4612873000005493, 1.4747381999914069, 1.4615703000017675, 1.4119383999932325, 1.4115233000047738, 1.4121581000072183, 1.4115931000123965, 1.4749957000021823, 1.4507284999999683, 1.4259372999949846, 1.405822500004433, 1.3922691000043415, 1.4623017999983858, 1.4199622000014642, 1.4136949999956414, 1.42230850001215, 1.3984675999963656, 1.4754743000085, 1.4586368999880506, 1.4086918000102742, 1.4619490000040969, 1.4612890999997035, 1.4618455000018002, 1.425792599999113, 1.4085716999979923, 1.425324299998465, 1.4612710999936098, 1.4069253000052413, 1.4632864000013797, 1.459885200005374, 1.4074974999966798, 1.4110150999913458, 1.4745810000022175, 1.4108861999993678, 1.430576500002644, 1.407801199995447, 1.4058534999930998, 1.4153646000049775, 1.4211783000064315, 1.4622697000013432, 1.41141049998987, 1.4611293999914778, 1.4009218999999575, 1.4621227999887196, 1.4606170000042766, 1.4676804000046104, 1.42604650001158, 1.4114757999923313, 1.4676451999985147, 1.4901173999969615, 1.46391720000247, 1.4782373000052758, 1.4149791000090772, 1.4716748999926494, 1.4296349000069313, 1.466845300004934, 1.4142415999958757, 1.4664415000006557, 1.4087580000050366, 1.4625802999944426, 1.4528183000074932, 1.4643546000006609, 1.4097634000063408, 1.422834299999522, 1.4663415999966674, 1.4643928999867057, 1.4892557999992277, 1.3975261000014143, 1.459279399990919]}}