{"nuitka": {"warmup": [1.5245205999963218, 1.378520500002196, 1.3770251000096323, 1.377727999992203, 1.3439675999979954, 1.380036000002292, 1.3404224999976577, 1.3766191999893636, 1.3825793000141857, 1.3845543000061298, 1.347604999988107, 1.3535783999977866, 1.3941753999970388, 1.3516615999978967, 1.3355496999865863, 1.39962930000911, 1.381285499999649, 1.3395516000018688, 1.3387128000031225, 1.3811843000003137, 1.3477304999978514, 1.35578820000228, 1.3774382000119658, 1.373235699997167, 1.3375165999896126, 1.404594299994642, 1.3410476999997627, 1.3379782999982126, 1.3804040999966674, 1.3777269999991404, 1.3924760000081733, 1.3429060000053141, 1.336065299998154, 1.3433999999979278, 1.3832154999981867, 1.3788509000005433, 1.3364865000039572, 1.339828000011039, 1.3906655000027968, 1.3465834999951767, 1.3865017000061926, 1.3905546000023605, 1.342156900005648, 1.347172200010391, 1.3811778999952367, 1.339680999997654, 1.3414922000083607, 1.4070638999983203, 1.336087799994857, 1.3377634000062244, 1.3367480000015348, 1.3250058999983594, 1.3449177000002237, 1.376703500005533, 1.3942941999994218, 1.4143386000068858, 1.3469829999958165, 1.38709459999518, 1.3791627000027802, 1.3402881000074558, 1.3857815000083065, 1.3357077000109712, 1.3397289999993518, 1.380836600001203, 1.3877248999924632, 1.3557010999938939, 1.3972535000066273, 1.3829272000002675, 1.3838841000106186, 1.3368381000036607, 1.3391190999973333, 1.3391440999985207, 1.3209744000050705, 1.340845900005661, 1.3413275999919279, 1.343776000008802, 1.4077026000013575, 1.3409265999944182, 1.3740824999986216, 1.3891806000028737, 1.3197145000012824, 1.3843285000039032, 1.3168853000097442, 1.3913478000031319, 1.3870826000056695, 1.3961367000010796, 1.3954854000039632, 1.3979036999953678, 1.381401900012861, 1.3992626999970526, 1.3811947000067448, 1.33858290000353, 1.3589107000007061, 1.384367899998324, 1.3505824000021676, 1.3470960999984527, 1.3374919000052614, 1.387175500000012, 1.344463800007361, 1.3498532999947201], "benchmark": [1.3466745000041556, 1.3510003999981564, 1.4025868000026094, 1.3934058000013465, 1.3901928999985103, 1.3855125999980373, 1.345093399999314, 1.3412821999954758, 1.345815600012429, 1.3452725999959512, 1.3793077000009362, 1.3352745000011055, 1.393861399992602, 1.341113200003747, 1.3429537999909371, 1.3403309999994235, 1.3445033999887528, 1.353096499995445, 1.3908106000017142, 1.3453445000050124, 1.3910052999999607, 1.343965299995034, 1.3448410999990301, 1.3405659999989439, 1.3459150999988196, 1.4024321000033524, 1.3495641000044998, 1.391925200005062, 1.3829201999906218, 1.3457760000019334, 1.3922178000066197, 1.3434768000006443, 1.343210299994098, 1.3925606999982847, 1.3888779999979306, 1.3809906999958912, 1.3435763000015868, 1.343034899997292, 1.3841337999911048, 1.3962933000002522, 1.349385399997118, 1.3828942000109237, 1.344454299993231, 1.3389147999987472, 1.3423074999882374, 1.4037534999952186, 1.3768491000082577, 1.3416529999958584, 1.3412473000062164, 1.3386488999967696, 1.3871358999895165, 1.3856411000015214, 1.3436661000014283, 1.3849232000065967, 1.3385359999956563, 1.3865459999942686, 1.388800300002913, 1.4022985000046901, 1.406315700005507, 1.3903840999992099, 1.3865323000063654, 1.3414439000043785, 1.3999062000075355, 1.3411245000024792, 1.3436781999917002, 1.382351899999776, 1.3907126000121934, 1.388651999994181, 1.3415627000067616, 1.3878044000011869, 1.350411699997494, 1.3414793000119971, 1.4126892000058433, 1.352608400004101, 1.3407946999941487, 1.3525052999902982, 1.3619885999942198, 1.3425339999957941, 1.344629699990037, 1.3535207000095397, 1.3405235999962315, 1.397935500004678, 1.3832530000072438, 1.3429667000018526, 1.3735531999991508, 1.3423241999989841, 1.3382344999990892, 1.3370658999920124, 1.4043018000083975, 1.3576816999993753, 1.3785136000078637, 1.3431694000028074, 1.3806441000051564, 1.337287500005914, 1.407463600000483, 1.3374221999984002, 1.3277207000064664, 1.376424300004146, 1.3780359999946086, 1.337821900000563]}, "cpython": {"warmup": [1.5125395000068238, 1.4734560999932, 1.4853317000088282, 1.420661399999517, 1.431202799998573, 1.4258511000080034, 1.428909799986286, 1.4812483999994583, 1.4283514999988256, 1.486648799997056, 1.437207800001488, 1.4349794000008842, 1.4896731000044383, 1.4373223000002326, 1.493130699993344, 1.4887251000036485, 1.4435338000039337, 1.4894892000011168, 1.4295512000098825, 1.4088354000123218, 1.488716799998656, 1.4237876000115648, 1.4180227000033483, 1.484739499996067, 1.5014812000008533, 1.4258439999975963, 1.4791821999970125, 1.423676799997338, 1.4335543000051985, 1.4158656999934465, 1.482803499995498, 1.4842544999992242, 1.4906093000026885, 1.4842288000072585, 1.4232795999996597, 1.431020800009719, 1.4246884000021964, 1.486946299992269, 1.4815873000043212, 1.4306520999962231, 1.4279144000029191, 1.4836691999953473, 1.4345338999992236, 1.4785610999970231, 1.4301132000109646, 1.4751169999944977, 1.4305176000052597, 1.4817902999930084, 1.435321800003294, 1.489598100000876, 1.4909141999960411, 1.4831816000078106, 1.4290437999879941, 1.4758275000058347, 1.486036200003582, 1.487670700007584, 1.427288699997007, 1.486710299999686, 1.4841340999992099, 1.4868599999899743, 1.488127999997232, 1.4114778000075603, 1.478847799997311, 1.4312517999933334, 1.505298899995978, 1.482893000007607, 1.4849787999992259, 1.476213200003258, 1.426385200000368, 1.5105929999990622, 1.4084525000071153, 1.4353622000053292, 1.4930827999924077, 1.399249599999166, 1.3955739999946672, 1.4332786000013584, 1.4927723000000697, 1.4271497000008821, 1.4250527000112925, 1.4881363000022247, 1.4127199000067776, 1.4923926000046777, 1.4226983999978984, 1.425872600011644, 1.431083099989337, 1.4251346999953967, 1.4887841000017943, 1.481899099992006, 1.4243450000067241, 1.492373300003237, 1.4108056999975815, 1.4241858999885153, 1.4245105000009062, 1.5099111000017729, 1.4902561999915633, 1.4236096999957226, 1.390674400012358, 1.4234319999959553, 1.4928584000008414, 1.433589899999788], "benchmark": [1.486455100006424, 1.492056799994316, 1.477115000001504, 1.4273797999921953, 1.4247961000073701, 1.4902398999984143, 1.5056726000038907, 1.4285746999958064, 1.435931400003028, 1.4251580000127433, 1.4398655999975745, 1.4867649999941932, 1.487386399996467, 1.4760009000019636, 1.4784244999900693, 1.4252469000057317, 1.492478400003165, 1.4297270000097342, 1.4270993000100134, 1.431400699992082, 1.4113432000012835, 1.4764385000016773, 1.4780601999955252, 1.495126200010418, 1.4228947999945376, 1.4262859000009485, 1.4838875999994343, 1.4750694999966072, 1.4213903000054415, 1.4914548999950057, 1.4252183999924455, 1.4849034000071697, 1.4231872999953339, 1.4365649999963352, 1.4795383000018774, 1.4788564999907976, 1.4114658000034979, 1.4835753999941517, 1.4871181000053184, 1.422766400006367, 1.4849046000017552, 1.4777778000134276, 1.4870556000096258, 1.4753678999986732, 1.4800384000118356, 1.4144219000008889, 1.4282081000128528, 1.4237207999976818, 1.478351500001736, 1.4850664999976289, 1.4758342999994056, 1.4193381999939447, 1.4311093999858713, 1.48081419999653, 1.4215453000069829, 1.4191175000014482, 1.4214314999990165, 1.4801235000049928, 1.4848608000029344, 1.473061400000006, 1.405188199991244, 1.4197305999987293, 1.4782147000078112, 1.4791780000086874, 1.4757320000062464, 1.4835880000027828, 1.4268111999990651, 1.4723330999986501, 1.479504500006442, 1.4888978999952087, 1.4785594999993918, 1.4124592000007397, 1.4784099999960745, 1.4228655000042636, 1.4825833999930182, 1.418226899986621, 1.4739527000056114, 1.3901209000032395, 1.3891163000080269, 1.4216606999980286, 1.508983799998532, 1.4702610000094865, 1.4248305999935837, 1.417754900001455, 1.4256814999971539, 1.4340870000014547, 1.545503600005759, 1.471260500009521, 1.479831299991929, 1.486729700001888, 1.479877799996757, 1.4826285000017378, 1.4793446000112453, 1.4861454000056256, 1.4815570000064326, 1.4260442999948282, 1.4202261999889743, 1.4754740999924252, 1.4053123999910895, 1.4803859000094235]}}