{"nuitka": {"warmup": [1.7960840999985521, 1.6379182000000583, 1.644800000000032, 1.6317131000014342, 1.6001353000010567, 1.6047595000000001, 1.5067653999994945, 1.4867641999990155, 1.631374100001267, 1.4605510000001232, 1.6214552000001277, 1.439830899998924, 1.5182588000006945, 1.5479657999985648, 1.5494066000010207, 1.539665899999818, 1.5824338999991596, 1.5901976000004652, 1.5432891000000382, 1.5305174999994051, 1.5087776000000304, 1.5832096000012825, 1.5368238000010024, 1.4875651000002108, 1.565127100000609, 1.5623905000011291, 1.5586704999986978, 1.5695336000007956, 1.5239710000005289, 1.4113108000001375, 1.5502468999984558, 1.5539148999996542, 1.540291100000104, 1.5970647999984067, 1.5708045000010316, 1.5158018000001903, 1.568579900000259, 1.5850205999995524, 1.417945500001224, 1.548945200000162, 1.51881560000038, 1.5123187999997754, 1.5523422999995091, 1.5185228999998799, 1.5349464999999327, 1.5787628999987646, 1.550230200000442, 1.4820057999986602, 1.5241928000014013, 1.5627046000008704, 1.5548977999987983, 1.542581199999404, 1.5384470999997575, 1.5910860000003595, 1.5155230000000302, 1.6180916000012076, 1.6153071000007913, 1.553327800000261, 1.5295026000003418, 1.5195543999998335, 1.5660003000011784, 1.5329930999996577, 1.5095130999998219, 1.5629657000008592, 1.512986900001124, 1.5238759000003483, 1.6038838999993459, 1.5397731000011845, 1.5689619000004313, 1.5092972000002192, 1.5428724000012153, 1.5673640000004525, 1.5431515000000218, 1.5537925999997242, 1.5183947000004991, 1.5259495000009338, 1.4192308000001503, 1.564663400000427, 1.4440125999990414, 1.5673993000000337, 1.4121384999998554, 1.5325527000004513, 1.5118256000005204, 1.5154155999989598, 1.5092258000004222, 1.5175540999989607, 1.4762331000001723, 1.5234005999991496, 1.5388599999987491, 1.549436200000855, 1.5181616999998369, 1.410248899999715, 1.4186494999994466, 1.5971128000001045, 1.5589509000001271, 1.5270963000002666, 1.5559860999983357, 1.5062746999992669, 1.5550977000002604, 1.5503375999996933], "benchmark": [1.5718120000001363, 1.4638011999995797, 1.5753996000003099, 1.5715831000015896, 1.5313483000009, 1.5341002000004664, 1.5888171999995393, 1.4952222000010806, 1.5067082999994454, 1.5411436000013055, 1.5428649999994377, 1.5526427999993757, 1.5283294000000751, 1.555237999999008, 1.533214400000361, 1.5373562000004313, 1.5599545000004582, 1.5241226999987703, 1.522196800000529, 1.5320510000001377, 1.331771099999969, 1.5337741000003007, 1.5331647000002704, 1.5161218000012013, 1.5041180999996868, 1.5265182000002824, 1.5908191999988048, 1.517661899999439, 1.549354199998561, 1.5464209000001574, 1.5446781999999075, 1.5332078999999794, 1.4269715000009455, 1.4918304000002536, 1.5465046999997867, 1.5566619000001083, 1.5103979000014078, 1.5046451999987767, 1.5423209000000497, 1.5266168999987713, 1.5310427999993408, 1.5058272000005672, 1.4993844000000536, 1.4949230999991414, 1.5209613000006357, 1.5031942000005074, 1.5146368000005168, 1.4909563000001071, 1.5215004999990924, 1.4975732999992033, 1.5207252000000153, 1.52062769999975, 1.4221048999988852, 1.5068085999992036, 1.4900987000000896, 1.5364736000010453, 1.566180499999973, 1.5442194000006566, 1.4072543000002042, 1.4961556999987806, 1.5485683000006247, 1.5174974000001384, 1.522267300000749, 1.5033091000004788, 1.4971136000003753, 1.536291500000516, 1.5343078000005335, 1.4879574999995384, 1.4856951000001573, 1.514357399999426, 1.4291286000006949, 1.5035363999995752, 1.4940320999994583, 1.393577599999844, 1.5483464999997523, 1.4863325000005716, 1.476270499999373, 1.4502974000006361, 1.4923479999997653, 1.505087999999887, 1.5085145000011835, 1.5304398000007495, 1.4468254999992496, 1.4909182999999757, 1.5130870000011782, 1.5123831999990216, 1.4947849999989558, 1.5552888000001985, 1.5241964000015287, 1.513946399998531, 1.5406105999991269, 1.504555800000162, 1.5263217000010627, 1.4917986000000383, 1.4444515999985015, 1.5099415000004228, 1.5694220999994286, 1.4780671000007715, 1.4376068000001396, 1.516189399999348]}, "cpython": {"warmup": [1.4660896000004868, 1.4639858999998978, 1.6938298999994004, 1.568471699998554, 1.4485565000013594, 1.5694462999999814, 1.4815527000009752, 1.5436150999994425, 1.5884232000007614, 1.4996651000001293, 1.4922889999998006, 1.6509593999999197, 1.5473744999999326, 1.4670526999998401, 1.4287383999999292, 1.391776700000264, 1.5372155999993993, 1.3750432999986515, 1.4395629000009649, 1.631206200001543, 1.4781390999996802, 1.4748012000000017, 1.4340265999999247, 1.4704641999996966, 1.563940599999114, 1.5477038000008179, 1.582191800000146, 1.5536277999999584, 1.4570596000012301, 1.5411378000007971, 1.4549299000009341, 1.5447447999995347, 1.5544037999989087, 1.6008531999996194, 1.5151081000003614, 1.4873096999999689, 1.4918690000013157, 1.55543790000047, 1.541144400000121, 1.550575300001583, 1.4804070999998657, 1.4851415999983146, 1.4663103999992018, 1.5384736999985762, 1.5504446999984793, 1.4369409999999334, 1.44188369999938, 1.5427665999995952, 1.5683423999998922, 1.489251899998635, 1.5630896000002394, 1.5559068999991723, 1.6257858000008127, 1.6285075999985565, 1.5050136000008933, 1.5497537999999622, 1.5525625999998738, 1.453702599999815, 1.4978764999996201, 1.4512513999998191, 1.5140220999983285, 1.5311631000004127, 1.5430942999992112, 1.6515875999994023, 1.5552915000007488, 1.4798367000003054, 1.5418337999999494, 1.5484558999996807, 1.5427966999995988, 1.5866603000013129, 1.5674844999994093, 1.6310859000004712, 1.4329933999997593, 1.5569584000004397, 1.4353543999986869, 1.4098321000001306, 1.5764362000008987, 1.6599940999985847, 1.4536599000002752, 1.4094478000006347, 1.545332800000324, 1.636779000000388, 1.565639000000374, 1.5273754999998346, 1.552197700000761, 1.5682634999993752, 1.3732712000000902, 1.5637423999996827, 1.542656600000555, 1.5068731999999727, 1.455945800000336, 1.5394351000013557, 1.545052299999952, 1.5761177999993379, 1.4324025999994774, 1.5553352999995695, 1.56076849999954, 1.4674708000002283, 1.5517882999993162, 1.5318912000002456], "benchmark": [1.5316619999994145, 1.449078699999518, 1.5609991000001173, 1.5893168999991758, 1.5415063000000373, 1.4930287000006501, 1.5056397999996989, 1.6056527000000642, 1.487567800000761, 1.467125400000441, 1.6039652999988903, 1.613478799999939, 1.37920320000012, 1.5478439000016806, 1.6308302999987063, 1.4626157000002422, 1.597992000000886, 1.5725646999999299, 1.5526117000008526, 1.5999157999995077, 1.6235660999991524, 1.627463799999532, 1.5715861999997287, 1.5575628999995388, 1.541724200000317, 1.675489799999923, 1.5762034999988828, 1.4809237999998004, 1.4664143999998487, 1.4503934000003937, 1.5545958999991853, 1.591385399999126, 1.4551574000015535, 1.5843565999985003, 1.5537427999988722, 1.533997200000158, 1.5854870000002848, 1.5553584999997838, 1.5961411999996926, 1.521351200000936, 1.51656820000062, 1.5544922000008228, 1.6779802000000927, 1.6176630000009027, 1.4808811000002606, 1.446595100000195, 1.4497551999993448, 1.561020200000712, 1.533018300000549, 1.5467005999998946, 1.5117943999994168, 1.538928500000111, 1.5171869000005245, 1.5702348000013444, 1.466142299999774, 1.523923200000354, 1.4634941999993316, 1.5673609000004944, 1.4375153000000864, 1.5820819999989908, 1.578702599999815, 1.4464456000005157, 1.6298645000006218, 1.6765983999994205, 1.6627552999998443, 1.556958000001032, 1.560586699999476, 1.550707300000795, 1.5443985000001703, 1.5119813000001159, 1.575783300000694, 1.588335599999482, 1.472310799999832, 1.4955269000001863, 1.5281259000003047, 1.5954959999999119, 1.4946571999989828, 1.6437636999999086, 1.6187700999998924, 1.5632470000000467, 1.667572400001518, 1.5800710999992589, 1.6004625000005035, 1.4605907000004663, 1.5930322000003798, 1.5869306000004144, 1.6317862999985664, 1.5018813999995473, 1.5468572999998287, 1.586084500000652, 1.562063200000921, 1.5449521999998979, 1.5596894000009343, 1.4403517999999167, 1.5443966999991972, 1.6515671999986807, 1.5607765000004292, 1.4529898000000685, 1.5739623999998003, 1.5394573000012315]}}