{"nuitka": {"warmup": [1.01504759999807, 1.0154838000016753, 0.9933193000033498, 0.9994865999906324, 0.9967061000061221, 1.010178199998336, 1.0010092000011355, 1.0006362999993144, 1.0025195999915013, 1.0018809999892255, 0.9909145999990869, 0.9958912000001874, 1.0001659999979893, 1.0074331000068923, 0.9945634000032442, 1.040185300007579, 1.0001659999979893, 1.006367500012857, 1.0054339000053005, 1.0047082999954, 1.0116200000047684, 1.001507799999672, 1.0005242000042927, 0.992036099996767, 1.0026658999995561, 0.9925803999940399, 0.9970564999966882, 1.0121055000054184, 1.001668700002483, 0.9978957999992417, 0.9914852000074461, 1.0039433000056306, 0.9938295000029029, 1.0033201000042027, 0.9920626999955857, 0.991260599999805, 1.0132622999954037, 1.0002256000007037, 1.0016370999946957, 0.9955294999963371, 1.000612000003457, 1.002731999993557, 1.010224700003164, 1.0347981000086293, 0.9909218000102555, 0.9997549999970943, 0.9961297999980161, 1.0034684999991441, 1.0029019999929005, 1.0115685000055237, 0.9898113999952329, 1.0018031999934465, 0.9973654000059469, 1.0093500999937532, 0.9893309000035515, 1.015535099999397, 0.9963780999969458, 1.0010857000015676, 1.0005090999911772, 1.0032269999937853, 0.9931169000046793, 0.9944563000026392, 1.0101561000046786, 1.0007293999951798, 0.9962455000058981, 0.9949935999902664, 1.010514100009459, 0.9919937000086065, 0.9987283000082243, 0.9981724000099348, 0.9942611000005854, 0.9998359999881359, 0.9975811000040267, 1.0093916000041645, 0.9956837000063388, 0.9944920999987517, 1.002714999995078, 0.9982837999996264, 0.9961902000068221, 0.9940866999968421, 0.995801199998823, 0.9930370000074618, 1.0015283999964595, 0.9980848999985028, 1.0003447000053711, 0.9894371999980649, 0.9949554999911925, 0.9940800000040326, 1.0109819000062998, 0.9936587999982294, 1.0099589000019478, 0.999848599996767, 1.00799189999816, 0.993598999993992, 0.9971935000066878, 0.9947112999943784, 1.0009510000090813, 1.0058791000046767, 0.9966462000011234, 0.997279899995192], "benchmark": [0.9969503000029363, 0.9939359999989392, 0.997348899996723, 0.9949446999962674, 1.014571200008504, 1.0082817999937106, 0.9922774000006029, 0.9935912000073586, 0.9955400000035297, 1.0122679000050994, 0.9955211000051349, 0.9979344000021229, 1.0041267000051448, 0.9959441999963019, 1.0052562000055332, 0.9924470000114525, 0.9940633999940474, 0.9942193999886513, 1.0086504999926547, 0.9905074999987846, 1.0076690999994753, 1.0148812999977963, 1.0134655000001658, 1.0103696000005584, 0.9931919000082416, 0.9994699000089895, 0.9943997999944258, 0.9986027999984799, 1.0188616999948863, 0.9934795000008307, 1.0169287000026088, 1.0065851999970619, 1.007221899999422, 0.994528099996387, 0.9995790000102716, 0.9881074000004446, 0.9969873000081861, 0.9995615999941947, 0.9972852000064449, 1.000672999987728, 0.997523199999705, 0.9980298000009498, 1.0067584000062197, 0.9956716000015149, 0.9959161000006134, 0.9896065999928396, 0.9887716000084765, 0.9982269000029191, 0.997773099996266, 0.9986945999989985, 1.0007384000055026, 1.0009510999952909, 1.0134213999990607, 0.9963515999988886, 0.9977538000093773, 1.0015392000059364, 0.9956492000055732, 1.0107582999917213, 0.9946435999881942, 1.0076885999878868, 0.9935303999955067, 1.0078365000081249, 1.0022375999978976, 0.9931247999920743, 1.0080476000002818, 1.0098315000068396, 0.9992448999983026, 1.0257506999914767, 0.9998890000133542, 1.005413699997007, 0.9958579999947688, 0.9995296999986749, 1.0004354999982752, 0.992909900000086, 0.9943598999961978, 0.9898564000031911, 1.0078988000022946, 0.9930178999929922, 1.0036456999951042, 0.9998851999989711, 0.9966382999991765, 1.017730899999151, 0.9937867999979062, 1.0003014000103576, 0.9991086999943946, 1.0087033000017982, 0.999849700005143, 1.0051651999965543, 0.997855299996445, 0.9991468999942299, 1.000269299998763, 0.9930352000083076, 1.0362918999890098, 0.991022600006545, 0.9927118999912636, 0.9991799999988871, 0.9907581000006758, 1.0049813999939943, 0.9957034000108251, 0.9987881999986712]}, "cpython": {"warmup": [1.0774301000055857, 1.0735677000047872, 1.0772682999959216, 1.0788574000034714, 1.0830833000072744, 1.078215600005933, 1.0758174000075087, 1.0764866999961669, 1.079556099997717, 1.079113400002825, 1.073658199995407, 1.0836133999982849, 1.0727218999963952, 1.077505499997642, 1.0763309000030858, 1.0793441999994684, 1.0752842000074452, 1.0766652000020258, 1.0792676000128267, 1.077705399991828, 1.0814705999946455, 1.0825125000119442, 1.0787052999949083, 1.0762838999944506, 1.0815446000051452, 1.0787153000128455, 1.081511699987459, 1.0872493000060786, 1.0741587999946205, 1.0734923999989405, 1.0777041999972425, 1.0784825000009732, 1.0784382999991067, 1.0809256000065943, 1.076723000005586, 1.0771132999943802, 1.0775728000007803, 1.0866106000030413, 1.0774346999969566, 1.078583399998024, 1.0747104000038235, 1.0828665000008186, 1.0772048999933759, 1.0755750000098487, 1.076930800001719, 1.0843278000102146, 1.0863276999880327, 1.0846557000040775, 1.086148599992157, 1.079131899998174, 1.0780150000064168, 1.0778982999909203, 1.0785336999979336, 1.0808350000006612, 1.0762306999968132, 1.0798628000047756, 1.0749321000039345, 1.0749069000012241, 1.075440200002049, 1.0852324000006774, 1.0804552999907173, 1.0843025000067428, 1.068421700008912, 1.0760780999989947, 1.082134500000393, 1.0761621999990894, 1.077412300001015, 1.0783624000032432, 1.0805417000083253, 1.0769804999872576, 1.0810932000022149, 1.0745759999990696, 1.0806988999975147, 1.0761268000060227, 1.0782062000071164, 1.0786156000103801, 1.0811917999963043, 1.0765413000044646, 1.0775854000094114, 1.0770214000076521, 1.0753358000074513, 1.078244000003906, 1.085586900007911, 1.0765602000028593, 1.0882898999989266, 1.0780426999990596, 1.0824024000030477, 1.0753108999924734, 1.0790613999997731, 1.0835162000003038, 1.076508800004376, 1.0767916000040714, 1.0761904999963008, 1.08195490000071, 1.0781858999980614, 1.078769799991278, 1.0767452000000048, 1.0780194999970263, 1.0748957000032533, 1.079383099990082], "benchmark": [1.0804521000100067, 1.0740372000000207, 1.0777610999939498, 1.084508999992977, 1.0755853000009665, 1.0845205999939935, 1.0782275999954436, 1.078300399996806, 1.0778465999901528, 1.076281799993012, 1.0812493999983417, 1.0812249000009615, 1.0823020999960136, 1.0769616000034148, 1.0787238999910187, 1.0815357999963453, 1.080868899996858, 1.0820877000078326, 1.0739414999989094, 1.0730313999956707, 1.080495600006543, 1.0752076999924611, 1.0738418999972055, 1.0800212000031024, 1.0756748999992851, 1.0774488000024576, 1.0792263000039384, 1.0798509000014747, 1.0787740999949165, 1.0806455999991158, 1.074999000004027, 1.0809783000004245, 1.0801253999961773, 1.0787669999990612, 1.079289899993455, 1.0778597000025911, 1.076691700000083, 1.077028400002746, 1.078391000002739, 1.0826494000066305, 1.0829021999961697, 1.0793172999983653, 1.0768300000054296, 1.0773897000035504, 1.0778174000006402, 1.0756747999985237, 1.0782346000050893, 1.0820644999912474, 1.0763036999996984, 1.0788326000038069, 1.0746893000032287, 1.0754103000072064, 1.08451210000203, 1.0786154000088573, 1.076980800004094, 1.0820992999942973, 1.0830946999922162, 1.075701099995058, 1.0856423000077484, 1.0847787999955472, 1.0765542000008281, 1.0831403999909526, 1.0822800999885658, 1.0777616999985185, 1.0773294000100577, 1.0774056000082055, 1.0792202000011457, 1.086047500008135, 1.0739958999911323, 1.0902180999983102, 1.0786223000031896, 1.0790067999914754, 1.0799088000057964, 1.0780866999994032, 1.0743843000091147, 1.080783600002178, 1.0770346000063, 1.0800108000112232, 1.0756465000013122, 1.0747165999928256, 1.082895199986524, 1.0768948000040837, 1.0777494999929331, 1.078098099998897, 1.0770969000004698, 1.078583599999547, 1.0796963000029791, 1.0768776000040816, 1.0797077000024728, 1.0775541000039084, 1.0773852999991504, 1.0780846000125166, 1.078932899996289, 1.0798576999950456, 1.078230999992229, 1.085081800003536, 1.080185500002699, 1.0783602000010433, 1.0804340000031516, 1.0763909999950556]}}