{"nuitka": {"warmup": [1.0379306999966502, 1.0102974000037648, 1.0425359000073513, 1.0091140000004089, 1.0152173999958904, 1.0117024000064703, 1.0086403999885079, 1.0125759999937145, 1.0109716000006301, 1.0088522999867564, 1.0093285000039032, 1.0125752000021748, 1.0085168999939924, 1.0099379000021145, 1.0121934000053443, 1.0095975000003818, 1.0148900000058347, 1.0192400999949314, 1.0107551999972202, 1.0145425000082469, 1.0114560999936657, 1.0274120999965817, 1.0218625999987125, 1.010202699995716, 1.0101180000056047, 1.017186600001878, 1.0066196999978274, 1.0159500000008848, 1.016852500004461, 1.012419000006048, 1.0180765999975847, 1.008642000000691, 1.0089300000108778, 1.0083690000028582, 1.0109889000013936, 1.0199485999910394, 1.008226599995396, 1.0100014000054216, 1.0088385999988532, 1.0102594999916619, 1.0299538000108441, 1.0083205999981146, 1.0082439000107115, 1.0081561999977566, 1.0073820000106934, 1.0202848999906564, 1.0100758000044152, 1.0214802999980748, 1.0043938999879174, 1.006975500000408, 1.0188786999933654, 1.0181423000030918, 1.0186510999919847, 1.0191797000006773, 1.0198165000037989, 1.0111762000015005, 1.0084738999867113, 1.0190701999963494, 1.0082750000001397, 1.0206726000033086, 1.011551400006283, 1.0095575000013923, 1.0079559000005247, 1.0104355000075884, 1.0289172000047984, 1.0068561999942176, 1.0090256999974372, 1.0162299999938114, 1.008848699988448, 1.018800799996825, 1.0252047999965725, 1.0077288000029512, 1.0098246999987168, 1.041494999997667, 1.0095914999983506, 1.0119395999936387, 1.009451000005356, 1.00957219999691, 1.0108826999930898, 1.013138499998604, 1.0135029000084614, 1.0170230999938212, 1.0087908999994397, 1.0112204999895766, 1.0086145999957807, 1.0084942999965278, 1.009537599995383, 1.0088891000050353, 1.0261087000108091, 1.00747820000106, 1.0083252000040375, 1.013096199996653, 1.0096026999963215, 1.0085519999993267, 1.0134266999957617, 1.0070777000073576, 1.0212878999882378, 1.0214517999993404, 1.013354700000491, 1.0184714000060922], "benchmark": [1.01016060000984, 1.0069715999998152, 1.0136092999891844, 1.0094481999985874, 1.0095942000043578, 1.02051489999576, 1.009834900003625, 1.020643600000767, 1.0094085000018822, 1.0241066999878967, 1.0135520000039833, 1.00796740000078, 1.0281389000010677, 1.032069600012619, 1.0072720000025583, 1.0113859999983106, 1.00875459999952, 1.0103661000030115, 1.0103377999912482, 1.021626700006891, 1.0300922000024002, 1.0088508000044385, 1.0195778000052087, 1.0151872999995248, 1.0064025000028778, 1.0101122000050964, 1.0104378999967594, 1.0160187000001315, 1.0094054999935906, 1.0063274999993155, 1.0078293999977177, 1.016251299995929, 1.0076855999941472, 1.0114163999969605, 1.0163326000038069, 1.0159217000036733, 1.009097699992708, 1.0212274999939837, 1.0068384999904083, 1.0158385000104317, 1.0085277000034694, 1.0071513000002597, 1.0096003000071505, 1.0122725000110222, 1.0407299000071362, 1.0090221999998903, 1.0126837999996496, 1.012083599998732, 1.0100409000006039, 1.0108514000021387, 1.0162523000035435, 1.0272041999996873, 1.011285400003544, 1.0104526999930386, 1.0083041000034427, 1.0100421999959508, 1.0414576999901328, 1.012563800002681, 1.0120661999972071, 1.0091888000024483, 1.0287206999928458, 1.039277599993511, 1.011527800001204, 1.0080703999992693, 1.0129950999980792, 1.0223682000068948, 1.0186803999968106, 1.0118851000006543, 1.0087463999952888, 1.0063722999911988, 1.0202048000064678, 1.0078249000071082, 1.0086135999881662, 1.0391430000017863, 1.0084550000028685, 1.010995799995726, 1.010587900003884, 1.0158536000089953, 1.0338836000009906, 1.0103072000056272, 1.0079579000012018, 1.0107623000076273, 1.008793600005447, 1.0199336999939987, 1.008851799997501, 1.0261094000015873, 1.0152256000001216, 1.0174348000000464, 1.017527500007418, 1.0079211999982363, 1.0089972999994643, 1.0329117000073893, 1.0111046000092756, 1.012597300010384, 1.0069928000011714, 1.014705800000229, 1.0076856000086991, 1.0076638000027742, 1.0188133000046946, 1.009126799996011]}, "cpython": {"warmup": [0.8256922000000486, 0.8237327999959234, 0.8079198000050383, 0.8199514000007184, 0.8129219999973429, 0.8139895000058459, 0.8093377999903169, 0.8337057999888202, 0.8088622000068426, 0.8186382999992929, 0.809124100007466, 0.8129276999970898, 0.8235353999916697, 0.8264020000060555, 0.8019908999995096, 0.8092159000079846, 0.8057321000087541, 0.814805099988007, 0.8249636000109604, 0.8196922999923117, 0.8243455000047106, 0.8039635000022827, 0.8112238000030629, 0.8066477000102168, 0.8187623999983771, 0.805625399996643, 0.8199376000120537, 0.8411743999895407, 0.8154304999916349, 0.803385299994261, 0.8251283000136027, 0.8092157000064617, 0.80802749999566, 0.8067543000070145, 0.8236888999963412, 0.8159374000097159, 0.8066168999939691, 0.8043334999965737, 0.8103956999984803, 0.8387039999943227, 0.8192562000040198, 0.8025299000000814, 0.8276947999984259, 0.8177600000053644, 0.8247032999934163, 0.8063395000062883, 0.8113749999902211, 0.8361281999968924, 0.8110510999977123, 0.8224719999998342, 0.8206264000036754, 0.8206857000041055, 0.8235390999907395, 0.807720299999346, 0.8159556000027806, 0.8166958000074374, 0.831180500012124, 0.8196534000016982, 0.8078475999936927, 0.8239421000034781, 0.8184116000047652, 0.8100602000049548, 0.8250167999940459, 0.8071926999982679, 0.8121840999956476, 0.806587999992189, 0.8203477999923052, 0.8055186999990838, 0.8056261000019731, 0.8330817000096431, 0.8195945000043139, 0.8149481000000378, 0.8072925000014948, 0.8178434000001289, 0.827468300005421, 0.8342345000128262, 0.8245216000068467, 0.8071565999998711, 0.8268219999881694, 0.8126847999956226, 0.8107425999914994, 0.8342316000052961, 0.807467100006761, 0.8222956999961752, 0.8142786999960663, 0.8187999000074342, 0.8159531000128482, 0.8154558000096586, 0.8190051999990828, 0.8167581000016071, 0.8258434000017587, 0.8134959000017261, 0.8091975999996066, 0.8119757000094978, 0.8049589000002015, 0.8130821000086144, 0.8268303999939235, 0.8080839000031119, 0.8230933000013465, 0.8247258000046713],