{"nuitka": {"warmup": [1.0941126999969129, 1.0765526999894064, 1.0617675999965286, 1.07614889999968, 1.0656677000079071, 1.063155600000755, 1.0728470000030939, 1.065726699991501, 1.082127899993793, 1.0774897999945097, 1.0595444000064163, 1.062208000003011, 1.0736638999951538, 1.0796054000093136, 1.0824477999994997, 1.0756881999986945, 1.0841177000111202, 1.0608496999921044, 1.0703845999960322, 1.0632501999934902, 1.0613789999915753, 1.0921619000000646, 1.0729088000080083, 1.080380100000184, 1.0648501999967266, 1.071780199999921, 1.069966499999282, 1.0696704000001773, 1.0590309999970486, 1.0745722000137903, 1.0664796999917598, 1.073097600004985, 1.0684743000019807, 1.0642627999914112, 1.072513599996455, 1.07463450000796, 1.0621189999947092, 1.0739223999989918, 1.0810299000004306, 1.0747236000024714, 1.0651945999998134, 1.060010000001057, 1.072321199986618, 1.0656462000042666, 1.0876568999956362, 1.0677294000051916, 1.076753600005759, 1.0990816999983508, 1.0692972000106238, 1.0635264000011375, 1.0602865999971982, 1.079252900002757, 1.0599651000084123, 1.0673342000081902, 1.0580737000127556, 1.0681178999948315, 1.0638218999956734, 1.0720484999910695, 1.0633010000019567, 1.091686200001277, 1.0639356000028783, 1.0704893000074662, 1.0666611999913584, 1.0586059999914141, 1.0686644000088563, 1.074557600004482, 1.0722036999941338, 1.0575141000008443, 1.0621977000118932, 1.0627147000050172, 1.0596662999887485, 1.0679112000070745, 1.0627891000040108, 1.0626346000062767, 1.0758882999944035, 1.0661222000053385, 1.061011999991024, 1.0606425000005402, 1.0643095999985235, 1.0663354999996955, 1.0640450000064448, 1.0876668999990216, 1.0622926999931224, 1.0761069000000134, 1.0853963999979896, 1.0784510999947088, 1.0851373999903444, 1.0665283999987878, 1.0671672000025865, 1.0744200999906752, 1.066802800007281, 1.0648426999978255, 1.0724061999935657, 1.06018669999321, 1.0797815999976592, 1.0615876999945613, 1.0728590999933658, 1.0565721000020858, 1.0689649999985704, 1.0698753999895416], "benchmark": [1.0639672999968752, 1.0675541999953566, 1.0669811999978265, 1.0652001999987988, 1.0753339999937452, 1.0637160000042059, 1.0844705000054091, 1.0694339000037871, 1.071571699998458, 1.0701438000105554, 1.0667452000052435, 1.0847292999969795, 1.0699674999923445, 1.0619282000116073, 1.0673743000079412, 1.0604027999943355, 1.0638934000016889, 1.0637767000007443, 1.0663118000084069, 1.0770992999896407, 1.05948989999888, 1.0727765999909025, 1.0624430000025313, 1.0588459999999031, 1.0629469999985304, 1.0652120000013383, 1.0586452999996254, 1.1019642999890493, 1.0649360999959754, 1.0639147000038065, 1.0673377999919467, 1.0663216000102693, 1.0630707999953302, 1.0599354000005405, 1.0651978999958374, 1.0627909999893745, 1.062710700003663, 1.0822377000004053, 1.0674909999943338, 1.062002599996049, 1.0676627999928314, 1.066457500011893, 1.0625440000003437, 1.0608207000041148, 1.0638596000062535, 1.0580846999946516, 1.0714095000002999, 1.0913070000096923, 1.0660472000017762, 1.0617998999950942, 1.0601662999979453, 1.0613051000109408, 1.067444100001012, 1.0637277999921935, 1.0640604000072926, 1.0626174000062747, 1.0619176000036532, 1.0610992000001715, 1.0740491999895312, 1.0634579000034137, 1.0593748999963282, 1.057822099988698, 1.0625088999950094, 1.0673060999979498, 1.0630521999992197, 1.0654121999978088, 1.0714816999970935, 1.0659229999873787, 1.06931330000225, 1.073014300010982, 1.0689655000023777, 1.066639500000747, 1.0778909999935422, 1.0588839999982156, 1.0699411999958102, 1.0709652999939863, 1.0588111999968532, 1.0629431999986991, 1.0611801000050036, 1.0628014999965671, 1.0581489000032889, 1.08436160000565, 1.0603567999933148, 1.061375000004773, 1.0616691000032006, 1.061646700007259, 1.0611744000052568, 1.0629786000063177, 1.0697925999993458, 1.0636232999968342, 1.0650907000090228, 1.0590511000045808, 1.0784281999949599, 1.0634374000073876, 1.0667899999971269, 1.0640943000034895, 1.0585463000024902, 1.077934600005392, 1.073468700007652, 1.0643229999986943]}, "cpython": {"warmup": [0.772155800004839, 0.769336099998327, 0.7663942999934079, 0.7728055000043241, 0.7770410000084667, 0.7694554999907268, 0.7733105999941472, 0.7686147000058554, 0.7662661999929696, 0.7676732999971136, 0.7754518000001553, 0.7731321999890497, 0.7744298000034178, 0.7728834000008646, 0.7677688000112539, 0.766119299994898, 0.7707855999906315, 0.7741950000054203, 0.7644002000015462, 0.767406300001312, 0.7684999000048265, 0.7673752999980934, 0.7673290000093402, 0.7856681000121171, 0.7665700000070501, 0.7695518999971682, 0.7836137999984203, 0.767525300005218, 0.7684681000100682, 0.767082099991967, 0.7702150999975856, 0.7757125000061933, 0.7658226000057766, 0.7674094999965746, 0.7656992999982322, 0.7654307000047993, 0.7692546000034781, 0.7688510000007227, 0.7685816000011982, 0.769513300008839, 0.7702604999940377, 0.766233900008956, 0.7687786000024062, 0.7695002000109525, 0.7656359000102384, 0.7699767000012798, 0.7683746000111569, 0.767658400000073, 0.7695917999953963, 0.7670161999994889, 0.7746660999982851, 0.766416800004663, 0.7710895000054734, 0.7739060000021709, 0.7681984999944689, 0.7689673999993829, 0.7665943000029074, 0.7756554999941727, 0.7712209000019357, 0.7711620000045514, 0.7764672000048449, 0.7679925999982515, 0.7713952000049176, 0.7794307000003755, 0.7693092999979854, 0.7674228000105359, 0.7707844999968074, 0.7646160000003874, 0.7729992000095081, 0.7735508000041591, 0.773101200000383, 0.766344299991033, 0.7774991000042064, 0.7722845999960555, 0.7641217000054894, 0.7703445000079228, 0.7710328000102891, 0.7657085000100778, 0.7657338999997592, 0.7629365999891888, 0.7700026000093203, 0.775489399995422, 0.7741111000068486, 0.7706669000035618, 0.7674875000084285, 0.7696771999908378, 0.7716962999984389, 0.7732198000012431, 0.7699307999864686, 0.7644507999939378, 0.7675679999956628, 0.7738740999920992, 0.7653889999928651, 0.7678005000052508, 0.7744632999965688, 0.7695619000005536, 0.7710761000053026, 0.7655295000004116, 0.7772398999950383, 0.7661780999915209],