{"nuitka": {"warmup": [1.2885195999988355, 1.2793761999928392, 1.2749653999926522, 1.2776657000067644, 1.273039299994707, 1.2697846999944886, 1.2901206000096863, 1.270075699998415, 1.2927057000051718, 1.2611272999929497, 1.2624528000014834, 1.291237400000682, 1.2894953999930294, 1.3035449000017252, 1.27857419999782, 1.275603800007957, 1.2879836999927647, 1.2847573999897577, 1.291329300001962, 1.2712019000027794, 1.2700784000044223, 1.2653009999921778, 1.2742506999929901, 1.2988143999973545, 1.2607379000110086, 1.2752684000006411, 1.2780005999957211, 1.2804747000045609, 1.283560199997737, 1.261392899992643, 1.253665700001875, 1.2783090000011725, 1.2889770999900065, 1.2709527999977581, 1.266507599997567, 1.276593899994623, 1.2644813999941107, 1.2616599000029964, 1.274421699999948, 1.293282700004056, 1.265283200002159, 1.2705206999962684, 1.271160800009966, 1.2672421999886865, 1.2818911999929696, 1.258359900006326, 1.2809726999985287, 1.2736794999946142, 1.2741712999995798, 1.2637618000007933, 1.2857069000019692, 1.2698941999988165, 1.2779824000026565, 1.2588800999947125, 1.2709298999980092, 1.2852691000007326, 1.2741325999959372, 1.2742318999953568, 1.2667818000045372, 1.3091621000057785, 1.2730962000059662, 1.2686691999988398, 1.3071883999946294, 1.2632850999943912, 1.260462499994901, 1.2774645000026794, 1.2594118999986676, 1.2560958999965806, 1.272601400007261, 1.2807408999942709, 1.2830904000002192, 1.2679417000035755, 1.283357700012857, 1.2909259999869391, 1.2743800999887753, 1.2948570000007749, 1.2568194000050426, 1.2820194999949308, 1.2650639000057708, 1.2645484999957262, 1.259338799995021, 1.278124000004027, 1.2612312999990536, 1.2708833000069717, 1.2709838999871863, 1.276308300002711, 1.2958890000008978, 1.2723739999928512, 1.257778099999996, 1.278424999996787, 1.2674762999959057, 1.2695232999976724, 1.263035600000876, 1.2777028999989852, 1.2819220999954268, 1.285194700001739, 1.292106099994271, 1.2853804000042146, 1.2666585999977542, 1.2678051999973832], "benchmark": [1.279933700003312, 1.2693138000031468, 1.2738918000104604, 1.2814902999962214, 1.2913257000036538, 1.2721531999995932, 1.2716526000003796, 1.2673594999941997, 1.2768729999952484, 1.2617131000006339, 1.2837414999958128, 1.2557794000022113, 1.2799145999888424, 1.2640170999948168, 1.2765072000038344, 1.2890964999969583, 1.2852567000081763, 1.267339500001981, 1.2721963999938453, 1.3083233999932418, 1.2754705000115791, 1.2741506000020308, 1.2683479999977862, 1.2746427999954903, 1.2712043000065023, 1.2662398999964353, 1.2664710999961244, 1.270860000004177, 1.2722517000074731, 1.253913199994713, 1.265625200001523, 1.279180900004576, 1.268218800003524, 1.2873565000045346, 1.2807549999997718, 1.274180599997635, 1.2768297000002349, 1.2673062000103528, 1.272963700001128, 1.2826403999933973, 1.281440599996131, 1.2824815999920247, 1.2615408999990905, 1.288308599992888, 1.2666195000056177, 1.2751688999996986, 1.2739181000069948, 1.262990200004424, 1.2948347000055946, 1.2826228000049014, 1.2817435000033583, 1.2800586000084877, 1.2676575000077719, 1.2778193999984069, 1.2911592999880668, 1.2730379999993602, 1.2667394000018248, 1.2798041999922134, 1.2847106999979587, 1.2555413999943994, 1.2816477000014856, 1.2929792000068119, 1.2617984999960754, 1.2770194999902742, 1.2735287999967113, 1.272045399993658, 1.2844727999909082, 1.2782832000084454, 1.2796069999894826, 1.2730216000054497, 1.2636018000048352, 1.273580299995956, 1.271903699991526, 1.3062098000082187, 1.2867677999893203, 1.2712551000004169, 1.2815627999952994, 1.2946958000102313, 1.2784276000020327, 1.288573500001803, 1.2678547999967122, 1.282927499996731, 1.2656893999956083, 1.2640381999954116, 1.268039399990812, 1.2701527000026545, 1.2671704999957, 1.2816542999935336, 1.2708175000007031, 1.2669433999981266, 1.2964897000056226, 1.2652716000011424, 1.2736635000037495, 1.2740842000057455, 1.2943201000016415, 1.2907091999950353, 1.2721875999995973, 1.2658838999923319, 1.2800630999990972, 1.269352199989953]}, "cpython": {"warmup": [1.7619816000078572, 1.7938036999985343, 1.7703539000067394, 1.7737334999983432, 1.7808361000061268, 1.7501557000068715, 1.7577167999988887, 1.7601141999912215, 1.7528461999900173, 1.7460452999948757, 1.7792494000022998, 1.7847799000010127, 1.7665114999981597, 1.8120299000001978, 1.7793533999938518, 1.7787544000020716, 1.7715267000021413, 1.7535793999995803, 1.7465591999934986, 1.7848726999945939, 1.7652046000002883, 1.7426982000033604, 1.7609774000011384, 1.7640628000081051, 1.7480992999917362, 1.8016255000111414, 1.7609659000008833, 1.7893122999957995, 1.8388073999958578, 1.7383483000012347, 1.7530122000025585, 1.7883519000024535, 1.7920744000002742, 1.7506804000004195, 1.7781664000067394, 1.7830355999903986, 1.7645794999989448, 1.7566720999893732, 1.7961626000032993, 1.7819611000013538, 1.7610567999945488, 1.7485493999993196, 1.7652990999922622, 1.7707158999983221, 1.802140400002827, 1.7958229000068968, 1.7690609999990556, 1.7443807999952696, 1.744241599997622, 1.7654365000053076, 1.7533884000004036, 1.774889099993743, 1.7412612000043737, 1.7558617000031518, 1.7831908999942243, 1.7446382000052836, 1.7512956999999005, 1.7622512000089046, 1.7450832999893464, 1.7560094999935245, 1.757829700000002, 1.7459347999974852, 1.741737300006207, 1.7958128999889595, 1.779227599996375, 1.760630199991283, 1.7779428999929223, 1.744760400004452, 1.7413089999899967, 1.8082855999964522, 1.7558634000015445, 1.8171585999953095, 1.7994065000093542, 1.744994399996358, 1.8088564000063343, 1.8013214000093285, 1.7640759000059916, 1.743248600003426, 1.7615876000054413, 1.7467899000039324, 1.7308592000044882, 1.7651309000066249, 1.7595790999912424, 1.7656069999939064, 1.7517911000031745, 1.772361399998772, 1.7429536999989068, 1.7507902999932412, 1.794896500010509, 1.7743042000074638, 1.7589776999957394, 1.777118599988171, 1.7473810999945272, 1.7528484000067692, 1.7612217999994755, 1.74561719999474, 1.7411465999903157, 1.7564179999899352, 1.7626432000106433, 1.7464063999941573], "benchmark": [1.762327299991739, 1.7501898000045912, 1.7423954999976559, 1.7600125999888405, 1.7838780000020051, 1.7855271000007633, 1.7419899999949848, 1.768383000002359, 1.75784289999865, 1.7806305999984033, 1.7755009999964386, 1.7741029000026174, 1.7759893000038574, 1.7539704000082565, 1.777949900002568, 1.7576258000044618, 1.8093899999948917, 1.7775057999970159, 1.7765639999997802, 1.7711640000052284, 1.7462000000086846, 1.7684865000046557, 1.739279000001261, 1.7542328999988968, 1.751508899993496, 1.7719478999933926, 1.758410599999479, 1.743201000004774, 1.7477606000029482, 1.7616953999968246, 1.7456053999922005, 1.747135800003889, 1.755641800002195, 1.7832595000072615, 1.7629071999981534, 1.795920100004878, 1.7482690000033472, 1.7782780999987153, 1.745101100008469, 1.7646564999886323, 1.76477920000616, 1.762931799996295, 1.7709737999975914, 1.7619629999971949, 1.7534137000038754, 1.7675511999987066, 1.7414927000063471, 1.7832136000070022, 1.7771204999880865, 1.7572469000006095, 1.7709954000019934, 1.7574461000040174, 1.765055099996971, 1.7602901999925962, 1.7976014999876497, 1.7698468000016874, 1.7455399000027683, 1.7559166999999434, 1.78814199999033, 1.7410014000051888, 1.758248199999798, 1.748116899994784, 1.7841771999956109, 1.8204909000050975, 1.7438343999965582, 1.7535510000016075, 1.7319930999947246, 1.7435949000064284, 1.748374299990246, 1.764705599998706, 1.7648190000036266, 1.7813978999911342, 1.7707536000089021, 1.73498940000718, 1.7673720000020694, 1.7735338999918895, 1.7584156000084477, 1.7712043999927118, 1.7533569999941392, 1.7532905000116443, 1.7702991999976803, 1.7606070999900112, 1.7552045000047656, 1.752210999999079, 1.776072499997099, 1.7719976999942446, 1.7522958000045037, 1.7568804000038654, 1.7758999000070617, 1.7556246999884024, 1.74918460000481, 1.752215200001956, 1.8141878999886103, 1.759146199998213, 1.7885278999892762, 1.760435399992275, 1.741966700006742, 1.789609700004803, 1.7703522999945562, 1.8040165999991586]}}