{"nuitka": {"warmup": [1.6073668000026373, 1.608076099990285, 1.5962635000032606, 1.598988300000201, 1.6022087000019383, 1.5810743999900296, 1.5938741999998456, 1.6132351999985985, 1.595606199989561, 1.5896978999953717, 1.5924831000011181, 1.6042258999950718, 1.5972298999986378, 1.6065959000115981, 1.5895200000086334, 1.6132007999985944, 1.6053331999864895, 1.593583399997442, 1.627237699998659, 1.6302852999942843, 1.5976316000014776, 1.6045918000017991, 1.5899060999945505, 1.5985440000076778, 1.582512199995108, 1.5889163999963785, 1.5985336999874562, 1.606881900006556, 1.583751799989841, 1.5886747999902582, 1.5843661999970209, 1.6040530000027502, 1.5979579999984708, 1.6032839999970747, 1.579866200001561, 1.609210399998119, 1.600514599995222, 1.6025247000070522, 1.6032687999977497, 1.6047946000035154, 1.595824799995171, 1.6052046999975573, 1.5869057000090834, 1.5849984000087716, 1.6041276000032667, 1.589629199996125, 1.5842167000082554, 1.60867089999374, 1.5887089999887394, 1.6328514000051655, 1.5853803000063635, 1.6170442000002367, 1.6012104999972507, 1.6012656999955652, 1.5943907000037143, 1.5852545999950962, 1.5910206999978982, 1.588436299993191, 1.5973453000042355, 1.6064541999949142, 1.5965063999901759, 1.6033638999942923, 1.6016633999970509, 1.5902196999959415, 1.5931291000015335, 1.6056443000125, 1.587584599998081, 1.5935667000012472, 1.597580099987681, 1.5848154999985127, 1.5884414999891305, 1.5876213000010466, 1.5913679999939632, 1.6080661000014516, 1.58712640000158, 1.6055629000038607, 1.5864055999991251, 1.6151645999925677, 1.5872974999947473, 1.5851198000018485, 1.5925609999976587, 1.5924132999934955, 1.599492499997723, 1.602672299995902, 1.5944530999986455, 1.5922393999935593, 1.5912952000071527, 1.598089399994933, 1.6246684999932768, 1.5837899000034668, 1.5988556999946013, 1.5847713999974076, 1.5971013000089442, 1.5967195999983232, 1.6098169000033522, 1.6089420999924187, 1.5931742999964627, 1.5891794999915874, 1.6293573000002652, 1.6183783000014955], "benchmark": [1.5855516000010539, 1.5849029000091832, 1.5852889000088908, 1.607167100009974, 1.601166499996907, 1.5914887999970233, 1.6092103000119096, 1.60003199998755, 1.5900733000016771, 1.612263900009566, 1.594280000004801, 1.5946794000046793, 1.5758033999882173, 1.5956788999901619, 1.604002699998091, 1.586899200003245, 1.5952888999891002, 1.5973981999995885, 1.6020640999922762, 1.5962426000041887, 1.5999309000035282, 1.5948949000012362, 1.5927231999958167, 1.5942136999947252, 1.5997824000078253, 1.5827455000107875, 1.6103402000007918, 1.6035389000026044, 1.6064106999983778, 1.5965629999991506, 1.5942676000122447, 1.5992050000058953, 1.6193188000033842, 1.6048841000010725, 1.6197409999876982, 1.60710160000599, 1.5902171000052476, 1.62222349998774, 1.5978717999969376, 1.5874296999973012, 1.5962719999952242, 1.5876267999992706, 1.607434599995031, 1.6261255999997957, 1.5984005000063917, 1.6106731000036234, 1.5970307999959914, 1.6028588999906788, 1.5966623999993317, 1.5874874000001, 1.5842683000082616, 1.6035282000084408, 1.595139900004142, 1.6003863000078127, 1.5975676999951247, 1.5875615999975707, 1.5951734999980545, 1.5897010999906342, 1.5824958000011975, 1.5881669000082184, 1.6061851999984356, 1.6139889999903971, 1.6163725000078557, 1.599620799999684, 1.5875908000016352, 1.5997060999943642, 1.5913584000081755, 1.6003532000031555, 1.6446523999911733, 1.6041709999990417, 1.6103000000002794, 1.6061296999978367, 1.584215700000641, 1.589622600004077, 1.613993399994797, 1.5893754999997327, 1.5883189000014681, 1.599184199993033, 1.595972700000857, 1.5884425999975065, 1.5983266000112053, 1.596363000004203, 1.6014878999994835, 1.6058652000065194, 1.595268599994597, 1.6073204999993322, 1.5955266000091797, 1.6118936999992002, 1.6063431999937166, 1.590089799996349, 1.5961209000088274, 1.5855490999965696, 1.6083025999978418, 1.5878598999988753, 1.59982879999734, 1.5988098999951035, 1.601491299996269, 1.6098936000053072, 1.5939825999957975, 1.599686199988355]}, "cpython": {"warmup": [1.9256848999939393, 1.9204641000105767, 1.9134618000098271, 1.8925214999908349, 1.9222606999974232, 1.9058819999918342, 1.918261099999654, 1.9077952000079677, 1.9036198999965563, 1.9092158999992535, 1.9399802000116324, 1.9093225999968126, 1.91983959999925, 1.9291207999922335, 1.9205965000001015, 1.9056423000001814, 1.9311980999918887, 1.9276453999918886, 1.917937799997162, 1.9175824999983888, 1.9118671000032919, 1.924499200002174, 1.9091246000025421, 1.9164649000013014, 1.9222337999963202, 1.916942600000766, 1.918428999997559, 1.9018028999998933, 1.9169691999995848, 1.8978129000024637, 1.9110910000017611, 1.9190832000022056, 1.9226038999913726, 1.912233600000036, 1.9247319999994943, 1.8888060999888694, 1.9213174000033177, 1.9057900999905542, 1.9142646999971475, 1.9044196000031661, 1.9132453000056557, 1.9089085000014165, 1.9155190000019502, 1.9143054999876767, 1.9102118000009796, 1.9066594999894733, 1.9064841000072192, 1.9105300000082934, 1.9064330999972299, 1.9097967999987304, 1.912655199994333, 1.9057623999979114, 1.9068574999982957, 1.9250560000073165, 1.9186898000043584, 1.890857300008065, 1.9322828000003938, 1.9125877999904333, 1.9191541999898618, 1.9157470000063768, 1.9269218999979785, 1.936415100004524, 1.9367513999895891, 1.9099146999942604, 1.924156299995957, 1.9022668999969028, 1.9118890000099782, 1.9091266000032192, 1.9007216000027256, 1.9338343999988865, 1.9070338999881642, 1.910846800004947, 1.9017720999981975, 1.9365671999985352, 1.9120137999998406, 1.9120379000087269, 1.9447340999904554, 1.9248624999891035, 1.906575300003169, 1.9035510999965481, 1.923409700000775, 1.906497699994361, 1.906231500004651, 1.9099425000022165, 1.9147381999937352, 1.9110109000030207, 1.9107292999979109, 1.9154748000000836, 1.9192795999988448, 1.9113020000077086, 1.9123389999876963, 1.9133584999945015, 1.9123222999915015, 1.927403299996513, 1.9014757000113605, 1.9226806000078795, 1.9249222000071313, 1.9269777000008617, 1.9313712000002852, 1.9188126000080956], "benchmark": [1.90896060000523, 1.9178432999906363, 1.9146316999976989, 1.9183191000047373, 1.9205128999892622, 1.9204689000034705, 1.9224074000085238, 1.920191800003522, 1.9063325999886729, 1.9058319000032498, 1.9257039000076475, 1.9208847000118112, 1.911250300006941, 1.9120758000062779, 1.897507300003781, 1.91501120000612, 1.9310617000010097, 1.9165478000068106, 1.8986412999947788, 1.9161734999943292, 1.9099624999944353, 1.9216734000074212, 1.9184659000020474, 1.9109046999947168, 1.9069810999935726, 1.9216222999966703, 1.9109089999983553, 1.9121952999994392, 1.925177299999632, 1.900861200003419, 1.9714958999975352, 1.9131391999981133, 1.908575599998585, 1.9138199000008171, 1.9049470000027213, 1.9062116999994032, 1.908339600006002, 1.9143419000029098, 1.9087893000105396, 1.9142358999961289, 1.9117244999943068, 1.9351219999953173, 1.9214623000007123, 1.9149575999908848, 1.9131287999916822, 1.9186468000116292, 1.9123843999987002, 1.9191111999971326, 1.92902330000652, 1.927263599995058, 1.9136986000085017, 1.9115496999875177, 1.9037733000004664, 1.917589400007273, 1.9095361000072444, 1.904329900004086, 1.909699299998465, 1.9265911999973468, 1.9294934000063222, 1.9250423999910709, 1.9218783999967854, 1.9065045000024838, 1.9118136999895796, 1.9191433000087272, 1.9116496000060579, 1.9089096000097925, 1.9233077999961097, 1.9322990999935428, 1.9049340000055963, 1.9077407000004314, 1.9046758999902522, 1.9101663999899756, 1.9053756000066642, 1.9035731999902055, 1.9107866999984253, 1.9056407000025501, 1.8998836999962805, 1.926085700004478, 1.925734200005536, 1.913754200009862, 1.9092657000001054, 1.9169301000074483, 1.9196676999999909, 1.8975558999954956, 1.917062699998496, 1.8872265000100015, 1.9197969999950146, 1.920272000003024, 1.9171498000068823, 1.9070964000129607, 1.9142283999972278, 1.9133404999884078, 1.9180309000075795, 1.9020407999923918, 1.9160860999982106, 1.9177478000055999, 1.9285984999878565, 1.9153245999914361, 1.9119891000009375, 1.9136877999990247]}}