{"nuitka": {"warmup": [1.3990912000008393, 1.3524938999908045, 1.376724000001559, 1.3320792999875266, 1.344948400001158, 1.332875200008857, 1.3257848000066588, 1.3529744000115898, 1.4034211999969557, 1.3357918999972753, 1.347460000004503, 1.3554976000013994, 1.3655127999954857, 1.3354418999952031, 1.3421082000131719, 1.3506085999979405, 1.348529700000654, 1.345632000011392, 1.342282099998556, 1.3558568000007654, 1.360326800000621, 1.3504542000009678, 1.3406191000103718, 1.3606809000048088, 1.3449455999943893, 1.3623642999882577, 1.3570493000006536, 1.3621465000032913, 1.366771200002404, 1.3394238000037149, 1.357172099989839, 1.3625859000021592, 1.3456648999999743, 1.3428822999994736, 1.3751536999916425, 1.3677227000007406, 1.3470019999949727, 1.3891134000004968, 1.3283983000001172, 1.3619268000038574, 1.3351679000043077, 1.361157599996659, 1.3304986000002827, 1.3583958999952301, 1.3543840999918757, 1.355640299996594, 1.3336240999924485, 1.3462762999988627, 1.3564273999945726, 1.3814813999924809, 1.341708000007202, 1.36338799999794, 1.3424307000095723, 1.3639123999892035, 1.3899723999929847, 1.3269225999974879, 1.360157800008892, 1.3705000000045402, 1.351438900004723, 1.347326900009648, 1.3571131999924546, 1.351308599987533, 1.3597100000042701, 1.3668073000008008, 1.3716637999896193, 1.3672399999923073, 1.3471719000081066, 1.346951600004104, 1.339031800001976, 1.3455527000041911, 1.3828608999901917, 1.3805006000038702, 1.361941700000898, 1.3476356000028318, 1.359625099998084, 1.3779527000006055, 1.3499482000042917, 1.3524652999913087, 1.3593566000054125, 1.3468449999927543, 1.3408149000024423, 1.3491209000058006, 1.3566827999893576, 1.3513922999991337, 1.3612997000018368, 1.3563617000036174, 1.3673934999969788, 1.3651543000014499, 1.3516885999997612, 1.3763198000087868, 1.33566399999836, 1.3401400000002468, 1.356343100007507, 1.346732800011523, 1.3508080999890808, 1.3461051999911433, 1.357237999996869, 1.3671487999963574, 1.3431918999995105, 1.3692126999958418], "benchmark": [1.3502932999981567, 1.3396611999924062, 1.3703491000051145, 1.3884173999977065, 1.3356020000064746, 1.3771983999904478, 1.3978354999999283, 1.3438769000058528, 1.362011999997776, 1.361754600002314, 1.3443051999929594, 1.342394899998908, 1.37830959999701, 1.3509924999962095, 1.3941766000061762, 1.3414417000021785, 1.3573400999885052, 1.356138799994369, 1.3689058000018122, 1.3491230999934487, 1.3718484999990324, 1.3577490000025136, 1.352606400003424, 1.3499661999958334, 1.3688179000018863, 1.3557660000078613, 1.3548218999931123, 1.3527308000047924, 1.368883500006632, 1.3533880999893881, 1.3499789999914356, 1.348362899996573, 1.3727695000125095, 1.3642717999900924, 1.3773247999924934, 1.3341595000092639, 1.3393719000014244, 1.3402134000061778, 1.3415910999901826, 1.3608800999936648, 1.3524498000042513, 1.3671038000029512, 1.3600223000103142, 1.3413670000009006, 1.3484458000020823, 1.350699100003112, 1.3714559000072768, 1.3571759999904316, 1.3312931999971624, 1.3549453000014182, 1.3451044000103138, 1.346709399993415, 1.3546994000062114, 1.3444944999937434, 1.3602341000078013, 1.343262099995627, 1.3385358000086853, 1.3408282000018517, 1.3369359000062104, 1.3729931999987457, 1.3485626000037882, 1.3574379999918165, 1.36131779999414, 1.3369569000060437, 1.3359557000076165, 1.3541251999995438, 1.3434918000129983, 1.333219599997392, 1.3965262999990955, 1.3341927000001306, 1.341733799999929, 1.3757918999908725, 1.323909900005674, 1.3369310999987647, 1.3577284999919357, 1.3220414999959758, 1.340042199997697, 1.3433527000015602, 1.3393694999977015, 1.344774099998176, 1.3499153000011574, 1.325471899996046, 1.329641400006949, 1.3488114999927348, 1.3422313000046415, 1.3283961999986786, 1.3496200000081444, 1.3368821000040043, 1.3777761999954237, 1.3617280000034953, 1.3432621999963885, 1.3543437999906018, 1.3297356999974, 1.3537036999914562, 1.3438348999916343, 1.3350671999942278, 1.3812123999960022, 1.3402870999998413, 1.3578452000074321, 1.3350500999949872]}, "cpython": {"warmup": [1.2170393999986118, 1.230268300001626, 1.2184532000101171, 1.2105512999987695, 1.2147879999974975, 1.2353122000058647, 1.2100047999992967, 1.2231056000018725, 1.2013107999955537, 1.263750500002061, 1.2084871999977622, 1.198978000000352, 1.2468067000008887, 1.2356079000019236, 1.2036559999978635, 1.2108339999977034, 1.2053425000049174, 1.2133596000057878, 1.2411608999973396, 1.208946400001878, 1.206905300001381, 1.2290344999928493, 1.2247257999988506, 1.2279236999893328, 1.2354793999984395, 1.1946559000061825, 1.2016308000020217, 1.2268431999982568, 1.2092868000036106, 1.2077967999939574, 1.2379559999972116, 1.204907200008165, 1.2429867000028025, 1.232501799997408, 1.231868900009431, 1.2480752999981632, 1.2051211000070907, 1.2188687000016216, 1.230154600008973, 1.2222565000120085, 1.2832595000072615, 1.2068482000031509, 1.2150739000062458, 1.2141139000013936, 1.2258299000095576, 1.217799299993203, 1.2108490999962669, 1.231252300000051, 1.2334509000065736, 1.2295987000106834, 1.2371497999993153, 1.2493211999972118, 1.2120842000003904, 1.2139027000084752, 1.2325041000003694, 1.2084526000107871, 1.2538520999951288, 1.2281546000012895, 1.2312464999995427, 1.2044713999930536, 1.239315600003465, 1.2245372999896063, 1.2137211000081152, 1.2029821000032825, 1.2255470999953104, 1.2576916000107303, 1.2334131999959936, 1.2410977999970783, 1.2382528000016464, 1.244145499993465, 1.2191065999941202, 1.219814599986421, 1.2066809999960242, 1.2041304000013042, 1.2127509999991162, 1.2543651000014506, 1.2132138000015402, 1.2352797999919858, 1.226713900003233, 1.2368104000051972, 1.2273291000019526, 1.2392665999941528, 1.2298299000103725, 1.2091488000005484, 1.229204600007506, 1.2419025999988662, 1.2037483000021894, 1.2302323000039905, 1.2298542000062298, 1.2140304999920772, 1.2037143999914406, 1.240476499995566, 1.242929300002288, 1.2608716999966418, 1.2307891999953426, 1.223791500000516, 1.2085071000037715, 1.2269596999976784, 1.238272099988535, 1.2407742000068538], "benchmark": [1.2159686999948462, 1.2292830999940634, 1.2276640999916708, 1.2185652000043774, 1.2281214999966323, 1.221618399998988, 2.7493038999964483, 1.2435291000001598, 1.235090299989679, 1.2262216999952216, 1.2303843999980018, 1.2012529000057839, 1.2360971000016434, 1.2306718000036199, 1.2050755999953253, 1.2125185000040801, 1.2023220999981277, 1.206813400000101, 1.208621800004039, 1.2368238999915775, 1.2110831999889342, 1.2144188999955077, 1.2045405999961076, 1.225176799998735, 1.208819899999071, 1.238762900000438, 1.2307004000031156, 1.230417300001136, 1.2097685000044294, 1.1934085999964736, 1.2298556000023382, 1.2093538000044646, 1.2477733999985503, 1.2215357999957632, 1.2214250000106404, 1.2198204000014812, 1.219012899993686, 1.2227342999976827, 1.2207376000005752, 1.2219522999948822, 1.2657344000035664, 1.2696290999883786, 1.220691700000316, 1.2212741999974241, 1.225025200008531, 1.2403786000068067, 1.233039099999587, 1.2097838999907253, 1.2108105000079377, 1.2253634000080638, 1.2209568999969633, 1.252992900001118, 1.213009899991448, 1.2331819999963045, 1.2183496999932686, 1.2357047999976203, 1.2090736999962246, 1.2111404000024777, 1.2098477999970783, 1.2013689000013983, 1.220512999992934, 1.2333880999940448, 1.2263053000060609, 1.211381100001745, 1.2381017000006977, 1.223654200002784, 1.2037820999976248, 1.2238209999923129, 1.2086376000079326, 1.217832999987877, 1.2448522000049707, 1.221776399994269, 1.234820400000899, 1.2422727000084706, 1.246530000003986, 1.218562699999893, 1.216185299999779, 1.2288269000127912, 1.2284067000000505, 1.2387249000021257, 1.2338376000116114, 1.2329216999933124, 1.2126145000074757, 1.2367163000017172, 1.2197201999952085, 1.2018208999943454, 1.202817600002163, 1.210111299995333, 1.2315601000009337, 1.2153546000045026, 1.2185005000064848, 1.2024050000036368, 1.2231283000000985, 1.2086409000039566, 1.2157144000084372, 1.2287072999897646, 1.2206098999886308, 1.2091963999992004, 1.2007885000057286, 1.2122070000041276]}}