{"nuitka": {"warmup": [1.2402627999981632, 1.2323463999928208, 1.2282764000119641, 1.2365616000024602, 1.2144976999989012, 1.2303853000048548, 1.2278275999997277, 1.230412899996736, 1.2267915999982506, 1.2181221000064397, 1.2131592000077944, 1.2182949999987613, 1.2172181000059936, 1.224851100007072, 1.2297939999989467, 1.2620597000059206, 1.2304925999924308, 1.224152300012065, 1.2284488000004785, 1.2283756000106223, 1.228949800002738, 1.222786400001496, 1.2239581999892835, 1.225264699998661, 1.2267449000064516, 1.2201207000034628, 1.2197544999944512, 1.2305400999903213, 1.2358648999943398, 1.2179343000025256, 1.22537800000282, 1.2389313000021502, 1.2262471000140067, 1.2393513999995776, 1.2459541999996873, 1.220433199996478, 1.2182109999994282, 1.2307923000043957, 1.2277999999932945, 1.2286981000070227, 1.2169996000011452, 1.2314390999963507, 1.2416546000022208, 1.2220495000074152, 1.2216794999985723, 1.2226494000060484, 1.2238818999903742, 1.2192815000016708, 1.2411138000024948, 1.2178400999982841, 1.2295191000011982, 1.2190849000035087, 1.2204719000001205, 1.2275245000055293, 1.2357054999883985, 1.2172763000125997, 1.2296231999935117, 1.2264831999927992, 1.2257109999918612, 1.2247330999962287, 1.2334365000133403, 1.2285441999993054, 1.2244247999915387, 1.2131089000031352, 1.2239830000035, 1.2123507000069367, 1.2266821999946842, 1.2200827000051504, 1.2367960999981733, 1.2259877000033157, 1.2220041999971727, 1.2376899999944726, 1.2292618999927072, 1.2162608000071486, 1.2388491000019712, 1.2293589000037173, 1.2188084999943385, 1.2324113000067882, 1.2298889999947278, 1.229460900009144, 1.226677099999506, 1.2239376000070479, 1.2295448000077158, 1.2221099000016693, 1.2382034999900497, 1.222980299993651, 1.2394453999877442, 1.2517604999884497, 1.2308508999994956, 1.2249761999992188, 1.251499199992395, 1.2148987999971723, 1.2348328000080073, 1.224339600012172, 1.2405362999998033, 1.2284268999937922, 1.2281008999998448, 1.2193433000065852, 1.2389041999995243, 1.220332299999427], "benchmark": [1.2183262999897124, 1.2224832000065362, 1.2275735000002896, 1.2221590999979526, 1.227124899989576, 1.21819929999765, 1.2269156999973347, 1.2133401999890339, 1.2210415000008652, 1.241462899997714, 1.2222158999938983, 1.221004199993331, 1.235599200008437, 1.2253627999889432, 1.22597629998927, 1.2211905000003753, 1.2266266000078758, 1.2207713999960106, 1.2227742999966722, 1.2346136000123806, 1.23261530000309, 1.221651900006691, 1.2288114000111818, 1.2210489999997662, 1.227254700002959, 1.2338525999948615, 1.2155790999968303, 1.2444967000046745, 1.2257053999928758, 1.2195886999979848, 1.2194429000082891, 1.2591097999975318, 1.226757499985979, 1.2443505999981426, 1.2105649000004632, 1.2113868999877013, 1.2191559000057168, 1.228329699995811, 1.2149145000003045, 1.2427026000077603, 1.2206810999923619, 1.217279900010908, 1.2416417999920668, 1.227809600008186, 1.2352228999952786, 1.2270235000032699, 1.2186096999939764, 1.2276893999951426, 1.2363042000069981, 1.2222466000093846, 1.220135499999742, 1.2280374999972992, 1.2346955999964848, 1.2171143999876222, 1.2320317999983672, 1.2235519999958342, 1.225166200005333, 1.2311825999931898, 1.2255279999953927, 1.2288740999938454, 1.2301680999953533, 1.219276699994225, 1.2240244999993593, 1.2277699000114808, 1.225366300001042, 1.2318111999920802, 1.2295695999928284, 1.2344032999972114, 1.2165182000026107, 1.2222081000072649, 1.21082180000667, 1.2244882000086363, 1.2361517999961507, 1.2405392000073334, 1.2052975000115111, 1.232826199993724, 1.236300000004121, 1.2266900000104215, 1.2301335000083782, 1.2322607999958564, 1.2548874000058277, 1.2094475999911083, 1.23522009998851, 1.2460210999997798, 1.2212310999893816, 1.210711599997012, 1.2203717000083998, 1.2257706000091275, 1.2314887999964412, 1.227213699996355, 1.2289734999940265, 1.2151110999984667, 1.2243165999971097, 1.2235333999997238, 1.2381199000083143, 1.2269348000118043, 1.2214869000017643, 1.2357077000051504, 1.2329549999994924, 1.2283543000085047]}, "cpython": {"warmup": [1.6515683000034187, 1.647722599998815, 1.6578204999968875, 1.6379801000002772, 1.644327300004079, 1.6336957999883452, 1.6411156000103801, 1.6505126999982167, 1.6325921000097878, 1.6492897999996785, 1.6680173999920953, 1.658035500004189, 1.6748797000036575, 1.6531886000011582, 1.6566268999886233, 1.6526258000085363, 1.648781299998518, 1.6440306999866152, 1.645157700011623, 1.640877299985732, 1.6456939000054263, 1.6384949000057532, 1.6842556000046898, 1.6439088999904925, 1.6475611999921966, 1.6486756000085734, 1.679341299997759, 1.6447810000099707, 1.63846800000465, 1.6537690999975894, 1.644653900002595, 1.6286327999987407, 1.6471942999924067, 1.676445099990815, 1.6387803000106942, 1.6553741999960039, 1.6794662000029348, 1.644809899997199, 1.6475435000029393, 1.636758499997086, 1.6563026999938302, 1.640065900006448, 1.6449721999961184, 1.6440208000130951, 1.6468192000029376, 1.6293636000045808, 1.6509456999920076, 1.6827309999935096, 1.6500778000045102, 1.638670500004082, 1.6415631999989273, 1.6332835999928648, 1.6454493000055663, 1.638779999993858, 1.640090799992322, 1.6514008000085596, 1.6616542000119807, 1.6423394000012195, 1.6373535000020638, 1.64080589999503, 1.6553369000030216, 1.6524424999952316, 1.631220100010978, 1.6333365999889793, 1.647898700000951, 1.6338803000107873, 1.6390289000119083, 1.6580079999985173, 1.6453351999953156, 1.656481600002735, 1.6451475999929244, 1.6458585000073072, 1.659472299987101, 1.6379583999951137, 1.6575003000034485, 1.6453737999981968, 1.6400282999966294, 1.643432800003211, 1.6467417999956524, 1.649547499997425, 1.642543599999044, 1.6459717999969143, 1.6518366999953287, 1.6494986999896355, 1.6417193999950541, 1.6472025000111898, 1.6521683000028133, 1.6359926000004634, 1.6443071000103373, 1.6482153999968432, 1.6483128999971086, 1.6578133000002708, 1.6449802999995882, 1.645651099999668, 1.6431997999898158, 1.646250499994494, 1.6437091000116197, 1.6401591000030749, 1.6469978999957675, 1.6381440999975894], "benchmark": [1.646783799995319, 1.6369446000026073, 1.6411923999985447, 1.632544299995061, 1.646048199996585, 1.6415566999930888, 1.6403769999888027, 1.6527092000033008, 1.6405983000004198, 1.6475262000021758, 1.6579053999885218, 1.64332899999863, 1.6588026999961585, 1.6497028000012506, 1.6460832999873674, 1.6406807000021217, 1.645516000004136, 1.6482625999924494, 1.6476293000014266, 1.6473605000064708, 1.6493282000010367, 1.6591349999944214, 1.659631000002264, 1.6458649999985937, 1.6606037999881664, 1.6377519999950891, 1.6377427999977954, 1.6425665999995545, 1.654951999997138, 1.6390152999956626, 1.6427559000003384, 1.6351885999902152, 1.6421873999934178, 1.64436960000603, 1.6529222000099253, 1.6401518000056967, 1.6496041999926092, 1.6546009000012418, 1.6485733000008622, 1.6467345999990357, 1.6400187999970512, 1.6433715000021039, 1.6669265999953495, 1.6405763999937335, 1.6492667999991681, 1.635829199993168, 1.643977800005814, 1.6477423000033014, 1.6489337000093656, 1.64317999999912, 1.6518581999989692, 1.6562146000069333, 1.6463921000104165, 1.647801300001447, 1.6608345999993617, 1.652529399987543, 1.6484768000082113, 1.6430251999991015, 1.6473954999964917, 1.6521955999924103, 1.6412765999994008, 1.6518269999942277, 1.6474187999992864, 1.6444531000015559, 1.6414551999914693, 1.6652429999958258, 1.6504481000010855, 1.634713899999042, 1.6383954000048107, 1.644783900002949, 1.647898900002474, 1.6495386000024155, 1.6402555999957258, 1.6505783000029624, 1.6387476999952924, 1.6792024000023957, 1.6487836000014795, 1.6404202999983681, 1.6438845000084257, 1.6493825999932596, 1.6486225000116974, 1.641126799993799, 1.6599674000026425, 1.6436171000095783, 1.6484151000040583, 1.6512556999950903, 1.6563727000029758, 1.647617499998887, 1.645085600001039, 1.6441206999879796, 1.6401290999929188, 1.6478148000023793, 1.6413967999978922, 1.645495699995081, 1.6364778999995906, 1.6387921999994433, 1.639833000008366, 1.6435129000019515, 1.6508199999952922, 1.6458170000114478]}}