{"nuitka": {"warmup": [0.5780207000061637, 0.512035099993227, 0.5194340000016382, 0.5150423000013689, 0.5185729000077117, 0.5142580000101589, 0.5123810999939451, 0.5145331999956397, 0.5123432999971556, 0.5114803000033135, 0.5132242999970913, 0.5353944000089541, 0.5162064000032842, 0.5113867999898503, 0.5137149000074714, 0.5141205999971135, 0.5132810000068275, 0.5109499000100186, 0.5126113000005716, 0.5115794000012102, 0.5144029999937629, 0.505940200004261, 0.5064436999964528, 0.5147477999998955, 0.5155790999997407, 0.5132316000090213, 0.5061164000071585, 0.5161230000085197, 0.5164633999957005, 0.5180077999975765, 0.5106708999956027, 0.5117931999993743, 0.5080877000000328, 0.5087572000047658, 0.5128717000043252, 0.5119146000070032, 0.5102160000096774, 0.5110113999980967, 0.5079474000085611, 0.5130860000062967, 0.5055747000005795, 0.5146993999951519, 0.5110016999969957, 0.517175099987071, 0.5115082999982405, 0.51070250000339, 0.5061793999921065, 0.5137977000122191, 0.5088175000128103, 0.5072690999950282, 0.5150875999970594, 0.5192929000040749, 0.5127537000080338, 0.5101202999940142, 0.5085486000025412, 0.5079071999934968, 0.5118743000057293, 0.5059556000051089, 0.5084625000017695, 0.5108115000039106, 0.5114851999969687, 0.5053296999976737, 0.5148585999995703, 0.5101946000067983, 0.5196274000045378, 0.5075166000024183, 0.5124614999949699, 0.5125086000043666, 0.5088890000042738, 0.5100288999965414, 0.5101385000016307, 0.5084320999885676, 0.5097476999944774, 0.5074479000031715, 0.5130391999991843, 0.5125433999928646, 0.5103729999973439, 0.5062508000119124, 0.5152882999973372, 0.5064297000062652, 0.5096667000034358, 0.5065207000006922, 0.508864999996149, 0.5133534000051441, 0.5102754999970784, 0.5135250000021188, 0.5131669000111287, 0.5109571000066353, 0.5150804000004428, 0.506980799997109, 0.5232107000047108, 0.5122678000043379, 0.517070900008548, 0.5099117999925511, 0.5199131999979727, 0.5034833000099752, 0.5131684000079986, 0.5083331000059843, 0.5129667000001064, 0.5128287999978056], "benchmark": [0.5101663000095868, 0.5094172000099206, 0.5089802000002237, 0.5130662000010489, 0.5073231999995187, 0.5100857000070391, 0.5105846999940695, 0.508640900006867, 0.5078347999951802, 0.5184557000029599, 0.505230599999777, 0.5136707000056049, 0.507951099993079, 0.514949999997043, 0.5071638000081293, 0.5201819000067189, 0.5069459000078496, 0.5090930000005756, 0.5107924999902025, 0.5092068999947514, 0.5092655000044033, 0.5106972999928985, 0.5096444999944651, 0.5115477000072133, 0.5075287999934517, 0.5204489999887301, 0.5137248999963049, 0.5229502999864053, 0.509731300000567, 0.5162623999931384, 0.5071954000013648, 0.5176417999900877, 0.5135923000052571, 0.5145788000081666, 0.5116848000034224, 0.5077380000002449, 0.5096870999987004, 0.5105153999902541, 0.5097752000001492, 0.5184891000099014, 0.5157680000120308, 0.508072099997662, 0.5093582999979844, 0.5141008000064176, 0.508841000002576, 0.5099404000065988, 0.5126210999878822, 0.5082789000007324, 0.5116637000028277, 0.5084507999999914, 0.5108861999906367, 0.508125199994538, 0.5194284000026528, 0.5170542999985628, 0.510054600003059, 0.5128414999926463, 0.5114861000038218, 0.5135857999994187, 0.5124866999976803, 0.5084272999956738, 0.5128760999941733, 0.5167838000052143, 0.5142635999945924, 0.5074218999943696, 0.5100195999984862, 0.5062693999934709, 0.5082465999876149, 0.5102863999927649, 0.510955699995975, 0.5099501000076998, 0.5123853999975836, 0.509485799993854, 0.5104234000027645, 0.5081466999981785, 0.5122292000014568, 0.5092471000098158, 0.514231799999834, 0.5083714000065811, 0.5133423000079347, 0.5130598000105238, 0.5099749999935739, 0.5122107999923173, 0.5162583999917842, 0.5073928000056185, 0.5162545000057435, 0.5074517999892123, 0.5181009999942034, 0.5115959999966435, 0.5180360000085784, 0.5075992000056431, 0.5098716000065906, 0.518293300003279, 0.5069770000118297, 0.513169600002584, 0.510714599993662, 0.5089271999895573, 0.512303299998166, 0.509876299998723, 0.5147468000068329, 0.5116752000030829]}, "cpython": {"warmup": [0.6575593000015942, 0.6645673999883002, 0.6569782000005944, 0.6545487999974284, 0.6579401000053622, 0.6559401999984402, 0.6508357000129763, 0.6501134999998612, 0.6543436999927508, 0.6486150999990059, 0.6532862000021851, 0.655170600002748, 0.6541145000082906, 0.6566527999966638, 0.6563422999897739, 0.6513896000105888, 0.6656778000033228, 0.6489147999964189, 0.6604301999905147, 0.6560097000037786, 0.6501157000020612, 0.6597148000000743, 0.6505251000053249, 0.6638224000053015, 0.6500387999985833, 0.6586168000067119, 0.6528404999990016, 0.6560825000051409, 0.6518494000047212, 0.6532752000057371, 0.6575588999985484, 0.6504539000015939, 0.6488675000000512, 0.6491271999984747, 0.648783700002241, 0.6489191000000574, 0.6493018999899505, 0.647550499998033, 0.6490047000115737, 0.6523224999982631, 0.6595209999941289, 0.6556742000102531, 0.6561583000002429, 0.6535176000033971, 0.6493334999977378, 0.6555840999935754, 0.6554863000055775, 0.6563380000006873, 0.6502560000080848, 0.6513436999957776, 0.6524287000065669, 0.6541071999963606, 0.64588910000748, 0.6558989999903133, 0.6512288000085391, 0.6597030000120867, 0.6507571999973152, 0.6553925999905914, 0.6534119999996619, 0.6509490000025835, 0.6557170000014594, 0.648728400003165, 0.6501867999904789, 0.6534946000028867, 0.6528556999983266, 0.6511719000118319, 0.653048200008925, 0.6491056999948341, 0.6514202999969712, 0.6437036999996053, 0.6516569999948842, 0.6557106000109343, 0.6690278000023682, 0.6593274999904679, 0.6531520999997156, 0.6566927999956533, 0.6518956999934744, 0.6573944999981904, 0.6509041999961482, 0.6612099000049056, 0.6554717999970308, 0.651367799990112, 0.6523501000046963, 0.6540322999935597, 0.6536370000103489, 0.650764199992409, 0.6529524999932619, 0.6475833000004059, 0.6465515000018058, 0.6477522000059253, 0.6619281000021147, 0.6528225000074599, 0.6465538999909768, 0.6483105999941472, 0.6537209000089206, 0.6509279000019887, 0.6577822999970522, 0.6512453999894205, 0.6537460000108695, 0.6544276999920839],