{"nuitka": {"warmup": [1.0796799999952782, 0.5688158999982988, 0.5662362000002759, 0.5631206999969436, 0.5657815000013215, 0.5661994999973103, 0.5638226000010036, 0.5642572000069777, 0.5647116000036476, 0.5639609999925597, 0.5628464000037638, 0.5664928000041982, 0.5627085000014631, 0.5624355000036303, 0.5650927999959094, 0.5639134999946691, 0.5614405000087572, 0.5610519000038039, 0.5656130999996094, 0.5631450000073528, 0.5642086000007112, 0.5646578000014415, 0.559673899988411, 0.569529499989585, 0.5706608000036795, 0.5638079999916954, 0.5595644999993965, 0.5624832999892533, 0.5745594000036363, 0.5704387000005227, 0.5649994999985211, 0.5691300000034971, 0.5656350999925053, 0.5644976000039605, 0.5616906000068411, 0.5638976000045659, 0.5610130999993999, 0.5618306999967899, 0.5632411999977194, 0.5619171000143979, 0.5715501000086078, 0.5647105000098236, 0.5637978999875486, 0.5617396000016015, 0.5621306999964872, 0.5615757000050507, 0.5610179999930551, 0.5622029999940423, 0.5609603000048082, 0.5622779000113951, 0.5657294999982696, 0.5628383000002941, 0.5637872000079369, 0.5628062000032514, 0.5674235000042245, 0.5656667000002926, 0.5663878999912413, 0.5627113000082318, 0.5636578999983612, 0.5695115999988047, 0.5623543999972753, 0.5643716999911703, 0.5599049000011291, 0.5678964999970049, 0.5624784999963595, 0.5623428999970201, 0.5631054999976186, 0.5646376000076998, 0.5608641999860993, 0.5630756999889854, 0.565122900006827, 0.5631572999991477, 0.5623665999883087, 0.5655864000000292, 0.5631310000026133, 0.567014600004768, 0.5639386000111699, 0.5654342000052566, 0.5649804999993648, 0.5714206999982707, 0.5612358000071254, 0.5641628000012133, 0.5646859999978915, 0.5625709000014467, 0.5622809999913443, 0.5626043999945978, 0.5621410999883665, 0.5662919000023976, 0.5644513000006555, 0.5625841000000946, 0.5624950999917928, 0.5603410999901826, 0.5607308999897214, 0.5619729000027291, 0.5619914999988396, 0.5650075000012293, 0.5604141000076197, 0.5608482999959961, 0.563530700004776, 0.5602137000096263], "benchmark": [0.5583130000013625, 0.5653693000058411, 0.56182629999239, 0.5609720000065863, 0.5651193999947282, 0.5663002999935998, 0.5623102999961702, 0.5617663000011817, 0.560481799999252, 0.5642020999948727, 0.5646834999934072, 0.5652502000011737, 0.5639127000031294, 0.5619323999999324, 0.565252700005658, 0.5624390000011772, 0.5642762000061339, 0.5612813000043388, 0.562554000003729, 0.5595632999902591, 0.5639276000001701, 0.5613328000035835, 0.5663227000040933, 0.5616793999943184, 0.5616250000020955, 0.5611403999937465, 0.5599718000012217, 0.5650869999954011, 0.5591553999984171, 0.5638971999869682, 0.5613642999960575, 0.5632175000064308, 0.5604683000128716, 0.5621050000045216, 0.5702083000069251, 0.5608038000063971, 0.5619903999904636, 0.5646474999957718, 0.5611223000014434, 0.5641484000079799, 0.5621815000049537, 0.5684148000000278, 0.5639869000006001, 0.5664649999962421, 0.5660413000005065, 0.5924479000095744, 0.5671280999958981, 0.5660182999999961, 0.566399100003764, 0.5663343999913195, 0.5629343999898992, 0.5610888999945018, 0.564977900008671, 0.5636586000036914, 0.5638766000047326, 0.5640494000108447, 0.5655524999892805, 0.5631393000076059, 0.5639969000039855, 0.5661145000049146, 0.5627386999985902, 0.5643967999931192, 0.5682863999973051, 0.5637635000020964, 0.5680429999920307, 0.565838900001836, 0.569583500007866, 0.5605256999988342, 0.5644066999957431, 0.5596464999980526, 0.5655561000021407, 0.5603230999986408, 0.5624163000029512, 0.5624772000010125, 0.5636893000046257, 0.5687878000026103, 0.5600160000030883, 0.5617362999910256, 0.5609345999982907, 0.5615493000077549, 0.5696421000029659, 0.567083800007822, 0.5616454999981215, 0.5698749000002863, 0.564537800004473, 0.5636378999915905, 0.5653236000071047, 0.5618004999996629, 0.5607391000085045, 0.5645126000017626, 0.5606410000036703, 0.564002300001448, 0.5621344999963185, 0.5606234000006225, 0.5636415999906603, 0.5645625999895856, 0.5623257999977795, 0.5642907000001287, 0.5645920000097249, 0.564562500003376]}, "cpython": {"warmup": [0.6566630999877816, 0.6484701000008499, 0.6481492000020808, 0.6434733999922173, 0.6434097999881487, 0.6484682999871438, 0.6484376000007614, 0.6464964999904623, 0.6445366999978432, 0.6467020999989472, 0.6417365999950562, 0.645252000002074, 0.6612119000055827, 0.6465030999970622, 0.6400485999911325, 0.6497142000007443, 0.6464850000047591, 0.647791800001869, 0.6431944999931147, 0.6434429999935674, 0.6484719000000041, 0.6467714000027627, 0.6442268000100739, 0.6413726999890059, 0.6534289999981411, 0.6470483000011882, 0.648076100012986, 0.6481926999986172, 0.6475964999990538, 0.642437800008338, 0.6508247000019765, 0.6430071999930078, 0.648818300003768, 0.644588000010117, 0.6478216999967117, 0.6474982000072487, 0.6436822999967262, 0.6434946000081254, 0.6479776999913156, 0.6480894000123953, 0.6491085999878123, 0.6440385000023525, 0.6453785000048811, 0.6535006000049179, 0.648703500002739, 0.6433852999907685, 0.6535111999983201, 0.6422093000001041, 0.6440693999902578, 0.6443396999966353, 0.6471990999998525, 0.6476935999962734, 0.6464797999942675, 0.6494398000068031, 0.640885700006038, 0.648421399993822, 0.6478613999934169, 0.6453545999975177, 0.6452916999987792, 0.648372499999823, 0.649772100005066, 0.6472544999996899, 0.6496778000000631, 0.6437314999930095, 0.6596360999974422, 0.648403800005326, 0.6443459000001894, 0.6452787000016542, 0.6533932999882381, 0.6610161999997217, 0.6500894999917364, 0.64433700000518, 0.6471387000055984, 0.6422902999911457, 0.6432633999938844, 0.6520283999998355, 0.644961099998909, 0.6484649000049103, 0.6415479999996023, 0.6560717999964254, 0.6426394999871263, 0.654519599993364, 0.6426846999966074, 0.6492310000030557, 0.6543385999975726, 0.6486044000048423, 0.642616100012674, 0.6449209999991581, 0.6478908999997657, 0.6514320999995107, 0.6465849000087474, 0.651898700001766, 0.6503899999952409, 0.6532066000072518, 0.6473359000083292, 0.6506346000096528, 0.6460133000073256, 0.6441084999969462, 0.6393144000030588, 0.6500388999993447],