{"nuitka": {"warmup": [1.0195875999925192, 0.9609999999811407, 0.9886329000000842, 0.9620773999777157, 0.9621638999960851, 0.9725582999817561, 0.9660129999974743, 0.9603935000195634, 0.9825149999815039, 0.9729394000023603, 0.9890316000091843, 0.9657751999911852, 1.0037813000089955, 0.9677428999857511, 0.9825818999961484, 0.9687148999946658, 0.9675110999960452, 0.9604690999840386, 0.9864875999919605, 0.9743598999921232, 0.9919306999945547, 0.9841976999887265, 0.9774535000033211, 0.9675593000138178, 0.9731026000226848, 0.9735969000030309, 0.9660315000219271, 0.9682214000204112, 1.0053308999922592, 0.9518423000117764, 0.9671652999822982, 1.0112073000054806, 0.9743454999988899, 0.9759066999831703, 0.9729907000146341, 0.9893584999954328, 0.9812477999948896, 0.9815718999889214, 0.9720908000017516, 0.9901829999871552, 0.9765465999953449, 0.9623293000040576, 0.9753286999766715, 0.966625999979442, 0.9647270000132266, 0.9706909999949858, 0.9675410999916494, 0.9644954999967013, 0.9758083999913651, 0.9678534000122454, 0.9679507999971975, 0.9563594000064768, 0.9691565999819431, 0.958873700001277, 0.9898396999924444, 0.9683727000083309, 0.9586082000168972, 0.954914900008589, 0.9500029000046197, 0.9571884000033606, 0.9806957999826409, 1.0095189999847207, 0.9623998000170104, 0.9788144999765791, 0.9564533000229858, 0.9633966999826953, 0.9521488000173122, 0.9788660999911372, 0.9635736999916844, 0.958303799998248, 0.9621523000241723, 0.9662769999995362, 0.9689326000225265, 0.9547503999783657, 0.9650307999982033, 0.9568318999954499, 0.9825644000084139, 0.983163999975659, 0.9743684000277426, 0.9795643999823369, 0.9839415000169538, 0.985518300003605, 0.982259599986719, 0.9911649000132456, 0.9706186999974307, 0.9659747999976389, 0.9626796999946237, 0.9689953000051901, 0.9846084000018891, 0.9782992000109516, 0.9806903999997303, 1.001135999977123, 0.9644634000142105, 0.9750762000039686, 0.982946100004483, 0.9533701999753248, 0.9688376000267453, 0.9497923999733757, 0.9546352000033949, 0.9712266999995336], "benchmark": [0.9620194000017364, 0.9704550000024028, 0.9628662000177428, 0.9874495999829378, 0.9851819000032265, 0.9696430000185501, 0.9712327000161167, 0.9679296999820508, 0.9688731000060216, 0.9644200000038836, 0.9687495999969542, 0.9549192000122275, 0.9666743999987375, 0.9774486000242177, 0.9597951000032481, 0.97132180002518, 0.9789443000045139, 0.9751087999902666, 0.9657913999981247, 0.9669772999768611, 0.9741939000086859, 0.96522179999738, 0.9665341000072658, 0.9619833999895491, 0.9482002000149805, 0.9537418000109028, 0.9629418000113219, 1.0274618999974336, 0.9636620999954175, 0.9805410999979358, 0.9538704000005964, 0.9866028999967966, 0.9719038000039291, 0.9792410999943968, 0.9800555999972858, 0.9909906000248156, 0.9753515000047628, 0.9874282999953721, 0.9680192999949213, 0.9614997000026051, 0.9735109999892302, 0.9814823000051547, 0.9825467999908142, 0.965547300002072, 0.9750626999884844, 0.9876879000221379, 0.9697864000045229, 0.9853556999878492, 0.969850099994801, 0.9683407999982592, 0.9846747999836225, 0.9740592999733053, 0.9627755999972578, 0.9688768000050914, 0.963239100005012, 0.9598085999896284, 0.968375800002832, 0.9537310000159778, 0.9640231999801472, 0.9599654999910854, 0.9528409999911673, 0.9604514999955427, 0.9845594000071287, 0.9754800999944564, 0.973570700007258, 0.9669467000057921, 0.9614856000116561, 0.9811635999940336, 0.9606120999960694, 0.9974300999892876, 0.9686908999865409, 0.9671502000128385, 0.9714103000005707, 0.9871436999819707, 0.971341600001324, 0.9698732000251766, 0.9667186999868136, 0.9878473000135273, 0.9576077000238001, 0.9919139000121504, 0.9609801000042353, 0.9884229000017513, 0.9872726000030525, 0.9650435999792535, 0.9667061000072863, 0.9896005000045989, 0.9641937999986112, 0.9939904999919236, 0.9806516000244301, 0.9599716999800876, 0.9756047000118997, 0.9803066999884322, 0.9609199000115041, 0.9656215999857523, 0.9702545999898575, 0.9771938000048976, 0.9598470999917481, 0.9710042000224348, 0.9543592999980319, 0.9778400999784935]}, "cpython": {"warmup": [0.9973565000109375, 1.0128452999924775, 1.003306500002509, 1.0322273999918252, 0.9993759000208229, 1.0129527999961283, 0.9964889999828301, 0.9878816000127699, 1.0154062999936286, 1.024476799997501, 0.9992282000021078, 1.0235064000007696, 1.005751999997301, 0.99142189999111, 1.0251297999930102, 0.9872230000037234, 1.0045402999967337, 0.9887764999875799, 1.0170163000002503, 0.9930977000040002, 0.9832205999991857, 0.9911509999947157, 1.0238279000041075, 1.0207186999905389, 1.0115385000244714, 1.0291601000062656, 0.9890014999837149, 0.9818953000067268, 1.0323118999949656, 1.0213214000104927, 0.9766539000265766, 1.095186399994418, 1.058786700014025, 0.9978661000204738, 1.03961320000235, 0.9746070000110194, 1.014406499976758, 0.9794777000206523, 1.0354055999778211, 0.9939442000177223, 0.9615173999918625, 1.0009523000044283, 0.973073499975726, 1.005774699995527, 1.0027119000151288, 0.9847710999893025, 0.9684274999890476, 1.0164569999906234, 0.9898937999969348, 1.013741700007813, 1.0239672000170685, 0.9892017999954987, 1.0354995999950916, 0.9728010999970138, 0.9981010000046808, 1.0226576999993995, 1.0141796999960206, 1.0215180999948643, 0.9762764000042807, 1.1260598999797367, 1.003212200012058, 1.0263968000072055, 1.0340086999931373, 1.0227394999819808, 1.0072171000065282, 1.0230113999859896, 0.981615700002294, 1.0092440000153147, 1.0153749999881256, 1.0248052999959327, 1.0147245000116527, 1.0390243999718223, 0.9994478999869898, 1.0045956000103615, 1.0031354000093415, 1.0000383000005968, 0.9780402999895159, 0.9982395000115503, 1.0003561000048649, 1.013124599994626, 0.9802740000013728, 0.9972479999996722, 0.9978699999919627, 1.0136182999995071, 1.0157376999850385, 1.0129619000072125, 1.0330031999910716, 1.0051571000076365, 0.9944346999982372, 1.0165551000100095, 1.0118363999936264, 1.0409440000075847, 1.0098379999981262, 0.9971902999968734, 1.068070599983912, 1.0245012999803293, 1.0059006999945268, 1.0150338999810629, 1.0283050000143703, 1.0291671000013594],