{"nuitka": {"warmup": [1.2870287999976426, 1.2598439999856055, 1.2664044999983162, 1.2545558999991044, 1.2549575000011828, 1.2578460999939125, 1.2608523000089917, 1.2658443999825977, 1.2519289999909233, 1.252964500017697, 1.2563786999962758, 1.2569799999764655, 1.2623612999741454, 1.259087400016142, 1.252907000016421, 1.2597264999931213, 1.2606166999903508, 1.2496623999904841, 1.2507167999865487, 1.2522544999956153, 1.2526429999852553, 1.2536621000035666, 1.262695800018264, 1.2471676999994088, 1.25866049999604, 1.272028000006685, 1.2508936999947764, 1.249841099983314, 1.2505815000040457, 1.2449855000013486, 1.2519450999971014, 1.2571685000148136, 1.2681442000030074, 1.2564461999863852, 1.2602802000183146, 1.2477213999954984, 1.24841239998932, 1.2487256999884266, 1.2539887000166345, 1.261929300002521, 1.2605579000082798, 1.249337999994168, 1.2506550000107381, 1.251518400007626, 1.2524663000076544, 1.2497022000025027, 1.268053499981761, 1.2501693000085652, 1.2539053999935277, 1.2545591999951284, 1.2559828000084963, 1.256533900013892, 1.2638203999958932, 1.2558674000028986, 1.250362299993867, 1.2513569000002462, 1.2489900999935344, 1.2560187999915797, 1.249475699994946, 1.255317000002833, 1.2502651999820955, 1.2582887000171468, 1.261785000009695, 1.2559591000026558, 1.2528602999809664, 1.2527057999977842, 1.2549870000220835, 1.2493690999981482, 1.2525381000014022, 1.2536892000061926, 1.2535540999961086, 1.2591511000064202, 1.2474969000031706, 1.2538625000161119, 1.2567352000041865, 1.2577345999889076, 1.2472440999990795, 1.2526710999954958, 1.2593080000078771, 1.2637045999872498, 1.263870800001314, 1.2501875000016298, 1.2565260000119451, 1.2580994000018109, 1.244030300003942, 1.2654798000003211, 1.2464773000101559, 1.2622019999835175, 1.25809700001264, 1.2523740000033285, 1.2511503999994602, 1.251153899997007, 1.246548499999335, 1.258993700001156, 1.2537234000046737, 1.247494600014761, 1.2570635999727529, 1.250599399994826, 1.2510408000089228, 1.2539514999953099], "benchmark": [1.2557312999852002, 1.262341199995717, 1.2502131000219379, 1.2539526000036858, 1.2617229000024963, 1.2480953999911435, 1.255197299993597, 1.252078799996525, 1.2614529999846127, 1.2445968000101857, 1.246394199988572, 1.2596623999997973, 1.2507865999941714, 1.2487133999820799, 1.2539927000179887, 1.2477962999837473, 1.2516715999809094, 1.2524172000121325, 1.2556154000048991, 1.2503230999864172, 1.249605099990731, 1.267003700020723, 1.2572767000237945, 1.2652218000148423, 1.256403000006685, 1.2723642000055406, 1.2482165999826975, 1.2499281000054907, 1.2548355000035372, 1.2510321000008844, 1.250931299990043, 1.2523428999993484, 1.251466799993068, 1.254157799994573, 1.2466965999919921, 1.2476436000142712, 1.2725412999861874, 1.2620177999779116, 1.2510983000101987, 1.2512084000045434, 1.2616717000200879, 1.2476585999829695, 1.2508208000217564, 1.249307999998564, 1.2522645000135526, 1.2549141999916174, 1.2595995000156108, 1.2530437000095844, 1.2485116999887396, 1.2575519000238273, 1.2484926000179257, 1.2468338999897242, 1.2528890000248794, 1.2717549999943003, 1.2467925999953877, 1.258941700012656, 1.2475949999934528, 1.2465979999979027, 1.248854899982689, 1.2466586000227835, 1.2503782999992836, 1.2571034000138752, 1.2523824999807402, 1.2459482999984175, 1.2465778999903705, 1.2584033000166528, 1.247090599994408, 1.2501338000001851, 1.2523035999911372, 1.2592737000086345, 1.2525113000010606, 1.2494367000181228, 1.2462932000053115, 1.2639714000106324, 1.2503642000083346, 1.2486347999947611, 1.2529519000090659, 1.2482061999908183, 1.2481550000084098, 1.2528471999976318, 1.2515150000108406, 1.2552578000177164, 1.2498402000055648, 1.2579437000094913, 1.2517614999960642, 1.2577073999855202, 1.2672076000017114, 1.2546796000096947, 1.251328599988483, 1.2508515999943484, 1.246794900012901, 1.2518989000236616, 1.2477799000043888, 1.2604872999945655, 1.25925879998249, 1.2519390999805182, 1.2530581999744754, 1.2518529999942984, 1.252237700013211, 1.2588234999857377]}, "cpython": {"warmup": [1.0274681000155397, 1.0198847000137903, 1.028883399994811, 1.0266109999793116, 1.026860099984333, 1.0170493999903556, 1.0189159000001382, 1.0178598000202328, 1.0286609999893699, 1.0176290999806952, 1.0240561999962665, 1.024413499981165, 1.0270304000005126, 1.0183752999873832, 1.0345468000159599, 1.0175051999976858, 1.0226299999922048, 1.0257514000113588, 1.0190817000111565, 1.0180439000250772, 1.0176777000015136, 1.0231606000161264, 1.0205544999917038, 1.0238672000123188, 1.0186449000029825, 1.0158234999980778, 1.0162115000130143, 1.0183740000065882, 1.0209917000029236, 1.0197297999984585, 1.0217578000156209, 1.0178310000046622, 1.018633800005773, 1.0202859999844804, 1.0210477999935392, 1.0194468999980018, 1.019549199991161, 1.0213657999993302, 1.01756999999634, 1.0245112999982666, 1.0164890000014566, 1.0183780999796, 1.0337664999824483, 1.0216879999788944, 1.0166877000010572, 1.0204351000138558, 1.0194401000044309, 1.0187737999949604, 1.016195099975448, 1.0215760999999475, 1.0262984999862965, 1.01714599999832, 1.0174419000104535, 1.0184574999730103, 1.0215634999913163, 1.018800799996825, 1.0176465999975335, 1.0191847999813035, 1.0149271999835037, 1.019528899982106, 1.015326599997934, 1.0208268999995198, 1.0257955999986734, 1.017515600018669, 1.0182696999982, 1.017956800002139, 1.01554519997444, 1.0327780999941751, 1.016966399998637, 1.0188261999865063, 1.0241496000089683, 1.0209523999947123, 1.0329560000100173, 1.0212573000171687, 1.0161738999886438, 1.0190165000094566, 1.023954300006153, 1.0204790999996476, 1.0265670999942813, 1.0191054999886546, 1.014149599999655, 1.0231774999992922, 1.0168010999914259, 1.017900400009239, 1.0203240999835543, 1.02124719999847, 1.016371399979107, 1.0159782999835443, 1.0243606999865733, 1.0157894999720156, 1.0248018999991473, 1.0283258000272326, 1.023937299993122, 1.0199292000033893, 1.0223205000220332, 1.0145444000081625, 1.0194411000120454, 1.0249181000108365, 1.0246101999946404, 1.0261354999965988], "benchmark": [1.0233474999840837, 1.0190738000092097, 1.0203804000047967, 1.018076900014421, 1.0191167000157293, 1.0273646999849007, 1.0220767999999225, 1.0270442999899387, 1.0199671000009403, 1.0241716000018641, 1.0181339999835473, 1.0221688999736216, 1.0221984999952838, 1.0217018999974243, 1.0458890000008978, 1.0209179999947082, 1.019224400020903, 1.0200710000062827, 1.0200775999983307, 1.0318799999949988, 1.0187974000000395, 1.0289837999735028, 1.0185852999857161, 1.0177289000130259, 1.0180428999883588, 1.0181683000118937, 1.0213498000230175, 1.0191269000060856, 1.0378450000134762, 1.018369099998381, 1.0181826000043657, 1.01985290000448, 1.0160694999794941, 1.0181795000098646, 1.0189749000128359, 1.0185261000005994, 1.025739100005012, 1.0335545999987517, 1.019967500003986, 1.0293504000001121, 1.0177889000042342, 1.018249199987622, 1.0254420999845024, 1.0232671999838203, 1.0226331000158098, 1.0183949999918696, 1.0228618000110146, 1.0189667000086047, 1.0189385999983642, 1.0219158999971114, 1.0228765000065323, 1.0206648000166751, 1.0298986000125296, 1.0212384999904316, 1.0223054000234697, 1.0224983000080101, 1.0200499999918975, 1.0195835000195075, 1.019299100007629, 1.018336899986025, 1.0353899000037927, 1.0175773999944795, 1.0211512999958359, 1.0233809000055771, 1.024616100010462, 1.0238411000173073, 1.0220772000029683, 1.0164800999918953, 1.0184238999790978, 1.0218511999992188, 1.0185081999807153, 1.0198437000217382, 1.0188006999960635, 1.024101499991957, 1.0204624999896623, 1.0206747999764048, 1.0160962000081781, 1.0317989999894053, 1.0267682000121567, 1.0181827000051271, 1.0234586000151467, 1.0214972000103444, 1.022802799998317, 1.0240252000221517, 1.0189721999922767, 1.0205494000110775, 1.0179616999812424, 1.030448699981207, 1.0186364999972284, 1.0337696000060532, 1.0250282000051811, 1.0251623000076506, 1.0239111999981105, 1.0196967999800108, 1.0200135000050068, 1.0185382000054233, 1.023509799997555, 1.0194842000200879, 1.0314446999982465, 1.0179618000111077]}}