{"nuitka": {"warmup": [1.23414430001867, 1.22001689998433, 1.2162111999932677, 1.2091499000089243, 1.2116880000103265, 1.2116693000134546, 1.2161782000039238, 1.2176958000054583, 1.2168133000086527, 1.2107205000065733, 1.2181814000068698, 1.218125199986389, 1.216151800006628, 1.2210138000082225, 1.2064451999904122, 1.21360379998805, 1.2135643000074197, 1.2246759999834467, 1.2183914000052027, 1.209478599979775, 1.222269200021401, 1.2075957999913953, 1.2366608000011183, 1.2224795000220183, 1.215931599988835, 1.2241522000113036, 1.2148609999858309, 1.2149522000108846, 1.2160443000029773, 1.216806300013559, 1.207440799975302, 1.2107813000038732, 1.208274500007974, 1.2345016000035685, 1.2145768000045791, 1.2259339999873191, 1.2076865999842994, 1.2152900000219233, 1.2082421000231989, 1.225658300012583, 1.207158300006995, 1.2070662999758497, 1.2118236999958754, 1.2131671000097413, 1.217942099989159, 1.21676949999528, 1.225717799999984, 1.213047800003551, 1.2282883000152651, 1.2160852999950293, 1.2153862999984995, 1.2178106000064872, 1.2185457999876235, 1.2121971999877132, 1.237042399996426, 1.2231061999918893, 1.2110904000001028, 1.2102849999791943, 1.2153144000039902, 1.2106848999974318, 1.214896099991165, 1.2099688999878708, 1.213060999987647, 1.2181163000059314, 1.231637300021248, 1.2121106999984477, 1.2205161999736447, 1.2343462000135332, 1.2208154999825638, 1.217093700019177, 1.2147069000056945, 1.214811899990309, 1.207382399996277, 1.2175771000038367, 1.214671299996553, 1.2073767999827396, 1.2179487000103109, 1.2132986999931745, 1.2161794999847189, 1.2150848000019323, 1.2276383999851532, 1.2080599000037182, 1.224541199975647, 1.2095559999870602, 1.2121392999833915, 1.2182833999977447, 1.2133392000105232, 1.2165334000019357, 1.207836200017482, 1.2162681000190787, 1.222076299978653, 1.2134554000222124, 1.201109900022857, 1.2176417000009678, 1.2260236000001896, 1.2141012000211049, 1.2183495000062976, 1.214971700013848, 1.2247200999991037, 1.2086753999756183], "benchmark": [1.2178331000031903, 1.207539099996211, 1.2134985000011511, 1.2099032000114676, 1.2175352000049315, 1.208398800023133, 1.2051484999828972, 1.2153224000066984, 1.2183922000112943, 1.2120746999862604, 1.2090647000004537, 1.2086211999994703, 1.211339000001317, 1.2166357999958564, 1.2195378000033088, 1.21100850001676, 1.2208162999886554, 1.225222799985204, 1.2113847000000533, 1.2277465999941342, 1.2167296999832615, 1.2212322000123095, 1.22333159999107, 1.2174938999814913, 1.2196045000164304, 1.2113132000085898, 1.2271440000040457, 1.2104804000118747, 1.225890800007619, 1.2103636999963783, 1.2125248000083957, 1.2073082000133581, 1.2226462999824435, 1.2126631000137422, 1.2244885999825783, 1.2154339000117034, 1.2054228000051808, 1.2045481000095606, 1.2284622000006493, 1.2279890999780037, 1.2140928000153508, 1.2125735000008717, 1.2132483000168577, 1.2140538000094239, 1.2157741999835707, 1.2149740999739151, 1.2083958000002895, 1.220267899974715, 1.223583699989831, 1.2221125999931246, 1.2072031999996398, 1.2092369000019971, 1.2151479999884032, 1.2096468999807257, 1.2210917999909725, 1.2133624000125565, 1.2205979999853298, 1.2166290000022855, 1.2145302999997512, 1.2142962999932934, 1.2193714999884833, 1.2278958999959286, 1.2046125000051688, 1.2128437999926973, 1.2066571000032127, 1.217389799974626, 1.217033699998865, 1.2111394999956246, 1.2314909000124317, 1.207279700000072, 1.2138733999745455, 1.2265498999913689, 1.2179556000046432, 1.2100996000226587, 1.2133723000006285, 1.2231194000050891, 1.2203568000113592, 1.2035297999973409, 1.2167802000185475, 1.2207640999986324, 1.2124481000064407, 1.2174433000036515, 1.2265871999843512, 1.2177296000008937, 1.211505599989323, 1.2091970999899786, 1.2280593999894336, 1.2097904999973252, 1.2257757999759633, 1.2219465999805834, 1.2162843999976758, 1.2108218000212219, 1.2108156000031158, 1.2129877000115812, 1.2101108999922872, 1.2090885000070557, 1.2183136999956332, 1.217261999991024, 1.2098086000187322, 1.2130914999870583]}, "cpython": {"warmup": [1.3721489000017755, 1.362952099996619, 1.36372080000001, 1.3689101000200026, 1.362906299997121, 1.3589151999913156, 1.3490084999939427, 1.3515332999813836, 1.3561408999958076, 1.373991800006479, 1.4011085999954958, 1.3497075000195764, 1.3717331000079866, 1.405461699992884, 1.3668673999782186, 1.345821299997624, 1.3697516999964137, 1.3544532000087202, 1.3510327999829315, 1.3559258000168484, 1.3653622000128962, 1.3650309999939054, 1.3572486999910325, 1.3595159999968018, 1.3601071999873966, 1.35231419999036, 1.4010128999943845, 1.3587577999860514, 1.357466299989028, 1.3962663999991491, 1.3552073999890126, 1.3749172999814618, 1.3667290000012144, 1.3571032999898307, 1.3478073000151198, 1.3644224999879953, 1.367456600011792, 1.3669872999889776, 1.3655785000009928, 1.3647457000042778, 1.3593465999874752, 1.3791315000271425, 1.3441028000088409, 1.3604278999846429, 1.3829217000165954, 1.3562507000169717, 1.371385200007353, 1.3567356999847107, 1.3520776999939699, 1.358052299998235, 1.3476705999928527, 1.344397900014883, 1.3589221999864094, 1.3682477000111248, 1.3645336999907158, 1.3593358999933116, 1.362360400002217, 1.3491892999736592, 1.3737038999970537, 1.3496277999947779, 1.3533327999757603, 1.3636836000077892, 1.3549608000030275, 1.3431223000225145, 1.3621727999998257, 1.3647858999902382, 1.3651921999990009, 1.3398101000057068, 1.3639209999819286, 1.362740099983057, 1.3455650999967474, 1.3444912999984808, 1.3631211999745574, 1.3613958999922033, 1.3757056999893393, 1.3579983000236098, 1.3895683999871835, 1.3452381000097375, 1.3611175999976695, 1.3496023000043351, 1.3488743999914732, 1.3639715999888722, 1.3810823000094388, 1.3661681000085082, 1.3580979999969713, 1.3712135000096168, 1.3638482999813277, 1.3744209000142291, 1.3846473000012338, 1.3687067000137176, 1.357051600003615, 1.3529387000016868, 1.3646603999950457, 1.3595897999766748, 1.3632227999914903, 1.3583893000031821, 1.3503811999980826, 1.3789500999846496, 1.356251200020779, 1.3503182999847922], "benchmark": [1.3542786999896634, 1.366912700003013, 1.3757114000036381, 1.3832240999909118, 1.3620642999885604, 1.365529200003948, 1.3649073999840766, 1.353749500005506, 1.3693978000083007, 1.3655194999882951, 1.3722966999921482, 1.3604065999970771, 1.355644299997948, 1.480786400003126, 1.3604048999841325, 1.356000400002813, 1.3596379999944475, 1.3601464999956079, 1.3564674999797717, 1.3533568999846466, 1.3715751999989152, 1.3567531000007875, 1.3630758000072092, 1.3600795999809634, 1.350306800013641, 1.3596364999830257, 1.3607408000098076, 1.3467685999930836, 1.3676295000186656, 1.360598300001584, 1.3777011000202037, 1.3710581999912392, 1.3576322000008076, 1.3743980999861378, 1.3526278999925125, 1.362189200008288, 1.3546010999998543, 1.3449848000018392, 1.3659116000053473, 1.3498561999876983, 1.3517823000147473, 1.357536199997412, 1.3565498999960255, 1.3609511999820825, 1.3556493000069167, 1.3515289000060875, 1.3525723000057042, 1.3531994999793824, 1.3491920999949798, 1.3780456999957096, 1.3694855000067037, 1.3732072999991942, 1.3565775000024587, 1.3593308000126854, 1.3460608999885153, 1.3732360000140034, 1.366940700012492, 1.357795799995074, 1.3569568000093568, 1.3475559999933466, 1.351504800026305, 1.3639526999904774, 1.3721423000097275, 1.3778859000012744, 1.3684115000069141, 1.3504700000048615, 1.3921971000090707, 1.3567807000072207, 1.3556038000097033, 1.3584450999915134, 1.3545493999845348, 1.3554575000016484, 1.363518700003624, 1.3686990999849513, 1.3671326999901794, 1.370721900020726, 1.3586213999951724, 1.3650238999980502, 1.3616123000101652, 1.372210300003644, 1.347765900020022, 1.3499279999814462, 1.358934699994279, 1.3713022000156343, 1.3580614999809768, 1.353767799999332, 1.3582523000077344, 1.3632692000246607, 1.363245000015013, 1.369970799976727, 1.3709628999931738, 1.3547129000071436, 1.3631841999886092, 1.3586111000040546, 1.364539500005776, 1.3613275999960024, 1.3641903000243474, 1.3783723999804351, 1.3657455000211485, 1.3758032000041567]}}