{"nuitka": {"warmup": [1.5667332999873906, 1.2301494000130333, 1.2337708999984898, 1.231049299996812, 1.2284841000218876, 1.2321005999983754, 1.2241984000138473, 1.2303400000091642, 1.2323699000116903, 1.2305207000172231, 1.229326200002106, 1.2300288999977056, 1.2296747000073083, 1.2351449999841861, 1.238298299984308, 1.2343231000122614, 1.226294499996584, 1.21997510001529, 1.2307934999989811, 1.2303553999809083, 1.2385324999922886, 1.2369084999954794, 1.2329235000070184, 1.2248222999915015, 1.2381338000122923, 1.2303586000052746, 1.2318094999936875, 1.2411214000021573, 1.2292936999874655, 1.236175900005037, 1.2424106000107713, 1.233451400010381, 1.2318749999976717, 1.241474999987986, 1.2326472999993712, 1.2331079999858048, 1.2355403999972623, 1.2342906999983825, 1.2368808999890462, 1.2337808999873232, 1.2297426000004634, 1.2276400999980979, 1.224816500005545, 1.2413770999992266, 1.2273620000050869, 1.230211700021755, 1.2248752000159584, 1.2255124000075739, 1.2258316999941599, 1.2299277000129223, 1.2278839999926277, 1.2251836000068579, 1.2315513000066858, 1.22747199999867, 1.2253640000126325, 1.2285008000035305, 1.2325361000257544, 1.2354743999894708, 1.2325729000149295, 1.2272863000107463, 1.2303375999908894, 1.2434114000061527, 1.2343517999979667, 1.2233889999915846, 1.226010199985467, 1.2288403999991715, 1.230778500001179, 1.2264496999850962, 1.2354784999915864, 1.2280514999874867, 1.2332595999760088, 1.2241619999986142, 1.2291273000009824, 1.2260709000111092, 1.231426799990004, 1.2272105000156444, 1.2307678000070155, 1.2312006000138354, 1.2261753999919165, 1.2352795000188053, 1.2307653999887407, 1.2249157999758609, 1.2300149999791756, 1.2380541999882553, 1.2314716999826487, 1.2298166999826208, 1.2369181000103708, 1.2247307999932673, 1.2265899000049103, 1.225728599994909, 1.2344865999766625, 1.2431111999903806, 1.2349557999987155, 1.2330472999892663, 1.2311276999826077, 1.2398113000090234, 1.2285611999977846, 1.2255636000190862, 1.2301352000213228, 1.2248468000034336], "benchmark": [1.2260258999885991, 1.2292653000040445, 1.2296571000188123, 1.233329499984393, 1.2262505000107922, 1.2218464000034146, 1.2252439000003505, 1.228280100011034, 1.224342900008196, 1.222433999995701, 1.2331509999930859, 1.2269208999932744, 1.222015500010457, 1.2260524999874178, 1.2292314999795053, 1.2211733000003733, 1.2223508000024594, 1.2256684999738354, 1.2296945999842137, 1.226619400025811, 1.2277007999946363, 1.2204568999877665, 1.2308346999925561, 1.2257995999825653, 1.2231408999941777, 1.232361000002129, 1.2332269999897107, 1.229553000011947, 1.2217224000196438, 1.2428606000030413, 1.2239031000062823, 1.2257413000043016, 1.2238469000149053, 1.223857400007546, 1.2237037000013515, 1.2313309000164736, 1.2270928999932948, 1.2311055000172928, 1.2256523999967612, 1.2276015999959782, 1.2244972000189591, 1.2288521000009496, 1.2311923000088427, 1.231208199984394, 1.2309346999973059, 1.2320615999924485, 1.2354649000044446, 1.2234115999890491, 1.2314000999904238, 1.2262618000095244, 1.231885199988028, 1.2382143000140786, 1.2271719999844208, 1.224415600008797, 1.2370455999916885, 1.228341799986083, 1.2255994000006467, 1.2216136999777518, 1.2268892000138294, 1.2277595000050496, 1.2289413000107743, 1.2207053999882191, 1.231823699985398, 1.2416798000049312, 1.2237488999962807, 1.2270542999904137, 1.2286881000036374, 1.2283833000110462, 1.229591099981917, 1.2245729000132997, 1.2224627000105102, 1.2341151000000536, 1.2293839000049047, 1.2321066999866161, 1.2271415000141133, 1.2258853999956045, 1.22985560001689, 1.225275699980557, 1.2262424000073224, 1.2246171000006143, 1.2248896000091918, 1.2295839999860618, 1.231503299990436, 1.241697799996473, 1.2337144000048283, 1.239816499990411, 1.2209124999935739, 1.2258420000143815, 1.227807599992957, 1.2255879000003915, 1.227362199977506, 1.2300803000107408, 1.2295538999896962, 1.230494000017643, 1.225118600006681, 1.227720099996077, 1.2264003999880515, 1.2251886999874841, 1.2493249000108335, 1.2287424000096507]}, "cpython": {"warmup": [1.133261399983894, 1.1227249999938067, 1.1361328999919351, 1.121034999989206, 1.1281521999917459, 1.118506200000411, 1.122811899986118, 1.1136967999918852, 1.1308350000181235, 1.1151394999760669, 1.1165605999995023, 1.1162131000019144, 1.1132671999803279, 1.1161577999882866, 1.113790900009917, 1.1264951000048313, 1.1252267000090797, 1.1130468000192195, 1.116918199986685, 1.1167553999985103, 1.1169059000094421, 1.1134509999828879, 1.11281130000134, 1.1137752000067849, 1.1147974999912549, 1.1133387000008952, 1.1113911000138614, 1.1172664999903645, 1.1140477000153624, 1.1173368000017945, 1.1131849999947008, 1.1154004000127316, 1.1153520999941975, 1.1194805999984965, 1.118712700001197, 1.1133270999998786, 1.11794359999476, 1.1152615000028163, 1.1139362000103574, 1.1152543000061996, 1.1158517000149004, 1.117811600008281, 1.1140993000008166, 1.114844900002936, 1.1175104999856558, 1.1127735000045504, 1.115910199994687, 1.114813200023491, 1.1161235999898054, 1.1129553000209853, 1.1128213999909349, 1.1151638999872375, 1.117875500000082, 1.1125298999832012, 1.1172438000212424, 1.111708100012038, 1.114401699975133, 1.1144251999794506, 1.1133369999879505, 1.1125199999951292, 1.1147372999985237, 1.1157514000078663, 1.119089800020447, 1.1234572999819648, 1.1134389000071678, 1.1173903000017162, 1.1166689999809023, 1.1121493999962695, 1.1158780999830924, 1.118445200001588, 1.116432499984512, 1.1129427000123542, 1.1153123999829404, 1.1147846000094432, 1.1195059000165202, 1.1164524999912828, 1.1126175999816041, 1.1171647000010125, 1.1140232000034302, 1.1164084000047296, 1.1128731000062544, 1.1143153000157326, 1.1145735000027344, 1.1123271000105888, 1.1147344000055455, 1.1116629999887664, 1.115116000000853, 1.1161392999929376, 1.114882399997441, 1.1151731999998447, 1.1135419999773148, 1.1163522999850102, 1.1117861000238918, 1.1180825000046752, 1.1150618999963626, 1.1151503000000957, 1.112350300012622, 1.1139748999848962, 1.1187994000210892, 1.1136725000105798], "benchmark": [1.1141150000039488, 1.114695299998857, 1.113578399992548, 1.1138207000039984, 1.114781700016465, 1.1131094000011217, 1.1155588999972679, 1.1125382999889553, 1.11803039998631, 1.1145602999895345, 1.1212162000010721, 1.112726899998961, 1.1164308000006713, 1.1136710999999195, 1.1166368999984115, 1.1140838999999687, 1.1205985000124201, 1.1149851999944076, 1.1150444000086281, 1.1190885000105482, 1.1120282000047155, 1.115926300000865, 1.11843349999981, 1.117184200003976, 1.1162667000025976, 1.1171440000180155, 1.1161511999962386, 1.1144895000034012, 1.1136257000034675, 1.1126595999812707, 1.1186695000214968, 1.1178275999845937, 1.1126512000046205, 1.1139367000141647, 1.1153632999921683, 1.1127348000009079, 1.1192121999920346, 1.115541100007249, 1.114220799994655, 1.1307732000132091, 1.1158319000096526, 1.1203527000034228, 1.1288284999900497, 1.1162286000035238, 1.1136995000124443, 1.1135126000153832, 1.1143324000004213, 1.1147201000130735, 1.116288799996255, 1.1154658000159543, 1.1157647999934852, 1.1137406000052579, 1.1151892000052612, 1.1163873999903444, 1.1137635000050068, 1.1140705999860074, 1.1161692000168841, 1.113126199983526, 1.1142183000047226, 1.1141849999839906, 1.1151858999801334, 1.1166180000000168, 1.1156559999799356, 1.1187062000099104, 1.1140431999810971, 1.1123045000131242, 1.1236077999928966, 1.1131617999926675, 1.1148069000046235, 1.1143380999856163, 1.1142327999987174, 1.114847600023495, 1.1140255000209436, 1.114379700011341, 1.1160043999843765, 1.1137010999955237, 1.115205000009155, 1.11314339999808, 1.116940900014015, 1.1154442999977618, 1.1146806000033394, 1.1132021000084933, 1.1182634999859147, 1.1140987999970093, 1.1168029999826103, 1.1102883999992628, 1.113292800000636, 1.1138063999824226, 1.113326100021368, 1.1144872999866493, 1.1147241000144277, 1.1219104999909177, 1.1155622999940533, 1.1157416999922134, 1.1141467000124976, 1.1170512000098825, 1.1131453999842051, 1.1136500999855343, 1.1140258999948855, 1.1149895999988075]}}