{"nuitka": {"warmup": [1.29249880000134, 1.2717995000130031, 1.2653294000192545, 1.2689089000050444, 1.2706239999970421, 1.2709053000144195, 1.2862037000013515, 1.2605087000119966, 1.3855672999925446, 1.2680285000242293, 1.2664249000081327, 1.2800909999932628, 1.2791370000049938, 1.2885596999840345, 1.2696876999980304, 1.2662504999898374, 1.2727781999856234, 1.265687400009483, 1.264206899999408, 1.2641887000063434, 1.276305000006687, 1.2645181000116281, 1.266310800012434, 1.2742797999817412, 1.2739277000073344, 1.278645599988522, 1.2761314999952447, 1.2870478999975603, 1.309633800003212, 1.259860700025456, 1.2637238999886904, 1.2669146000116598, 1.2629679999954533, 1.2736676999775227, 1.2633474000031129, 1.2675941000052262, 1.2690899000153877, 1.257971599989105, 1.2716191000072286, 1.255228399997577, 1.2878455000172835, 1.28398659999948, 1.2660860000178218, 1.2694599000096787, 1.2678842000022996, 1.2636763000045903, 1.261393799999496, 1.2710768999822903, 1.2670091000036336, 1.2853846999933012, 1.2700574999907985, 1.2659083000035025, 1.268844000005629, 1.2664202000014484, 1.2736607000115328, 1.2764482999918982, 1.2775406999862753, 1.281538899987936, 1.2807076000026427, 1.2596084999968298, 1.2810872000118252, 1.2754174000001512, 1.2673041000089142, 1.259886000014376, 1.280408399994485, 1.2679508999863174, 1.2715552999870852, 1.2841956000193022, 1.2857341000053566, 1.267416399990907, 1.2683622000040486, 1.2646958000259474, 1.2623113000008743, 1.27718500001356, 1.28260879998561, 1.26588609997998, 1.2742825000023004, 1.2652993999945465, 1.2654015999869443, 1.2707365000096615, 1.2708001999999397, 1.2682516000058968, 1.2656126999936532, 1.262085099995602, 1.2609449999872595, 1.273693800001638, 1.2648931000148878, 1.2814479999942705, 1.2640058000106364, 1.2713803999940865, 1.3262528000050224, 1.276946099998895, 1.2809778999944683, 1.2955031000019517, 1.2766351000173017, 1.276524699991569, 1.2744930000044405, 1.2696542000048794, 1.2669338999839965, 1.294852599996375], "benchmark": [1.2637217000010423, 1.279347300005611, 1.2782697000075132, 1.2660699999833014, 1.2740986999997403, 1.301905500004068, 1.2799533999932464, 1.2743933000019751, 1.4119381999771576, 1.2691673000226729, 1.2666819000151008, 1.2920438000001013, 1.2822981999779586, 1.266612899984466, 1.2678816000116058, 1.2733855000115, 1.2717418000102043, 1.2843209999846295, 1.26585569998133, 1.266213399998378, 1.2740462999790907, 1.2687283999985084, 1.2509578999888618, 1.2586937999876682, 1.269830200006254, 1.273733199981507, 1.2786569000163581, 1.2624603000003844, 1.2744944999867585, 1.259320100012701, 1.2594504999869969, 1.2727944000216667, 1.2619936999981292, 1.2637230000109412, 1.2721174000180326, 1.2691656000097282, 1.2592485999921337, 1.2671760999946855, 1.2743270000210032, 1.2738384999975096, 1.273587600007886, 1.2682754000124987, 1.2661440999945626, 1.264737299992703, 1.279917400010163, 1.265964799997164, 1.2716394999879412, 1.2708706999837887, 1.267244800023036, 1.2695940000121482, 1.2771160999836866, 1.2646487999882083, 1.2776079000032041, 1.2868240000098012, 1.2684772000066005, 1.2580603000242263, 1.260095999983605, 1.2687589999986812, 1.2734670000209007, 1.268288199993549, 1.2652525999874342, 1.2628985000192188, 1.285031399980653, 1.2732018000097014, 1.2871188999852166, 1.2694380000175443, 1.2739940999890678, 1.2632863000035286, 1.2794948999944609, 1.2596250000060536, 1.265592799987644, 1.2892380999983288, 1.3024340999836568, 1.2729451000050176, 1.2711830000043847, 1.262262300006114, 1.2701960999984294, 1.2806862999859732, 1.2656810999906156, 1.2761945000092965, 1.2714111999957822, 1.261702600022545, 1.2587594999931753, 1.2579912999935914, 1.2662475999968592, 1.2821270000131335, 1.2732320000068285, 1.262220399978105, 1.2648102999955881, 1.2620705000008456, 1.290578899992397, 1.2738985999894794, 1.278892000002088, 1.269529599987436, 1.2684256999928039, 1.2772010000189766, 1.2763196000014432, 1.2785389999917243, 1.2665307999996003, 1.3200423000089359]}, "cpython": {"warmup": [1.4485905000183266, 1.45896580000408, 1.4400045000074897, 1.4470013999962248, 1.447746999998344, 1.4432005000126082, 1.4465219000121579, 1.4621637999953236, 1.4431548000138719, 1.443894399999408, 1.4832781000004616, 1.455175799987046, 1.4655563999840524, 1.4253075000015087, 1.4370334999985062, 1.4427884999895468, 1.475150999991456, 1.442976299993461, 1.4331953000219073, 1.4602660999807995, 1.4447534000209998, 1.4449367000197526, 1.45372329998645, 1.4399214000150096, 1.4293441000045277, 1.4523042000073474, 1.466047299996717, 1.4469396999920718, 1.434288899996318, 1.4706579000048805, 1.4507654000190087, 1.4495639000087976, 1.4420238000166137, 1.4410545999999158, 1.4295937000133563, 1.4302631999889854, 1.4509020000114106, 1.4617365000012796, 1.438630299991928, 1.443680399999721, 1.4265129000123125, 1.4360302000131924, 1.432392799993977, 1.445942999998806, 1.4574628999980632, 1.450077700021211, 1.4368292999861296, 1.4358626000175718, 1.452261600003112, 1.446968799980823, 1.4298148000088986, 1.4465162999986205, 1.4560305000049993, 1.4572273999801837, 1.4499495000054594, 1.4390052999951877, 1.4312393000000156, 1.4502764999924693, 1.4648790000064764, 1.4531082999892533, 1.458510500000557, 1.4449612000025809, 1.4455750999914017, 1.460079600015888, 1.441247899987502, 1.4818570999777876, 1.439236800011713, 1.4554001000069547, 1.4529883000068367, 1.4347326999995857, 1.4533356000029016, 1.4579428000142798, 1.433996500010835, 1.4442854999797419, 1.445323100022506, 1.4539619000279345, 1.4484061999828555, 1.4429169000068214, 1.4505612000066321, 1.4448095000116155, 1.4577776000078302, 1.4487012999888975, 1.4401795000012498, 1.456982900010189, 1.4464983000070788, 1.4558223999920301, 1.440591000020504, 1.4397345000179484, 1.4337850000010803, 1.4585638999997173, 1.4419928999850526, 1.4338772000046447, 1.4422618000244256, 1.44798759999685, 1.4588819000055082, 1.4258714000170585, 1.4550386000191793, 1.4327825999935158, 1.460235799982911, 1.433699200017145], "benchmark": [1.4311747000028845, 1.452196800004458, 1.4533247000072151, 1.4320811000070535, 1.441481300018495, 1.4479003000014927, 1.4632775000063702, 1.4447010000003502, 1.431886599981226, 1.4464756999805104, 1.4483771999948658, 1.4656847000005655, 1.4436387000023387, 1.4554078000073787, 1.4372955999861006, 1.4558157999999821, 1.4537661999929696, 1.4428817000007257, 1.44903330001398, 1.4241490999993403, 1.4367897000047378, 1.429423499997938, 1.4377091999922413, 1.4518607999780215, 1.459293699997943, 1.424716100009391, 1.4489219000097364, 1.4412366000178736, 1.4458039999881294, 1.4332939000159968, 1.471148999989964, 1.429300499992678, 1.4572625999862794, 1.4396029000054114, 1.4379074000171386, 1.4338061999878846, 1.4270868999883533, 1.4361397000029683, 1.4370406000234652, 1.4367530000163242, 1.4414840999816079, 1.45440139999846, 1.4348213999764994, 1.449854000005871, 1.4539807999972254, 1.4507229999871925, 1.4410123999987263, 1.4428750000079162, 1.5140790999867022, 1.4485621000058018, 1.4511407999962103, 1.4597454000031576, 1.4379214000073262, 1.4522256000200287, 1.440313300001435, 1.4592351999890525, 1.447925500018755, 1.4553790999925695, 1.4464547999959905, 1.450252900016494, 1.4574609999835957, 1.4466517000109889, 1.426335399999516, 1.4541659000096843, 1.435442400019383, 1.4642333000083454, 1.443547300004866, 1.4474881000060122, 1.433462299988605, 1.4346306000079494, 1.4352662999881431, 1.45607650000602, 1.445328600006178, 1.4440381999884266, 1.441414300003089, 1.4596433000115212, 1.442318300018087, 1.4337586999754421, 1.4442737000063062, 1.4610927999892738, 1.4489565000112634, 1.434081099985633, 1.432750700012548, 1.4540364999847952, 1.447350699978415, 1.4434222000127193, 1.4380181999877095, 1.4517575000063516, 1.4513615999894682, 1.4454824999847915, 1.4473669000144582, 1.4611877999850549, 1.4411764000251424, 1.4533760999911465, 1.4541744999878574, 1.465584099991247, 1.4227443000127096, 1.4579724000068381, 1.4497747000132222, 1.4481125000165775]}}