{"nuitka": {"warmup": [1.2377115999988746, 1.2184390999900643, 1.2054693999816664, 1.2120149999973364, 1.1921189999848139, 1.2002301000175066, 1.2023644000000786, 1.2062735999934375, 1.210553200013237, 1.1987774999870453, 1.2233431999920867, 1.2153606000065338, 1.2016426000045612, 1.2150933999801055, 1.204565799998818, 1.2058110999932978, 1.2001779999991413, 1.2135328000003938, 1.2114395000098739, 1.2034221999929287, 1.2066742999886628, 1.2084887999808416, 1.2118167000007816, 1.1989710000052582, 1.234836699994048, 1.1975787999981549, 1.2208415999775752, 1.2086444000015035, 1.1977529000141658, 1.2100314999988768, 1.211579900002107, 1.2015226999938022, 1.209574500011513, 1.205560800008243, 1.2024101999995764, 1.2182419000018854, 1.211527399980696, 1.1959288999787532, 1.2135271000151988, 1.2091818999906536, 1.2334119000006467, 1.2222169000015128, 1.200303999998141, 1.2001943000068422, 1.201946399989538, 1.2105154000164475, 1.2278167000040412, 1.2077864999882877, 1.2109170999901835, 1.2117166999960318, 1.2132717999920715, 1.215692099998705, 1.1994489000062458, 1.2112783000047784, 1.2129424999875482, 1.206379300012486, 1.2114201000076719, 1.2063660999992862, 1.2155980999814346, 1.2108237000065856, 1.2083096000133082, 1.199014800018631, 1.2135320999950636, 1.2203825000033248, 1.2054723000037484, 1.2236059999850113, 1.2069426999951247, 1.2156012000050396, 1.2087711000058334, 1.2971245000080671, 1.2133535000029951, 1.2033071999903768, 1.2072791999962647, 1.2108007999777328, 1.2028748999873642, 1.2182386000058614, 1.1978258000162896, 1.2141136999998707, 1.2028548000089359, 1.206941199983703, 1.2086891999933869, 1.2223812000011094, 1.1981832000019494, 1.2144943000166677, 1.2214569999778178, 1.2158182999992277, 1.2068648999847937, 1.2113260000187438, 1.2021380999940448, 1.2126726999995299, 1.1984876000205986, 1.1946049999969546, 1.2063140999816824, 1.2105220999801531, 1.2026579000230413, 1.200514900003327, 1.2047181999951135, 1.2106539999949746, 1.2011562999978196, 1.209410300012678], "benchmark": [1.2004210999875795, 1.1971389999962412, 1.2192298000154551, 1.2054348000092432, 1.1997072000231128, 1.2045853000017814, 1.2082044999988284, 1.21854020000319, 1.2090659000095911, 1.2176937000185717, 1.1939882999868132, 1.2013024000043515, 1.221925799996825, 1.2266620000009425, 1.2214005999849178, 1.21308789998875, 1.2104670999979135, 1.208963799988851, 1.20182770001702, 1.2046634000143968, 1.2178663000231609, 1.2082676000136416, 1.2130504999950062, 1.2080469999928027, 1.2059969000110868, 1.2264174000010826, 1.2222635999787599, 1.2046865999873262, 1.1937966000114102, 1.2114395999815315, 1.2061593999969773, 1.204616500006523, 1.201468000013847, 1.198977099993499, 1.2169095999852289, 1.219262600003276, 1.2016146999958437, 1.2037471000221558, 1.2087173000036273, 1.2026653999928385, 1.1948749999864958, 1.205517599999439, 1.2055967000196688, 1.2027912999910768, 1.198834299982991, 1.2152966000139713, 1.2118807999941055, 1.2138171999831684, 1.2133096999896225, 1.2096498000028078, 1.213759200007189, 1.216872599994531, 1.2043865000014193, 1.2003629000100773, 1.2205456999945454, 1.2064832999894861, 1.200918399990769, 1.1958537000173237, 1.199330799980089, 1.2014909000135958, 1.2174796000181232, 1.202888100000564, 1.2144452999928035, 1.2091238000139128, 1.197745199984638, 1.2039871999877505, 1.207822500000475, 1.2064970000064932, 1.2098027000029106, 1.2061520999995992, 1.2003781000094023, 1.2024153000093065, 1.202156900020782, 1.214846100017894, 1.2569452000025194, 1.2190436999953818, 1.226503199985018, 1.2014277999987826, 1.1998143000237178, 1.217061300005298, 1.2123484000039753, 1.210213999991538, 1.2134225000045262, 1.2251283000223339, 1.2117073999834247, 1.196080299996538, 1.2015067000174895, 1.1971828000096139, 1.1992091999854892, 1.2088469000009354, 1.2090583999815863, 1.2021283000067342, 1.204723600007128, 1.205529699975159, 1.1989065000088885, 1.2140875000040978, 1.201794599997811, 1.2277306000178214, 1.2166574999864679, 1.2114780000119936]}, "cpython": {"warmup": [1.3643982999783475, 1.3911557999963406, 1.363572700007353, 1.4010319999943022, 1.4353166999935638, 1.3866677999903914, 1.3822013000026345, 1.3716518000001088, 1.3992873999814037, 1.3696434000157751, 1.3766479000041727, 1.3662454999866895, 1.3907789000077173, 1.377992699999595, 1.3609849000058603, 1.3614127999753691, 1.357141699991189, 1.3641200000129174, 1.3603481999889482, 1.3822073999908753, 1.3523844999726862, 1.372238300013123, 1.3838736999896355, 1.3721506000147201, 1.3780714999884367, 1.3709746999957133, 1.3648027000017464, 1.3794557999935932, 1.3844000000099186, 1.368740700010676, 1.3758882000111043, 1.3758711999980733, 1.3670669000130147, 1.3624668999982532, 1.3752422999823466, 1.3592600999982096, 1.3846644000150263, 1.3621521999884862, 1.3688720999925863, 1.3680351999937557, 1.3686860000016168, 1.3618319999950472, 1.3729664999991655, 1.3629424999817275, 1.3787352000072133, 1.3622892000130378, 1.3713834000227507, 1.3655148000107147, 1.358064000000013, 1.3697166000201833, 1.3805439000134356, 1.3702476999897044, 1.3795439999958035, 1.3807747999962885, 1.374077699991176, 1.3554894999833778, 1.3627997000003234, 1.3665652999770828, 1.3676716000190936, 1.3792056000092998, 1.3628699999826495, 1.3660412000026554, 1.3652303999988362, 1.3764842999808025, 1.3698544999933802, 1.3703995000105351, 1.3852987000136636, 1.378567000007024, 1.3646150999993552, 1.358113800000865, 1.356415599992033, 1.3666278999880888, 1.378550900000846, 1.3633936000114772, 1.4041806000168435, 1.3887175999989267, 1.3962594000040554, 1.3724606000178028, 1.3670157000015024, 1.3646555000159424, 1.3739353999844752, 1.3769921000057366, 1.3615149999968708, 1.366750699991826, 1.3721627999912016, 1.3664236000040546, 1.3798887000011746, 1.366317700012587, 1.3650176999799442, 1.3777155999850947, 1.3613446000090335, 1.3652787000173703, 1.3733575000078417, 1.3759091999963857, 1.3869357000221498, 1.3629356999881566, 1.3818685000005644, 1.360474199987948, 1.3633590000099503, 1.3658527999941725], "benchmark": [1.3688583999755792, 1.362333099998068, 1.3812606999999844, 1.3594200999941677, 1.3860911999945529, 1.398534899984952, 1.3899625999911223, 1.3713424000015948, 1.3719312000030186, 1.360756499983836, 1.3730897000059485, 1.3746952000074089, 1.3648540000140201, 1.3702525999979116, 1.3814883999875747, 1.3673827000020538, 1.3756638999911956, 1.3822290999814868, 1.3761355000024196, 1.3620630000077654, 1.3743078999978025, 1.3649387000186834, 1.374795699986862, 1.3683865000202786, 1.3684158000105526, 1.390611800015904, 1.372556500020437, 1.3858158999937586, 1.3754859000036959, 1.366474799986463, 1.3618046999908984, 1.3788763000047766, 1.3631935000012163, 1.3737869999895338, 1.3587579000159167, 1.3763139999937266, 1.3562646000063978, 1.3615938999864738, 1.3789431000186596, 1.3754360000020824, 1.3783125999907497, 1.3609676999913063, 1.3752603000029922, 1.3739242000156082, 1.3646455999987666, 1.357457499980228, 1.3535751999879722, 1.366886700008763, 1.3587516999978106, 1.3644948999863118, 1.3646034999983385, 1.376564399979543, 1.3698081000184175, 1.3765794999781065, 1.3709013999905437, 1.3625141000084113, 1.3826676000026055, 1.3817065000184812, 1.3661358999961521, 1.3701620000065304, 1.3814269000140484, 1.3733709000225645, 1.3777426999877207, 1.368792699999176, 1.3721035000053234, 1.3692355000239331, 1.3761965000012424, 1.3842796999961138, 1.3691351999877952, 1.374226899992209, 1.3672285999928135, 1.3812162000103854, 1.383319400018081, 1.3665178999945056, 1.355663900001673, 1.3687627000035718, 1.3799954999994952, 1.3658943000191357, 1.3785975000064354, 1.3674918999895453, 1.3690284000185784, 1.358325999986846, 1.381820799986599, 1.383326900016982, 1.3734464999870397, 1.370188100001542, 1.382281600002898, 1.3586900000227615, 1.3783113999816123, 1.368740500009153, 1.3501549999928102, 1.3641098999942187, 1.38699099997757, 1.3719408999895677, 1.3591098000179045, 1.3727551000192761, 1.3773342000204138, 1.3639788999862503, 1.377786400000332, 1.382701199996518]}}