{"nuitka": {"warmup": [1.9110206000041217, 1.110228300007293, 1.0995137999998406, 1.0411667000007583, 1.0996616000047652, 1.1023735999915516, 1.1075382999988506, 1.0941732000064803, 1.1045798999984981, 1.0998804999981076, 1.2385631000070134, 1.0715570000029402, 1.0610114000010071, 1.0824594999867259, 1.015035699994769, 1.0853460999933304, 0.9847338999970816, 1.05878579999262, 0.9694102000066778, 1.0580153999908362, 0.9922358000039821, 1.0329963999975007, 1.0109182000014698, 1.0523811999883037, 0.9865751000033924, 1.0486535999953048, 1.016415699996287, 1.045176999992691, 1.1835246999980882, 1.0401278999925125, 1.0686277999921003, 1.028594699993846, 1.0453700000070967, 1.058593199995812, 1.057053199998336, 1.0692518999858294, 1.0430369000096107, 1.0535791000002064, 1.046054099992034, 1.0475689000013517, 1.0278077999973902, 1.038665400003083, 1.0336698000028264, 1.0475849000067683, 1.0518035999994026, 1.044121400002041, 1.1176702999946428, 1.1212526000017533, 1.109357799999998, 1.1106227999989642, 1.119840600003954, 1.0665640000079293, 1.1261362999939593, 1.2364832000021124, 1.126906700010295, 1.1518697999999858, 1.2193773000035435, 1.1130303000099957, 1.06171059999906, 1.1600937999901362, 1.1089419000054477, 1.140732100000605, 1.0992275000025984, 1.1113174999918556, 1.2310051000094973, 1.0353906000091229, 1.0465307000122266, 1.0410414999932982, 1.0331000000005588, 1.0508794000052148, 1.0486080999980913, 1.0462367000000086, 1.2460145999939414, 1.0395025000034366, 1.0656145000102697, 1.0422164000046905, 1.0419131999951787, 1.06998040000326, 1.056539299999713, 1.0546985999972094, 1.0533037999994121, 1.0545169999968493, 1.065579300004174, 1.0523300000058953, 1.0761167000018759, 1.0441151999984868, 1.0508969000075012, 1.0644058999896515, 1.062585499996203, 1.0794315000093775, 1.062063000004855, 1.0947846000053687, 1.047396199996001, 1.0479278999991948, 1.0639985000016168, 1.0510205000027781, 1.2211564000026556, 1.0620108999864897, 1.0602195999963442, 1.0300434999953723], "benchmark": [1.0442452999996021, 1.0824622999934945, 1.0868205000006128, 0.9770764999993844, 1.1729903999948874, 1.071691400007694, 1.0595878999884007, 1.0571418999898015, 1.049635199990007, 1.084327899996424, 1.0600420999980997, 1.0484618000045884, 1.0710033000068506, 1.0536928000074113, 1.0416129999939585, 1.0580564999982016, 1.0318650999979582, 1.0543027999956394, 1.0518117000028724, 1.0487297999934526, 1.0422251999989385, 1.041238500009058, 1.0583060999924783, 1.02884549999726, 1.0492943999997806, 1.017182600000524, 1.0513840000057826, 1.0499581000040052, 1.054585699996096, 1.0761818000028143, 1.1453166999999667, 1.0592555000039283, 1.0434358000056818, 1.0537758999998914, 1.0640279999934137, 1.0542382000130601, 1.0711956000013743, 1.0537511000002269, 1.052519199991366, 1.0646311999880709, 1.075283699989086, 1.0829630000080215, 1.0830704999971204, 1.0595962999941548, 1.1730976999970153, 1.0757455000129994, 1.0705006000061985, 1.0755773999990197, 1.048298599998816, 1.0547476999927312, 1.0397865000122692, 1.048831699998118, 1.240557400000398, 1.0545741000096314, 1.0459414000069955, 1.009563799991156, 1.0299393000022974, 1.0863803999964148, 1.0520789999864064, 0.9883402999985265, 1.0320719000010286, 1.0910846000042511, 1.0662419000000227, 1.039303800003836, 1.0064486999908695, 1.0683680999936769, 1.0723418999987189, 1.1005453000107082, 1.0678577000071527, 1.0119292000017595, 1.0734403999958886, 1.0329603999998653, 1.0759658999886597, 1.1268531999958213, 1.0611969000019599, 1.087461399991298, 1.0866355000034673, 1.0535968000040157, 1.0826437000068836, 1.2027703000057954, 1.0598718999972334, 1.131394799987902, 1.1255814000032842, 1.233194899992668, 1.1997730000002775, 1.2081028000102378, 1.2163749000028474, 1.0612033000070369, 1.0811875000072177, 1.0937443000002531, 1.0799570999952266, 1.0839717999915592, 1.165083499989123, 1.0698990999953821, 1.1803978999960236, 1.2156372999888845, 1.1467225999949733, 1.045258800004376, 1.1096586000057869, 1.0551815999933751]}, "cpython": {"warmup": [1.1038145999918925, 1.1296082999906503, 0.9792019000014989, 1.1505635000066832, 1.0882927999919048, 1.1766147000016645, 0.9772516999946674, 1.0468609999952605, 1.034598600002937, 1.0308506000001216, 1.0690854999993462, 1.0700631999934558, 1.0601234000059776, 1.0511626999941655, 1.0760979000042425, 0.972803800003021, 1.0401534999982687, 1.0294240999937756, 1.0706231000076514, 1.025204900011886, 0.9847010000084992, 1.0704165999923134, 1.0227742999995826, 0.9832507999963127, 1.063644199995906, 1.0499857000104384, 1.0454328000050737, 1.03328540000075, 1.0364013000071282, 1.0804788000095868, 1.0474154999974417, 1.0447674999886658, 1.0689407000027131, 1.0342063999996753, 1.0743158999976004, 1.055644799998845, 1.0129624999972293, 1.0144773999927565, 1.042654399992898, 0.971019399992656, 1.0268806000094628, 0.9818968000035966, 1.0205100999883143, 0.9718447999912314, 1.0220027999894228, 1.0382768999988912, 1.052677900006529, 1.0334845000033965, 1.0727277000114555, 1.0472638999926858, 1.0288442000019131, 0.9923898000124609, 0.9917228000122122, 1.084327000004123, 1.0908182999992277, 0.9828896999970311, 1.069451500006835, 1.0369129000027897, 1.0385850000020582, 1.0909103999874787, 1.0355975000129547, 1.0418564999999944, 1.095039000007091, 1.055744199999026, 0.9984109999932116, 1.0604833999968832, 1.0188409999973373, 1.003708699994604, 1.0981047000095714, 0.9478438999940408, 1.0678845999937039, 1.0593440000084229, 1.0030583999905502, 1.0312015000090469, 0.9678734000044642, 1.0483467000012752, 1.0465426000009757, 1.0031689000024926, 1.0364683999941917, 1.0746651999943424, 1.054009200001019, 0.9887959000043338, 1.0386384000012185, 1.0693720999988727, 1.0282206999982009, 1.0490470999939134, 1.068312400006107, 1.0550338000030024, 1.0769673000031617, 1.105941999994684, 1.1621396000118693, 1.0823142000008374, 1.209940300002927, 1.0878804999956628, 1.0941659999953117, 1.0594534999981988, 1.0408269000035943, 1.0459333000035258, 1.0822460999916075, 1.0741524000040954], "benchmark": [1.0893636999971932, 1.035846999991918, 1.0479817999876104, 1.155563299995265, 1.181732800003374, 1.0060458999942057, 0.987083399988478, 1.052642399998149, 1.1190128000016557, 1.1608430999913253, 1.080183300000499, 1.0029587999888463, 1.1670814999961294, 1.1964277000079164, 1.1073766000044998, 1.0800058000022545, 1.066639299999224, 1.083026099993731, 1.110523800001829, 1.078994399998919, 1.0532099999982165, 1.090846999999485, 1.1024309000058565, 1.1431694000057178, 1.0833830000046873, 1.0707130999944638, 1.0920093000022462, 1.0876745999994455, 1.04016020000563, 1.2254149000073085, 1.0228838000039104, 1.087264799993136, 1.0406543999997666, 1.046939799998654, 1.0660052999883192, 1.0038768999947933, 1.0383208999992348, 1.1120656999992207, 1.0904384999885224, 1.066639500000747, 1.0485488999984227, 1.0669124999985797, 1.0741360999963945, 1.0649467000039294, 1.070644400009769, 1.0853596999950241, 1.085950299995602, 1.0571327999932691, 1.0882285999978194, 1.145402299996931, 1.0696450999967055, 1.1127902000007452, 1.0704600000026403, 1.1113776999991387, 1.0408013999985997, 1.1794826000113972, 1.0064402999996673, 1.0625483000039821, 0.9977490000019316, 1.1062394000036875, 1.1033522999932757, 1.0871440000046277, 1.1050327999982983, 1.228197700009332, 1.1472303999908036, 1.1535350999911316, 1.0564318999968236, 1.0663392999995267, 1.1976384000008693, 1.0495356999890646, 1.080908999996609, 1.0723779999971157, 1.0733814999985043, 1.1723658999981126, 1.066612000009627, 1.0643293000030098, 1.0425009000027785, 1.1471758999978192, 1.0646879999985686, 1.0712874000018928, 1.0893313999986276, 1.064396999994642, 1.0861902999895392, 1.0655371000029845, 1.1844114999985322, 1.1089383000071393, 1.073319299990544, 1.065313300001435, 1.1559447999898111, 1.0804260000004433, 1.0534270999924047, 1.0837284000008367, 0.9943640000128653, 1.0616414999967674, 1.0676804999966407, 1.0830423000006704, 1.160256200004369, 1.1976829000050202, 1.0103440999955637, 1.0606031999923289]}}