{"nuitka": {"warmup": [1.146462699995027, 1.182172000000719, 1.1138255999976536, 1.1012836000008974, 1.1137951999990037, 1.1131821000017226, 1.1027465999941342, 1.1521993999922415, 1.0930324999935692, 1.0885708999994677, 1.1107652000064263, 1.303169999999227, 1.0958036999945762, 1.101401400010218, 1.0984982999943895, 1.0735439999989467, 1.123832899989793, 1.1052429999981541, 1.099494100009906, 1.335052700000233, 1.3114186000020709, 1.070485699994606, 1.0824107000080403, 1.0915251999977045, 1.0826831000013044, 1.1021266000025207, 0.9724534999986645, 1.070840300002601, 1.0545931999949971, 1.085357700008899, 1.040065199995297, 1.0940809000021545, 1.1553508999932092, 1.1223596000054386, 1.143421800006763, 1.1429180999984965, 1.1101544000121066, 1.1085810999938985, 1.1075962000031723, 1.119918600001256, 1.1061337999999523, 1.1020386000018334, 1.0362292000063462, 1.1191071999928681, 1.1074079000100028, 1.1058256999967853, 1.1084671999997227, 1.1264955999940867, 1.1034106000006432, 1.1226358999992954, 1.1313723999919603, 1.1138551000040025, 1.3126085999974748, 1.1119497000036063, 1.0820424999983516, 1.1065418000071077, 1.1059100999991642, 1.1051143999939086, 1.1256406000029529, 1.0875279999891063, 1.119399599992903, 1.0887397999904351, 1.0874543999962043, 1.0928201999922749, 1.1204593000002205, 1.0973002999962773, 1.0668320000113454, 1.125097199997981, 1.0986982000031276, 1.100062400000752, 1.0941197000065586, 1.090724900001078, 1.1351192000001902, 1.108866599999601, 1.1071351999999024, 1.1721093000087421, 1.0742125999968266, 1.0948658999986947, 1.1107764999906067, 1.3398539000045275, 1.1399129999917932, 1.1100787000032142, 1.1210960000025807, 1.1062205999915022, 1.0867556000011973, 1.1380662000010489, 1.136970299994573, 1.0957526999991387, 1.1234897999966051, 1.1109786000015447, 1.0868375999998534, 1.1126781000057235, 1.0754816999979084, 1.0781868000049144, 1.1072959000011906, 1.1098613999929512, 1.0895450999960303, 1.0861581999924965, 1.0766751999908593, 1.069259099996998], "benchmark": [1.1303878000035184, 1.3702714000100968, 1.1106761999981245, 1.0941376999981003, 1.1015213999926345, 1.0897062000003643, 1.0996486000076402, 1.1149196000042139, 1.1395649000041885, 1.1533603999996558, 1.1089369999972405, 1.0824571999983164, 1.1027407999936258, 1.097737899995991, 1.0759852000046521, 1.0803158000053372, 1.078398899990134, 1.0661753000022145, 1.0744749000004958, 1.0689467999909539, 1.0901516000012634, 1.087690799991833, 1.0708414999971865, 1.1018724000023212, 1.0801082000107272, 1.1054782999999588, 1.1207102999906056, 1.0894795999920461, 1.0816211000055773, 1.082855999993626, 1.0845349000010174, 1.0944684999994934, 1.0760184999962803, 1.0974251000006916, 1.088967199990293, 1.1379640999948606, 1.1014636999898357, 1.1041066000034334, 1.1177017000009073, 1.3290276000043377, 1.1022683999908622, 1.0898122000071453, 1.0953674999909708, 1.1399941999989096, 1.3275946999929147, 1.1107936000043992, 1.1304095999948913, 1.0888703999953577, 1.0743342999921879, 1.0919633000012254, 1.1370093000005, 1.072943999999552, 1.1054194000025745, 1.1127033000084339, 1.1086719000013545, 1.1056599000003189, 1.0957231999927899, 1.117786500006332, 1.1152128999965498, 1.0864832999941427, 1.101033400002052, 1.0879812000057427, 1.0866685999935726, 1.0641756999975769, 1.0613214999902993, 1.1038147999934154, 1.3832392999902368, 1.1148031000047922, 1.111184500012314, 1.1154962000000523, 1.1251667000033194, 1.1381169999949634, 1.0778456999978516, 1.0634884999890346, 1.074501600000076, 1.0988523999985773, 1.0686909999931231, 1.0547630000073696, 1.0612625000067055, 1.08004179999989, 1.3211271000036504, 1.1012959000072442, 1.3253960000001825, 1.0989246000099229, 1.1165940000064438, 1.083885400003055, 1.1143388000054983, 1.0838303999917116, 1.1013264000066556, 1.1141849999985425, 1.08307860000059, 1.090917100009392, 1.145952999999281, 1.0884930000029271, 1.1054395000101067, 1.0709418000042206, 1.110477299997001, 1.1108859999949345, 1.0860535999963759, 1.0910357999964617]}, "cpython": {"warmup": [1.1441646999883233, 1.136827100010123, 1.1663493000087328, 1.147499600003357, 1.2098341999953846, 1.2081270000053337, 1.1675683000066783, 1.1677163999993354, 1.1833381000033114, 1.154489000007743, 1.1638787999982014, 1.1987298000021838, 1.1927336000080686, 1.1805059000034817, 1.2042301000037696, 1.175909400000819, 1.1373183999967296, 1.1548362000030465, 1.1729332999966573, 1.19494560000021, 1.2130618000082904, 1.2057892000011634, 1.1710107999970205, 1.176114800007781, 1.1554190000024391, 1.166938599999412, 1.1755984000046737, 1.1551021000050241, 1.1478250999934971, 1.1637524999969173, 1.1974932000011904, 1.2029655000078492, 1.1965606000012485, 1.196957599997404, 1.1463102999987314, 1.173260899988236, 1.1561486999999033, 1.1830838000023505, 1.2001894999993965, 1.1704432999977143, 1.3917536999942968, 1.1615729000041028, 1.155390100000659, 1.1649960999930045, 1.1798950000084005, 1.1733184999902733, 1.203593699989142, 1.185017499999958, 1.2029632999910973, 1.2584958000079496, 1.1965474999888102, 1.1823000999866053, 1.1707343999878503, 1.1692383000045083, 1.177464799999143, 1.1686167000007117, 1.1763555000070482, 1.1651247999980114, 1.1998110999993514, 1.16990110000188, 1.2613130999961868, 1.1760017999913543, 1.183735099999467, 1.1746639000048162, 1.2207429999980377, 1.1973350000043865, 1.1695848999952432, 1.1849499000090873, 1.1592590999935055, 1.2238070000021253, 1.177985999995144, 1.1906292000057874, 1.2037166000081925, 1.1732946999982232, 1.170690700004343, 1.1692177999939304, 1.163284800000838, 1.1688882999878842, 1.2044538999907672, 1.1913209999911487, 1.1867339000018546, 1.1821071000013035, 1.1753316999966046, 1.1707309000048554, 1.2197291999909794, 1.1949963999941247, 1.1634499000065261, 1.1584173000010196, 1.180950900001335, 1.1599759999953676, 1.1836717999976827, 1.1902381999971112, 1.1815997999947285, 1.21175289999519, 1.1625734000117518, 1.1925388999952702, 1.1653870000009192, 1.1653377000038745, 1.166729700009455, 1.1925537000061013], "benchmark": [1.1999805999948876, 1.2012488000036683, 1.195826000010129, 1.2123795000079554, 1.1742529000039212, 1.2161137999937637, 1.1925740000006044, 1.194566299993312, 1.1707774999958929, 1.1730413000041153, 1.1473263999941992, 1.1763375000009546, 1.202447799994843, 1.222475200003828, 1.1460641999874497, 1.2187714999890886, 1.1702038000075845, 1.1861322000040673, 1.1983618000085698, 1.1901348999963375, 1.1643179999955464, 1.1852361999917775, 1.199120799996308, 1.212817300009192, 1.1868796000053408, 1.2106337000004714, 1.230654399987543, 1.2486265000043204, 1.222129899993888, 1.1573623000003863, 1.1793947999976808, 1.1667841000016779, 1.2047499000036623, 1.169061700013117, 1.1945216999883996, 1.1758928000053857, 1.2276817000092706, 1.213321500006714, 1.1771470999956364, 1.1955361000000266, 1.208217200008221, 1.167988500004867, 1.21570729999803, 1.1916228000045521, 1.1864027999981772, 1.157661500008544, 1.1633628999989014, 1.1564461999951163, 1.2260945000016363, 1.1921010999940336, 1.1974237999966135, 1.1771254000050249, 1.1709044000017457, 1.2113234999997076, 1.2075027999962913, 1.205813799999305, 1.1786499000008916, 1.198702299996512, 1.143246799998451, 1.1777164000086486, 1.1636154000007082, 1.1550623000075575, 1.1806240000005346, 1.1721468999894569, 1.1627026999922236, 1.1904974000062793, 1.1803340000042226, 1.1641184999898542, 1.1934106999979122, 1.1746474000101443, 1.1701398000004701, 1.20011930000328, 1.2548716999881435, 1.160300699993968, 1.2050038000015775, 1.1785795999894617, 1.2290341000043554, 1.2205326000112109, 1.1459986999980174, 1.1914478999970015, 1.1686090000002878, 1.1633524999924703, 1.1811879000015324, 1.2198833000002196, 1.1892637999990257, 1.184010800003307, 1.186445699990145, 1.169162599995616, 1.1562694999884116, 1.1903053999994881, 1.1632313000009162, 1.190181300000404, 1.183707999996841, 1.169601200002944, 1.183344400007627, 1.1781583999982104, 1.1825144000031287, 1.1851457000011578, 1.1894551000004867, 1.1755324999976438]}}