{"nuitka": {"warmup": [0.9895550000073854, 0.8276506999973208, 0.8282675999944331, 0.8290219999908004, 0.8274297000025399, 0.8276518999919062, 0.8281799999967916, 0.8285712999932002, 0.8278442000009818, 0.8280590000067605, 0.8282610000023851, 0.8278607999964152, 0.8283107000024756, 0.8278101999894716, 0.8283615999971516, 0.8284068000066327, 0.8279307000047993, 0.8279326000047149, 0.8283089000033215, 0.828478899988113, 0.8277708999958122, 0.8279357999999775, 0.8290137000003597, 0.8273161999968579, 0.8281125000066822, 0.8280168999917805, 0.8282589000009466, 0.8279283000010764, 0.8285272999928566, 0.8280664000049001, 0.827682500006631, 0.8282067999971332, 0.9378291000030003, 0.8277869000012288, 0.8282592000032309, 0.827891399996588, 0.8282277999969665, 0.8280430000013439, 0.828443199992762, 0.8278941000025952, 0.8279523000092013, 0.828133600007277, 0.828239599999506, 0.8289443999965442, 0.8272010999935446, 0.8287091000092914, 0.8276972000021487, 0.8282367000065278, 0.8277718000026653, 0.828892999998061, 0.8274442999972962, 0.8284240000066347, 0.8281750000023749, 0.8281452000082936, 0.8282529999996768, 0.8278000999998767, 0.8285415999998804, 0.8277873000042746, 0.8280327999964356, 0.8283059999957914, 0.8277803000091808, 0.829097300011199, 0.8274802999949316, 0.8290221999923233, 0.8277440000092611, 0.8276173000049312, 0.8282092000008561, 0.9376902999938466, 0.9374874999921303, 0.9372730000031879, 0.8281913999962853, 0.8287095999985468, 0.8280551000061678, 0.8281921000016155, 0.8279639999964274, 0.8283948999887798, 0.8280273999989731, 0.8280037000076845, 0.8286153000080958, 0.827829699992435, 0.8277515999943716, 0.8283112000062829, 0.8279775000119116, 0.8282489999983227, 0.9407662000012351, 0.8282955000031507, 0.8278476999985287, 0.8280338999902597, 0.8280795000027865, 0.8282745000033174, 0.8281610999983968, 0.828224600001704, 0.8280325999949127, 0.8280737000022782, 0.8279157999932067, 0.8283128999901237, 0.8284856999962358, 0.8275140000041574, 0.8283268999948632, 0.9373859999905108], "benchmark": [0.9331551999930525, 0.8284645000094315, 0.8283041999966372, 0.8276685000018915, 0.8285994000034407, 0.8275925000052666, 0.8284348000015598, 0.8281890000071144, 0.8284508000069764, 0.8281414000084624, 0.8278628999978537, 0.8281582999916282, 0.8280283999920357, 0.8283954999933485, 0.8278372999920975, 0.8284952999965753, 0.8279439000034472, 0.8280551000061678, 0.828385699991486, 0.8277923999994528, 0.8284250999859069, 0.8279170000023441, 0.8280788999982178, 0.8277917999948841, 0.8285985999973491, 0.828027600000496, 0.8280750999983866, 0.8279699999984587, 0.8281617000029655, 0.8280583000014303, 0.8285838000010699, 0.8279674000077648, 0.8278592999995453, 0.8281449999922188, 0.8279957000049762, 0.8282623999984935, 0.8280637999996543, 0.828361899999436, 0.8278386999882059, 0.828225699995528, 0.8282591000024695, 0.8282951999863144, 0.8277368999988539, 0.8280909000022803, 0.8282624999992549, 0.8345150999957696, 0.8280550999916159, 0.8282233999925666, 0.8285477999888826, 0.827570099994773, 0.8278904000035254, 0.8282273999939207, 0.8281968000082998, 0.8279436000011628, 0.828141100006178, 0.8289158999978099, 0.8275467000057688, 0.8279126999987056, 0.8289241000020411, 0.8272007999912603, 0.8283031000028132, 0.828227699996205, 0.8282828999945195, 0.8281723999971291, 0.827760500003933, 0.828589099997771, 0.8280681999895023, 0.8281634000013582, 0.8285109999997076, 0.8279828999948222, 0.8289292999979807, 0.8273098999925423, 0.828263599993079, 0.8276931000000332, 0.8283700000029057, 0.828036399994744, 0.8285717000107979, 0.8277450000023236, 0.8347514000051888, 0.8284968000079971, 0.8342918000125792, 0.8284482000017306, 0.8276560000085738, 0.8281497999996645, 0.8282131999876583, 0.8284240000066347, 0.8281229999993229, 0.8275368000031449, 0.8285559999931138, 0.9370791999972425, 0.8285384000046179, 0.8276741000008769, 0.8284324999985984, 0.8276768000068842, 0.8316216000093846, 0.8282446000084747, 0.828168399995775, 0.8282413000124507, 0.8281838999973843, 0.9438560999988113]}, "cpython": {"warmup": [0.9744599999976344, 0.8752074000076391, 0.8599418999947375, 0.9683014000038384, 0.8593307999981334, 0.9694192000024486, 0.8593816999928094, 0.8592443999950774, 0.8591049999959068, 0.8597638999926858, 0.8602230000105919, 0.858994399997755, 0.8594984999945154, 0.8595074000040768, 0.8600583999941591, 0.8588543999940157, 0.8595185000012862, 0.8596660000039265, 0.8594030999956885, 0.8591199999937089, 0.9691593000025023, 0.8591904999921098, 0.969375399989076, 0.9684713999886299, 0.9684510999941267, 0.9686940999963554, 0.8593249999976251, 0.9688026000076206, 0.8597444999904837, 0.9682888999959687, 0.9691036000003805, 0.8593808000005083, 0.8595423999940977, 0.8592206000030274, 0.8594734000071185, 0.8596216999867465, 0.8595615000085672, 0.8593503000010969, 0.8591019000014057, 0.8601206000021193, 0.9686176999966847, 0.8596158000000287, 0.8599741000070935, 0.8599966000037966, 0.8585856999998214, 0.9688402000028873, 0.8591540999914287, 0.9691747000033502, 0.8749045000004116, 0.8595179000112694, 0.8596137000131421, 0.9684228999976767, 0.9693261000065831, 0.9693057999975281, 0.8594247000000905, 0.8588439999875845, 0.9688316999963718, 0.8597841000009794, 0.9690014000079827, 0.8587573999975575, 0.9689146000018809, 0.8592176000092877, 0.9687598000018625, 0.8749463999993168, 0.9750648000044748, 0.8592994999926304, 0.8596581000019796, 0.9687474999955157, 0.9685654000059003, 0.8593704999948386, 0.8592717999999877, 0.8595980999962194, 0.9687139000016032, 0.9686639999999898, 0.9598700000060489, 0.8592538999946555, 0.9688746999891009, 0.8593193999986397, 0.8594108999968739, 0.8590012000058778, 0.9688533000007737, 0.9688390000083018, 0.8750817999971332, 0.8593718000047375, 0.9687552999967011, 0.8592168000031961, 0.9688504999940051, 0.9693196000007447, 0.9680702000041492, 0.8592846000101417, 0.8592014000023482, 0.8596399999951245, 0.9687819000100717, 0.8592200999992201, 0.8594220999948448, 0.8595263000024715, 0.9687657999893418, 0.9689215000107652, 0.9686758000025293, 0.8590669999975944],