{"nuitka": {"warmup": [1.3811494999972638, 1.2704001999954926, 1.1099161000020104, 1.1193236999970395, 1.0884508000017377, 1.0995814000052633, 1.100154100000509, 1.1150598999956856, 1.1201016999984859, 1.1056353000021772, 1.122834800000419, 1.2450648000085494, 1.1408818999916548, 1.1168277999968268, 1.142079900004319, 1.1030003000050783, 1.083289500005776, 1.1050199000019347, 1.0813763000041945, 1.0810194999939995, 1.1095153000060236, 1.120033200000762, 1.1350320000055945, 1.103812300003483, 1.160631500009913, 1.137970800002222, 1.15142160000687, 1.0848998000001302, 1.0832682000036584, 1.1544666000118013, 1.0970281999907456, 1.0930764999939129, 1.296774300004472, 1.0998702999931993, 1.0977016999968328, 1.092690900011803, 1.0765064000006532, 1.1260037000029115, 1.1313110000046436, 1.0832951000047615, 1.1348064999911003, 1.0967963999864878, 1.087103500001831, 1.1969112000078894, 1.1233246000047075, 1.1395829000102822, 1.111693099999684, 1.1025425999978324, 1.1203797000052873, 1.1128721999994013, 1.1015265000023646, 1.091635499993572, 1.082481599994935, 1.1215307000093162, 1.098872400005348, 1.094201999992947, 1.0731086999876425, 1.0962949999957345, 1.1293797999969684, 1.1106255000049714, 1.0611119999957737, 1.0832884999981616, 1.0757926000078442, 1.1039534000010462, 1.107484599997406, 1.105852299995604, 1.0989467000035802, 1.0820518999971682, 1.0912421999964863, 1.0906744999956572, 1.1132962999981828, 1.1204652000014903, 1.0813223000004655, 1.09790979999525, 1.077303199999733, 1.0910756999946898, 1.0924012000032235, 1.0964540999993915, 1.1260660000116332, 1.0786682000034489, 1.1165540000074543, 1.1073766000044998, 1.090127899995423, 1.306140200002119, 1.1265753000043333, 1.1055935000040336, 1.1082288999896264, 1.1209286999946926, 1.0904731000046013, 1.0743097000085982, 1.0867031999950996, 1.1041760999942198, 1.0842103000031784, 1.1076431999972556, 1.099174100003438, 1.0805171999963932, 1.0785876000009011, 1.0939999999973224, 1.1299551999982214, 1.1050730999995722], "benchmark": [1.0893716999999015, 1.1033517000032589, 1.0854238000029, 1.1092859000054887, 1.1066123000055086, 1.083205299990368, 1.1280393000051845, 1.1060612000001129, 1.1062455999926897, 1.0805333000025712, 1.1047579000005499, 1.1220964999956777, 1.0856836000020849, 1.2781670999975177, 1.0811900999979116, 1.111771800002316, 1.132576699994388, 1.093523000003188, 1.086739000005764, 1.0963935000036145, 1.090790600006585, 1.0865469999989728, 1.098724299998139, 1.1088383999885991, 1.094512499999837, 1.1015800000022864, 1.1319838000054006, 1.0752763999917079, 1.0810090000013588, 1.3027045999915572, 1.0890364999941085, 1.1019796999898972, 1.082895900006406, 1.1084050000063144, 1.0953750000044238, 1.298283199997968, 1.1305303999979515, 1.1056836000061594, 1.071936899999855, 1.099719299993012, 1.0940836999943713, 1.0769862000015564, 1.1352010999980848, 1.0815337999956682, 1.1183324000012362, 1.072046400004183, 1.1035745999979554, 1.0979355000017677, 1.0849544999946374, 1.0977774999919347, 1.0986233999865362, 1.0992735999898287, 1.0921390000003157, 1.0888547000067774, 1.0799122999887913, 1.077933500011568, 1.0905549000017345, 1.109906099998625, 1.0771486000012374, 1.1107339000009233, 1.1235718999960227, 1.1071337000030326, 1.1314171999983955, 1.1234481999999844, 1.097363700013375, 1.1217159999941941, 1.1463786000094842, 1.087746999997762, 1.0930854000034742, 1.0964810000004945, 1.0894320999941556, 1.0913446999911685, 1.121029300004011, 1.1165412999980617, 1.1079993000021204, 1.067910200014012, 1.1256485000048997, 1.0809777000104077, 1.109736399987014, 1.114523600001121, 1.0836593999993056, 1.0909632999973837, 1.0961489000037545, 1.075330000006943, 1.0831279999983963, 1.136168800003361, 1.125277899991488, 1.1126895999914268, 1.0926352000096813, 1.0918720000045141, 1.0886620999954175, 1.0688959999970393, 1.0790492999949493, 1.0948044000106165, 1.0845930999930715, 1.084635099992738, 1.0879312000033678, 1.0788925999950152, 1.0844834000017727, 1.1087572000105865]}, "cpython": {"warmup": [1.1696469000016805, 1.2061143000028096, 1.2207227000035346, 1.1498227999982191, 1.1755413000064436, 1.1735616000078153, 1.1842433999991044, 1.1049536000064109, 1.1497157999983756, 1.1579289000073913, 1.1776743999944301, 1.1596529000089504, 1.1720857999898726, 1.1188112999952864, 1.1310248000081629, 1.1827362999902107, 1.1869817999977386, 1.142265899994527, 1.1652765999897383, 1.155573900003219, 1.1676339999976335, 1.154600499998196, 1.194994500008761, 1.1054363999865018, 1.1884057999996003, 1.155207399991923, 1.1605672000005143, 1.1760139000107301, 1.1905157000001054, 1.1578026999923168, 1.1571343999967212, 1.1432117999938782, 1.1022588999912841, 1.1592883999983314, 1.1402439999947092, 1.1695730000064941, 1.1814126999961445, 1.1499683000001824, 1.1917327000119258, 1.163598799990723, 1.0880614000052446, 1.1859574999980396, 1.1719822000013664, 1.1873563999979524, 1.1082656999933533, 1.1164317000075243, 1.1692466999957105, 1.1720877000043401, 1.1673216000053799, 1.1367185999988578, 1.1413036000012653, 1.0791305000020657, 1.1870977000071434, 1.1659298000013223, 1.0780742000060854, 1.161558399995556, 1.1421117999998387, 1.122280800002045, 1.157460300004459, 1.167954300006386, 1.1151848000008613, 1.1639205000101356, 1.1431420000008075, 1.1270477999933064, 1.1489600999921095, 1.1697756000066875, 1.1573974000057206, 1.1378507999907015, 1.1749910000071395, 1.1729767000069842, 1.1513286999979755, 1.187118100002408, 1.1612943999934942, 1.1550857999973232, 1.1495951999968383, 1.147854399998323, 1.1239524000120582, 1.1361445000075037, 1.1263689000043087, 1.1095915000041714, 1.1340625999873737, 1.1392354999989038, 1.1316253999975743, 1.1519563000038033, 1.2016153000004124, 1.1683735999977216, 1.1570854999881703, 1.1720335999998497, 1.1879753999965033, 1.1558730999968247, 1.1665323000052013, 1.156445500004338, 1.1406787999876542, 1.1816963000019314, 1.1194607999932487, 1.1430677000025753, 1.1741140999947675, 1.1193330999958562, 1.1577190999960294, 1.1216709000000264], "benchmark": [1.119952100008959, 1.1551278999977512, 1.1408767999964766, 1.1232468000089284, 1.1556544000050053, 1.1412854000082007, 1.1778945999976713, 1.1823705999995582, 1.18768380000256, 1.158406599992304, 1.1716945999942254, 1.189433999999892, 1.1696460999955889, 1.2175642999936827, 1.1860557000036351, 1.1541794999939157, 1.1623206999938702, 1.1550128000089899, 1.1010109999915585, 1.1438442999933613, 1.1481805000075838, 1.163656099990476, 1.1725237000064226, 1.1886630000080913, 1.1810951000079513, 1.1693599999998696, 1.1418000999983633, 1.1647940999973798, 1.149794800003292, 1.1521497999929124, 1.1667858000000706, 1.158984199995757, 1.1870804999925895, 1.1696239000011701, 1.1772277999989456, 1.151223900000332, 1.1606165999983205, 1.1534182999894256, 1.1775067999988096, 1.1539724999893224, 1.1536696999974083, 1.156585399992764, 1.1460707999940496, 1.1441369999956805, 1.1834151000075508, 1.1356233000115026, 1.1403549999959068, 1.1626180000021122, 1.1688226999976905, 1.1432706999912625, 1.1522486000030767, 1.177146999994875, 1.1772498999926029, 1.1323764999979176, 1.167707500004326, 1.193170700003975, 1.2156160000013188, 1.2107007000013255, 1.1649929000122938, 1.170936399998027, 1.1865627000079257, 1.1822664999926928, 1.1608454999950482, 1.1825410000019474, 1.1213443000015104, 1.1495681000087643, 1.150666600005934, 1.1803632999944966, 1.1434443000034662, 1.15579340000113, 1.19115490000695, 1.1703049000061583, 1.149098400012008, 1.1595511000050465, 1.1830172000045422, 1.1590958000015235, 1.1554412000114098, 1.1451587000046857, 1.1503073000058066, 1.0904559999908088, 1.1582259999995586, 1.1441080999939004, 1.147097200009739, 1.149411999998847, 1.1530995000066468, 1.1832039000000805, 1.0874793999973917, 1.1377818000037223, 1.1957542000018293, 1.2178343999985373, 1.1696094000071753, 1.1587426000041887, 1.1477130999992369, 1.1749544000049355, 1.1388856999983545, 1.1738078000053065, 1.1626494000083767, 1.1784074000024702, 1.1422049999964656, 1.172345500002848]}}