{"nuitka": {"warmup": [1.4414030000043567, 1.3050281000032555, 1.2889251000015065, 1.298375300000771, 1.2780599999969127, 1.268932599996333, 1.2297239000035916, 1.2727426000055857, 1.2947814999934053, 1.3078077000100166, 1.329317199997604, 1.1064538999926299, 1.2860101999976905, 1.3108065999986138, 1.295010200003162, 1.3235935999982757, 1.2910496000113199, 1.2803233000013279, 1.2717790000024252, 1.2795769999938784, 1.3073921999894083, 1.2777103999978863, 1.1307024999987334, 1.354501399997389, 1.2952996000094572, 1.2700137000065297, 1.3015566999965813, 1.3022960999951465, 1.3145672999962699, 1.285432699994999, 1.3024698000081116, 1.2418742000008933, 1.293938299990259, 1.2990678000060143, 1.2827593000110937, 1.2850065999955405, 1.285710600001039, 1.2920307000022149, 1.3268788999994285, 1.2919366999994963, 1.314033800008474, 1.3107566999970004, 1.3095888999960152, 1.317208499996923, 1.292327999995905, 1.2930501999944681, 1.3019866999966325, 1.2994244000001345, 1.3086315999971703, 1.285883599994122, 1.2940786999970442, 1.10223180000321, 1.116437799995765, 1.0786189999926137, 1.09015809999255, 1.1523108999972465, 1.1118561000039335, 1.1230553000059444, 1.106427699996857, 1.0941767000040272, 1.1181601999996928, 1.0812215999903856, 1.1179005000012694, 1.1141735999990487, 1.0778981000039494, 1.1048751000053016, 1.1091042000043672, 1.07378430000972, 1.0700829999987036, 1.0939079000090715, 1.108410000000731, 1.087735099994461, 1.0943841999978758, 1.1135770000109915, 1.0966472000000067, 1.0901954000000842, 1.1449576000013622, 1.095761800010223, 1.0679296999878716, 1.0857490000053076, 1.114479100011522, 1.0877687000029255, 1.1121988999948371, 1.0764035000029253, 1.0957073000026867, 1.1088903000054415, 1.0943743999960134, 1.0858740999974543, 1.0742333000089275, 1.1924162999930559, 1.0980777000077069, 1.1014079000015045, 1.1333192000020063, 1.2077262999955565, 1.085687400001916, 1.0821111000113888, 1.1041941000003135, 1.1256477999995695, 1.0875310999981593, 1.0763044000050286], "benchmark": [1.1046482999954605, 1.1073776999983238, 1.0982749000104377, 1.0654743000050075, 1.1101567000005161, 1.0777693999989424, 1.1689903999940725, 1.0949919000122463, 1.0793905000027735, 1.0761082999961218, 1.104799799999455, 1.1220316000108141, 1.1140557000035187, 1.1030045000079554, 1.0883154999901308, 1.125507299992023, 1.0822940000070957, 1.083443100011209, 1.0824509999947622, 1.0769424999889452, 1.0929512000002433, 1.0999814999959199, 1.1067353000107687, 1.0819755000120495, 1.0825068999984069, 1.1004870999895502, 1.1075279000069713, 1.0763688000006368, 1.0785703000001376, 1.0768881000112742, 1.0835537999955704, 1.1385162000078708, 1.084491200002958, 1.0896452000015415, 1.0973836000048323, 1.0851913999940734, 1.1077749000105541, 1.0789835000032326, 1.077306299994234, 1.096547900000587, 1.0890993999928469, 1.0721041000069818, 1.076521800001501, 1.0827568000095198, 1.1482212000119034, 1.2065582000068389, 1.0881001999950968, 1.111335900000995, 1.0738897999981418, 1.1100369000050705, 1.0826476999936858, 1.07432400000107, 1.1201841000001878, 1.1236302999895997, 1.0832125000015367, 1.0868359000014607, 1.0966921000072034, 1.1355875000008382, 1.0792826999968383, 1.0778264999971725, 1.1143769999907818, 1.0830697999917902, 1.0982207000051858, 1.0958597999997437, 1.099554900007206, 1.0814696000015829, 1.1090162999898894, 1.1202155000064522, 1.3150400000013178, 1.133357500002603, 1.0758597000094596, 1.1192513999994844, 1.0823528000037186, 1.0893462999956682, 1.1051746000011917, 1.3027732000045944, 1.0892146000114735, 1.0921271999977762, 1.102940499986289, 1.0769910999952117, 1.13873419999436, 1.0930381000071066, 1.0942380000051344, 1.081367799997679, 1.1370941000059247, 1.0811439999961294, 1.110793800005922, 1.087251799996011, 1.064966199992341, 1.0778236000041943, 1.0812963000062155, 1.333228000003146, 1.0706777000013972, 1.0791292999929283, 1.09074280000641, 1.0970331999997143, 1.077869800006738, 1.0809595000027912, 1.1135385000088718, 1.0962379999982659]}, "cpython": {"warmup": [1.1825122000009287, 1.164976600004593, 1.1420827000110876, 1.1586910000041826, 1.1682618000049843, 1.1146398999990197, 1.1369299999932991, 1.1500346999964677, 1.125047800000175, 1.117365800004336, 1.1762072000128683, 1.1464315000048373, 1.1301423999975668, 1.1242006000102265, 1.167360399995232, 1.1533747999928892, 1.128040300012799, 1.1544338000094285, 1.1492815999954473, 1.1372226999956183, 1.1407209000026342, 1.183505699998932, 1.131242299990845, 1.1485785999975633, 1.1744607000000542, 1.1223473999998532, 1.1406214000016917, 1.1954881999990903, 1.135009200006607, 1.1275708000030136, 1.1361934999877121, 1.134155699997791, 1.1470970000082161, 1.1488484000001336, 1.091889799994533, 1.1373868999944534, 1.177606299999752, 1.148937300007674, 1.1028457999927923, 1.170555200005765, 1.2030260000028647, 1.1362342999927932, 1.1113888999971095, 1.1354274000041187, 1.172015799995279, 1.1580219000024954, 1.143981300003361, 1.142990699998336, 1.150764200006961, 1.1660636000015074, 1.1581315999937942, 1.1446891999949003, 1.1820816999970702, 1.0485583000117913, 1.2026015000010375, 1.1542779000010341, 1.141281500007608, 1.1935218999860808, 1.171425199994701, 1.1098146000003908, 1.1295097999973223, 1.1394097000011243, 1.104796300001908, 1.155044099999941, 1.1700447000039276, 1.1536256000108551, 1.1717503999971086, 1.1457395000034012, 1.15880350000225, 1.169656700003543, 1.1496018000034383, 1.1611940000002505, 1.175258199989912, 1.167725999999675, 1.0495310000114841, 1.1734121999907074, 1.1244478999869898, 1.1585261999862269, 1.150817100002314, 1.1433956999971997, 1.1289659000030952, 1.1519091999944067, 1.1445777000044473, 1.1654181999911088, 1.1753814999974566, 1.2132285999978194, 1.166153199999826, 1.1448380000074394, 1.1798124000051757, 1.1577587999927346, 1.1678702000062913, 1.1885992000024999, 1.181428900003084, 1.1276432000013301, 1.1452188000112073, 1.1217621000105282, 1.143018899994786, 1.1436170999950264, 1.1025132999930065, 1.1759382000018377], "benchmark": [1.1640658999967854, 1.1860376999975415, 1.1652982999949018, 1.1505024999933084, 1.1668177999963518, 1.1431791999930283, 1.1626621000032173, 1.164141200002632, 1.1770690999983344, 1.1824723999889102, 1.1760276000131853, 1.159531800003606, 1.1190223000012338, 1.1715582000033464, 1.1431644999975106, 1.1882076999900164, 1.157370400003856, 1.147052900007111, 1.170098100003088, 1.1452888999920106, 1.1601164000021527, 1.2033081999979913, 1.1577173999976367, 1.15715949999867, 1.1684932999924058, 1.1592436999926576, 1.1418944000033662, 1.1426358000026084, 1.1383550999889849, 1.1538524999923538, 1.1737368000030983, 1.1448540999990655, 1.1669356000056723, 1.143537700001616, 1.117639499992947, 1.1176779000088573, 1.180477100002463, 1.1492383000004338, 1.1387877999950433, 1.1840553000074578, 1.1722444000042742, 1.1535564000078011, 1.1936139000026742, 1.1981760999915423, 1.1679815999959828, 1.17461380000168, 1.2016922999900999, 1.1688948000082746, 1.1788698000018485, 1.1551454000000376, 1.1413594000041485, 1.1537034000066342, 1.1714816000021528, 1.1793265000014799, 1.1838876999972854, 1.0556778000027407, 1.1760016000043834, 1.0661397999938345, 1.1523825000040233, 1.1384730999998283, 1.1373499000037555, 1.1463699000014458, 1.2590515000047162, 1.1493326000054367, 1.1681593999965116, 1.1444282000011299, 1.1606233999918913, 1.1514082999929087, 1.1886273999989498, 1.152788799998234, 1.1557327000045916, 1.1588180999970064, 1.1718145000049844, 1.152755300005083, 1.148106300010113, 1.1418662000069162, 1.2238961000111885, 1.1474646999995457, 1.1686345000052825, 1.153047300002072, 1.107501599995885, 1.1781528999999864, 1.1527143999992404, 1.166565300009097, 1.1747601000097347, 1.1348190999997314, 1.1788130999921123, 1.1649512000003597, 1.1703755000053206, 1.1403565000073286, 1.1392070000001695, 1.2054791999980807, 1.181349799997406, 1.1901014000031864, 1.219925500001409, 1.1569984999950975, 1.1670993000007002, 1.1431415999977617, 1.12849780000397, 1.1430009000032442]}}