{"nuitka": {"warmup": [0.7335479999892414, 0.6620618000160903, 0.6596165999944787, 0.6607045000127982, 0.6562310000008438, 0.6527413000003435, 0.6580647999944631, 0.6532288999878801, 0.655327100015711, 0.651533099997323, 0.6532125999801792, 0.6555691999965347, 0.6663964999897871, 0.6654828000173438, 0.6623162000032607, 0.6493536000198219, 0.6609288999752607, 0.656827600003453, 0.652468799991766, 0.653904800012242, 0.6595823999959975, 0.6614859999972396, 0.655436999979429, 0.6534419000090566, 0.6618305000010878, 0.6609306000173092, 0.6537434999772813, 0.6563735000090674, 0.6551707000180613, 0.6505501000210643, 0.6523494999855757, 0.6530176000087522, 0.6604454999906011, 0.6634647000173572, 0.6592556000105105, 0.6600884000072256, 0.6568269999988843, 0.6562898000120185, 0.6533935999905225, 0.654828800004907, 0.6608539999870118, 0.6552509999892209, 0.6562205000082031, 0.6580062000139151, 0.6544858000124805, 0.6582546000136063, 0.6621542999928351, 0.6579673999804072, 0.6570748999947682, 0.6523190999869257, 0.6579693999956362, 0.6502478000184055, 0.651956700021401, 0.668568499997491, 0.6567244000034407, 0.6661307000031229, 0.6584709000017028, 0.6589860999956727, 0.660196899989387, 0.6584401000000071, 0.6499654999934137, 0.6569484999927226, 0.6586436000070535, 0.6608871000062209, 0.6568454999942333, 0.6573466999980155, 0.659623300016392, 0.6630755999940448, 0.6574652999988757, 0.6521730999811552, 0.6639283999975305, 0.6643937999906484, 0.6609543000231497, 0.6712028999754693, 0.6543368000129703, 0.6590075000131037, 0.6632864999992307, 0.6522740999935195, 0.6601858999929391, 0.6540118000120856, 0.6656723000050988, 0.6624637999921106, 0.6577943000011146, 0.6565547999925911, 0.6623818000080064, 0.660805799998343, 0.6610361999773886, 0.6543529000191484, 0.6575191000010818, 0.660753800009843, 0.6605201000056695, 0.6531004999997094, 0.6558071000035852, 0.6520840000011958, 0.6607282999902964, 0.6558317999879364, 0.6589597999991383, 0.6524715999839827, 0.6547123999916948, 0.6595609000069089], "benchmark": [0.6590293000044767, 0.656123100023251, 0.6630573000002187, 0.6565447000029963, 0.6568783999828156, 0.6599098000151571, 0.6635665000067092, 0.6598576000251342, 0.6635174000111874, 0.6529436000273563, 0.6586040999973193, 0.6597932000004221, 0.6768872000102419, 0.6570358999888413, 0.6547577999881469, 0.6549761999922339, 0.6539630999905057, 0.6627097000018694, 0.657698299997719, 0.6531828000152018, 0.6583379999792669, 0.6562077999988105, 0.6613875000039116, 0.6514395999838598, 0.6639916000131052, 0.6545142999966629, 0.6573301000171341, 0.6560772000229917, 0.6525130000081845, 0.6547062000026926, 0.6615928999963216, 0.6619163999857847, 0.6579182999848854, 0.660337300010724, 0.6615613999892958, 0.666879099997459, 0.6580959999992047, 0.6574598999868613, 0.6536653999937698, 0.6560370000079274, 0.658003100019414, 0.6587887000059709, 0.6599740000092424, 0.6600628000160214, 0.6701068999827839, 0.655982700001914, 0.653691700019408, 0.6626162999891676, 0.6570052000170108, 0.6592596000118647, 0.6600784999900497, 0.6584547999955248, 0.6513876000244636, 0.6521904999972321, 0.6583215999999084, 0.6577780000225175, 0.6554848999949172, 0.6561990999907721, 0.6629286000097636, 0.6557219999958761, 0.6587189999991097, 0.6555224999901839, 0.659588199981954, 0.6581681999959983, 0.6651642000069842, 0.6563865000207443, 0.6571274999878369, 0.6541454999824055, 0.6621169999998529, 0.6557669000176247, 0.6558246000204235, 0.6588877000031061, 0.6540845000126865, 0.6577421000110917, 0.660653300001286, 0.6601558999973349, 0.6631229000049643, 0.6548541999945883, 0.6512044999981299, 0.6506273999984842, 0.6562983999901917, 0.6581209999858402, 0.6541997000167612, 0.6517481000046246, 0.6503566000028513, 0.6586938999826089, 0.6574331000156235, 0.6633785999729298, 0.6575556000170764, 0.6528463000140619, 0.6598720000183675, 0.6517495000152849, 0.6577786000270862, 0.6590911000093911, 0.6564758000022266, 0.654737099976046, 0.655872500006808, 0.6561031999881379, 0.6620582999894395, 0.6699818999913987]}, "cpython": {"warmup": [0.7417171999986749, 0.7467637000081595, 0.7371207999822218, 0.750099400000181, 0.7337879000115208, 0.7368201999925077, 0.7336519999953452, 0.7563067000010051, 0.7364836999913678, 0.7389450999908149, 0.7510116000194103, 0.7327274999988731, 0.7434558999957517, 0.7375869000097737, 0.7392246999952476, 0.7467017000017222, 0.734153299999889, 0.7353991999989375, 0.7333648999920115, 0.7380912000080571, 0.739630300027784, 0.7391844999801833, 0.748259500018321, 0.7331647999817505, 0.7349876000080258, 0.7371780999819748, 0.7421782000164967, 0.7381009999953676, 0.7398890999902505, 0.7352141999872401, 0.7400405000080355, 0.7448569999833126, 0.7316962000040803, 0.7338361000001896, 0.7505943999858573, 0.7380242999934126, 0.7373026999994181, 0.7385678999999072, 0.7367606000043452, 0.735754099994665, 0.7333475000050385, 0.7329204000125173, 0.7339172000065446, 0.7338230999885127, 0.7344367999758106, 0.739566600008402, 0.7368784999998752, 0.7395479999831878, 0.732728600007249, 0.741944000008516, 0.7351878999907058, 0.7358314000011887, 0.738037200004328, 0.7339518999797292, 0.7408307000005152, 0.7478464000159875, 0.7413143000158016, 0.7371711999876425, 0.735582199995406, 0.7372597999928985, 0.7378529999987222, 0.7426083000027575, 0.7366240000119433, 0.7484163999906741, 0.7366068999981508, 0.740070800005924, 0.7374454999808222, 0.7366744999890216, 0.7364126000029501, 0.7334028000186663, 0.7381885999930091, 0.7465789999987464, 0.737857800006168, 0.734214800002519, 0.7422115000081249, 0.7415672999923117, 0.7359122000052594, 0.7676273999968544, 0.7375602999818511, 0.7346156999992672, 0.7414188000257127, 0.7514992999786045, 0.7496672000270337, 0.7458731999795418, 0.7400095999764744, 0.7356934000272304, 0.7419905999850016, 0.7426277000049595, 0.7461826000071596, 0.7331384999852162, 0.7358124000020325, 0.7393261999823153, 0.7360517999914009, 0.7397950000013225, 0.7487819000089075, 0.7490069999767002, 0.7324891000171192, 0.7433849000080954, 0.7378359000140335, 0.7515178000030573],