{"nuitka": {"warmup": [0.9953223000011349, 1.0157130000006873, 0.995898599998327, 0.9785785999993095, 0.9863430000004882, 0.9981631999999081, 0.997805499999231, 0.987602599998354, 0.99335020000035, 0.9944092999994609, 0.983439499999804, 1.0189394999997603, 1.0132830000002286, 0.9784557000002678, 1.0602194999992207, 0.9975353999998333, 1.002330900000743, 0.9789903999990202, 1.0046046999996179, 0.9792655999990529, 0.9861274000013509, 1.0049822000000859, 0.9975527000005968, 1.0078380999984802, 0.9994300000016665, 0.9956532999985939, 0.9852016000004369, 0.9937195000002248, 0.9926685000009456, 0.995616100000916, 0.9872271999993245, 0.982067900000402, 1.0039634000004298, 0.9949771999999939, 0.9883293000002595, 0.99163149999913, 0.9995308000015939, 0.9993592999999237, 0.9921909000004234, 0.9952628999999433, 0.9856706999999005, 1.0103105999987747, 0.9937346000006073, 0.994694700000764, 0.998723799999425, 1.0299365999999281, 0.9999877000009292, 0.9925116000013077, 0.9892712000000756, 0.9822947000011482, 1.0062448999997287, 0.9998510999994323, 0.9938712999992276, 0.9911659999997937, 0.9965536999989126, 0.9921142999992298, 0.9815501000011864, 0.9944216999992932, 0.9793399000009231, 0.981681799999933, 0.9891031000006478, 0.9841235000003508, 0.9806091999998898, 0.9996329000005062, 1.002610800000184, 1.0039988000007725, 0.9795145999996748, 1.0043378000009398, 0.9849111999992601, 0.9810001000005286, 0.9845152999987477, 0.9869638000000123, 1.0019951999984187, 0.9774250000009488, 1.0006771999997, 0.9928729999992356, 0.988485199999559, 0.9936699999998382, 0.9927955000002839, 0.9918995000007271, 0.9817050999990897, 0.9816898999997647, 1.0049618000011833, 0.9828807000012603, 0.9834570000002714, 0.9962129999985336, 0.9994392999997217, 0.9930607999995118, 0.9828243000010843, 0.9788429000000178, 0.9994530999993003, 0.9907660000008036, 1.0087165999993886, 0.9892796000003727, 0.9919140000001789, 0.9938430000001972, 0.9940373999997973, 0.9864972999985184, 0.9879147999999986, 0.9832786999995733], "benchmark": [0.992493600000671, 0.9985426999992342, 0.9829583999999159, 0.9871843000000808, 0.9884304999995948, 0.9894572000011976, 0.9981415000002016, 0.9838440000003175, 0.9870598999987124, 0.9938016999985848, 0.978333200000634, 0.9752261000012368, 0.9886267999991105, 0.9797437999986869, 0.9889093999991019, 0.9770091000009415, 0.9855590000006487, 0.9860539000001154, 0.988064499999382, 0.9922451999991608, 0.9816210000008141, 1.0002633000003698, 0.9829528999998729, 0.996234899999763, 0.9944470999998885, 0.9855208999997558, 1.0050113999986934, 1.0043778999988717, 1.007487900000342, 0.9888848999999027, 1.0019053999985772, 0.9813317999996798, 0.9789168000006612, 1.0159813000009308, 0.9892653999995673, 0.9868673999990278, 0.9790661000006367, 0.9798797000003105, 0.977838900000279, 0.9798761999991257, 0.9920928999999887, 1.0071340000013151, 0.9859933999996429, 0.9918627999995806, 1.005010000000766, 0.9942147000001569, 0.9991069000006974, 0.9919687000001431, 0.988993599999958, 1.006643199998507, 0.9983257999992929, 1.0021100000012666, 0.9853047999986302, 0.9897146000002977, 0.998652399999628, 0.9793432000005851, 1.0053557999999612, 0.9847336000002542, 1.0333523999997851, 0.9861491999999998, 0.978665100001308, 0.9768647000000783, 0.9748944000002666, 1.0270302999997512, 1.0112972000006266, 0.9844724999984464, 1.0516182000010303, 0.9826166000002559, 0.9835906999996951, 1.0116816999998264, 0.9825397999993584, 0.989582899999732, 0.9950623000004271, 0.9888644999991811, 0.9869136000015715, 0.9799204999999347, 1.0012343999987934, 0.9852231000004394, 0.9759725999992952, 0.9821683000009216, 0.9761534999997821, 0.9796478999996907, 1.0222673999996914, 0.992053300000407, 0.9921942999990279, 0.999133700001039, 1.0040659999995114, 0.9878133000001981, 0.9940081999993708, 0.9897899999996298, 1.029598299999634, 0.9926677999992535, 0.9817567000009149, 0.9788837999985844, 0.9957288000005065, 0.9865874999995867, 0.9969495999994251, 0.9892816999999923, 1.0224214000008942, 0.9998846999988018]}, "cpython": {"warmup": [1.0394443000004685, 1.0322884999986854, 1.0362975000007282, 1.03308350000043, 1.0383935999998357, 1.0389416999987588, 1.0338843999998062, 1.0306157999984862, 1.0305970999997953, 1.029094100000293, 1.0279706999990594, 1.036153099999865, 1.02991209999891, 1.0376390000001265, 1.0306462999997166, 1.0344717000007222, 1.0439550000010058, 1.0320209000001341, 1.030096100001174, 1.0310884000009537, 1.0345803999989585, 1.032559699999183, 1.0371238999996422, 1.0346926000001986, 1.0322446000009222, 1.0466716999999335, 1.0415967000008095, 1.0359162999993714, 1.036233099999663, 1.0360375999989628, 1.0279189000011684, 1.034307699999772, 1.036038100000951, 1.0372846999998728, 1.0317193000009866, 1.0372666000002937, 1.0296235999994678, 1.028252000000066, 1.0293853000002855, 1.0306457999995473, 1.0338345000000118, 1.0347602000001643, 1.0317027000000962, 1.0321454999993875, 1.034607399999004, 1.032802099998662, 1.0344207999987702, 1.0341588000010233, 1.0371986000009201, 1.0313433000010264, 1.0319751000006363, 1.0398528999994596, 1.0330527999994956, 1.0277607000007265, 1.0353117000013299, 1.0336353999991843, 1.03165220000119, 1.0385375999994721, 1.0361866999992344, 1.0342748000002757, 1.0382822000010492, 1.0396318999992218, 1.045039300001008, 1.0280389999988984, 1.0881445999984862, 1.069254699999874, 1.5698078999994323, 1.0288032999997085, 1.0330728000008094, 1.0411516000003758, 1.0350409999991825, 1.0271136999999726, 1.0423112999997102, 1.0345808000001853, 1.029771500001516, 1.0283454000000347, 1.0305060999999114, 1.0287638999998308, 1.0297927999999956, 1.0297157000004518, 1.032517600000574, 1.0292409000012412, 1.0318910000005417, 1.0335783999998966, 1.0257247999998071, 1.0489983999996184, 1.0349450999983674, 1.0433310000007623, 1.0314527000009548, 1.0282151000010344, 1.0335087999992538, 1.0521253000006254, 1.0248819999997067, 1.0285672000009072, 1.0367242000011174, 1.0274908999999752, 1.0494361000000936, 1.0337763999996241, 1.0290659000002051, 1.025823699999819], "benchmark": [1.0302446000005148, 1.0325738999999885, 1.0371058999990055, 1.0305466999998316, 1.0319713999997475, 1.0333632999991096, 1.034895200000392, 1.031241199998476, 1.0258756000002904, 1.035106999999698, 1.0277906999999686, 1.0302704999994603, 1.0482839999986027, 1.0297379000003275, 1.0292785000001459, 1.0272518000001583, 1.0305779999998776, 1.028417300000001, 1.031796100000065, 1.0271468000009918, 1.0333080000000336, 1.0267144999997981, 1.0294418000012229, 1.0287274999991496, 1.0296878999997716, 1.0312069999999949, 1.0308084000007511, 1.0328317999992578, 1.031506299999819, 1.0336315000004106, 1.0304063000003225, 1.0302087999989453, 1.0315879000008863, 1.0308416999996552, 1.031335499999841, 1.02666710000085, 1.029918700000053, 1.0330346999999165, 1.0263132000000041, 1.0288621000017883, 1.0309550999991188, 1.0351097000002483, 1.0316844999997556, 1.0595405000003666, 1.0301691000004212, 1.03343809999933, 1.0332686000001559, 1.0311923000008392, 1.0330948999999237, 1.0271393000002718, 1.0332926999999472, 1.0275473000001512, 1.0267798000004404, 1.0273885000005976, 1.0308495000008406, 1.0356828999993013, 1.0315424000000348, 1.0377350999988266, 1.0313241000003472, 1.03362609999931, 1.0405012999999599, 1.0277949999999691, 1.0266472000002977, 1.028803199998947, 1.0278880000005302, 1.0349521999996796, 1.0433329999996204, 1.031655499999033, 1.028404300001057, 1.0317463999999745, 1.034023399999569, 1.0277647000002617, 1.0333897000000434, 1.0310819000005722, 1.0261905000006664, 1.0274063999986538, 1.0321937000007892, 1.0296462999995128, 1.0310470000003988, 1.0266819999997097, 1.0277048999996623, 1.0403684000011708, 1.0278005999989546, 1.030684499999552, 1.0266310999995767, 1.0321354999996402, 1.040338900000279, 1.0322725000005448, 1.0292814000004, 1.0312008000000787, 1.02761559999999, 1.0292582000001858, 1.0303741999996419, 1.0360430000000633, 1.0333972000007634, 1.0287000999996962, 1.0286439000010432, 1.0290857999989385, 1.0342455999998492, 1.0326605000009295]}}