{"nuitka": {"warmup": [1.366382700000031, 1.3497482000002492, 1.3423968000006425, 1.3410468000001856, 1.3411520999998174, 1.3479040000001987, 1.3425924000002851, 1.3429568000010477, 1.3395326000008936, 1.3373922999999195, 1.339902899999288, 1.3436856999996962, 1.3371107999992091, 1.3459029000005103, 1.3465892000003805, 1.3446137000009912, 1.3663230000001931, 1.3453581000012491, 1.3465775000004214, 1.3478047000007791, 1.3376764000004187, 1.3367401999985304, 1.340056099999856, 1.3402868999983184, 1.3442437000012433, 1.342698800001017, 1.3388453000006848, 1.3381607000010263, 1.3450016000006144, 1.3379550000008749, 1.3457992999992712, 1.3441216000010172, 1.34270430000106, 1.3434968999990815, 1.3363187000013568, 1.3361065000008239, 1.3409329999994952, 1.3364682999999786, 1.338905500000692, 1.338969200000065, 1.338642400000026, 1.3375930000001972, 1.343378000001394, 1.3394664999996166, 1.345230900000388, 1.3436196999991807, 1.340492400000585, 1.3381341000003886, 1.344609699999637, 1.3364637000013317, 1.3419714999999997, 1.3490796000005503, 1.338556000000608, 1.3406694999994215, 1.3451994999995804, 1.348376299998563, 1.3395041000003403, 1.3365635000009206, 1.3593560000008438, 1.3459626000003482, 1.3429668999997375, 1.3354307999998127, 1.359472399999504, 1.3456789000010758, 1.3459758999997575, 1.3495481000009022, 1.3460251000014978, 1.346763600000486, 1.3514789000000746, 1.354333700001007, 1.3413516000000527, 1.3502580000003945, 1.348160999999891, 1.3511218000003282, 1.3413030000010622, 1.3398007000014331, 1.3533317000001261, 1.3472555999996985, 1.3409213999984786, 1.3464651000012964, 1.3389480000005278, 1.3437061999993603, 1.3387409999995725, 1.343478500000856, 1.3452225000000908, 1.3392626000004384, 1.3450035999994725, 1.3425308000005316, 1.3365231000007043, 1.341577099999995, 1.338312900001256, 1.3371705999998085, 1.340859799998725, 1.3430322000003798, 1.3391855000008945, 1.3435024000009435, 1.3393396999999823, 1.3413555000006454, 1.3425649000000703, 1.3482963999995263], "benchmark": [1.3407518999993044, 1.337027699999453, 1.3466403000002174, 1.344511400000556, 1.3481646000000183, 1.3448611000003439, 1.3470211000003474, 1.3439478000000236, 1.340983399999459, 1.3377645000000484, 1.3462051000005886, 1.345375899998544, 1.3433659999991505, 1.345418899998549, 1.33706119999988, 1.3487356000005093, 1.350214699999924, 1.341114099999686, 1.3457680999999866, 1.3434003000002122, 1.3457890999998199, 1.3388825000001816, 1.3375185999993846, 1.3439695999986725, 1.3388417000005575, 1.3361831000001985, 1.3433781999992789, 1.3381853999999294, 1.3378894999987097, 1.3436602000001585, 1.3449008999996295, 1.3395937999994203, 1.3443509999997332, 1.3395290000007662, 1.3395901000003505, 1.3435087999987445, 1.338892699999633, 1.336985799998729, 1.350169299999834, 2.6230337000015425, 1.337919100000363, 1.34165159999975, 1.341519600000538, 1.3496820000000298, 1.341778300000442, 1.3408772999991925, 1.3643006999991485, 1.3427425999998377, 1.3467798000001494, 1.3445012999982282, 1.3395743000000948, 1.3469683000002988, 1.351814399999057, 1.341661299999032, 1.3371256999998877, 1.3404265999997733, 1.349507499999163, 1.3433408000000782, 1.3435421000012866, 1.3590478999994957, 1.3440555000015593, 1.3348165999996127, 1.349840699998822, 1.337906999999177, 1.3437305000006745, 1.341078400000697, 1.3370708000002196, 1.3438132999999652, 1.3395918999995047, 1.340720299998793, 1.3710769999997865, 1.3452075000004697, 1.338670600000114, 1.3417074999997567, 1.351254000001063, 1.3409367999993265, 1.3419243000007555, 1.345023100000617, 1.3475517999995645, 1.3456640000003972, 1.3403218999992532, 1.3390072000001965, 1.338132000000769, 1.333325400000831, 1.3418926000013016, 1.341122699999687, 1.340038000000277, 1.3442737999994279, 1.3434887000003073, 1.343773600001441, 1.3410563999987062, 1.336830000000191, 1.3431705000002694, 1.3404004000003624, 1.3473422000006394, 1.339701300001252, 1.3389477000000625, 1.346567700000378, 1.3374731000003521, 1.3471337999999378]}, "cpython": {"warmup": [1.6498278999988543, 1.6306612999997014, 1.6351872000013827, 1.6318654999995488, 1.630084899999929, 1.6385616000006848, 1.6334791000008408, 1.6334208999996918, 1.628661100001409, 1.6326279999993858, 1.6359606000005442, 1.6363467000010132, 1.6643707000002905, 1.633929999999964, 1.6371046000003844, 1.6303114999991521, 1.6397591000004468, 1.6303005999998277, 1.6322101000005205, 1.6338730999996187, 1.638329599998542, 1.642285300000367, 1.6348123000007035, 1.6358507000004465, 1.633042999999816, 1.6401899000011326, 1.638511600000129, 1.6355643999995664, 1.6377345000000787, 1.6376560000007885, 1.6368994000004022, 1.637748899998769, 1.6396606999987853, 1.6322699000011198, 1.6440714000000298, 1.6319340000009106, 1.630613799999992, 1.6651887999996688, 1.6300873000000138, 1.6360615999983565, 1.637822300001062, 1.6334681999996974, 1.6321095999992394, 1.6373239000004105, 1.6371330000001763, 1.6310192000000825, 1.633111999999528, 1.6413587000006373, 1.6298946000006254, 1.6370753999999579, 1.6359118999989732, 1.6366161999994802, 1.6335235000005923, 1.6400111999992077, 1.6361288000007335, 1.636319299999741, 1.6421926000002713, 1.6335108000002947, 1.6343801999992138, 1.6336229999997158, 1.631449700000303, 1.642415300000721, 1.6357613000000129, 1.6327300000011746, 1.6331771000004665, 1.6298277999994752, 1.6351706000004924, 1.6355655000006664, 1.6372425000008661, 1.6313159000001178, 1.6368655999995099, 1.640232300000207, 1.636076900000262, 1.6359227000011742, 1.6312665000004927, 1.6414337999995041, 1.6417087000008905, 1.629119700000956, 1.6345684000007168, 1.6394966000007116, 1.6356350999994902, 1.6342351999992388, 1.63507109999955, 1.6340029000002687, 1.63646080000035, 1.6336976999991748, 1.6403277999997954, 1.6415513000010833, 1.63765389999935, 1.6372667999985424, 1.635335800001485, 1.6631474000005255, 1.6294548000005307, 1.637109799999962, 1.6350290999998833, 1.6330391999999847, 1.6337210000001505, 1.638022600000113, 1.6375997999984975, 1.6352501000001212], "benchmark": [1.6286087999997108, 1.638726700000916, 1.6349511999997048, 1.6397790999999415, 1.63647470000069, 1.6311351999993349, 1.6392383000002155, 1.638377599998421, 1.6448824999988574, 1.6293551999988267, 1.63551649999863, 1.6412689999997383, 1.6361923000004026, 1.640253900000971, 1.6341668000004574, 1.6464122999987012, 1.6323842000001605, 1.6340533999991749, 1.6361183000008168, 1.6352250999989337, 1.6376460999999836, 1.6465471999999863, 1.6349730000001728, 1.6384699999998702, 1.639365999999427, 1.6328909999992902, 1.6321098999997048, 1.6372940000001108, 1.6326639999988402, 1.634728900000482, 1.6407108999992488, 1.6399407000008068, 1.6397600999989663, 1.6345682999999553, 1.6332249999995838, 1.6351621000012528, 1.6414260000001377, 1.638793699999951, 1.6367879999997967, 1.6333468000011635, 1.6388078999989375, 1.631144500001028, 1.6345983000010165, 1.634796299998925, 1.6371447999990778, 1.6375032000014471, 1.6366959000006318, 1.6380014999995183, 1.6344432999994751, 1.6340546999999788, 1.6363001999998232, 1.634889099999782, 1.6328346999998757, 1.6509210000003804, 1.637335899999016, 1.6351821000007476, 1.6276156000003539, 1.636263800000961, 1.6316901999998663, 1.6323427999996056, 1.6344275999999809, 1.6390013999989606, 1.6378538999997545, 1.6331706999990274, 1.6404926000013802, 1.6372539000003599, 1.6329471999997622, 1.6321358999994118, 1.634791899999982, 1.6374493000002985, 1.642201799999384, 1.6337832000008348, 1.6347855999993044, 1.637398700000631, 1.6330647999984649, 1.641617799999949, 1.6355358000000706, 1.6362718000000314, 1.6411527000000206, 1.6351309000001493, 1.6503068000001804, 1.6385002000006352, 1.632588399999804, 1.6333102000007784, 1.638842399999703, 1.634452299998884, 1.639766000000236, 1.63726029999998, 1.6478809000000183, 1.6397596999995585, 1.6334186000003683, 1.6416642000003776, 1.6359778000005463, 1.6809741000015492, 1.6389222999987396, 1.6348422999999457, 1.634037100000569, 1.640693299999839, 1.6372319999991305, 1.6410725000005186]}}