{"nuitka": {"warmup": [1.758217099999456, 1.7843729000014719, 1.7634581999991497, 1.7629693999988376, 1.7225551000010455, 1.7682224999989558, 1.7543756999984907, 1.8161889000002702, 1.727908100001514, 1.803137799997785, 1.7251542000012705, 1.7327650000006543, 1.7577906000005896, 1.776426199998241, 1.7704679000016768, 1.733139600000868, 1.7295427999997628, 1.7336589000005915, 1.782337100001314, 1.789299399999436, 1.785200199999963, 1.7534930000001623, 1.7346213000018906, 1.7600426000026346, 1.771722099998442, 1.7728788999993412, 1.7308903000011924, 1.7305620000006456, 1.8216534000021056, 1.7287881000011112, 1.7466941999991832, 1.844985399999132, 1.745085200000176, 1.7556605000027048, 1.7535357999986445, 1.7909414999994624, 1.7600550000024668, 1.7785222999991674, 1.7556149999982154, 1.844014900001639, 1.7769821000001684, 1.8378450000018347, 1.7600232000004326, 1.7693666000013764, 1.7730019000009634, 1.7315709000031347, 1.7592930999999226, 1.7445815000028233, 1.7308418000029633, 1.7470997999989777, 1.8137029999998049, 1.7582070000025851, 1.7608330000002752, 1.7679483000028995, 1.7701875999991898, 1.735138399999414, 1.7637939999985974, 1.8339157000009436, 1.726534499997797, 1.741194500002166, 1.7453745999991952, 1.7244148000027053, 1.7349867999982962, 1.8009601999983715, 1.7524962999996205, 1.8105944999988424, 1.7807667999986734, 1.8017859999999928, 1.7389450000009674, 1.7787645000025805, 1.7772979000001214, 1.8258133000017551, 1.80401669999992, 1.7812850999980583, 1.7610973000009835, 1.7767898000020068, 1.738894899997831, 1.7231764999996813, 1.7162496999990253, 1.7897975000014412, 1.7938423000014154, 1.8105730000024778, 1.7636050000000978, 1.7538468999991892, 1.7395488000001933, 1.7171873000006599, 1.8306784000014886, 1.7754586999981257, 1.748288799997681, 1.7711008000005677, 1.7949986999992689, 1.7497799000011582, 1.7821397999978217, 1.740293799997744, 1.760194100002991, 1.7840995999977167, 1.724335399998381, 1.8155939999996917, 1.8933474000004935, 1.8621566000001621], "benchmark": [1.7904939000000013, 1.7291451999990386, 1.740829999998823, 1.7553985999984434, 1.7289512999996077, 1.7477093000015884, 1.8109315000001516, 1.7841872999997577, 1.7612597000006645, 1.7896344000000681, 1.802181399998517, 1.7558729000011226, 1.7298898000008194, 1.744102100001328, 1.7337473000006867, 1.8367545000000973, 1.7393539999975474, 1.778014900002745, 1.7339324000022316, 1.7260612999998557, 1.7596005000013974, 1.7789196000012453, 1.7765772999991896, 1.76264529999753, 1.8437984000011056, 1.751075200001651, 1.8029247999984364, 1.741071100001136, 1.7659521000023233, 1.7579069000021263, 1.810784400000557, 1.729068600001483, 1.7688565999997081, 1.7510328999997, 1.7148052000011376, 1.7218018999992637, 1.7511401000010665, 1.738677800000005, 1.729622599999857, 1.7381707999993523, 1.8035395000006247, 1.76056520000202, 1.7377230999991298, 1.8269266999996034, 1.7203069999995932, 1.7872754000018176, 1.7629964000007021, 1.751845200000389, 1.8432127000014589, 1.7272970999983954, 1.7766934999999648, 1.7396460999989358, 1.771556600000622, 1.8754071000003023, 1.7674737000015739, 1.7622938999993494, 1.7865800999970816, 1.7860400999998092, 1.7677045999989787, 1.776321299999836, 1.755464199999551, 1.7960633000002417, 1.7424795999977505, 1.7615914000016346, 1.7382325999969908, 1.7251802000027965, 1.769870300002367, 1.791508199999953, 1.810229499998968, 1.755173500001547, 1.7284508000011556, 1.7768926999997348, 1.7579652999993414, 1.7698945999982243, 1.741858900000807, 1.7436712000016996, 1.7220070000003034, 1.7325260999969032, 1.7615390999999363, 1.7739931999967666, 1.7609142999972391, 1.8259155999985524, 1.7602202000016405, 1.7575941999966744, 1.7709934999984398, 1.7576693000009982, 1.7289234000018041, 1.7348624999976892, 1.8294735999988916, 1.7549966000005952, 1.770890400002827, 1.7182876000006218, 1.7552543000019796, 1.740467899999203, 1.7386871999988216, 1.824179399998684, 1.7764014999993378, 1.7821743999993487, 1.734858300002088, 1.7452587999978277]}, "cpython": {"warmup": [2.2979496000007202, 2.3229757999979483, 2.268594299999677, 2.269803999999567, 2.272593899997446, 2.29793680000148, 2.3064622999991116, 2.2593302999994194, 2.3120426000023144, 2.359284900001512, 2.324225300002581, 2.2794501000025775, 2.2927477000012004, 2.300249200001417, 2.3174776999985625, 2.22051300000021, 2.369161200000235, 2.2634285999993153, 2.2830267999997886, 2.260362500001065, 2.2588622999974177, 2.244957599999907, 2.2902711999995518, 2.2908696999984386, 2.2363616000002366, 2.247517900003004, 2.2916464999980235, 2.2550198000026285, 2.3200943999981973, 2.2975707999976294, 2.2413142999976117, 2.2496716999994533, 2.239155799998116, 2.2980090999990352, 2.26679520000107, 2.3206223999986832, 2.267807799998991, 2.2828876999992644, 2.285801599999104, 2.2810217999976885, 2.2784979000025487, 2.2977775999970618, 2.260071799999423, 2.2688820000003034, 2.225566000000981, 2.25291930000094, 2.3266618000016024, 2.3103494999995746, 2.295009100002062, 2.3305369000008795, 2.2547811000004003, 2.284004000001005, 2.2769811999969534, 2.2401767000010295, 2.2385498999974516, 2.279550499999459, 2.2317933999984234, 2.318599300000642, 2.2478068999989773, 2.2953904000023613, 2.3658228000022063, 2.2675055999970937, 2.2319803000027605, 2.2994466999989527, 2.2709261999989394, 2.3572610000010172, 2.3217285000027914, 2.295070099997247, 2.337489599998662, 2.2963406999988365, 2.3080594999992172, 2.253416699997615, 2.2988764999972773, 2.259219200001098, 2.261378399998648, 2.263423199998215, 2.30030650000117, 2.2531565000026603, 2.245184799998242, 2.3613393000014185, 2.2668448999975226, 2.257301699999516, 2.2497679999978573, 2.267733299999236, 2.263150900002074, 2.2821325000004435, 2.2206638999996358, 2.276527999998507, 2.233208300000115, 2.280010599999514, 2.2695205000018177, 2.3710317999975814, 2.28333080000084, 2.275942699998268, 2.3267530000011902, 2.2306140000000596, 2.2746039999983623, 2.2669137999982922, 2.3227899000012258, 2.318656600000395], "benchmark": [2.3156955000013113, 2.2592750000003434, 2.271791300001496, 2.2726175999996485, 2.2460535999998683, 2.282349000000977, 2.3472297999978764, 2.32543749999968, 2.3292956999976013, 2.336532699999225, 2.2535718999970413, 2.2500319000027957, 2.298557100002654, 2.344815300002665, 2.2469741999993857, 2.2679509000008693, 2.299167599998327, 2.248518899999908, 2.2158089999975346, 2.258045700000366, 2.2451516000000993, 2.3192770999994536, 2.303514000002906, 2.278529299997899, 2.34119389999978, 2.2879095999996935, 2.2795473000005586, 2.249283600001945, 2.2562658000024385, 2.255841000001965, 2.2660772999988694, 2.280380200001673, 2.327533100000437, 2.2466155999973125, 2.2462640999983705, 2.2329767999981414, 2.2222863999995752, 2.308717300002172, 2.322030800001812, 2.30609639999966, 2.263598400000774, 2.2636825000008685, 2.2945708999977796, 2.2674466999997094, 2.269014400000742, 2.2274058000002697, 2.2732780000005732, 2.2768439999999828, 2.24914870000066, 2.211539300002187, 2.2693495999992592, 2.257347700000537, 2.292256600001565, 2.3133734000002733, 2.2491461999998137, 2.2671731999980693, 2.274797199999739, 2.237495699999272, 2.2450657000008505, 2.2525227000005543, 2.2226738999997906, 2.2862905000001774, 2.268746800000372, 2.241868199998862, 2.448550199998863, 2.244429999998829, 2.3030109999999695, 2.375531099998625, 2.3470218000002205, 2.2967878000017663, 2.2338249999993423, 2.2733453000000736, 2.3172561999999743, 2.2871070000001055, 2.24797849999959, 2.3001995000013267, 2.2962659999975585, 2.3214886999994633, 2.334779199998593, 2.3228020000024117, 2.2464111000008415, 2.2519133999994665, 2.3537538000018685, 2.2973731999991287, 2.2620076999992307, 2.287394499999209, 2.2407596000011836, 2.2902824000011606, 2.282717699999921, 2.2609243000006245, 2.2798887999997532, 2.2326288999975077, 2.325737200000731, 2.2560645999983535, 2.3177110999968136, 2.2542035000005853, 2.2965727999981027, 2.209549600000173, 2.2497810999993817, 2.2231040999977267]}}