{"nuitka": {"warmup": [1.3510295999985829, 1.306090599999152, 1.303939999997965, 1.3060518000020238, 1.3019417000032263, 1.3042810999977519, 1.3129888999974355, 1.3031631000012567, 1.3020259000004444, 1.3084739000005357, 1.3032452000006742, 1.3025574999992386, 1.2992034000017156, 1.304925699998421, 1.305002200002491, 1.3054373000013584, 1.3079940999996325, 1.3074092999995628, 1.3053794000006747, 1.3050149000009696, 1.314755300001707, 1.307770300001721, 1.3119181000001845, 1.3029093999975885, 1.3084791000001132, 1.3002629000002344, 1.3068935000010242, 1.3056270999986737, 1.3070944999999483, 1.305381000001944, 1.3126314000001003, 1.3059181999997236, 1.3253823000013654, 1.3024918000010075, 1.3046817000031297, 1.3008810999999696, 1.3095379000005778, 1.3089752999985649, 1.304064700001618, 1.3102216000006592, 1.3037881999989622, 1.3066507000003185, 1.3116329999975278, 1.3065795000002254, 1.310366100002284, 1.3181051000028674, 1.305841600002168, 1.31912729999749, 1.3168291000001773, 1.305141699998785, 1.3054297999988194, 1.3766285999990941, 1.3127314999983355, 1.3054395999970438, 1.3092986999981804, 1.3036428000013984, 1.3093528000026708, 1.3128501999999571, 1.3028177999985928, 1.30971910000153, 1.3040770000006887, 1.3078850999991118, 1.300790200002666, 1.3097535000015341, 1.3021067999980005, 1.3089742000011029, 1.3053346000015154, 1.3054959000000963, 1.3174607000000833, 1.3106464000011329, 1.3114776000002166, 1.3060931999971217, 1.307764600001974, 1.3049983000018983, 1.3277205000013055, 1.3095511000028637, 1.3129541000016616, 1.3116349999982049, 1.3055609000002733, 1.3024292000009154, 1.3149419999972451, 1.3031742999992275, 1.3049410999992688, 1.3060280000026978, 1.3129867000025115, 1.302280799998698, 1.308384699997987, 1.308767100003024, 1.3074354000018502, 1.3072668999993766, 1.3192426999994495, 1.3102474999977858, 1.3036915000011504, 1.3103621999980533, 1.3028580999998667, 1.3071099999979197, 1.306993300000613, 1.3005950000006123, 1.3063820000024862, 1.3148939999991853], "benchmark": [1.3021300000000338, 1.3038237999971898, 1.3175785000021278, 1.3049728000005416, 1.3052583999997296, 1.3064091999985976, 1.2992042000005313, 1.305723899997247, 1.3053418999988935, 1.3048438000005262, 1.3040942000006908, 1.3073249000008218, 1.3044948000024306, 1.303333500000008, 1.2993516999995336, 1.298618400000123, 1.309299299999111, 1.3031145999993896, 1.309851099998923, 1.3075028999992355, 1.3024287000007462, 1.307246500000474, 1.3064697000008891, 1.3094759000014164, 1.3039623999975447, 1.3088449999995646, 1.2999397999992652, 1.3063460000012128, 1.3056851000001188, 1.307356000001164, 1.3039620999988983, 1.3074039999992237, 1.3085255999976653, 1.3054816000003484, 1.3222158000025956, 1.3150533000007272, 1.3160570000000007, 1.3058182999993733, 1.3095018999993044, 1.3050353999969957, 1.3038323999971908, 1.3038102999998955, 1.311234599997988, 1.3090907000005245, 1.3085028000023158, 1.30809230000159, 1.3106178999987605, 1.308037200000399, 1.3012552000000142, 1.30775839999842, 1.316160200000013, 1.302442099997279, 1.312616999999591, 1.3043746999974246, 1.3014069000018935, 1.30580060000284, 1.30405150000297, 1.3072186000026704, 1.3032808999996632, 1.308959899997717, 1.3041289999964647, 1.3083374999987427, 1.3014914999985194, 1.3071157000013045, 1.309427300002426, 1.3059255000007397, 1.3019377000018721, 1.3072407999970892, 1.30771260000256, 1.3126921999974002, 1.3051348999979382, 1.3056154000005336, 1.3026728000004368, 1.3018520999976317, 1.307849200002238, 1.3039148999996542, 1.3033135000005132, 1.3022763000008126, 1.3044359000014083, 1.305886100002681, 1.3041091000013694, 1.3029532999971707, 1.303327999998146, 1.3042630000018107, 1.309559999997873, 1.304721000000427, 1.3110906000001705, 1.3106593999982579, 1.3119200999972236, 1.3026257999990776, 1.3047927000006894, 1.3130849000008311, 1.3056300000025658, 1.3056720999993559, 1.3073303000019223, 1.3145231999988027, 1.3038431999993918, 1.3049909000001207, 1.3149110000013025, 1.303229699999065]}, "cpython": {"warmup": [1.6694452999981877, 1.6583625999992364, 1.660629499998322, 1.652969499999017, 1.6558848999993643, 1.6547656000002462, 1.6552196000011463, 1.6501607999998669, 1.6705720999998448, 1.6539068999991287, 1.6493219000003592, 1.6521933000003628, 1.6571204000028956, 1.6508299999986775, 1.647762499997043, 1.657927500000369, 1.655873800002155, 1.6629546000003756, 1.652940200001467, 1.6625993999987259, 1.6592333999979019, 1.6549296999983198, 1.6668736999999965, 1.6536761999996088, 1.6519173000015144, 1.6631492999986222, 1.6584905000017898, 1.6577917000031448, 1.6750078000004578, 1.655077600000368, 1.6557252000020526, 1.6538098999990325, 1.662546100000327, 1.6529396999976598, 1.6609765000030166, 1.651976699999068, 1.6682417999982135, 1.6590370000012626, 1.6557032999990042, 1.6535054999985732, 1.6586906999982602, 1.6570213999984844, 1.6562580999998318, 1.656730200000311, 1.6623255999984394, 1.6554452999989735, 1.6601034999985131, 1.6524441000001389, 1.651290699999663, 1.653052800000296, 1.656674199999543, 1.6616691999988689, 1.6497372999983781, 1.6572252000005392, 1.6607738999991852, 1.6700463000015588, 1.6492781999986619, 1.6485033000026306, 1.6521109999994223, 1.6554016000009142, 1.6599299999979849, 1.6574676000018371, 1.6526183999994828, 1.6509833000018261, 1.6556360999966273, 1.6610088999987056, 1.6576017000006686, 1.6549032000002626, 1.652912000001379, 1.6568102999990515, 1.6574364000007336, 1.6516671999997925, 1.6539795999997295, 1.6691030999973009, 1.6560224999993807, 1.6512127999994846, 1.6568164000018442, 1.6629833999977564, 1.6519643999999971, 1.653013600000122, 1.6568205999974452, 1.6587088999986008, 1.6517262999986997, 1.649616499998956, 1.6530640000019048, 1.6498947000000044, 1.652847199999087, 1.657213499998761, 1.6529193999995186, 1.6558292000008805, 1.6577333999994153, 1.6567981999978656, 1.6532194999999774, 1.66137130000061, 1.6538646000008157, 1.6858044000000518, 1.6560256000011577, 1.6533919999965292, 1.6862451000015426, 1.6738218999998935], "benchmark": [1.654304100000445, 1.6543716999985918, 1.6557843000009598, 1.660243400001491, 1.6531304999989516, 1.7041476999984297, 1.6515816999999515, 1.6576198000002478, 1.6580431000002136, 1.6629432999980054, 1.6606803000031505, 1.6541165000016917, 1.6638898999990488, 1.6731725999998162, 1.6571008999999322, 1.654524900000979, 1.6591783000003488, 1.6555939999998373, 1.660623100000521, 1.6522699000015564, 1.6555877000027976, 1.654772400001093, 1.653426799999579, 1.6624097999992955, 1.6618471000001591, 1.6503111999991233, 1.664002800000162, 1.6551212999984273, 1.6521276999992551, 1.6564486000024772, 1.6532492000005732, 1.665469600000506, 1.6550639000015508, 1.6640277999977116, 1.6724418999983754, 1.6538395000025048, 1.6760966000001645, 1.6722565999989456, 1.6701490000014019, 1.6540953000003356, 1.6572417999996105, 1.6595849000004819, 1.6561911999997392, 1.6555582000000868, 1.6603748999987147, 1.650828800000454, 1.6538491999999678, 1.6565773000002082, 1.6615149000026577, 1.6741274999985762, 1.6592573999987508, 1.6498500000016065, 1.6553187999998045, 1.6681366000011622, 1.6583248000024469, 1.6639777999989747, 1.6603648999989673, 1.659698399998888, 1.653978400001506, 1.6549329000008584, 1.6547181999994791, 1.6492347000021255, 1.6518210000031104, 1.6571456999990914, 1.655286500001239, 1.6591545999981463, 1.6505230000002484, 1.6550692000018898, 1.655368499999895, 1.6523807000012312, 1.6504554000021017, 1.6548136999990675, 1.6607719999992696, 1.6543872000002011, 1.650752100002137, 1.6561951000003319, 1.6617570999987947, 1.6516602000010607, 1.6535594999986643, 1.6517719000003126, 1.6547073999972781, 1.6577977999986615, 1.651363199998741, 1.651273300001776, 1.658202300000994, 1.6494037999982538, 1.6565047999974922, 1.6544423999985156, 1.6524749000018346, 1.654689300001337, 1.6605487000015273, 1.6632749999989755, 1.6567136000012397, 1.6682863000023644, 1.652318300002662, 1.648304400001507, 1.6670220000014524, 1.6545901999998023, 1.6552582000003895, 1.6621000999984972]}}