{"nuitka": {"warmup": [1.4485056000121403, 1.405052700007218, 1.417615799990017, 1.4149134999897797, 1.4028511999931652, 1.4034020000108285, 1.412045399993076, 1.4047427999903448, 1.4086659000022337, 1.4059104999905685, 1.4054016000009142, 1.4117020999983652, 1.4072248000011314, 1.4014446000073804, 1.3974937000020873, 1.4066688000020804, 1.4029257000074722, 1.40068489999976, 1.4085367000079714, 1.4110527000011643, 1.4167940999905113, 1.4191571999981534, 1.413157000002684, 1.4056769000017084, 1.4073362999915844, 1.4078658999933396, 1.4056836999952793, 1.4085793000122067, 1.4029089999967255, 1.4149064999946859, 1.4151909000065643, 1.4023110999987694, 1.405415000001085, 1.3997366999974474, 1.4058364999946207, 1.4090365000010934, 1.4069092999998247, 1.4109822000027634, 1.4037099000124726, 1.4098720000038156, 1.4039701000001514, 1.4047330000030342, 1.4102457999979379, 1.406384900008561, 1.4105434999946738, 1.4301747999998042, 1.4093095999996876, 1.4049548000039067, 1.4078645999979926, 1.407829199990374, 1.4033402999921236, 1.4028585000050953, 1.4139399000123376, 1.4043685000069672, 1.4043328999978257, 1.407793699996546, 1.3962308000045596, 1.409372699999949, 1.4059798000089359, 1.3985817999928258, 1.4144132000074023, 1.4092219000012847, 1.405133799999021, 1.413882000008016, 1.4101812000008067, 1.4094263000006322, 1.4010533999971813, 1.4143623999989359, 1.4015903000108665, 1.4052248999942094, 1.4083981000003405, 1.4085207000025548, 1.4010656000027666, 1.404457900003763, 1.4044286999996984, 1.403127499987022, 1.4063249000028009, 1.4147724999929778, 1.3993478999909712, 1.4009157999971649, 1.4046611999947345, 1.4049364999955287, 1.4162747999944258, 1.4038192000007257, 1.4132571999944048, 1.404278499991051, 1.4086113999946974, 1.408461900005932, 1.414102599999751, 1.411763099997188, 1.4047846000030404, 1.404645700007677, 1.411451300009503, 1.4035798000113573, 1.4053962000034517, 1.399058299997705, 1.4004916999983834, 1.4094280999997864, 1.4142859999992652, 1.4039561999961734], "benchmark": [1.4078685999993468, 1.4032383000012487, 1.4014031999977306, 1.410242300000391, 1.409044999993057, 1.4103149000002304, 1.407883399995626, 1.405095699999947, 1.4057972000009613, 1.4182381999999052, 1.3999462999927346, 1.4078561999922385, 1.4022311000007903, 1.401062600009027, 1.4021154999936698, 1.3967319000075804, 1.4056610999978147, 1.4022001999983331, 1.4019771000021137, 1.4060215999925276, 1.422595000010915, 1.3977566999965347, 1.4111274000024423, 1.4072007999930065, 1.400539900001604, 1.3995292000035988, 1.3992168999975547, 1.400009200006025, 1.4043659000017215, 1.4016436000092654, 1.4012081999971997, 1.4016471000068123, 1.3981618000107119, 1.4042384999920614, 1.4072642999963136, 1.4074165999918478, 1.4047619000048144, 1.4011301999998977, 1.4070932000031462, 1.411005700007081, 1.4021012999874074, 1.402200600001379, 1.4052156000107061, 1.4005371000093874, 1.40676299999177, 1.4059119000012288, 1.402622399997199, 1.4190979999984847, 1.4089472000050591, 1.400315299993963, 1.4032875999982934, 1.4080779000069015, 1.4030178999964846, 1.4228023000032408, 1.4013305999978911, 1.40452070000174, 1.4151738999935333, 1.3956790999945952, 1.4090787000022829, 1.4026773999939905, 1.4023287000018172, 1.402893899998162, 1.4031465000007302, 1.405849800008582, 1.3989099000027636, 1.4164762000000337, 1.4036564999987604, 1.4048275999957696, 1.4006082999985665, 1.4094329999934416, 1.4073960999958217, 1.4067107000009855, 1.396409599998151, 1.4022209999966435, 1.3993311000085669, 1.407020900005591, 1.402561800001422, 1.4000994000089122, 1.3930608999944525, 1.3952404000010574, 1.4111267999978736, 1.3977588999987347, 1.395693799990113, 1.3984443999943323, 1.3981441999931121, 1.3979312000010395, 1.4075016999995569, 1.4078043000045, 1.3976748999994015, 1.407352099995478, 1.3956307000044035, 1.4037403000111226, 1.4040903000131948, 1.3967279000062263, 1.4058099999965634, 1.408469600006356, 1.4050063000031514, 1.4053526000061538, 1.3966253999969922, 1.4202564000006532]}, "cpython": {"warmup": [1.6339319000107935, 1.6235848999931477, 1.6301975999958813, 1.623877200006973, 1.6347132999944733, 1.6255315000016708, 1.629162900004303, 1.6310513000062201, 1.6319626000040444, 1.6281363999878522, 1.6354350000037812, 1.6298142000014195, 1.6217262999998638, 1.6315549999999348, 1.6366994000127306, 1.6242198999971151, 1.6214190000027884, 1.6255126999894856, 1.6365998999972362, 1.6383768999949098, 1.6307402000093134, 1.6449076999997487, 1.628411600002437, 1.627036699996097, 1.6252242000045953, 1.625304299988784, 1.6265666999970563, 1.6255866999999853, 1.624652900005458, 1.630058700000518, 1.620239700001548, 1.6237066000030609, 1.632921799988253, 1.6220616000064183, 1.6210719999944558, 1.6316815000027418, 1.6382879000011599, 1.6290203999960795, 1.61517879999883, 1.6252946000022348, 1.625242000009166, 1.625039899998228, 1.6240327999985311, 1.6367172000027495, 1.6348629999993136, 1.6365292000118643, 1.6275289000041084, 1.628597400005674, 1.623985600002925, 1.6174269999901298, 1.6283111999946414, 1.6363745999988168, 1.6225224000081653, 1.6254378000012366, 1.622413700009929, 1.6241649000003235, 1.6371933999907924, 1.6253376000095159, 1.6249704000074416, 1.623345900006825, 1.6293197999912081, 1.6280834000062896, 1.6269105999963358, 1.6683417000022018, 1.6234224000072572, 1.6252920999977505, 1.6272517000033986, 1.6348960000032093, 1.6285657999978866, 1.6491768000123557, 1.628187700000126, 1.6394197000045097, 1.6414822999940952, 1.6278656000067713, 1.627017299993895, 1.6198921999894083, 1.6316012000024784, 1.632075999994413, 1.6236189999908675, 1.6250612000003457, 1.625037699996028, 1.6260948000126518, 1.6212986999889836, 1.6330681000108598, 1.621571200012113, 1.6335471000056714, 1.6369694000022719, 1.620286200006376, 1.6315854999993462, 1.635876800006372, 1.6282358000025852, 1.6286698000039905, 1.6220842000038829, 1.623860899999272, 1.633826000004774, 1.6387678000028245, 1.6357360999973025, 1.641152600001078, 1.6280397000082303, 1.6263440000038827], "benchmark": [1.6288076999917394, 1.6273023999965517, 1.629260699992301, 1.6311384000000544, 1.6293359999981476, 1.637911300000269, 1.627700700002606, 1.633029999997234, 1.6413717999967048, 1.6384306999971159, 1.6338186000066344, 1.6329302999947686, 1.6383788999955868, 1.6244145999953616, 1.6247461000020849, 1.6356577999977162, 1.6286105000035604, 1.633139099998516, 1.6275208000006387, 1.6209022999973968, 1.6325818000041181, 1.6216334999917308, 1.6355933000013465, 1.6300494000024628, 1.6524310000095284, 1.6301931000052718, 1.6206881999969482, 1.6208829000097467, 1.6310789999988629, 1.6230080000095768, 1.6481920999940485, 1.629310300006182, 1.6298969000054058, 1.6248397000017576, 1.6341623999906005, 1.6370422000036342, 1.6314243999950122, 1.6286424999998417, 1.6225913999951445, 1.6225937999988673, 1.625314899996738, 1.6208344000042416, 1.6452060999872629, 1.626823600003263, 1.626696199993603, 1.6371819000050891, 1.62788559999899, 1.6232041000039317, 1.6206471000041347, 1.631213000000571, 1.6229926999949384, 1.616629299998749, 1.621288900001673, 1.627921499995864, 1.637688699993305, 1.6257399000023725, 1.6238825999898836, 1.6242605000006733, 1.6280854999931762, 1.6284803000016836, 1.6265153999993345, 1.625208699988434, 1.6200782999949297, 1.6303870999981882, 1.628998500003945, 1.6241081999905873, 1.6219524999905843, 1.6320948999928078, 1.6218181000003824, 1.6199353999982122, 1.6282267000060529, 1.631775000001653, 1.6301481999980751, 1.6211573999898974, 1.6386820000043372, 1.6239598999964073, 1.6310290999972494, 1.6279848999984097, 1.619881999999052, 1.6268924000032712, 1.6331492000026628, 1.630995499988785, 1.6292428000015207, 1.6282961000106297, 1.6229237000079593, 1.6256399999983842, 1.6273909999872558, 1.6333373999950709, 1.6254440999910003, 1.6176541000022553, 1.6258454000053462, 1.6257707999902777, 1.6238497999875108, 1.6320768000005046, 1.623623299994506, 1.6373221999965608, 1.6277867000026163, 1.6278503000066848, 1.6290945000073407, 1.6188436999946134]}}