{"nuitka": {"warmup": [0.6650127000029897, 0.6513708000129554, 0.6509734999999637, 0.6522226999950362, 0.6516651999991154, 0.6526127999968594, 0.6502344000036828, 0.6508442000049399, 0.6511403999902541, 0.6509481999964919, 0.6493101999949431, 0.6515072000038344, 0.6497477999946568, 0.6501750000024913, 0.6517842999892309, 0.6496957000053953, 0.6543638000002829, 0.6540985000028741, 0.6505214000062551, 0.654052199999569, 0.6509152000071481, 0.6503251999965869, 0.6514365000039106, 0.6509015999909025, 0.6513281999941682, 0.6525310999859357, 0.6520612999884179, 0.6504030999931274, 0.6520501999912085, 0.6514525000093272, 0.6507371000043349, 0.6489927999937208, 0.6484285999904387, 0.6496040999918478, 0.6511917000025278, 0.6506891999888467, 0.6507291000016266, 0.6502203999989433, 0.6507169999968028, 0.6496495000028517, 0.6501564000063809, 0.6495804000005592, 0.6521365999942645, 0.6500461999967229, 0.6502680999983568, 0.6546195999981137, 0.6505183999979636, 0.6522874000074808, 0.6506422999955248, 0.6506285999930697, 0.650878600004944, 0.6502231999911601, 0.649113599996781, 0.6523814999964088, 0.6544953000120586, 0.6502647000015713, 0.6517896000004839, 0.6495366000017384, 0.6499956000043312, 0.6517048999958206, 0.6509575999953086, 0.6515713999979198, 0.651510399999097, 0.6503462999971816, 0.6523339000123087, 0.6544572999991942, 0.6499840999895241, 0.6530715999979293, 0.6522122000023955, 0.6528334000031464, 0.6489624999958323, 0.6508325000031618, 0.6506992000067839, 0.6505392000108259, 0.652068399998825, 0.6487968000001274, 0.6495409000053769, 0.6489938999875449, 0.6503626000048826, 0.6501890999934403, 0.650030799995875, 0.6527021000074456, 0.6526765000016894, 0.6500421000091592, 0.6507305000122869, 0.6514019000023836, 0.6522396999935154, 0.6509528000024147, 0.6517238999949768, 0.6496250000054715, 0.6506598999985727, 0.650934800010873, 0.6511219999956666, 0.6519668999972055, 0.6512803999939933, 0.6518734999990556, 0.6518795000010869, 0.650284899995313, 0.6515279999875929, 0.6513563000044087], "benchmark": [0.6514142000087304, 0.6523402000020724, 0.6507345999998506, 0.6506880999950226, 0.6499280999996699, 0.6518419000058202, 0.6506644999899436, 0.6502029999974184, 0.6508108999987599, 0.6509689000085928, 0.6497987999900943, 0.650330499993288, 0.6529182999947807, 0.6488803999964148, 0.6508540000068024, 0.6499073000013595, 0.6528512000077171, 0.6521188000042457, 0.6503169000061462, 0.6487061999941943, 0.6502288000046974, 0.6498062000027858, 0.6502561000088463, 0.6519185999932233, 0.6521632999938447, 0.6497927000018535, 0.6508160999946995, 0.6509692999970866, 0.6529842000018107, 0.6529254999913974, 0.6509874000039417, 0.6515266000060365, 0.6504645000095479, 0.6494717000023229, 0.6507211999996798, 0.6499530000000959, 0.6509094000066398, 0.6500361999933375, 0.6516025000018999, 0.6506433000031393, 0.6500678000011249, 0.6497847999999067, 0.6503013999899849, 0.6512205000035465, 0.6508449999964796, 0.6511245000001509, 0.6504929999937303, 0.6507484000030672, 0.6503934999927878, 0.6509092000051169, 0.6498836999962805, 0.6525567999924533, 0.65017120000266, 0.6493998999940231, 0.6508217000082368, 0.6491346000111662, 0.6502776999986963, 0.6503181999869412, 0.6511963000084506, 0.6512092999910237, 0.6503874999907566, 0.6541399999987334, 0.6509805999958189, 0.6505250000045635, 0.6512464999977965, 0.6517142999946373, 0.6519030000054045, 0.6513991000101669, 0.6511554000026081, 0.6480516000010539, 0.6513345999992453, 0.6517347000044538, 0.6504596000013407, 0.6504820999980439, 0.6512848999991547, 0.6541068000078667, 0.6516768000001321, 0.6497501999983797, 0.6506596000108402, 0.6500977000105195, 0.6513268000126118, 0.650412699993467, 0.6503106000018306, 0.6543048000021372, 0.6521989000029862, 0.6498212000005879, 0.6513916999974754, 0.6519125000049826, 0.6507196000020485, 0.6535270000022138, 0.6504790000035428, 0.651224800007185, 0.650071800002479, 0.6506221000017831, 0.6509882999962429, 0.6503372000006493, 0.6505960999929812, 0.650282899994636, 0.6497606000048108, 0.6542131000023801]}, "cpython": {"warmup": [0.7506431999936467, 0.7405010000074981, 0.7436932999989949, 0.7394458999915514, 0.7399200000072597, 0.739452199995867, 0.7408704999979818, 0.7415036999882432, 0.7416307999956189, 0.7387777999974787, 0.7392462999996496, 0.7398511999926995, 0.7406195999938063, 0.7428251999954227, 0.74106380000012, 0.7385098999948241, 0.7406895999884, 0.7408663000096567, 0.7393572000000859, 0.740010199995595, 0.7385235000110697, 0.7379784999939147, 0.7410569000057876, 0.7392576999991434, 0.7400008999975398, 0.7399345000012545, 0.7406513000023551, 0.739431300011347, 0.7397610999905737, 0.7386678000038955, 0.7403525999980047, 0.7386724999960279, 0.7402066000067862, 0.7390635000047041, 0.7401841999962926, 0.739416500000516, 0.7382250999944517, 0.7396137000032468, 0.7411073999974178, 0.7417043000023114, 0.7406838000024436, 0.7399924999917857, 0.7443697999988217, 0.7409722000011243, 0.7405115000001388, 0.7403076000045985, 0.7412388999946415, 0.7410698000021512, 0.7399010000081034, 0.74003490000905, 0.7408945999923162, 0.7384503000066616, 0.741100400002324, 0.7397101000096882, 0.7409630999900401, 0.7401211999967927, 0.739904399990337, 0.7429227000102401, 0.7394688000058522, 0.7404629000084242, 0.7380212999996729, 0.7398287999967579, 0.7402813000080641, 0.7425656000123126, 0.7407050000037998, 0.7399313000059919, 0.7448910999955842, 0.7408824000012828, 0.7460865000030026, 0.7399806000030367, 0.7387134000018705, 0.7393625999975484, 0.7404181999881985, 0.740400700000464, 0.7420224000088638, 0.7392533999955049, 0.73884089999774, 0.7405255000048783, 0.739069399991422, 0.7404965000023367, 0.7414132000121754, 0.747980699990876, 0.7408586999954423, 0.7401634999987436, 0.7407149999926332, 0.7409463000076357, 0.7396046000067145, 0.7393664999981411, 0.7393694999918807, 0.739153599992278, 0.7400940999941668, 0.7419825000106357, 0.7392376000061631, 0.7444783999962965, 0.7433896999864373, 0.7409315999975661, 0.739326599999913, 0.7411178999900585, 0.7377294000034453, 0.7402498000010382],