{"nuitka": {"warmup": [1.8377914000011515, 1.7008152000053087, 1.7039245999912964, 1.67208259999461, 1.585186700001941, 1.686250500002643, 1.6350881999969715, 1.6265096999995876, 1.5884862999955658, 1.606415799993556, 1.576688799992553, 1.5929793999966932, 1.622742499996093, 1.566188400000101, 1.498735700006364, 1.6116768999927444, 1.572981700010132, 1.5891042000002926, 1.5927206999913324, 1.5679459999955725, 1.5999523999926168, 1.573950000005425, 1.6148733000009088, 1.5838280000025406, 1.6032094999973197, 1.5815200000070035, 1.643250100009027, 1.455470899993088, 1.6032070000073873, 1.6302666999981739, 1.6036673999915365, 1.5731841000088025, 1.492748099990422, 1.5608120000106283, 1.60283889999846, 1.5619833000091603, 1.6356189999933122, 1.5830679000064265, 1.50867220001237, 1.6191139000002295, 1.5082077000115532, 1.6190258999995422, 1.618328800002928, 1.58289479999803, 1.5766278999944916, 1.6031234999973094, 1.460869599992293, 1.5560515000106534, 1.5457548999984283, 1.5897732000012184, 1.5983321999956388, 1.5447106000065105, 1.5501288000086788, 1.5542661000072258, 1.5096328999934485, 1.6200627000071108, 1.5699615000048652, 1.5982167000038316, 1.570707399994717, 1.5855730999901425, 1.5840324000018882, 1.5494198000087636, 1.581004399995436, 1.474484799997299, 1.5582767000014428, 1.5286048999987543, 1.5707036999956472, 1.5734747000096831, 1.5846001000027172, 1.6172527000016998, 1.5538441999960924, 1.5636449000012362, 1.5706020000070566, 1.5712152999913087, 1.55353119999927, 1.5645532999915304, 1.5903875999938464, 1.581751899997471, 1.5928870999923674, 1.576745900005335, 1.5735882000008132, 1.5860653999989154, 1.479373599999235, 1.5671834999957355, 1.5585260999941966, 1.62126200000057, 1.5981005000066943, 1.5702565000101458, 1.554024400000344, 1.5786244999908376, 1.5959367000032216, 1.6000072000024375, 1.5584514000074705, 1.5499141999898711, 1.5551445000019157, 1.645157899998594, 1.56447830000252, 1.603158900004928, 1.5776385000062874, 1.5449175999965519], "benchmark": [1.5729370000044582, 1.58451500000956, 1.5394503999996232, 1.5999652999889804, 1.4394488999969326, 1.5475415999972029, 1.5579190999997081, 1.5561870999954408, 1.6142417000082787, 1.5533847000042442, 1.5816102000098908, 1.6171362000022782, 1.5881240999879083, 1.5852501000044867, 1.62371849999181, 1.598634800000582, 1.3555034000019077, 1.5936545000004116, 1.573428799994872, 1.6029205000086222, 1.5865062000084436, 1.6116645000001881, 1.5153633000008995, 1.5927407999988645, 1.5668432999955257, 1.5970262000046205, 1.5679239000019152, 1.575947699995595, 1.5753660000045784, 1.576694299990777, 1.5401334000052884, 1.6083931000030134, 1.5230995000019902, 1.5374674000049708, 1.561483200013754, 1.5936188999912702, 1.5861283999984153, 1.4833005000109551, 1.4343392000009771, 1.5784786000003805, 1.4367561999970349, 1.5371789000055287, 1.5880907000100706, 1.5842288999992888, 1.6180718999967212, 1.5763225999980932, 1.5731069999892497, 1.5877628000016557, 1.5763380999997025, 1.5832591999933356, 1.5968885000038426, 1.4821469000016805, 1.5756645000074059, 1.5590145000023767, 1.5591221999929985, 1.561547099991003, 1.5617863000079524, 1.5424126999860164, 1.5732776000077138, 1.5763727000012295, 1.592396899999585, 1.6185631999978796, 1.520270499997423, 1.5604239999956917, 1.6521760000032373, 1.5831010999972932, 1.5485424000071362, 1.5572147999919252, 1.5583332000096561, 1.54051539998909, 1.5786717000009958, 1.5285357999964617, 1.5967744999943534, 1.3681018999923253, 1.58031089999713, 1.6010765999963041, 1.576160600001458, 1.6035933999955887, 1.510074399993755, 1.5542421999998624, 1.569020199996885, 1.6036401000019396, 1.4315570000035223, 1.560175699996762, 1.499216800002614, 1.4958926999970572, 1.5484235000039916, 1.5891801999969175, 1.5462353000039002, 1.616032499994617, 1.595328299998073, 1.5698226999957114, 1.5650870999961626, 1.5558886000071652, 1.609074400010286, 1.5511199999891687, 1.5817946000024676, 1.440410300012445, 1.5858697999938158, 1.498645600004238]}, "cpython": {"warmup": [1.5509389999933774, 1.6355711999931373, 1.7036335000011604, 1.6149980000045616, 1.7051133000059053, 1.6280269999988377, 1.4866251999919768, 1.6098084999975981, 1.7452110000012908, 1.720749700005399, 1.499218099997961, 1.6075871999928495, 1.6272786999907112, 1.5879723999969428, 1.6076286000024993, 1.4990853000053903, 1.6355301000003237, 1.5774031999899307, 1.6135633000085363, 1.7259065999969607, 1.5963961000088602, 1.4821181999868713, 1.6112278000073275, 1.6279919000080554, 1.6261165000032634, 1.5292077000049176, 1.7106167999882018, 1.6494600000005448, 1.5296281000046292, 1.6562533999967854, 1.55995160000748, 1.5820646999927703, 1.6412655000021914, 1.5980949999939185, 1.481485900003463, 1.6534360999939963, 1.636499799991725, 1.5312198999890825, 1.6032678999908967, 1.6015279999992345, 1.6371541999978945, 1.6458244000095874, 1.6190895999898203, 1.6676439000002574, 1.6237129000073764, 1.6286721999931615, 1.737279099994339, 1.6048102000058861, 1.6343143999984022, 1.594728700001724, 1.5838671999954386, 1.6109345999866491, 1.6104369000095176, 1.6207181999925524, 1.4957542000047397, 1.5194455000018934, 1.63232259999495, 1.545074299996486, 1.6125306000030832, 1.7472750000015367, 1.4950358999922173, 1.5566509999916889, 1.6157884000131162, 1.4998081999947317, 1.5824308000010205, 1.6249139999999898, 1.5164560000121128, 1.5516462999949, 1.5310338999988744, 1.6214324999891687, 1.6444904999952996, 1.6926209000084782, 1.5220556999993278, 1.6099768999993103, 1.6221319999895059, 1.6475944999983767, 1.630890399988857, 1.6144961999962106, 1.502374299991061, 1.475943700002972, 1.614974500000244, 1.6400706999993417, 1.6950387000106275, 1.6007344999961788, 1.521700299999793, 1.597599300002912, 1.6097456000134116, 1.6259396999957971, 1.660047699988354, 1.5276481000037165, 1.5788902000058442, 1.602682199998526, 1.5863172999961535, 1.6840137999970466, 1.5841264000046067, 1.5176963999983855, 1.540802999996231, 1.5909948999906192, 1.4765598000085447, 1.7057369999965886], "benchmark": [1.6119183999981033, 1.4906285000033677, 1.581047400002717, 1.5922601000056602, 1.5148296000115806, 1.6077326000086032, 1.5806012999964878, 1.619759699999122, 1.566785200004233, 1.626087099997676, 1.5417401000013342, 1.6171198999945773, 1.4878266000014264, 1.6294721000012942, 1.5940893999941181, 1.5824308000010205, 1.6166378999914741, 1.5614675999968313, 1.6169662000029348, 1.5579750000033528, 1.6223658999952022, 1.498884700005874, 1.717277899995679, 1.471042100005434, 1.4969689999998081, 1.6347862999973586, 1.6581471000099555, 1.642381600002409, 1.550810900007491, 1.6408442999963881, 1.6051011999952607, 1.624872399988817, 1.684413199996925, 1.5446185000037076, 1.6681122000009054, 1.7566631000081543, 1.5493719999940367, 1.6461667999974452, 1.5172507999959635, 1.5984955000021728, 1.6262679999927059, 1.5914496000041254, 1.5428833000041777, 1.644981599994935, 1.7115694999956759, 1.6179690999997547, 1.5286638000106905, 1.7002493000036338, 1.6032171999977436, 1.574721099997987, 1.5946312000014586, 1.6483780999988085, 1.6249358999921242, 1.709390700008953, 1.5092905000055907, 1.5269078999990597, 1.5859976999927312, 1.512874699998065, 1.594046400001389, 1.6035581000032835, 1.4962904999993043, 1.6086230000073556, 1.6312408999947365, 1.6259438999986742, 1.5036843999987468, 1.6659516999934567, 1.4973768000054406, 1.6132192000077339, 1.732560199990985, 1.5418452000012621, 1.5710055999952601, 1.5590793000010308, 1.682107200002065, 1.6106743999989703, 1.5384237999969628, 1.5458839999919292, 1.489612199991825, 1.4945194000029005, 1.5021552000107476, 1.5252343000029214, 1.6851376999984495, 1.4964961999939987, 1.4954642000084277, 1.617939200004912, 1.4737405000050785, 1.6143425000045681, 1.6019923999992898, 1.4947174999979325, 1.6428212000027997, 1.6844771000032779, 1.6115941000025487, 1.5958620000019437, 1.664365499993437, 1.6837751999992179, 1.5174602000042796, 1.621301000006497, 1.6098794999998063, 1.6091409999935422, 1.6100300999969477, 1.4815352000005078]}}