{"nuitka": {"warmup": [2.356480799993733, 1.4503496999968775, 1.441055100003723, 1.441501799999969, 1.5046257999929367, 1.630177500002901, 1.562262899999041, 1.670240499995998, 1.639885399999912, 1.6210473999963142, 1.9576265000068815, 1.6261337000032654, 1.5618764000100782, 2.199213400002918, 1.6867415000015171, 1.562487200004398, 1.5325570999993943, 1.4641212999995332, 1.8746661000041058, 1.5626928999990923, 1.419447799999034, 1.968215400003828, 1.7383035000093514, 1.542820999995456, 1.474467399995774, 1.5706864000094356, 1.4540784999990137, 1.4227678000024753, 1.4772902999975486, 1.7108001000015065, 1.4662784000101965, 2.2650137999880826, 1.6444047999975737, 1.6224268000078155, 2.7125273999990895, 1.7987263999966672, 2.0382777999911923, 1.5755457000050228, 1.5970424999977695, 1.551559300001827, 1.5302874999906635, 1.4369291000039084, 1.651107800003956, 1.546624000009615, 1.4390945000050124, 1.6388777999964077, 1.5616631000011694, 2.3737813999905484, 1.6435520999948494, 1.6895253999973647, 1.5139632000064012, 1.4302102000074228, 1.6296674000041094, 1.7067436000070302, 1.4329418999986956, 1.876281899996684, 1.6307317000027979, 1.4552676000021165, 2.2834678999934113, 1.5621877000085078, 2.4327933000022313, 1.6309811000101035, 1.6842603999975836, 2.4352338000026066, 1.8087992999935523, 1.8265847000002395, 2.47141919999558, 1.6547530999960145, 1.6103404000023147, 1.7596030999993673, 3.272721500004991, 1.637122999993153, 1.5118878000066616, 1.5998112999950536, 1.5609850000037113, 1.4954620000062278, 1.4862629000126617, 1.72877879999578, 1.5063107000023592, 1.5851718000049004, 1.4434569000004558, 1.3643876999994973, 1.400488100000075, 1.5819726999907289, 1.3584140000020852, 1.3541264999948908, 1.3596080999996047, 1.370777399992221, 1.407513400001335, 1.35652050000499, 1.427268900006311, 1.342992999998387, 1.369388400009484, 1.439994400003343, 1.4175390000018524, 1.4415186000114772, 1.3679171999974642, 1.3571126000024378, 1.368723499996122, 1.3611631999956444], "benchmark": [1.4449604999972507, 1.357972099998733, 1.4092302000062773, 1.426712199987378, 1.4825387000018964, 1.4060994000028586, 1.4108050999930128, 1.5755780000035884, 1.377536300002248, 1.3963403000088874, 1.418347900005756, 1.4480614999920363, 1.4762936000042828, 1.4725192000041716, 1.5833165000076406, 1.3625530999997864, 1.3730631999933394, 1.4038235999905737, 1.3967560000019148, 1.4225802999862935, 1.3894269000011263, 1.3905718000023626, 1.4508736999996472, 1.3964859999978216, 1.3961565000063274, 1.4101956999948015, 1.3677101000066614, 1.2952733000129228, 1.3796549000107916, 1.488632399996277, 1.4135335000028135, 1.4030338000011398, 1.5412022999953479, 1.3800161999970442, 1.4813824000011664, 1.4303122999990592, 1.388524599999073, 1.4400570999860065, 1.366261699993629, 1.3484356999979354, 1.3499795999960043, 1.3403057999967132, 1.3501626999932341, 1.3423036000021966, 1.3064169000135735, 1.3732940000045346, 1.3585882999905152, 1.4006693999981508, 1.3404496999864932, 1.3522299000032945, 1.4406071999983396, 1.3658837999973912, 1.4330310999939684, 1.430429500003811, 1.3572740999952657, 1.3495556999987457, 1.3426544000103604, 1.3493697000085376, 1.4161222999973688, 1.3532049999921583, 1.3493909000098938, 1.352236199993058, 1.3380253999930574, 1.3740460999979405, 1.3494299999874784, 1.3748845000081928, 1.3797209999902407, 1.3544246000092244, 1.3630401999980677, 1.3364036999992095, 1.3466024000081234, 1.4348844999913126, 1.5340104999922914, 1.34570230000827, 1.415432099995087, 1.4122363999922527, 1.3886143999989145, 1.3520701999950688, 1.3455050000047777, 1.3350341000041226, 1.3041244999913033, 1.3792586000054143, 1.4017431999964174, 1.3368308000062825, 1.3311183000041638, 1.4209357999934582, 1.329494599995087, 1.3487393999967026, 1.343722199992044, 1.3404769000044325, 1.5293500999978278, 1.3836231000022963, 1.3784305000008317, 1.3581328000000212, 1.348634800000582, 1.4115706000011414, 1.3595712999958778, 1.411946699998225, 1.423261600008118, 1.3661942999897292]}, "cpython": {"warmup": [1.4101398000057088, 1.378813799994532, 1.3587980000011157, 1.4572279999993043, 1.4660723999986658, 1.3757229000038933, 1.4710396000009496, 1.3925940000044648, 1.4794841000111774, 1.3946509000088554, 1.5734636999986833, 1.558205099994666, 1.3957448000001023, 1.4125530000019353, 1.3691904999868711, 1.4752857999992557, 1.455186799998046, 1.3524262999999337, 1.3865621000004467, 1.3549560999963433, 1.3961828000028618, 1.3609208999987459, 1.5549854999990202, 1.386912600006326, 1.4431566999992356, 1.5994361999910325, 1.388584800006356, 2.745303999996395, 1.4479207999975188, 1.5767659000121057, 1.4880711999867344, 1.476942200009944, 1.3259786999988137, 1.5585501000023214, 1.5765040000114823, 1.5486349999991944, 1.4496045999985654, 1.4065731000009691, 1.450586699997075, 1.3851913999969838, 1.4716839000029722, 1.4049420000083046, 1.3838638000015635, 1.5447705999977188, 1.4794230999978026, 1.4156036999920616, 1.4086870000028284, 1.3956121999945026, 1.5585405000019819, 1.3954093999927863, 1.4024892000015825, 1.571697099992889, 1.3915588999952888, 1.5556068000005325, 1.4618203999998514, 1.405469199991785, 1.4701707999920473, 1.57080460000725, 1.5068822000030195, 1.5126593000022694, 1.5781815999944229, 1.4534192999999505, 1.4352044999977807, 1.4326291000033962, 1.560295400005998, 1.5710961000004318, 1.4600476000050548, 1.3506457999901613, 1.55815640000219, 1.5099308000062592, 1.4181094999948982, 1.346237600009772, 1.415643899992574, 1.4594452000019373, 1.397909699997399, 1.434346900001401, 1.5578969000052894, 1.3945422999968287, 1.544433500006562, 1.43607019999763, 1.5548477999982424, 1.3770763000065926, 1.4677081999980146, 1.4902238000067882, 1.5469068999955198, 10.241159099998185, 1.476590700011002, 1.4124803000013344, 1.3583963999990374, 1.5548676000034902, 1.4841440000018338, 1.5238643000047887, 1.4791079999995418, 1.3673479999997653, 1.5295417000015732, 1.5865706000040518, 1.501580099997227, 1.5216189000057057, 1.4171757000003709, 1.5871116000053007], "benchmark": [1.4083779000065988, 1.4990668999962509, 1.3973884000006365, 1.4057045999943512, 1.3333562999905553, 1.4848961000097916, 1.440048000004026, 1.4388982999953441, 1.4378171999996994, 1.481125999998767, 1.4287288000050467, 1.4310594999988098, 1.5380660999944666, 1.5318189000099665, 1.5093665000022156, 1.4490078999951947, 1.4231235000042943, 1.4089110000059009, 1.4498594000033336, 1.5082365999987815, 1.4643050000013318, 1.4356195000000298, 1.5806032999971649, 1.408759199999622, 1.440854100001161, 1.4241992000024766, 1.5101800999982515, 1.4313067000039155, 1.4876031000021612, 1.3709244999918155, 1.4151136000000406, 1.6056777000048896, 1.4150376000034157, 1.5262763999926392, 1.433632200001739, 1.6231823999987682, 1.4371737000037683, 1.4391653999919072, 1.5810359000024619, 1.4394778999994742, 1.602647199993953, 1.4188708000001498, 1.4829210000025341, 1.3628875000140397, 1.505589799999143, 1.3984258000127738, 1.4177136999933282, 1.5238859999954002, 1.4174005000095349, 1.4423004999989644, 1.5765888000023551, 1.6126788999972632, 1.5742393999971682, 1.3734196000004886, 1.4397349000064423, 1.5194578000082402, 1.600873599993065, 1.4185526000073878, 1.6220195999921998, 1.4616319999913685, 1.5439173999911873, 1.4097117000055732, 1.511971400002949, 1.4329317999945488, 1.6286629000096582, 1.4551979999960167, 1.4216491999977734, 2.2014293000102043, 1.6376047999947332, 1.6316621000005398, 1.6340920999937225, 1.450681500005885, 1.459185299987439, 1.4864522000134457, 1.6347842999966815, 1.531592700004694, 1.5107678000058513, 1.467467399997986, 1.5371582000079798, 1.4494641000055708, 1.505852499991306, 1.4826050999981817, 1.4448694000020623, 1.481999600000563, 1.4167562000075122, 1.5309349999879487, 1.6287562000070466, 1.4985401000012644, 1.784976099996129, 1.422797699997318, 1.4167883999907644, 2.974397500001942, 1.467579600008321, 1.5348611999943387, 1.462261499997112, 1.4703216000052635, 1.6525512999942293, 1.465197800003807, 3.6763404999946943, 1.5126530999987153]}}