{"nuitka": {"warmup": [1.9141799000062747, 1.6413113000016892, 1.6805819000001065, 1.6903638999938266, 1.5959418999991613, 1.6701965000102064, 1.667573500002618, 1.6496810999960871, 1.5645696999999927, 1.7365711999882478, 1.6632883999991463, 1.6010084000008646, 1.5239331000047969, 1.550751600007061, 1.5461162000137847, 1.5638576000055764, 1.762660499996855, 1.5803144999954384, 1.6513574999989942, 1.848860899990541, 1.6411400999932084, 1.5797098000039114, 1.541353299995535, 1.58554169999843, 1.6465968000120483, 1.598725399991963, 1.5770263000013074, 1.6277349000010872, 1.6005913999979384, 1.6216084000043338, 1.8014116999984253, 1.8148333999997703, 1.5928108999942197, 1.5908081000088714, 1.6159615999931702, 1.5390595999924699, 1.613924199991743, 1.4977754999999888, 1.5619696999929147, 1.6274410000041826, 1.5889975000027334, 1.627946000007796, 1.507660000002943, 1.6768879000010202, 1.5541520999977365, 1.613973100000294, 1.5963492000009865, 1.7949504999996861, 1.6122733000083826, 1.593697299991618, 1.4884992000006605, 1.541255899996031, 1.577593699999852, 1.6427595999994082, 1.5829098999965936, 1.6104516999912448, 1.694689299998572, 1.6141835000016727, 1.6214667000022018, 1.6236427000112599, 1.8189304999978049, 1.66238589999557, 1.5452163000009023, 1.5079928000050131, 1.5910057000000961, 1.5888440999988234, 1.6338720999920042, 1.643016300004092, 1.5076310000004014, 1.469248699999298, 1.6030705000011949, 1.5969819000019925, 1.4204788000060944, 1.7022079000016674, 1.6108172999956878, 1.807380500002182, 1.7660595000052126, 1.624276300004567, 1.4690643000067212, 1.6392905999964569, 1.5847383000073023, 1.6328346000082092, 1.6347255999862682, 1.7931674999999814, 1.621764900002745, 1.5965256000054069, 1.7147985000046901, 1.684769999992568, 1.7084052999998676, 1.6261883999977726, 1.5211603000061586, 1.5064493999961996, 1.5559739000018453, 1.6082476000010502, 1.5219804999942426, 1.6293110999977216, 1.4902862000017194, 1.5702684999996563, 1.6122978000057628, 1.7355110000062268], "benchmark": [1.5775152999995044, 1.4750273000099696, 1.5576892999961274, 1.6743700000079116, 1.5200157000072068, 1.5850847000110662, 1.5738496999983909, 1.6122061999922153, 1.6233690999943065, 1.8067634999897564, 1.5967736000020523, 1.5360249999939697, 1.6501483000029111, 1.5487512999970932, 1.609782700004871, 1.553103900005226, 1.5764083999965806, 1.6685691000020597, 1.4753139000094961, 1.6082332000078168, 1.588691099997959, 1.5977263000095263, 1.7908123999950476, 1.5107277000061003, 1.681002899989835, 1.605236599993077, 1.5790722999954596, 1.5767600999970455, 1.569225600003847, 1.5837935999879846, 1.7852839999977732, 1.675289899998461, 1.4300615999964066, 1.568505900009768, 1.4993755999894347, 1.5797275000077207, 1.5655899999983376, 1.586002500000177, 1.7748656000039773, 1.6952710999903502, 1.5725314000010258, 1.617430800004513, 1.5875468000012916, 1.6029172999988077, 1.4843021999986377, 1.5743680000014137, 1.6424374000052921, 1.486203899999964, 1.5758679999999003, 1.6304379999928642, 1.6416287000029115, 1.583234799996717, 1.610264200004167, 1.5307648000016343, 1.6228902000002563, 1.6886322000063956, 1.6131437000003643, 1.5349352000048384, 1.576008100004401, 1.5028101000061724, 1.5928681999939727, 1.5347263000003295, 1.5895568999985699, 1.5642265999922529, 1.8016685000038706, 1.5979858000064269, 1.6014315000065835, 1.817856399997254, 1.575140900007682, 1.6254407999949763, 1.5686294000042835, 1.6261354000016581, 1.596633600012865, 1.8012684999994235, 1.805821099987952, 1.5050183999992441, 1.6222434000083013, 1.691227000002982, 1.5797585999971488, 1.447368600012851, 1.6160568000050262, 1.5394589000061387, 1.5800676999933785, 1.806775100005325, 1.7977363999962108, 1.492242799999076, 1.6426022999949055, 1.5410578000009991, 1.5272031000058632, 1.7868105999950785, 1.5932449999963865, 1.601218499999959, 1.6607130000047619, 1.6159689999913098, 1.5850976999936393, 1.5109836000046926, 1.5273397999990266, 1.5745899999892572, 1.5692260999931023, 1.8152138000004925]}, "cpython": {"warmup": [1.6313548000034643, 1.7144266000104835, 1.676093599991873, 1.6596144000068307, 1.6136628000094788, 1.6727993999957107, 1.6344202999898698, 1.439816800004337, 1.670682099997066, 1.5459420999977738, 1.818166500001098, 1.57122199999867, 1.6162814999988768, 1.7130093000014313, 1.5404685999965295, 1.5429464999906486, 1.618899799999781, 1.62745869999344, 1.8349102000065614, 1.5709990000032121, 1.6704616000060923, 1.636201000001165, 1.821429999996326, 1.8553983000019798, 1.6308153999998467, 1.6309605999995256, 1.6291752999968594, 1.5239587999967625, 1.6631774999987101, 1.7569741000042995, 1.6196874000015669, 1.615395400003763, 1.5540485999954399, 1.5658933000086108, 1.8809600000095088, 1.8542558000044664, 1.54599220000091, 1.5628281000099378, 1.5112482999975327, 1.671287899996969, 1.626952299993718, 1.5304283000004943, 1.6237268000113545, 1.6364086999965366, 1.8460297999990871, 1.6317364999995334, 1.6100531999982195, 1.6354581999912625, 1.5483432999899378, 1.4909268000046723, 1.6076259999972535, 1.712022599996999, 1.8100579000019934, 1.7100911000015913, 1.7010301999980584, 1.53833460000169, 1.6168287999898894, 1.4245979000115767, 1.6031268000078853, 1.7313133999996353, 1.6058630000043195, 1.4927513000002364, 1.8437311000016052, 1.7239545000047656, 1.633254999993369, 1.6069795999937924, 1.8103370000026189, 1.5968286999996053, 1.6053436000074726, 1.5223285999963991, 1.6665542999980971, 1.6287492999981623, 1.6076903000066523, 1.564206800001557, 1.6083941999968374, 1.8543659999995725, 1.653498400002718, 1.8257223999971757, 1.6232885999925202, 1.6338608000078239, 1.7332253999920795, 1.5709216999966884, 1.5908889999991516, 1.8646684999985155, 1.53866449999623, 1.4452603999961866, 1.5937838999961969, 1.8389408000075491, 1.645484900000156, 1.5167286999931093, 1.8476336000021547, 1.542941099993186, 1.6780192000005627, 1.5973990999918897, 1.6894338999991305, 1.621622099992237, 1.489027999996324, 1.4981415000074776, 1.5968485000048531, 1.866469499989762], "benchmark": [1.6376884000055725, 1.6149244999978691, 1.7085077000083402, 1.7407342000078643, 1.5912537000112934, 1.7275298000022303, 1.7638009000074817, 1.6334057000058237, 1.5168432000064058, 1.6583344000100624, 1.8554990999982692, 1.606051299997489, 1.5001092000020435, 1.6176095999981044, 1.8466095000039786, 1.730067800002871, 1.623587599999155, 1.6121334999916144, 1.6365171000070404, 1.8679677000036463, 1.64220019998902, 1.651872500005993, 1.6395776999997906, 1.6035322999960044, 1.6286728999984916, 1.8318161999923177, 1.6227229999931296, 1.6506247000070289, 1.6399757000035606, 1.6296966999943834, 1.6838333000050625, 1.6159423000062816, 1.5396253999933833, 1.6432626999885542, 1.558136999999988, 1.7010671000025468, 1.6529468999942765, 1.6707240999967325, 1.8434679999918444, 1.6800793000002159, 1.6695537000050535, 1.698001299999305, 1.55562959999952, 1.8553284999943571, 1.5702559999917867, 1.6141024999960791, 1.6115543999912916, 1.892908100009663, 1.7045785000082105, 1.6207067999930587, 1.5294552999985171, 1.5988981999980751, 1.8790345000015805, 1.9067653000092832, 1.8479431999876397, 1.8475207000010414, 1.6985811999911675, 1.744974600005662, 1.598874600007548, 1.5886885999934748, 1.552184899992426, 1.5048170999943977, 1.6274823999992805, 1.7191254000063054, 1.6881826000026194, 1.7921394000004511, 1.5842106000054628, 1.5807765999925323, 1.7984654000028968, 1.6961157000041567, 1.6539338000002317, 1.8940019000001485, 1.7779063000052702, 1.924127899997984, 1.572214100000565, 1.8683317999966675, 1.6490877000032924, 1.6680830999976024, 1.5345550000056392, 1.5888523000030546, 1.7446194000076503, 1.881508999998914, 1.8819712999975309, 1.652187400002731, 1.705066499998793, 1.6603336999978637, 1.6174758999986807, 1.740995300002396, 1.564656800008379, 1.5654601999995066, 1.6702813000010792, 1.6915046999929473, 1.6718428000021959, 1.5610295999940718, 1.4782354000053601, 1.6191144999902463, 1.7532592999923509, 1.5476154000061797, 1.4743793000088772, 1.8128682999958983]}}