{"nuitka": {"warmup": [1.225357499992242, 1.2120850999926915, 1.2057031000003917, 1.2084840000024997, 1.2326264000002993, 1.2006964000029257, 1.2097439999924973, 1.2083551999967312, 1.2058672999992268, 1.2023688000044785, 1.2164382999908412, 1.2271141999954125, 1.2354507999989437, 1.2094713999977103, 1.21224280000024, 1.2160786999884294, 1.2127968999993755, 1.2076910000032512, 1.2159449000027962, 1.221962199997506, 1.2259840999904554, 1.209690599993337, 1.2145998000050895, 1.2150360000086948, 1.221099399990635, 1.2119215999991866, 1.2131864999973914, 1.2132228999980725, 1.209066299998085, 1.2126786000007996, 1.2265962999954354, 1.2245029999903636, 1.2131079999962822, 1.220887200004654, 1.2064328999986174, 1.2284762999915984, 1.2071759999962524, 1.2119365999969887, 1.2220252999977674, 1.2060598999960348, 1.2123904000036418, 1.2054057000059402, 1.2233963999897242, 1.2086053999955766, 1.208015099997283, 1.2117189999989932, 1.207734999989043, 1.212288399998215, 1.2194954000005964, 1.2151118000037968, 1.213512099988293, 1.2137425999972038, 1.2027360000065528, 1.2134309999964898, 1.2150542000017595, 1.2031348000018625, 1.229693799992674, 1.221981800001231, 1.216407400002936, 1.214715800000704, 1.2132333999907132, 1.2073496999946656, 1.2299988999875495, 1.2161673000082374, 1.2096954000007827, 1.2134956999943824, 1.228608000004897, 1.2092197999882046, 1.2143422000081046, 1.2195534000056796, 1.2117947000078857, 1.208942900004331, 1.2204472000012174, 1.2115104999975301, 1.2107290999992983, 1.206720399990445, 1.2163320999970892, 1.224957499987795, 1.233899900005781, 1.2008507999998983, 1.2076649999944493, 1.2250018999911845, 1.2169853000086732, 1.2124804999912158, 1.2186746999941533, 1.2209185999963665, 1.2599982999963686, 1.2145369999925606, 1.2140825999958906, 1.2100616999960039, 1.2227038999990327, 1.2158029999991413, 1.2235717000003206, 1.225018999990425, 1.217990799996187, 1.2096852999966359, 1.2055055999953765, 1.207359699998051, 1.2188269999896875, 1.2123958000011044], "benchmark": [1.2184823999996297, 1.21348880000005, 1.221470100004808, 1.2108688000007533, 1.2181361999973888, 1.2182544999959646, 1.2326448000094388, 1.207349800009979, 1.2166780000115978, 1.2184974999981932, 1.2170412000123179, 1.2136929999978747, 1.215338399997563, 1.225943900004495, 1.2131959999969695, 1.2144434000074398, 1.2263478000095347, 1.2280048000102397, 1.2142443000047933, 1.20455260000017, 1.2206417999987025, 1.2169572999991942, 1.2231045000080485, 1.2034440000134055, 1.2150510999927064, 1.2289563000085764, 1.2050465000065742, 1.2036988000036217, 1.229161800001748, 1.2193226000090363, 1.2091434000030858, 1.2111481999891112, 1.2354636999953073, 1.2094379999907687, 1.2172184999944875, 1.21200189999945, 1.2109010999993188, 1.2092585999926087, 1.2065568000107305, 1.203560900001321, 1.224360100008198, 1.223519999999553, 1.212053700000979, 1.2117920000018785, 1.209450399997877, 1.2126538999873446, 1.236671499995282, 1.2300631999969482, 1.2069715000106953, 1.2176572000025772, 1.219829200010281, 1.2127878000028431, 1.2102224999980535, 1.2057767999940552, 1.2078381000028457, 1.2205417999939527, 1.2059223999967799, 1.2133562999952119, 1.2262631000048714, 1.2209774999937508, 1.2246279000100913, 1.2145403000031365, 1.2077081000024918, 1.2153727999975672, 1.2142564999958267, 1.2164897000038764, 1.210162899995339, 1.210721299998113, 1.2155889999994542, 1.2091557999956422, 1.2322221000067657, 1.229178800000227, 1.2092409000033513, 1.2150288999982877, 1.2129072999960044, 1.2206123000069056, 1.2076014999911422, 1.2288126000057673, 1.2178967999934684, 1.2172587999957614, 1.2190654000005452, 1.212077500007581, 1.2195676999981515, 1.211327800003346, 1.2214917999954196, 1.2096831999951974, 1.2084123999957228, 1.2077252000017324, 1.228523399986443, 1.2059432999958517, 1.2263261999905808, 1.2200481000036234, 1.2063760000019101, 1.2279802999983076, 1.227447099998244, 1.2170278999983566, 1.2231147999991663, 1.2188104999950156, 1.2123963000049116, 1.2121024999942165]}, "cpython": {"warmup": [1.7358321999927284, 1.7348566000000574, 1.7855396999948425, 1.738345699995989, 1.7327380000060657, 1.7367904999991879, 1.73717970000871, 1.735677199991187, 1.7293392999999924, 1.7383731000008993, 1.7233214000007138, 1.728989700000966, 1.719075699991663, 1.719746100003249, 1.7425263000041014, 1.7311062999942806, 1.7240051999979187, 1.7188306999887573, 1.7193638000026112, 1.734731099990313, 1.7217184000037378, 1.738992500002496, 1.7259966999990866, 1.7363149000011617, 1.7234200999955647, 1.7391032000014093, 1.7295851999951992, 1.7372137000056682, 1.7242516999976942, 1.7373534000071231, 1.7301396999973804, 1.7250533999904292, 1.7198754999990342, 1.7236773000040557, 1.7273180999909528, 1.7294922000000952, 1.730906100012362, 1.7217463999986649, 1.7163042000029236, 1.7238671999948565, 1.7213560999953188, 1.7317736000113655, 1.726116899997578, 1.7337715000030585, 1.7393273000052432, 1.7248240000044461, 1.7214056999946479, 1.7502491999912309, 1.732709599993541, 1.7403639999974985, 1.727746800010209, 1.732593499997165, 1.7233226999960607, 1.729031599999871, 1.7237773000088055, 1.7336488000000827, 1.7306737000035355, 1.7379620000137947, 1.803365899992059, 1.73206680000294, 1.7255032999964897, 1.730717200000072, 1.7245557999995071, 1.7396576999890385, 1.7326884999929462, 1.734032299995306, 1.7414726999995764, 1.7371445000026142, 1.7262095999903977, 1.7262771999958204, 1.7382428999990225, 1.7238614000089, 1.757853699993575, 1.713443400003598, 1.7355837999930372, 1.7280933000001824, 1.7283953000005567, 1.718665799999144, 1.7183087000012165, 1.7436894999991637, 1.7157716000074288, 1.7301078999880701, 1.742409400001634, 1.7324617999984184, 1.7275304999930086, 1.7249808999913512, 1.7455228000035277, 1.7365998000022955, 1.7289722000132315, 1.7246694999921601, 1.7327190000069095, 1.730228000000352, 1.7213440000050468, 1.7220397000055527, 1.7250232999940636, 1.7842808999994304, 1.7188523999939207, 1.7331961000018055, 1.7277385000052163, 1.7230502000020351], "benchmark": [1.7354907999979332, 1.7334583000047132, 1.7239296000043396, 1.7170887000102084, 1.7370934999926249, 1.7312247000081697, 1.7269647999928566, 1.724020499998005, 1.7364173999958439, 1.7259367999940878, 1.7320772999955807, 1.7182100000063656, 1.7385417000041343, 1.7331940999865765, 1.7309838000073796, 1.727090499989572, 1.7245013000065228, 1.7257141000009142, 1.723086300000432, 1.7342657999979565, 1.7283459000027506, 1.7304585999954725, 1.7338280000112718, 1.7285387000010815, 1.7299054000031902, 1.7275633999961428, 1.7187544999906095, 1.7246373999951174, 1.7293311999965226, 1.717097599990666, 1.7224754999915604, 1.728472899994813, 1.755200399988098, 1.7370515999937197, 1.7264330000034533, 1.7212151999992784, 1.734568500003661, 1.7182790999941062, 1.7278903999977047, 1.746875299999374, 1.735575600003358, 1.7348285000043688, 1.7345464999962132, 1.728693499986548, 1.7253836000018055, 1.7264271000021836, 1.7187460999994073, 1.7300781999947503, 1.7351532000029692, 1.7302028999984032, 1.7300448000023607, 1.7322953999973834, 1.7292367999907583, 1.7234655000065686, 1.718380200007232, 1.7354506999981822, 1.7328166000079364, 1.7427064000075916, 1.7215027999918675, 1.720513899999787, 1.7278118999965955, 1.7305555999919306, 1.716683999999077, 1.7208439000096405, 1.7162083000002895, 1.7313455999974394, 1.7239566999924136, 1.7254765999969095, 1.726144700005534, 1.739305900002364, 1.7396904999914113, 1.7205677000019932, 1.726051899997401, 1.7337487999902805, 1.7338378999993438, 1.7370661000022665, 1.7283230999892112, 1.723074199995608, 1.731670799999847, 1.731734500004677, 1.7282122000033269, 1.719618499992066, 1.7173965999973007, 1.7213043999945512, 1.7279128999944078, 1.7321208999928785, 1.7203392000083113, 1.721521399987978, 1.7230104000045685, 1.7342893999884836, 1.726709499998833, 1.7276111999963177, 1.730649999997695, 1.7324522999988403, 1.7361613999964902, 1.725256099991384, 1.729200799993123, 1.7314658999966923, 1.741382699998212, 1.715534299990395]}}