{"nuitka": {"warmup": [1.2090346000004502, 1.1861377000004723, 1.1976042999995116, 1.195308299998942, 1.1955648999992263, 1.1926320000002306, 1.1978146000001288, 1.1947865999991336, 1.194192999999359, 1.1932663999996294, 1.1990150999990874, 1.1910564999998314, 1.194585699999152, 1.1934868000007555, 1.1896087999994052, 1.1946745999994164, 1.2011691000006977, 1.1890158999995037, 1.1893810000001395, 1.1960813000005146, 1.198906600000555, 1.1945150999999896, 1.1908630000016274, 1.1905305000000226, 1.186469100000977, 1.1884179999997286, 1.1954888999989635, 1.2075260000001435, 1.2039879000003566, 1.2138326999993296, 1.2092790999995486, 1.19445369999994, 1.1926610999998957, 1.2727051000001666, 1.2067748000008578, 1.209102900000289, 1.2265707000005932, 1.1895646000011766, 1.2277634000001854, 1.2084021999999095, 1.1860110000015993, 1.2234912999992957, 1.1974030999990646, 1.1942054000010103, 1.2187684000000445, 1.1966174999997747, 1.2001201000002766, 1.2041969999991124, 1.2426728999998886, 1.1937716000011278, 1.197822999998607, 1.1906066999999894, 1.2048005999986344, 1.220508599999448, 1.1886697999998432, 1.1842701000005036, 1.1984468000009656, 1.196200399999725, 1.1933552000009513, 1.1972154000013688, 1.203696200000195, 1.1987497999998595, 1.1980095000017172, 1.1965927000001102, 1.1905419000013353, 1.1908480999991298, 1.1923487999993085, 1.1926841999993485, 1.1930019999999786, 1.1923354999998992, 1.1979245000002265, 1.1984451999996963, 1.1901139000001422, 1.1935642000007647, 1.193123499999274, 1.1930155999998533, 1.2022726999985025, 1.1961824999998498, 1.1907023000003392, 1.1860770999992383, 1.1942445999993652, 1.2046618000003946, 1.1992050999997446, 1.189137400000618, 1.1928420000003825, 1.1948965999999928, 1.1909006999994745, 1.1940995000004477, 1.1955832999992708, 1.2130030999996961, 1.2197610000002896, 1.1868587999997544, 1.1937791000000288, 1.1916407999997318, 1.1891937000000325, 1.1877162999990105, 1.195728999999119, 1.2015039999987494, 1.1915988999990077, 1.192014799999015], "benchmark": [1.1902046000013797, 1.2034055000003718, 1.190805199999886, 1.186144899998908, 1.2038790000005974, 1.219437800000378, 1.1842334999982995, 1.1923829000006663, 1.1994080000004033, 1.1938570000002073, 1.1902294999999867, 1.1891648000000714, 1.2033226000003197, 1.1934431999998196, 1.1898266000007425, 1.1947180000006483, 1.190731999999116, 1.18906490000154, 1.197209699999803, 1.1904090999996697, 1.191015399999742, 1.18272049999905, 1.2078113000006852, 1.1904673000008188, 1.2068937000003643, 1.19267790000049, 1.200480699999389, 1.1935291999998299, 1.2015740999995614, 1.1962160999992193, 1.1925699999992503, 1.1883071999982349, 1.1980913000006694, 1.1995986000001722, 1.194459000000279, 1.185322499999529, 1.1959405999987212, 1.2004172999986622, 1.188157599999613, 1.1936040999989928, 1.189703300000474, 1.1999669000015274, 1.1939796999995451, 1.1936654000001, 1.190437799999927, 1.2027822000000015, 1.195322200001101, 1.1851556000001437, 1.1895464999997785, 1.1978423000000475, 1.2037282000001142, 1.1923853999996936, 1.1981989999985672, 1.1967825000010635, 1.1873696999991807, 1.1923705999997765, 1.1961540000011155, 1.1877810999994836, 1.2012653000001592, 1.189042599999084, 1.192267999998876, 1.1894804000003205, 1.1865673000011157, 1.1921046999996179, 1.1991523999986384, 1.1984437000010075, 1.1951274999992165, 1.196871000000101, 1.1936167999992904, 1.1908220000004803, 1.1887513999990915, 1.203114200001437, 1.2027916999995796, 1.194934999999532, 1.1889279000006354, 1.189983199999915, 1.1925750999998854, 1.1877712000004976, 1.1955140999998548, 1.1984345000000758, 1.187176499999623, 1.1873543000001519, 1.2059430999997858, 1.2003564000006008, 1.190643199999613, 1.1983994000001985, 1.199581800001397, 1.1929364999996324, 1.1913468000002467, 1.2074515000003885, 1.1955166999996436, 1.1895045000001119, 1.1980889000005845, 1.1942829999989044, 1.199827300000834, 1.1887002999992546, 1.1882288999986486, 1.192641999999978, 1.1940672000000632, 1.2067323999999644]}, "cpython": {"warmup": [1.3728914999992412, 1.3565848999987793, 1.3442021000009845, 1.3528485000006185, 1.3510361000007833, 1.369038200000432, 1.3545981000006577, 1.3519968000000517, 1.3615346999995381, 1.34971509999923, 1.3626604000000953, 1.3495698000006087, 1.3437114999996993, 1.3433989000004658, 1.3460924999999406, 1.3665573999987828, 1.360707599998932, 1.3492860000005749, 1.3718170000011014, 1.353846899999553, 1.3479447000008804, 1.344281100000444, 1.3428407999999763, 1.3656511999997747, 1.342665100000886, 1.3484482000003482, 1.3510059000000183, 1.3576966999989963, 1.348907199999303, 1.3688970000002882, 1.3466554000006, 1.347317199999452, 1.3533153999997012, 1.3504073999993125, 1.3449183000011544, 1.3642058000004909, 1.357073400000445, 1.3439202000008663, 1.3482019000002765, 1.3822161999996752, 1.3540288000003784, 1.355094199998348, 1.3481406999999308, 1.352887399998508, 1.3437771999997494, 1.35521190000145, 1.3463754000003973, 1.3441545000005135, 1.3473186000010173, 1.347715399999288, 1.353940100001637, 1.3408689000007143, 1.3441265000001295, 1.3527307999993354, 1.3583290000005945, 1.348070000000007, 1.3525797000002058, 1.3465615000004618, 1.351292299999841, 1.3435354000012012, 1.373430699999517, 1.3648231999995915, 1.3599500000000262, 1.3832562999996298, 1.3732438000006368, 1.4013799000003928, 1.3804564000001847, 1.3506571000016265, 1.3488426999992953, 1.3539545000003272, 1.3476699000002554, 1.3481441000003542, 1.3432974000006652, 1.348456100000476, 1.3593854000009742, 1.349789800000508, 1.3680111000012403, 1.3483465000008437, 1.3527964999993856, 1.3470323000001372, 1.3499388999989606, 1.374374799999714, 1.3532298999998602, 1.3501830000004702, 1.359673399998428, 1.3563106000001426, 1.348181299999851, 1.3473453000005975, 1.3514122999986284, 1.3746795999995811, 1.3462873000007676, 1.3491622999990796, 1.3528325999996014, 1.3525535000007949, 1.343636300000071, 1.3561518999995315, 1.3436141000001953, 1.3513055000003078, 1.3563079999985348, 1.3452667000001384], "benchmark": [1.3530923999987863, 1.3541201000007277, 1.3530973000015365, 1.3614307999996527, 1.344749599998977, 1.3539001999997708, 1.3510277999994287, 1.354203900000357, 1.3477786999992531, 1.3562118999998347, 1.3559335999998439, 1.358616699999402, 1.342638199999783, 1.3517879000009998, 1.3448872000008123, 1.3513759999987087, 1.3772618000002694, 1.344821700000466, 1.3498619000001781, 1.3450798999983817, 1.3423925999995845, 1.34734650000064, 1.360996499999601, 1.352141200000915, 1.3476749999990716, 1.3489192000015464, 1.3467060000002675, 1.3471828000001551, 1.3503502999992634, 1.3496369999993476, 1.3591159000006883, 1.3589735999994446, 1.3621990000010555, 1.37139070000012, 1.3489813999985927, 1.348680000000968, 1.354573500000697, 1.3518390999997791, 1.3462859999999637, 1.360787400000845, 1.3441150999988167, 1.3462455999997474, 1.3613186000002315, 1.3490156000007119, 1.3489771999993536, 1.355763699999443, 1.3478556999998546, 1.3519142999994074, 1.3531146999994235, 1.3710824999998295, 1.3497181000002456, 1.3563580999998521, 1.3432522999992216, 1.349377499998809, 1.3560378000001947, 1.3521293999983754, 1.349041200001011, 1.3484477999991213, 1.3517542999998113, 1.354880000000776, 1.3687212000004365, 1.3550385999988066, 1.3428081999991264, 1.3828814000007696, 1.3581747000007454, 1.344876099999965, 1.347304200000508, 1.3985635999997612, 1.351716099999976, 1.3737058999995497, 1.3551220999997895, 1.3542495000001509, 1.3532420999999886, 1.3554487000001245, 1.352617200000168, 1.3546919999989768, 1.3515930000012304, 1.3507320999997319, 1.3438186999992467, 1.3444107999985135, 1.3516598000005615, 1.3442056000003504, 1.3483722999990277, 1.3565792000008514, 1.371421100000589, 1.3791915000001609, 1.354242900000827, 1.3516287000002194, 1.3705458999993425, 1.342216400000325, 1.3719253999988723, 1.3526495000005525, 1.3650522000007186, 1.3522909999992407, 1.352528600000369, 1.3525504000008368, 1.349295300000449, 1.3445753999985754, 1.3537465999997949, 1.3553740000006655]}}