{"nuitka": {"warmup": [0.9424903000035556, 0.9300464999978431, 0.9328580999863334, 0.9304458999977214, 0.9278346999926725, 0.9262798999989172, 0.9192454000003636, 0.9300382000074023, 0.9384526999929221, 0.9277173000009498, 0.9292092999967281, 0.9272403000068152, 0.929222499995376, 0.9246382999990601, 0.9306132000056095, 0.9303828999982215, 0.9295210999989649, 0.9280455999978585, 0.9287400000030175, 0.928681500008679, 0.9237556000007316, 0.9272015000024112, 0.9227258000028087, 0.930993000001763, 0.9250362000020687, 0.924748899997212, 0.9326640000072075, 0.9293183999980101, 0.9289425000024494, 0.9260917999927187, 0.9343096999946283, 0.9252929000067525, 0.9313773999892874, 0.9307073999952991, 0.9264245000085793, 0.9372142999927746, 0.9225017999997362, 0.9317754999938188, 0.9231923000043025, 0.9208610000059707, 0.9292992999980925, 0.9286898999998812, 0.9284132999891881, 0.9274347000027774, 0.9247174999909475, 0.9208439000067301, 0.9254982999991626, 0.9289160000043921, 0.9307432000059634, 0.9255617000017082, 0.9263436000037473, 0.9331177000130992, 0.9271461000025738, 0.9279920999979367, 0.9295610999979544, 0.9239430000016, 0.9264920999994501, 0.9251786999957403, 0.928034700002172, 0.9290620999963721, 0.9265773000079207, 0.9233403999969596, 0.9356373000046005, 0.9289247999986401, 0.9386582000006456, 0.9253311999927973, 0.9308908000093652, 0.9306367999961367, 0.9274697000073502, 0.9303972000052454, 0.9263650000066264, 0.9374948000040604, 0.9242085999867413, 0.9227544000023045, 0.9230740000057267, 0.9286972000118112, 0.9258182999910787, 0.9235619000100996, 0.9254297000006773, 0.9271976000018185, 0.9267350000009174, 0.9261172999977134, 0.9333601999969687, 0.936189199986984, 0.9288328000111505, 0.9258033000078285, 0.9291451000026427, 0.9279183000035118, 0.9268681000103243, 0.9268066999939037, 0.92320559998916, 0.9294574999948964, 0.9258465000020806, 0.929757600009907, 0.9196396000043023, 0.9226102000102401, 0.9262190000008559, 0.9239590999932261, 0.9311652000033064, 0.924251499993261], "benchmark": [0.9261206000082893, 0.9268933999992441, 0.9272437999898102, 0.9213289000035729, 0.9332995000004303, 0.9267104000027757, 0.9242661000025691, 0.9332599000044866, 0.9248856999911368, 0.9212836999940919, 0.9328180000011344, 0.931634499997017, 0.9237836999964202, 0.9272560000099475, 0.9327346000063699, 0.9297040999954334, 0.9259468999953242, 0.9333385999925667, 0.9387831000058213, 0.9268918000016129, 0.9318711999949301, 0.9287433999998029, 0.923723500003689, 0.9207661999971606, 0.9332089999952586, 0.9248813000012888, 0.9282863999978872, 0.927408400006243, 0.9282315999880666, 0.9221544999891194, 0.9300201000005472, 0.9314986000099452, 0.9242109000042547, 0.93230179999955, 0.925784900013241, 0.9255559000011999, 0.9269565000140574, 0.9226098000071943, 0.9309722000034526, 0.9372822000004817, 0.9246194000006653, 0.9288078999961726, 0.9300770999980159, 0.9520303999888711, 0.9273290000128327, 0.9267035999946529, 0.9295597000018461, 0.9286616999888793, 0.9284321000013733, 0.926149599996279, 0.9200177000020631, 0.923265099991113, 0.9256468999956269, 0.9264416999940295, 0.9231490999954985, 0.9233027000009315, 0.9253538000048138, 0.9247052999999141, 0.9330375999998068, 0.9306178999977419, 0.9270588999934262, 0.9244231999909971, 0.9253018999879714, 0.9331974999950035, 0.9264142000029096, 0.9261424999858718, 0.9312497000064468, 0.9222780999989482, 0.9244114000030095, 0.9308085999946343, 0.928172200001427, 0.9489669999893522, 0.9253439999883994, 0.9316351000015857, 0.9250471999985166, 0.9285916000080761, 0.9331960999988951, 0.9258147000073222, 0.9290773999964586, 0.9293341000011424, 0.9259639000083553, 0.9292035999969812, 0.9296523000084562, 0.9265255999926012, 0.9268854999972973, 0.9240098000009311, 0.9286392999929376, 0.9328655999997864, 0.9251947000011569, 0.9381628999981331, 0.9256959000049392, 0.9226269999926444, 0.9342451999982586, 0.9378186999965692, 0.9264652999991085, 0.9260448999993969, 0.9313978999998653, 0.9339114000031259, 0.9344549000088591, 0.936297399995965]}, "cpython": {"warmup": [1.0362085999950068, 1.0337122000055388, 1.023941499995999, 1.0223300000070594, 1.0215254000067944, 1.0212434999994002, 1.0197728000057396, 1.0295234000077471, 1.021806499993545, 1.0215507000102662, 1.0218872999976156, 1.0252748000057181, 1.0373084000020754, 1.0189156999986153, 1.027435299998615, 1.0292690999922343, 1.0265283000044292, 1.0223021999991033, 1.0184073999989778, 1.0208435999957146, 1.0251986999937799, 1.020338800008176, 1.0298615999927279, 1.0352857000107178, 1.0256649000075413, 1.0287452000047779, 1.0318149000086123, 1.023337899998296, 1.023024499998428, 1.025816199995461, 1.0548356999934185, 1.0278888000029838, 1.0417083999927854, 1.0178993000008631, 1.0328471000102581, 1.02276159999019, 1.0353458999888971, 1.0189901999983704, 1.0250000999949407, 1.0198330999992322, 1.0167122999991989, 1.0211976999999024, 1.0251726999995299, 1.0179804000072181, 1.0217185000074096, 1.026441199996043, 1.0194978000072297, 1.0285158999904525, 1.0155315000010887, 1.0527239999937592, 1.0156667999981437, 1.0241045000002487, 1.017959000004339, 1.0279281999974046, 1.0150483000034, 1.0185744000045815, 1.0252451999986079, 1.020190700000967, 1.0201066000008723, 1.0175970999989659, 1.0159183999930974, 1.0166456000006292, 1.016731700001401, 1.0290459999960149, 1.014967200011597, 1.0249436000012793, 1.0209249000035925, 1.0282101999910083, 1.0265225999901304, 1.0254475999972783, 1.0241463999991538, 1.021874400001252, 1.029312700004084, 1.0211399999971036, 1.03095120000944, 1.0202681999944616, 1.0307883999921614, 1.0285369999910472, 1.0205953000113368, 1.0271920000086538, 1.0187384999881033, 1.024425900002825, 1.0301159000082407, 1.025460100005148, 1.0222397000034107, 1.0162293999892427, 1.0268561999982921, 1.0260454999952344, 1.0356914000003599, 1.0423358000116423, 1.0258019999891985, 1.0601006000069901, 1.015726999990875, 1.0134079999988899, 1.0242030999943381, 1.0165772000036668, 1.0271849999990081, 1.0245391999924323, 1.0143927000026451, 1.0201686999935191],