{"nuitka": {"warmup": [1.337674700000207, 1.3314546000001428, 1.3320946999992884, 1.322217400000227, 1.3255293999973219, 1.3250019999977667, 1.3235537000000477, 1.3263173000013921, 1.3230922000002465, 1.3193260000007285, 1.3160707999995793, 1.321242699999857, 1.31212140000207, 1.3284367999985989, 1.3205964000007953, 1.3344092999977875, 1.3361498000012944, 1.324280999997427, 1.3343571000004886, 1.321930499998416, 1.3267119000011007, 1.31759200000306, 1.3371044999985315, 1.3285668999997142, 1.3291896000009729, 1.326281800000288, 1.3260270999999193, 1.3142883000000438, 1.3262696999991022, 1.3219592999994347, 1.3245301000024483, 1.3249331999977585, 1.3245724000007613, 1.3237350000017614, 1.3256505000026664, 1.3672064000020328, 1.323954200001026, 1.3199807000019064, 1.3261796999977378, 1.3206677999987733, 1.323101800000586, 1.3278877000011562, 1.3270511999980954, 1.315705799999705, 1.3238258999990649, 1.3284239999993588, 1.323507699999027, 1.3183121999973082, 1.3161034999975527, 1.3240514999997686, 1.3273886999995739, 1.3358267999974487, 1.3162033000007796, 1.326596700000664, 1.3353843000004417, 1.3175937999985763, 1.3185063999990234, 1.3221899999989546, 1.3190197000003536, 1.3183798999998544, 1.3207943000015803, 1.318646900002932, 1.3253995999984909, 1.3172000000013213, 1.3240573000002769, 1.3187566000015067, 1.3258897999985493, 1.316166799999337, 1.3270864000005531, 1.3303827000017918, 1.3329917000010028, 1.3363148999997065, 1.3236705000017537, 1.3215772000003199, 1.320183599997108, 1.3268166000016208, 1.3209067999996478, 1.3302922000002582, 1.3329389999998966, 1.324654299998656, 1.3261460000030638, 1.3287769999988086, 1.3352790999997524, 1.318241400000261, 1.3259004000028654, 1.3242253999997047, 1.3284165999975812, 1.3292760999975144, 1.3359548000007635, 1.3249674999970011, 1.3222487999992154, 1.323515000000043, 1.335490999998001, 1.3171317999986059, 1.3264294000000518, 1.317222199999378, 1.3257266999971762, 1.3383423000013863, 1.3203711999994994, 1.3288973000016995], "benchmark": [1.3314411000028485, 1.3380972000013571, 1.318232599998737, 1.3301909000001615, 1.3231727999991563, 1.336558300001343, 1.3151143999966735, 1.321661200003291, 1.3324855999999272, 1.3201451999993878, 1.3246053000002576, 1.3190696999990905, 1.3245954000012716, 1.323876599999494, 1.321071700000175, 1.316422899999452, 1.327029500000208, 1.3227303999992728, 1.3270830000001297, 1.3254477000009501, 1.3339831000012055, 1.328274200001033, 1.3168705999996746, 1.3194717999977001, 1.3214006000016525, 1.3247327999997651, 1.3229756000000634, 1.3225128999984008, 1.321599500002776, 1.3170632000001206, 1.3177431000003708, 1.3267873000004329, 1.3243266999998013, 1.3320204999981797, 1.3289532000017061, 1.3186238999987836, 1.3248520999986795, 1.3225821999985783, 1.3200643999989552, 1.3251305999983742, 1.3212944000006246, 1.3217135999984748, 1.3241177999989304, 1.3185051000000385, 1.3202057000016794, 1.3345006000017747, 1.332843899999716, 1.3188368999981321, 1.327090099999623, 1.353737600002205, 1.3217442999994091, 1.3277175000002899, 1.3184989000001224, 1.3289473000004364, 1.3212147999984154, 1.3227325000007113, 1.3444993000011891, 1.326326499998686, 1.327525600001536, 1.3240227000023879, 1.329632999997557, 1.3294320999993943, 1.3195868999973754, 1.341183100001217, 1.3312585999992734, 1.3215285999976913, 1.3275132000017038, 1.3287961000023643, 1.3191709999991872, 1.327795099998184, 1.326563200000237, 1.3284816999985196, 1.3245884000025399, 1.3172083999997994, 1.3292338999999629, 1.3235411000023305, 1.3200971000005666, 1.3282499000015378, 1.3273902000000817, 1.3220413000017288, 1.3281438000012713, 1.3271891000003961, 1.328077199999825, 1.3202574999995704, 1.3243290999998862, 1.3349607000018295, 1.3254895999998553, 1.3167329999996582, 1.335278799997468, 1.3212619000005361, 1.3223343000026944, 1.320826200000738, 1.3173167000022659, 1.3215191999988747, 1.320796200001496, 1.3191808999981731, 1.317968400002428, 1.3254704999999376, 1.3368878000001132, 1.339162699998269]}, "cpython": {"warmup": [1.5929042999996454, 1.586029599999165, 1.5835819999992964, 1.5867687999998452, 1.5851282000003266, 1.5821188000008988, 1.5825683000002755, 1.5815182000005734, 1.5838731000003463, 1.5823319999981322, 1.5825328999999329, 1.5832156999967992, 1.584334499999386, 1.5956369000014092, 1.5821036999986973, 1.5949811999998929, 1.5771552000005613, 1.5810008000007656, 1.5787238000011712, 1.5875010000017937, 1.5959796999995888, 1.589480700000422, 1.5796215000009397, 1.5750001999986125, 1.5797712999992655, 1.587841299999127, 1.5854676999988442, 1.5837632000002486, 1.5768910000006144, 1.5889098000006925, 1.5868091999982425, 1.5788087000000814, 1.5797776999970665, 1.5735822999995435, 1.577619899999263, 1.5828304999995453, 1.5863640999996278, 1.5847102999978233, 1.580932799999573, 1.5863218999984383, 1.5843943000036234, 1.5940995999990264, 1.58736620000127, 1.5709153999996488, 1.5841708000007202, 1.5839587000009487, 1.5785891999985324, 1.5768028999991657, 1.5906940999993822, 1.5772023999998055, 1.5986425999981293, 1.5933215000004566, 1.5818259000006947, 1.5805753000022378, 1.5833230999996886, 1.58069389999946, 1.577095399999962, 1.586430499999551, 1.5915788000020257, 1.5850284999978612, 1.5808109999998123, 1.5769300000029034, 1.5824385000014445, 1.589123899997503, 1.5791998999993666, 1.5738431000027049, 1.581898699998419, 1.5932572000019718, 1.5821780000005674, 1.5788261999987299, 1.5798710999988543, 1.5771402000027592, 1.5868107999995118, 1.5849798000017472, 1.5908854000008432, 1.5859752999967895, 1.583422600000631, 1.5817064000002574, 1.5771911000010732, 1.593477200000052, 1.589155400000891, 1.5811629000018002, 1.5855409000032523, 1.5846510999981547, 1.5742599000004702, 1.592228299999988, 1.5847885000002861, 1.5809923999986495, 1.5764192000024195, 1.5819176999975753, 1.5814750999998068, 1.5752995000002556, 1.589116200000717, 1.5844141999987187, 1.5824872000011965, 1.5876147999988461, 1.5983281000007992, 1.58894980000332, 1.5776538999998593, 1.5792863000024226], "benchmark": [1.6021311000004061, 1.5839149999992514, 1.5810597999989113, 1.5846481999979005, 1.5759934999987308, 1.5874163000007684, 1.5808088000012503, 1.5754769999985, 1.5827084000011382, 1.584520699998393, 1.5801623000006657, 1.5825041999996756, 1.5806869999978517, 1.578925200003141, 1.5877490999992006, 1.5916457999992417, 1.5814433000014105, 1.5835121000018262, 1.5817252999986522, 1.5807757000002312, 1.5776425000003655, 1.5767366000000038, 1.5802132999997411, 1.5818572999996832, 1.5953286000003573, 1.5754242000002705, 1.582054499998776, 1.5886919000004127, 1.5807300999986182, 1.5778731999998854, 1.6203207000035036, 1.5857539000026009, 1.5808748000017658, 1.5823081999988062, 1.586347399999795, 1.5857963999987987, 1.593536000000313, 1.5884426000011445, 1.6136852000017825, 1.577952199997526, 1.5813154999996186, 1.5833165000003646, 1.5848077999980887, 1.5911166000005323, 1.5934364999993704, 1.5859213000003365, 1.581486800001585, 1.5950709000026109, 1.5792593000005581, 1.5783386999974027, 1.579245400000218, 1.5780463000010059, 1.5848972999992839, 1.593207199999597, 1.58385669999916, 1.579007399999682, 1.5821546999977727, 1.5815794000009191, 1.5751321999996435, 1.5802325999975437, 1.5951667000008456, 1.5894340000013472, 1.5770241999998689, 1.5749341000009736, 1.5753604999990785, 1.5965668999997433, 1.5852837000020372, 1.5810781000000134, 1.584698999999091, 1.578996799999004, 1.582697999998345, 1.5789526000007754, 1.5833865000022342, 1.5909441000003426, 1.590861999997287, 1.581244599998172, 1.5772453999998106, 1.5827148000025772, 1.5844369999977062, 1.5868542999996862, 1.5831590999987384, 1.5759719000016048, 1.5790889999989304, 1.5951261999980488, 1.5920935000031022, 1.5811226000005263, 1.573035900000832, 1.578490599997167, 1.5856959000011557, 1.5827204000015627, 1.5794894999999087, 1.57938600000125, 1.5974214000016218, 1.5822383999984595, 1.5899781000007351, 1.587359999997716, 1.5819503999991866, 1.5760606000003463, 1.5787444000015967, 1.577967000001081]}}