{"nuitka": {"warmup": [0.7681379999994533, 0.7576877999963472, 0.7556643999996595, 0.7556314999965252, 0.7533255000016652, 0.7518206999957329, 0.7542877999949269, 0.7528840000013588, 0.7523691999958828, 0.756509200000437, 0.7533397999941371, 0.7576618000020972, 0.7570972999965306, 0.7524765999987721, 0.7517693999980111, 0.7541066999983741, 0.7525765000027604, 0.7527129999944009, 0.7564255999895977, 0.7539991000085138, 0.7536089000059292, 0.7517303000058746, 0.7528965000092285, 0.7530759000073886, 0.7530421999981627, 0.7525224999990314, 0.7522625999990851, 0.7518257000047015, 0.753945799995563, 0.7529100000101607, 0.7535146000009263, 0.7535090000019409, 0.7533746999979485, 0.7544993999908911, 0.7573323999968125, 0.7529477000061888, 0.7526693000108935, 0.7517952000052901, 0.7521987000072841, 0.752413099995465, 0.7558563000056893, 0.7528388999926392, 0.7538593000062974, 0.7520480999955907, 0.7536762999952771, 0.7558280999946874, 0.7529783000063617, 0.7522437999868998, 0.7565343000023859, 0.7537772999930894, 0.754589299991494, 0.7512516999995569, 0.7529070000018692, 0.7540367000037804, 0.7539593999972567, 0.7528595000039786, 0.7523076000070432, 0.7549435000109952, 0.7560585000028368, 0.7539551999943797, 0.7553248000040185, 0.7550302000017837, 0.7514138999977149, 0.7528295000083745, 0.7517330000118818, 0.752465099998517, 0.7529974999924889, 0.7524242000072263, 0.7515056000120239, 0.7539757999911672, 0.7530125999910524, 0.7529389999981504, 0.7519509999983711, 0.7667794000008143, 0.7546829000057187, 0.7556087000120897, 0.756061399995815, 0.7522311000066111, 0.7516697999963071, 0.7556659999972908, 0.753730500000529, 0.7533086000039475, 0.752539599998272, 0.7521005000016885, 0.7528596000047401, 0.7521032000076957, 0.7682209000049625, 0.7521665999956895, 0.7516574999899603, 0.7538908999995328, 0.7534124000085285, 0.7528111999999965, 0.7525258999958169, 0.7524186999944504, 0.7525416999997105, 0.7545527999900514, 0.7674446999881184, 0.7536641000042437, 0.7535212999937357, 0.7531403000029968], "benchmark": [0.7525392999959877, 0.7516150000010384, 0.752968000000692, 0.7535691000084626, 0.752615200006403, 0.7535935000050813, 0.7639013000007253, 0.7530027000029804, 0.7550406000082148, 0.7538400000048568, 0.751891700012493, 0.7535171000054106, 0.7519064000080107, 0.7553627000015695, 0.753354299988132, 0.7588725000096019, 0.7523565000010421, 0.7525996999902418, 0.7524298999924213, 0.7529780000040773, 0.7527682999934768, 0.7533200000034412, 0.7538544999988517, 0.7531689000024926, 0.7562540999933844, 0.7523988999892026, 0.7568307000037748, 0.7538359000027413, 0.7518047000048682, 0.7526423999952385, 0.7536814000050072, 0.7529185000021243, 0.755847000007634, 0.7544802999909734, 0.7526432000013301, 0.7523306000075536, 0.7524181000044337, 0.7534047000081046, 0.751812600006815, 0.7531132000003709, 0.7524286999978358, 0.7517691999964882, 0.7531115999881877, 0.7514511000044877, 0.7519996000046376, 0.7533796999923652, 0.7524668000114616, 0.7532780999899842, 0.7535129000025336, 0.7546022000024095, 0.7528855999989901, 0.7549330999900121, 0.7537236000061966, 0.7518032000079984, 0.7527076999976998, 0.7519162000098731, 0.7531340999994427, 0.7533819999953266, 0.7564139000023715, 0.7548691000120016, 0.7531446999928448, 0.7522323000011966, 0.7541454000020167, 0.7539685999945505, 0.7570093999966048, 0.7529747999942629, 0.7531779999990249, 0.7542403999977978, 0.765275699988706, 0.7524206999951275, 0.7609249999950407, 0.757515199991758, 0.7564275999902748, 0.7539766999980202, 0.7650479000003543, 0.7599387000082061, 0.7532157000096049, 0.7518490999937057, 0.7519462000054773, 0.7521922000014456, 0.7525106999964919, 0.7528068000101484, 0.7521608000097331, 0.7520283000048948, 0.7594331000000238, 0.7533857999951579, 0.7539362000097753, 0.7520445999980439, 0.7533722000080161, 0.7519228000019211, 0.751647299999604, 0.754398899996886, 0.7515894999960437, 0.7535157999955118, 0.7542805999983102, 0.7520251000096323, 0.7562760000000708, 0.7580084999935934, 0.7523307999945246, 0.7567988000082551]}, "cpython": {"warmup": [0.7836198000004515, 0.7875780999893323, 0.7821292000007816, 0.7805803999945056, 0.7798936999897705, 0.7829169000033289, 0.7873810000019148, 0.788123699996504, 0.7792296000116039, 0.7819111999997403, 0.78103800000099, 0.781694499994046, 0.7866700000013225, 0.779165700005251, 0.78000179999799, 0.7796920999971917, 0.7865793999953894, 0.7806332000036491, 0.778132600011304, 0.7815511000080733, 0.7843340999970678, 0.7868530999985524, 0.7814772000128869, 0.790062800006126, 0.7977014999923995, 0.7792211999912979, 0.7807706000021426, 0.7809469000058016, 0.7801401000033366, 0.7783517999923788, 0.7818990999949165, 0.7797344999999041, 0.778769899989129, 0.7788279000087641, 0.7806423000001814, 0.7835809999960475, 0.7789736999984598, 0.779251200001454, 0.7818872000061674, 0.7790652999974554, 0.7818138000002364, 0.7836813000030816, 0.7838671000063187, 0.7787028000020655, 0.7818325999978697, 0.7802162000007229, 0.7781307999975979, 0.7804515000025276, 0.7813535000022966, 0.78517840000859, 0.7839514999941457, 0.7918818999896757, 0.7839131000073394, 0.7841563999973005, 0.7811857000051532, 0.7802650000085123, 0.785976799990749, 0.7800088000076357, 0.7825753999932203, 0.7792806000070414, 0.7817494999908376, 0.7840292000037152, 0.7820011000003433, 0.7819350000063423, 0.7788295000063954, 0.7881890999997267, 0.7932026000053156, 0.7794441000005463, 0.8027647999988403, 0.7790189000079408, 0.7843525000062073, 0.7793031000037445, 0.7795401000039419, 0.7817785000079311, 0.7813165000115987, 0.7784779000066919, 0.7837306000001263, 0.7832548000005772, 0.7766358999942895, 0.7842256000003545, 0.7827880999975605, 0.7804522999940673, 0.7832785000064177, 0.7810383999894839, 0.7867904000013368, 0.7810851000103867, 0.7844527999986894, 0.7870674000005238, 0.7826303999900119, 0.7787889000028372, 0.7791795999946771, 0.783528900006786, 0.7800524000049336, 0.7940145999891683, 0.784242900001118, 0.783788500004448, 0.7787701999914134, 0.7809994999988703, 0.7798686000023736, 0.7809575999999652],