{"nuitka": {"warmup": [2.533930899997358, 2.1422054000140633, 2.196122800000012, 2.1214009999966947, 2.1400693000032334, 2.2883935999998357, 2.2469762999971863, 2.2625071999937063, 2.297569799993653, 2.189050100001623, 2.218420299992431, 2.038902300002519, 2.17081500000495, 2.1628601999982493, 2.2373910000023898, 2.161128899999312, 2.164546899992274, 2.187373699998716, 2.1497284999932162, 2.124787600012496, 2.048785399994813, 2.07484210000257, 2.174935100003495, 2.054497100005392, 2.1704548000125214, 2.0387017000030028, 2.042001199995866, 2.0968972999980906, 2.1819293000007747, 2.1899801999970805, 2.263709700011532, 2.1817818000126863, 2.178664499995648, 2.0625705999991624, 2.196071699989261, 2.1211769000074128, 2.0837585999979638, 2.1634912000008626, 2.016062399998191, 2.179391499987105, 2.1470231999992393, 2.192183599996497, 2.059126299995114, 2.2091655999975046, 2.1446048999932827, 2.224986099987291, 2.0509158999921056, 2.1548059999913676, 2.1576706000050763, 2.2412808000080986, 2.2781971000076737, 2.1731592000141973, 2.0422797999926843, 2.152023000002373, 2.2190012999926694, 2.0557604000059655, 2.024402499999269, 2.1649761000007857, 2.208952399989357, 2.145365000003949, 2.2101455999945756, 2.0555918000027305, 2.1985996999865165, 2.2699861000000965, 2.219612600005348, 2.1827109000005294, 2.164167999988422, 2.167723400008981, 2.179716799990274, 2.160470200004056, 2.1899925000034273, 2.2509847000037553, 2.229300199993304, 2.034204099996714, 2.043615700007649, 2.2178094999981113, 2.1897316000104183, 2.19300060000387, 2.204342299999553, 2.185734599988791, 2.204344999991008, 2.075923700002022, 2.1722720000107074, 2.194163899999694, 2.0914621999982046, 2.1675325999967754, 2.061690599992289, 2.171699999991688, 2.1976957000006223, 2.2031661000073655, 2.1944856000045547, 2.162298199997167, 2.0654792999994243, 2.1894979999924544, 2.237781499992707, 2.0211523000034504, 2.041435499995714, 2.017229999997653, 2.224389399998472, 2.1995211000030395], "benchmark": [2.144153000001097, 2.1944612999941455, 2.1893743999971775, 2.0522755999991205, 2.104384199992637, 1.975892099988414, 2.2071433999954024, 2.2199029000039445, 2.166041900010896, 2.1980179999955, 2.1709973999968497, 2.1330580999929225, 2.0991974999924423, 2.21449169999687, 2.1728532999986783, 1.9753204000007827, 2.1832881000009365, 2.1939360999967903, 2.092474500008393, 2.2428596000099787, 2.072771399994963, 2.171267400000943, 1.9953352000011364, 2.1036753000080353, 2.085394699999597, 2.222753999987617, 2.1690949000039836, 2.2128720999899087, 2.146225799995591, 2.201648500005831, 2.152891899997485, 2.1913553000049433, 1.9994962000055239, 2.215956100000767, 2.216641199993319, 1.975570800001151, 2.1736766999965766, 2.0588894999964396, 2.1516659000044456, 2.1481624000007287, 2.035758199999691, 2.0763277000078233, 2.194330099999206, 2.1752393000060692, 2.1830161999969278, 2.1281345000024885, 2.188908399999491, 2.214929099995061, 2.2125042999978177, 2.0270109999983106, 2.0586801000026753, 2.0680582000059076, 2.175810700005968, 2.042231899991748, 2.205196299997624, 2.1224291999969864, 2.1882805000059307, 2.0281353000027593, 2.2031449000060093, 2.128127800009679, 2.104909299989231, 2.367886699998053, 2.0735754999914207, 2.076219000009587, 2.1933818999968935, 2.1979102000041166, 2.1531816000060644, 2.113010999994003, 2.165445600010571, 2.1603869999962626, 2.235838499997044, 2.04656449999311, 2.2195616999961203, 2.150034300007974, 2.2066339000011794, 2.0727538999926765, 2.1555159999988973, 2.1945324999978766, 2.2189435999898706, 2.220975799995358, 2.1113512000010815, 2.1900783000019146, 2.208517099992605, 2.2537006000056863, 2.0887217999988934, 2.0765398000075947, 2.2008314999984577, 2.0542333999910625, 2.240725499999826, 2.1668877999909455, 2.1958852999960072, 2.190604199990048, 2.159424499986926, 2.0279370000062045, 2.1590808000037214, 2.254536899999948, 2.1385087999951793, 2.18968660000246, 2.0749408999981824, 2.1888953000016045]}, "cpython": {"warmup": [2.0866957000107504, 2.0786848999996437, 2.097687000001315, 2.0788677999953507, 2.1040651999937836, 2.064796699996805, 2.220992100003059, 2.050524399994174, 2.1079676000081236, 2.327588600004674, 2.0684611999895424, 2.161800400004722, 2.167401400001836, 2.140668199994252, 2.139643000002252, 2.101441499995417, 2.235307599999942, 2.052216700001736, 2.086190300004091, 2.338307600002736, 2.074265299990657, 2.084897799999453, 2.161251199999242, 2.0591113999980735, 2.058516299992334, 2.0970226999925217, 2.105105000009644, 2.063331500001368, 2.1019003999972483, 2.0551526000053855, 2.105022399991867, 2.0809860000008484, 2.1465419000014663, 2.0760785000020405, 2.0723380999988876, 2.076178000002983, 2.081468499993207, 2.0822067000117386, 2.1044152000104077, 2.098162800000864, 2.0982886999991024, 2.3344273999973666, 2.079618499992648, 2.0787667999975383, 2.0893893000029493, 2.090826300001936, 2.418393999992986, 2.175207899999805, 2.0698545999912312, 2.08584850000625, 2.099943399996846, 2.084825900004944, 2.0837699999974575, 2.0722200000018347, 2.073088600009214, 2.0643457999976818, 2.108978300006129, 2.1032482000009622, 2.1975529000046663, 2.1410296999965794, 2.0939726999931736, 2.088989500000025, 2.0598787000053562, 2.0806746000016574, 2.0897494000091683, 2.1777350999909686, 2.0834109999996144, 2.0828942000080133, 2.096621699995012, 2.0586553999892203, 2.0695991999964463, 2.130956699998933, 2.1084028000041144, 2.090689399992698, 2.069340899994131, 2.099535500005004, 2.067416099991533, 2.141983399997116, 2.0339285000081873, 2.0944990000134567, 2.0939119000104256, 2.0823368999990635, 2.070734100008849, 2.169027299998561, 2.159631200003787, 2.169130700000096, 2.2668412000057288, 2.16749290000007, 2.0998241000052076, 2.029447600012645, 2.0933241000020644, 2.112263000002713, 2.1804723999957787, 2.083755799991195, 2.0776712999941083, 2.1474451999965822, 2.1148482999997213, 2.1016527000028873, 2.08818859999883, 2.090965800001868], "benchmark": [2.0506233000050997, 2.0698584000056144, 2.060503200002131, 2.0771707000094466, 2.079471499993815, 2.1409474999964004, 2.109052400002838, 2.0256927000009455, 2.0859877000038978, 2.1109515000134706, 2.0473858999903314, 2.2010349000047427, 2.1209768999979133, 2.0158440999948652, 2.030933800007915, 2.0506200999952853, 2.0153800999978557, 2.1074277000006987, 2.0158278999879258, 2.0418579999968642, 2.107033800013596, 2.037570599990431, 2.009937800001353, 2.119422300005681, 2.168657500005793, 2.0842945000040345, 2.0776080999930855, 2.34488250000868, 2.0714283999986947, 2.106424599987804, 2.0944507000094745, 2.0742081999924267, 2.0870964999921853, 2.0371381000004476, 2.114154499999131, 2.0520379999943543, 2.0309021000139182, 2.2421771999943303, 2.109699399996316, 2.088655200001085, 2.078634699995746, 2.2554208999936236, 2.072854099998949, 2.0877035000012256, 2.068911800000933, 2.165701400008402, 2.1462910999980522, 2.1065954999940004, 2.103168600006029, 2.076507700010552, 2.096972299987101, 2.064163199989707, 2.1095618000108516, 2.1411263000045437, 2.106538799998816, 2.150988299996243, 2.0668519000028027, 2.069119399995543, 2.1135243000026094, 2.070376399991801, 2.2475766999996267, 2.077262899998459, 2.0653830999945058, 2.0822072999872034, 2.106568999995943, 2.0766823000012664, 2.074575400009053, 2.0418104999989737, 2.149692500010133, 2.0487718999938807, 2.1022761999920476, 2.2525870999961626, 2.0739497000031406, 2.276690500002587, 2.274691200000234, 2.074522800001432, 2.0975057000032393, 2.0904943000059575, 2.101944900001399, 2.0702759999985574, 2.0711263999983203, 2.1264094000071054, 2.070708700004616, 2.1061136000062106, 2.093186500002048, 2.0726845000026515, 2.0707218000025023, 2.03188819999923, 2.071538199990755, 2.0729914999974426, 2.170447199998307, 2.1765126999962376, 2.077833500006818, 2.07648760000302, 2.130806400004076, 2.0756072999938624, 2.086907399992924, 2.140647899999749, 2.067829999999958, 2.1038861999986693]}}