{"nuitka": {"warmup": [0.9510079000028782, 0.939113799991901, 0.9275346999929752, 0.9364138999953866, 0.9351812000095379, 0.9254417000047397, 0.9704411000129767, 0.9364318000007188, 0.9345898000028683, 0.9345631000032881, 0.9385214000067208, 0.9591680000012275, 0.9278386000078171, 0.9439423000003444, 1.1987200000003213, 0.9280807000031928, 0.9347716000047512, 0.9246586000081152, 0.9373071000009077, 0.9261331000016071, 0.9351019999885466, 0.9410543000121834, 0.9345534000021871, 0.9420688999962294, 0.933148700001766, 0.9899181999935536, 0.9350402999989456, 0.9326243000105023, 0.9509462999994867, 0.9328738999902271, 0.9330236999958288, 0.9331149999925401, 0.9297731999977259, 0.9512459999968996, 0.9301453000080073, 0.9314818999991985, 0.9253543000086211, 0.9562437999993563, 0.9311054999998305, 0.9362694000010379, 0.92888929999026, 0.9325974000093993, 0.9320462000032421, 0.9435784999950556, 0.9357538000040222, 0.9511960999952862, 0.9303864000103204, 0.9296851999970386, 0.9311424000043189, 0.9238880000048084, 0.9309338000020944, 0.9311586000112584, 0.9266900999937207, 0.9263835000019753, 0.9264211999980034, 0.9266430999996373, 0.9241103999956977, 0.9316831000032835, 0.9288034000055632, 0.9240874999959487, 0.9269280000007711, 0.9330886999960057, 0.9235003999929177, 0.9252471999934642, 0.93004779999319, 0.9294968999893172, 0.9440132000017911, 0.9460450000042329, 0.9518673999991734, 0.9480146999994759, 0.9886072999943281, 0.9326504999917233, 0.9723097000096459, 0.9309100999962538, 0.9345897000021068, 0.9507731000048807, 0.9330593000049703, 0.9487096999946516, 0.9450707999931183, 0.934151399997063, 0.9296120000071824, 0.9616582000016933, 0.945334100004402, 0.9505422999936854, 0.9442722999956459, 0.9303910000016913, 0.9406554000015603, 0.9310163999907672, 0.933225599990692, 0.9423012000042945, 0.9392967000021599, 0.9627517999906559, 0.929983900001389, 0.9323242999962531, 0.9364146000007167, 0.9342613000044366, 0.935669800004689, 0.935182100001839, 0.9562719000095967, 0.9534963000041898], "benchmark": [0.9348101000068709, 0.9316644999926211, 0.9508361000043806, 0.953944600012619, 0.9398110999900382, 1.0185641999996733, 0.9457650999975158, 0.9619774000020698, 0.948676300002262, 0.9711263999924995, 0.9506450000044424, 0.9431856000010157, 0.9431047999969451, 0.9358194000087678, 0.9370643000002019, 0.9355309999955352, 0.9337973000074271, 0.9428103999962332, 0.9332560000038939, 0.9440494000009494, 0.9462424999946961, 0.9376467999973102, 0.9352059999946505, 0.9594993000064278, 0.9432318000035593, 0.9424777000094764, 0.9373794999992242, 0.937110799990478, 0.9392908000008902, 0.9327816000004532, 0.9379335999983596, 0.945735400004196, 0.9371896000084234, 0.9305018000013661, 0.956462999994983, 0.9453670999937458, 0.9375403000012739, 0.9370863999938592, 0.9823032999993302, 0.9778392000007443, 0.9318836000020383, 0.9373931000009179, 0.9345745000027819, 0.9377767000114545, 0.9332576000015251, 0.9327536999917356, 0.9484570000058739, 0.9487018999934662, 0.9300705000059679, 0.9723502000124427, 0.939743399998406, 0.9386398999922676, 0.9400817999994615, 0.9410645000025397, 0.9281021000060719, 0.9406248000013875, 0.9506882999994559, 0.9361223000014434, 0.944008100006613, 0.9339788999932352, 0.9305825999908848, 0.9587367000058293, 0.9382058000046527, 0.9407904999970924, 0.9352634000097169, 0.937276099997689, 0.968405099993106, 0.9433351000043331, 0.9564824999979464, 0.943373200003407, 0.9717840000084834, 0.9491850000049453, 0.9284650999907171, 0.9325215999997454, 0.9587120000069262, 0.9365630999964196, 0.9546466000028886, 0.9379192999913357, 0.9401686999917729, 0.9403000000020256, 0.9528469999931986, 0.9431536000047345, 0.9426953000074718, 0.9481472999905236, 0.9419521000090754, 0.941658700001426, 0.9415692000038689, 0.9449769999919226, 0.9300223000027472, 0.9408695000020089, 0.9553667000000132, 0.9640624000021489, 0.9357078000030015, 0.935933999993722, 0.9295259000064107, 0.9374970000062604, 0.9583425000018906, 0.944542299999739, 0.9266260000003967, 0.9367837000027066]}, "cpython": {"warmup": [0.757676299996092, 0.7580415999982506, 0.7755028999963542, 0.7566356000024825, 0.7756415999901947, 0.761651199994958, 0.7748301000101492, 0.759600400007912, 0.7564624000078766, 0.7552099999884376, 0.7664487000001827, 0.7778974000102608, 0.770946599994204, 0.756052799988538, 0.8980159999919124, 0.7582368000003044, 0.7637988999922527, 0.758563100011088, 0.7556501000071876, 0.7560768999974243, 0.7591600000014296, 0.7483299999876181, 0.7527565000054892, 0.7673762000049464, 0.785757100005867, 0.7522625999990851, 0.8088598999893293, 0.766053200000897, 0.773775099994964, 0.7551218000007793, 0.7555268999858527, 0.7640912999922875, 0.841172500004177, 0.7813985999964643, 0.7550697000115179, 0.7593092000024626, 0.7536954999959562, 0.7588820999953896, 0.7583056000003126, 0.7725910000008298, 0.7800434999953723, 0.750170800005435, 0.7824177000002237, 0.7676081999961752, 0.764104200003203, 0.7576633999997284, 0.7521826999873156, 0.7531108999974094, 0.7753766999958316, 0.7621704000048339, 0.7707542999996804, 0.7635115000011865, 0.7553149000013946, 0.7568305000022519, 0.7627659999998286, 0.7586138000042411, 0.7592165999958524, 0.7483685999904992, 0.7584126000001561, 0.7612516999943182, 0.7507719999994151, 0.7582700999919325, 0.7590492000017548, 0.7628875000082189, 0.7508001999958651, 0.7763119000010192, 0.7529945999995107, 0.7705892000085441, 0.7576867000025231, 0.7618572000064887, 0.7786577999941073, 0.7526688000070862, 0.7572448999999324, 0.7577807000052417, 0.7671279999922263, 0.762075199992978, 0.7819007000070997, 0.7543732000049204, 0.7603014000051189, 0.7543045000056736, 0.7607180000049993, 0.7578001999936532, 0.7725606000021799, 0.7614118000055896, 0.7665568999946117, 0.7583893999981228, 0.7711752000031993, 0.7611550000001444, 0.7532167000026675, 0.7465063000126975, 0.7571644999989076, 0.7767099999909988, 0.7600908000022173, 0.7682783999916865, 0.7558827000029851, 0.7689905000006547, 0.7586396999977296, 0.7656934000115143, 0.7594862999976613, 0.7768160999985412],