{"nuitka": {"warmup": [0.7893972000019858, 0.7750251999968896, 0.7803541000030236, 0.7744468000018969, 0.7729516999970656, 0.7725171000056434, 0.7725045999977738, 0.772151200013468, 0.7740036999894073, 0.7720558000000892, 0.7762498999945819, 0.7700010999978986, 0.7706324000027962, 0.7785030000086408, 0.7735567000054289, 0.772955099993851, 0.7712584999972023, 0.7707462999969721, 0.7731210000056308, 0.7713637999986531, 0.7692940999986604, 0.7723027000029106, 0.7707731999980751, 0.779668799994397, 0.772412100006477, 0.768777899997076, 0.7727159000060055, 0.770126600007643, 0.7771396000025561, 0.7733393000089563, 0.7722593999933451, 0.7733574000012595, 0.7729469000041718, 0.7706732000078773, 0.7739767000020947, 0.7772971999947913, 0.7727575000026263, 0.7718167999992147, 0.7733677999931388, 0.774102600000333, 0.7725778000021819, 0.7730645999981789, 0.7697126999992179, 0.772396900007152, 0.7719630000065081, 0.7696209999994608, 0.7703515000030166, 0.7719550000037998, 0.7712946999963606, 0.7741959999984829, 0.7691591000038898, 0.7728230999928201, 0.7732729999988806, 0.7718119000055594, 0.7727285000000848, 0.7733447999926284, 0.7696853000088595, 0.7700843000056921, 0.7706915000017034, 0.7758335999969859, 0.7743228000035742, 0.7749167000001762, 0.7727824000030523, 0.773329300005571, 0.7729189999954542, 0.7710237999999663, 0.7752734999958193, 0.7708650000131456, 0.7752138000068953, 0.7761010999965947, 0.7756122999999207, 0.7736417000123765, 0.7744829000002937, 0.7737712999951327, 0.7715131000004476, 0.7753367999976035, 0.7747815000038827, 0.769844499998726, 0.7720851999911247, 0.7718725000013364, 0.7747884999989765, 0.7692956999962917, 0.775294599996414, 0.7729980999865802, 0.7772209999966435, 0.7751599999901373, 0.7750797999906354, 0.7719572000059998, 0.7728739000012865, 0.7727337999967858, 0.7704748999967705, 0.7696255000046222, 0.7775047000031918, 0.7702992999984417, 0.7763287999987369, 0.7759701000031782, 0.7721389000071213, 0.771982799997204, 0.7721071000123629, 0.7718240999965928], "benchmark": [0.7728255000110948, 0.7736953999992693, 0.772577600000659, 0.7762369999982184, 0.7723111000086647, 0.7732505000021774, 0.7706815999990795, 0.7729832000040915, 0.7722700000012992, 0.7697673000075156, 0.7739419000135968, 0.7791308000014396, 0.7712394000118366, 0.7681744000001345, 0.7725974000059068, 0.7712538000050699, 0.7728606000018772, 0.7692114999954356, 0.770669600009569, 0.7726977999991504, 0.7731132000044454, 0.7755384000047343, 0.7733180000068387, 0.7723355000052834, 0.7690977000020212, 0.7720525999902748, 0.7710976999951527, 0.7725165000010747, 0.7729833999910625, 0.76988110000093, 0.7726703000080306, 0.7704352000000654, 0.7769625000073574, 0.7718963999941479, 0.7701542000140762, 0.7721996000036597, 0.7809370000031777, 0.7727314999938244, 0.7715090999990935, 0.7697676999960095, 0.7692619000008563, 0.7750010000017937, 0.7794400999991922, 0.7709300999995321, 0.7739355000085197, 0.7746833999990486, 0.7721937999885995, 0.7721106000099098, 0.7745118000020739, 0.7724770000058925, 0.7794484000041848, 0.7735788999998476, 0.7741294000006747, 0.7691052000009222, 0.7753179999999702, 0.7738907000020845, 0.7696677000058116, 0.7726507000043057, 0.7726529000065057, 0.7698919999966165, 0.771770600011223, 0.7715972000005422, 0.770082300005015, 0.7729774999897927, 0.7736384000018006, 0.7762928000011016, 0.7716747999947984, 0.7696365000010701, 0.7711191999987932, 0.7725619999982882, 0.7755929999984801, 0.7703968999994686, 0.7699081000027945, 0.7739238999929512, 0.7738759000058053, 0.7736788000038359, 0.7733804000017699, 0.7703294999955688, 0.7703660999977728, 0.7727185000112513, 0.7723916999966605, 0.7726812999899266, 0.7743035000021337, 0.7721593000023859, 0.7773963999934494, 0.7734704000031343, 0.7771238999994239, 0.7732366999989608, 0.7772964000032516, 0.7739277999935439, 0.7739505000063218, 0.7780497999920044, 0.774789699993562, 0.7720372000039788, 0.7727847999922233, 0.7704389999998966, 0.7731865999958245, 0.7724883999908343, 0.7768206000037026, 0.7767955000017537]}, "cpython": {"warmup": [0.8191827999980887, 0.8162946999946143, 0.8085164000076475, 0.8117608000029577, 0.8517843000008725, 0.8207705999957398, 0.8174995000008494, 0.8134263999963878, 0.8057754000037676, 0.8092048999969848, 0.8101655999926152, 0.8111362000054214, 0.8170461999980034, 0.8096528999885777, 0.8104736999957822, 0.8260758999967948, 0.8082322999980533, 0.8310722999885911, 0.8597520000039367, 0.8107370000070659, 0.8120105999987572, 0.8057437999959802, 0.809639099999913, 0.8209188000037102, 0.8376432999939425, 0.8105992000055267, 0.8115352999884635, 0.8062957999936771, 0.8131051999953343, 0.8224057000043103, 0.8162876999995206, 0.8100495000107912, 0.8094661999930395, 0.8115185999922687, 0.8111236999975517, 0.8147176000056788, 0.8258643000008306, 0.8089599000086309, 0.8081472000048961, 0.8073798999976134, 0.8167060999985551, 0.81077360000927, 0.8100527999922633, 0.8198562000034144, 0.8226398999977391, 0.820443200005684, 0.8114778000017395, 0.8122236999915913, 0.820823100002599, 0.8129041999927722, 0.8080761000019265, 0.810509800008731, 0.8097829000034835, 0.8104916000011144, 0.8165673000039533, 0.8113857999996981, 0.8141046000091592, 0.8108598999970127, 0.8096865999978036, 0.8187048000108916, 0.8081563000014285, 0.8136978999973508, 0.8189706999983173, 0.8099451000016415, 0.821281500000623, 0.8106818000087515, 0.807600200001616, 0.8103875999950105, 0.853838299997733, 0.8099954999925103, 0.81040600000415, 0.8246679000003496, 0.8084008000005269, 0.8104057000018656, 0.8138982999953441, 0.8163837000029162, 0.8101889000099618, 0.8206861000071513, 0.8124602999887429, 0.8350914999900851, 0.8210217000014381, 0.8197261000022991, 0.8073800999991363, 0.8105622000002768, 0.8071291999949608, 0.8166634000081103, 0.809672600007616, 0.8068568000016967, 0.8137212000001455, 0.8108570000040345, 0.8161333000025479, 0.8114494000037666, 0.8078865999996196, 0.8080757999996422, 0.8086514000024181, 0.8336091999954078, 0.8079241000086768, 0.8057751999876928, 0.809931099996902, 0.8067001000017626],