{"nuitka": {"warmup": [1.0647046000085538, 1.0629320000007283, 1.052922299990314, 1.0475870999944163, 1.0584715000004508, 1.044749500011676, 1.0714031999959843, 1.0456762999965576, 1.0503964999952586, 1.0565057000058005, 1.052127400005702, 1.0608380999910878, 1.0466605999972671, 1.050671400007559, 1.0636524000001373, 1.0614140999969095, 1.0456777999934275, 1.0448013999994146, 1.0605070999881718, 1.0436979000078281, 1.0676990000065416, 1.05846030000248, 1.0478757999953814, 1.055508200006443, 1.0566013999923598, 1.0551945000042906, 1.053242699999828, 1.047190800003591, 1.0583473000006052, 1.0396062999934657, 1.069493799994234, 1.0517910000053234, 1.0450020999996923, 1.050510499990196, 1.0528192999918247, 1.0800576999899931, 1.0619560000050114, 1.0491416000004392, 1.055738900002325, 1.0641967999981716, 1.0512688000017079, 1.0573258999938844, 1.0508602000045357, 1.0587384000100428, 1.0764568000013242, 1.0555176000052597, 1.0448090999998385, 1.0439527999988059, 1.0754358999984106, 1.0505627000093227, 1.0684883000067202, 1.050543799996376, 1.0505974999978207, 1.047687500002212, 1.0514161000028253, 1.0487595999875339, 1.0589865000074496, 1.0610262999980478, 1.0487825000018347, 1.0502186000085203, 1.0492358000046806, 1.0463356999971438, 1.044893600002979, 1.0444259000068996, 1.0548323999973945, 1.055856599996332, 1.0458864999964135, 1.054909200000111, 1.0517034999938915, 1.0628197000041837, 1.0433519999933196, 1.046540900002583, 1.0507611999928486, 1.0434887000010349, 1.0471901999990223, 1.0553340000042226, 1.0516732999967644, 1.046128600006341, 1.0575737999897683, 1.043160800007172, 1.0433082999952603, 1.0420332000066992, 1.0575590999942506, 1.0556620999996085, 1.0696819000004325, 1.0381768000079319, 1.0660091000027023, 1.0540362000028836, 1.0390121000091312, 1.0515565000096103, 1.0654723000043305, 1.0486753999866778, 1.0525161999976262, 1.0570767000026535, 1.0558948999969289, 1.0486148000054527, 1.059103599996888, 1.0480845999991288, 1.0491337999992538, 1.0573454999976093], "benchmark": [1.0511471000063466, 1.0730114999896614, 1.0586014000000432, 1.058184200010146, 1.0499623999930918, 1.0475948000093922, 1.0566565000044648, 1.0563831000035862, 1.064425200005644, 1.05441690000589, 1.0569906000018818, 1.0434229000093183, 1.0506762000004528, 1.0501148999901488, 1.0480148999922676, 1.0496900999860372, 1.04654070000106, 1.0518889999948442, 1.0622431000083452, 1.0469192000018666, 1.044259599992074, 1.0484276000061072, 1.0653082000062568, 1.0539103000046453, 1.0583666999882553, 1.0430442999931984, 1.0468926999892574, 1.061448599997675, 1.0439853999996558, 1.056983799993759, 1.049159200003487, 1.0545573000126751, 1.072178199989139, 1.054870199994184, 1.0546117999911075, 1.04939960000047, 1.0526957999973092, 1.0446484999993118, 1.071614900007262, 1.043505500012543, 1.064455400002771, 1.04863399999158, 1.0683128999953624, 1.0561642999964533, 1.0508614999998827, 1.0537305000034394, 1.047708700003568, 1.0600668999977643, 1.0486077000095975, 1.0413973000104306, 1.0519796000007773, 1.0538894000055734, 1.0636489000025904, 1.0496831000054954, 1.046350699994946, 1.0452072999905795, 1.0684038000035798, 1.0488084999960847, 1.0377329999901121, 1.0623434000008274, 1.0533445000037318, 1.0453570999961812, 1.0568702000018675, 1.0448611000028905, 1.0530494999984512, 1.0596033000038005, 1.0627615000121295, 1.0514250999985961, 1.059124299994437, 1.0659330999915255, 1.068001000006916, 1.0607060000038473, 1.0560031000059098, 1.0641378999862354, 1.0678637999953935, 1.0418435000028694, 1.0623768999939784, 1.0498316000011982, 1.0507900000084192, 1.065917999992962, 1.0645919000089634, 1.058631299994886, 1.0513284000044223, 1.0522022999939509, 1.048342699999921, 1.0527252000028966, 1.047313099988969, 1.0466038000013214, 1.0561191000015242, 1.0609180999890668, 1.049892600000021, 1.0511885000014445, 1.0508993999974336, 1.0573326000012457, 1.0610324000008404, 1.0578517999965698, 1.0459995999990497, 1.0577600999968126, 1.0643173999997089, 1.058614800000214]}, "cpython": {"warmup": [1.0993153999879723, 1.1101464999956079, 1.0955962000007275, 1.0999624999967637, 1.0977668999985326, 1.0963448000111384, 1.0981819000007818, 1.095796599998721, 1.0938798999995925, 1.1073237999953562, 1.0981327000044985, 1.1088373999955365, 1.0989499999996042, 1.0953048000083072, 1.0960920000070473, 1.1039708999887807, 1.1061144999985117, 1.107609799990314, 1.104771800004528, 1.0928860999993049, 1.0944319999980507, 1.0987667000008514, 1.1177090999990469, 1.0988242999883369, 1.098500399995828, 1.104114199988544, 1.1122927000105847, 1.103222799996729, 1.102302499988582, 1.1014416999969399, 1.0974788000021363, 1.1081152999977348, 1.1092819000041345, 1.09587950000423, 1.0930840999935754, 1.114759399992181, 1.0966244000010192, 1.0942480999947293, 1.0981090999994194, 1.1032944999897154, 1.110642400002689, 1.1056123000016669, 1.0986743999965256, 1.1130596000002697, 1.0937358000082895, 1.098367499987944, 1.1089961000106996, 1.1024151000019629, 1.0989738000062061, 1.11661740001, 1.1274298000062117, 1.0962775999942096, 1.1035507000051439, 1.099893399994471, 1.0991222000011476, 1.1015718999988167, 1.1001644999923883, 1.0939377000031527, 1.125690200002282, 1.1012307000055443, 1.0966381000034744, 1.1108118999982253, 1.0959441000013612, 1.116472599998815, 1.1144066999986535, 1.0968679999932647, 1.1220908999966923, 1.1041773999895668, 1.103288699989207, 1.0995263000077102, 1.0987743999867234, 1.099938100000145, 1.0974668999988353, 1.0944533000001684, 1.1023869999917224, 1.0988205000030575, 1.1000346000073478, 1.101689000002807, 1.0931264999962877, 1.1029020999994827, 1.0981268000032287, 1.1034759000031045, 1.0994972999906167, 1.099345099995844, 1.094452999997884, 1.09310959999857, 1.095873099999153, 1.099527999991551, 1.0928229999990435, 1.0959093999990728, 1.1010093000077177, 1.0944992999866372, 1.1174349000066286, 1.096176299994113, 1.095372399999178, 1.0908152999909362, 1.0943522000015946, 1.0974226999969687, 1.0932343000022229, 1.0974916999984998], "benchmark": [1.116012899990892, 1.1091211000020849, 1.098991599996225, 1.0975615000061225, 1.0977667000115616, 1.1038888999901246, 1.097204600009718, 1.1322941999969771, 1.102687300008256, 1.1106156000023475, 1.1011780999979237, 1.0931752000033157, 1.1156756999989739, 1.1006300000008196, 1.0977795000071637, 1.091767499994603, 1.1035152999975253, 1.0951435000024503, 1.0957812999986345, 1.0944366000039736, 1.098451899990323, 1.1142370000015944, 1.1034076000069035, 1.0959460000012768, 1.0957944999972824, 1.1149459999869578, 1.0943182000046363, 1.1039137999905506, 1.0994419000053313, 1.1204737999942154, 1.0995137999998406, 1.0994235999969533, 1.123451199993724, 1.0982306999940192, 1.1132801000057952, 1.1147917000052985, 1.0978691999916919, 1.099331200006418, 1.1082768999913242, 1.0986581999895861, 1.0942722000036156, 1.105340399997658, 1.1082301999995252, 1.10193670001172, 1.1022755000012694, 1.1082428999943659, 1.1012208000029204, 1.0973632999957772, 1.0957223000004888, 1.0957120999955805, 1.0976559999980964, 1.095713100003195, 1.112990900001023, 1.099353700003121, 1.0968775999936042, 1.0989529999933438, 1.0980282999953488, 1.0959774000075413, 1.1073737999977311, 1.101554999986547, 1.0961275000008754, 1.1202427000098396, 1.0932006999937585, 1.0905466999975033, 1.0986133999977028, 1.105822999990778, 1.110875099999248, 1.1130114999978105, 1.096569700006512, 1.1025464999984251, 1.0951640999992378, 1.0946775999909732, 1.1156192000053125, 1.1095901999942726, 1.1006205000012415, 1.1139557999995304, 1.096206500005792, 1.0984163000102853, 1.094296100010979, 1.13272059999872, 1.1135202000004938, 1.0971747000003234, 1.101163400002406, 1.100703699994483, 1.1035475000098813, 1.113873300011619, 1.0976781999925151, 1.1229064000071958, 1.1044787999999244, 1.10709279999719, 1.092817800003104, 1.0957202999998117, 1.0989639000035822, 1.097349599993322, 1.0992881999991369, 1.1087935999967158, 1.0947231000027386, 1.0954733999969903, 1.1028688999940641, 1.0975830999959726]}}