{"nuitka": {"warmup": [1.3803144999983488, 1.3433427000127267, 1.3367413000087254, 1.3430458000075305, 1.3489286999974865, 1.3348045000020647, 1.327507299996796, 1.3284453000087524, 1.336956699989969, 1.3314727999968454, 1.3447574000019813, 1.3349243000120623, 1.3470614999969257, 1.3406378999934532, 1.3226836999965599, 1.3316418000031263, 1.3352143999945838, 1.333160800000769, 1.3327905000041937, 1.3326529000041774, 1.3391248999978416, 1.3437559000012698, 1.3374750999937532, 1.3324954999989131, 1.3345412999915425, 1.346798200000194, 1.3291830999951344, 1.3334024000068894, 1.3456608999986202, 1.333715899992967, 1.3251655000058236, 1.3368219999974826, 1.335490600002231, 1.338630500002182, 1.3338081999972928, 1.3382036999973934, 1.3458675000001676, 1.3323048000020208, 1.3353930999874137, 1.3321161000058055, 1.3401086000085343, 1.3351837000082014, 1.3514183999941451, 1.3367905999912182, 1.3280198000138626, 1.334622499998659, 1.3336829000036232, 1.3317700999905355, 1.3397570999950403, 1.3308300000062445, 1.3303375999967102, 1.3351344999973662, 1.3375929000030737, 1.324880200001644, 1.3367417999979807, 1.3316792999976315, 1.3329875000054017, 1.3314781000080984, 1.3345369000016944, 1.3795389000006253, 1.3296930000069551, 1.354214499995578, 1.3353544999990845, 1.335099200005061, 1.3282725000026403, 1.3280108000035398, 1.3414631999912672, 1.3318811000062851, 1.3388419999973848, 1.3428841999993892, 1.3409078999975463, 1.3330588000098942, 1.3380678999965312, 1.3353009999991627, 1.3401684999989811, 1.3285157000063919, 1.3418034000060288, 1.3302777999924729, 1.3395160999934888, 1.3321969999960857, 1.3324235000036424, 1.3220924999914132, 1.3268937999964692, 1.3280620000005001, 1.3469161000102758, 1.3416219999926398, 1.330051500000991, 1.350476499996148, 1.3326834000035888, 1.3295274999982212, 1.333451700003934, 1.3354049000045052, 1.335032000002684, 1.3339123000041582, 1.3375822000089101, 1.3433239000005415, 1.3464546000031987, 1.3322023999935482, 1.32809019999695, 1.332887299999129], "benchmark": [1.3288858000014443, 1.342922700001509, 1.3336215000017546, 1.3320680999895558, 1.3378589000058128, 1.3270931000006385, 1.3261398000031477, 1.3281656000035582, 1.3253557999996701, 1.3404541999916546, 1.3350227999908384, 1.33924929999921, 1.3399726000061492, 1.3429234999930486, 1.3328238999965834, 1.3309025000053225, 1.3385344999987865, 1.3468622999935178, 1.333667200000491, 1.3247984999907203, 1.3334373999969102, 1.3464527999894926, 1.3367279000085546, 1.339600800012704, 1.334372199999052, 1.3381305999937467, 1.3357516000105534, 1.33460400000331, 1.339925399995991, 1.3331424000061816, 1.3330906000046525, 1.3375917999946978, 1.343864599999506, 1.3300593999883858, 1.343800899994676, 1.3504945000022417, 1.33113510000112, 1.3346443999907933, 1.3333382999990135, 1.326944000000367, 1.3305970000074012, 1.3410554000001866, 1.3407708000013372, 1.3376561000040965, 1.3359761000028811, 1.332025199997588, 1.3408949000004213, 1.3640699999959907, 1.339849800002412, 1.3489852999919094, 1.3475023000064539, 1.334629600009066, 1.3513456999935443, 1.3341498999943724, 1.3421020999958273, 1.3376259000069695, 1.3454703000024892, 1.3299632999987807, 1.346615300004487, 1.3324898999999277, 1.3456053999980213, 1.335648599997512, 1.3322008000104688, 1.3455567999917548, 1.360262700007297, 1.3485499000089476, 1.3548500999895623, 1.3479533000063384, 1.343192900007125, 1.3386098999908427, 1.3462251000019023, 1.339242700007162, 1.3486953000101494, 1.3403691000130493, 1.3344690999947488, 1.3426471000129823, 1.3447343000007095, 1.3410022000025492, 1.342123199996422, 1.3415959999983897, 1.344716600011452, 1.3312245999986771, 1.3351051999925403, 1.3495798999938415, 1.3425312000035774, 1.3418598999996902, 1.3445380999910412, 1.3417667000030633, 1.330484800011618, 1.3470298000029288, 1.3311041000124533, 1.3385024000017438, 1.343463100012741, 1.3398172999877715, 1.3427545000013197, 1.3397887000028277, 1.3352725000004284, 1.3350244999892311, 1.3323385999974562, 1.3402352999983123]}, "cpython": {"warmup": [1.6015564999979688, 1.5945954999915557, 1.5950780999992276, 1.5998743999953149, 1.6080369999981485, 1.5882646999962162, 1.5941300000122283, 1.6220213000051444, 1.5921137999976054, 1.5936532000050647, 1.601963599998271, 1.5997352999984287, 1.6096566000051098, 1.602937399991788, 1.5864755999937188, 1.5957285000040429, 1.615388600010192, 1.58681369999249, 1.5979459000081988, 1.5874818000011146, 1.5936728999949992, 1.5913029000075767, 1.593332599994028, 1.5929252000059932, 1.5914421000052243, 1.6092490000010002, 1.581417399997008, 1.5883825000055367, 1.5965482000028715, 1.5911947999993572, 1.604819200001657, 1.603209599998081, 1.596752599987667, 1.6021463999932166, 1.6066854999953648, 1.5843531999998959, 1.6076136999909068, 1.5938451000110945, 1.6032682999939425, 1.599215100010042, 1.6073059999907855, 1.591169199993601, 1.6107085999974515, 1.5972569000005024, 1.594665900003747, 1.5938827000063611, 1.5879750000021886, 1.6129415000032168, 1.5938585999974748, 1.5934793000051286, 1.6154914000071585, 1.588658699998632, 1.6147664000018267, 1.6040753999986919, 1.5897033999935957, 1.5935979000059888, 1.589839000007487, 1.5887622000009287, 1.5943176000000676, 1.591612999996869, 1.5875173999957042, 1.6096664000069723, 1.617177600011928, 1.610302299988689, 1.5879879999993136, 1.581480399996508, 1.5922034999966854, 1.5958447000011802, 1.5892758000118192, 1.6148800000082701, 1.5888410000043223, 1.5955805999983568, 1.6210029000067152, 1.5962633000017377, 1.602163900010055, 1.6140201999951387, 1.5881047999864677, 1.5982752999989316, 1.5899429999990389, 1.6003494999895338, 1.599007700002403, 1.5942558000097051, 1.603611099999398, 1.5986546999920392, 1.5907326000015019, 1.590071499987971, 1.5962876999983564, 1.5908803999918746, 1.613753199999337, 1.5959558000031393, 1.6079670999897644, 1.6024881999910576, 1.5867653000022983, 1.608178800001042, 1.6020605999947293, 1.587418399998569, 1.603390299991588, 1.613859599994612, 1.5853998999955365, 1.5935525999957463], "benchmark": [1.6001408000010997, 1.5941800000000512, 1.6030286000022897, 1.6027962999942247, 1.584945599999628, 1.592543899998418, 1.6022158000123454, 1.598234599994612, 1.5921735000010813, 1.5957232000073418, 1.5957282000017585, 1.586864600001718, 1.6010244000062812, 1.596415199994226, 1.600787000003038, 1.6020338000089396, 1.5957527999999002, 1.6130552999966312, 1.5876004000019748, 1.5999737000092864, 1.6058710000070278, 1.5833227999974042, 1.6016163999884157, 1.604597700003069, 1.6042063000058988, 1.6035475999960909, 1.5980859999981476, 1.589976100003696, 1.5977504999900702, 1.5967244999919785, 1.5961840999952983, 1.58992009999929, 1.6012503000092693, 1.5937724999967031, 1.5952886000013677, 1.5946788000001106, 1.5910608999984106, 1.6098309000080917, 1.6072462000011, 1.611868100007996, 1.6012841000047047, 1.6050357000058284, 1.5980677000043215, 1.6017820999986725, 1.5824598000035621, 1.5977695000037784, 1.597663000007742, 1.5917974999902071, 1.5979671999957645, 1.6047646000079112, 1.5998986999911722, 1.598665700003039, 1.5919606999959797, 1.5945477999921422, 1.593417700001737, 1.6060246999986703, 1.5913797000102932, 1.6023655000026338, 1.5890331999980845, 1.6071994999947492, 1.5920901000063168, 1.6096025999868289, 1.6098052000015741, 1.605173800009652, 1.5968095999996876, 1.6001978000131203, 1.590908500002115, 1.61249859999225, 1.5913912000105483, 1.5899693999963347, 1.5915676000004169, 1.6033008999947924, 1.6072189999977127, 1.6079348000057507, 1.6027897000021767, 1.5953433999966364, 1.5918797999911476, 1.5884981000126572, 1.5850640999997267, 1.586657899999409, 1.6144834000006085, 1.5849795999965863, 1.5973804999957792, 1.6006626000016695, 1.5995196000003489, 1.5954922000091756, 1.5983455000096, 1.5936389999988023, 1.6048766000021715, 1.598938299997826, 1.5889112000004388, 1.6026693000021623, 1.5942566000012448, 1.6005709000019124, 1.593985999992583, 1.6054546999948798, 1.5968125999934273, 1.5909244000067702, 1.604255899990676, 1.6032861999992747]}}