{"nuitka": {"warmup": [1.1263825000060024, 1.0796274000022095, 1.0809032999968622, 1.07627850001154, 1.0743218999996316, 1.083448599994881, 1.0714509999961592, 1.0757343000004767, 1.0742663999990327, 1.0761691999941831, 1.0748693000059575, 1.0745044999930542, 1.069516500007012, 1.0741653999866685, 1.077820899998187, 1.0737176999973599, 1.074754599991138, 1.0670053000067128, 1.0753951000078814, 1.0773360999883153, 1.0832253999979002, 1.0761719000001904, 1.0784587000089232, 1.0737342999927932, 1.069977299994207, 1.0714442000025883, 1.0796857999957865, 1.0772861000004923, 1.0790834999934305, 1.078779500006931, 1.084908999997424, 1.0808440999971936, 1.0794905000075232, 1.0758780000032857, 1.0706088000006275, 1.08134049999353, 1.073977299995022, 1.0910333000065293, 1.0760665999987395, 1.079984299998614, 1.0752312999975402, 1.0812512999982573, 1.0751548999978695, 1.0691252000106033, 1.082141299993964, 1.0851082000008319, 1.0759445000003325, 1.0827436000108719, 1.081077800001367, 1.0780635000119219, 1.0771909000031883, 1.0753704000089783, 1.0696311999927275, 1.0792295999999624, 1.0797929000109434, 1.0776118000067072, 1.0748071999987587, 1.0780209999938961, 1.0769303999986732, 1.0806716000079177, 1.0774562000005972, 1.074056199999177, 1.07429289999709, 1.0806563999940408, 1.0761892000009539, 1.0743067000003066, 1.078416800010018, 1.0830110999959288, 1.079409800004214, 1.0824120999895968, 1.0818142000061926, 1.0831213999917964, 1.078427800006466, 1.0783788999979151, 1.0873007000045618, 1.0770957999920938, 1.080106599998544, 1.0770415000006324, 1.0841346999950474, 1.073394000006374, 1.0834231000044383, 1.0700773999997182, 1.0797447000077227, 1.0790895999962231, 1.083836000005249, 1.074183400007314, 1.0756856000080006, 1.0616398000129266, 1.081607600004645, 1.074391200003447, 1.0752172000065912, 1.07824950000213, 1.081778599997051, 1.0723138000030303, 1.0756870999903185, 1.0754897000006167, 1.0707114999968326, 1.0806855999981053, 1.0774280000041472, 1.0758381000050576], "benchmark": [1.0790164999925764, 1.078569499994046, 1.0660613999934867, 1.0758018999913475, 1.0748572999873431, 1.079238100006478, 1.0792868999997154, 1.0768385000119451, 1.0782479000044987, 1.073773899988737, 1.0657780999899842, 1.0788284000009298, 1.0752078000077745, 1.0740619999996852, 1.072140499993111, 1.0726486000057776, 1.0800981999927899, 1.071508699998958, 1.0760731999907875, 1.0755158999963896, 1.0739452000125311, 1.0782676999951946, 1.0811743000085698, 1.0962379999982659, 1.0730557000060799, 1.079416399996262, 1.074277500010794, 1.0796799999952782, 1.0730559000076028, 1.076986299987766, 1.072652199989534, 1.0733743000018876, 1.0772951999970246, 1.0729040000005625, 1.0769154000008712, 1.0741235000023153, 1.0779707000037888, 1.081164200004423, 1.0780945000005886, 1.0728533000074094, 1.0768556999973953, 1.076058800012106, 1.0711845000041649, 1.072455200002878, 1.0786547000025166, 1.0737344000081066, 1.0748178999929223, 1.0765597999998135, 1.0697517999942647, 1.0724389999959385, 1.075037100003101, 1.077492299998994, 1.0806588999985252, 1.0763871000090148, 1.0709004000091227, 1.0693918999895686, 1.0725149000063539, 1.0807850999990478, 1.0720751000044402, 1.0747022000141442, 1.0741191999986768, 1.0720282000111183, 1.0763000000006286, 1.0744394999928772, 1.0727019000041764, 1.071280799995293, 1.0765946000028634, 1.0839620000042487, 1.072156800000812, 1.0783936000079848, 1.0750784999981988, 1.0782422999909613, 1.085531799995806, 1.0715650000056485, 1.0793835000076797, 1.079194699996151, 1.0824777000088943, 1.0700989000033587, 1.0778128000092693, 1.072152200009441, 1.074177000002237, 1.073571599990828, 1.076162800003658, 1.0729456999979448, 1.072357600001851, 1.069228699998348, 1.0824174999870593, 1.0766260999953374, 1.0728396000049543, 1.0706633000081638, 1.081594799994491, 1.0757631000014953, 1.0745240999967791, 1.0748323000007076, 1.0786768999969354, 1.0785712999932002, 1.0671874999970896, 1.0904458000004524, 1.0693972999870311, 1.0788806999917142]}, "cpython": {"warmup": [1.0956067000079202, 1.0939234000106808, 1.1001386999996612, 1.0879903999884846, 1.0887558999966132, 1.093754200002877, 1.08569290000014, 1.090540699995472, 1.1003667000040878, 1.0920504000096116, 1.0969416999869281, 1.0867290000023786, 1.0888853000069503, 1.0987917000020389, 1.0884323000063887, 1.1013963000004878, 1.0925140000035753, 1.0930714999994962, 1.0885348000010708, 1.0958442999981344, 1.1110821000038413, 1.0977977000002284, 1.089501399997971, 1.0932725999882678, 1.0905641999997897, 1.090274700007285, 1.0878629999933764, 1.0941745000018273, 1.09248240001034, 1.090938699999242, 1.0960032000002684, 1.0885564999916824, 1.0925507999927504, 1.1016582000011113, 1.096293800001149, 1.0889308999903733, 1.0954665999888675, 1.0881597999978112, 1.0888181999907829, 1.0945716999995057, 1.0850387000100454, 1.0879954000120051, 1.0917431999987457, 1.0879492000094615, 1.0969757999991998, 1.089914800002589, 1.080027500007418, 1.0931228000117699, 1.090251999994507, 1.0982110000040848, 1.0938611000019591, 1.0952190999960294, 1.0988386999961222, 1.0858606999972835, 1.0867927000072086, 1.1078091000090353, 1.0957701000006637, 1.0886170000012498, 1.0957454000017606, 1.0944966999959433, 1.09652430001006, 1.0978814999980386, 1.090763500003959, 1.0933903999975882, 1.1017493999970611, 1.097775799993542, 1.0981774999963818, 1.1137916000006953, 1.0911328999936813, 1.0925800999975763, 1.0953383000014583, 1.0825958999921568, 1.0910266999999294, 1.0866119999991497, 1.086139799997909, 1.0889863000047626, 1.0954278999997769, 1.0880923000077019, 1.096666900004493, 1.1244080999895232, 1.0901278000092134, 1.0956005999905756, 1.0913837999978568, 1.0977318000077503, 1.0894599000021117, 1.113024400008726, 1.0955772000015713, 1.0955328999989433, 1.09463279999909, 1.0959084000060102, 1.0911784999916563, 1.097208099992713, 1.101856500012218, 1.0945605000015348, 1.0971315999922808, 1.0956176000036066, 1.0925639000051888, 1.094671600003494, 1.086430499999551, 1.094732900004601], "benchmark": [1.114680500002578, 1.0964725999947404, 1.0930531000049086, 1.0916854999959469, 1.0910831999935908, 1.0936055000056513, 1.08885790000204, 1.09195479999471, 1.094718299995293, 1.082969499999308, 1.0892752000072505, 1.0990001000027405, 1.091638799989596, 1.0900916999962647, 1.097091099989484, 1.0857786999986274, 1.088723699998809, 1.1021624999993946, 1.1073918000038248, 1.0855286000005435, 1.0922467000054894, 1.0881531999912113, 1.0880054000008386, 1.096191300006467, 1.0948375000007218, 1.0896477000060258, 1.1033433999982662, 1.0953398999990895, 1.0878211000090232, 1.091089000008651, 1.1015393999987282, 1.0898076000012225, 1.1024708999902941, 1.0911612999916542, 1.089603399988846, 1.0859637999965344, 1.096928700004355, 1.0951122999977088, 1.1020343999989564, 1.0863054000074044, 1.101976999998442, 1.0956963999924483, 1.0924468000011984, 1.089669100008905, 1.0943423999997322, 1.0954326999926707, 1.0877019999898039, 1.0875937999953749, 1.099024000010104, 1.0917138999939198, 1.0966630000039004, 1.0937146999931429, 1.0959677000064403, 1.0847317000007024, 1.0927839999931166, 1.0877189000020735, 1.0880206000001635, 1.0940393000055337, 1.1032864000007976, 1.1062820000079228, 1.0939209000061965, 1.0937670999992406, 1.098158600012539, 1.0959217000054196, 1.084860499991919, 1.0968949000089196, 1.103396000005887, 1.0894068000052357, 1.0968715000053635, 1.1040204000019003, 1.0880260999983875, 1.0893154999939725, 1.0913506999931997, 1.0948179000115488, 1.1023654000018723, 1.0907998999900883, 1.0861889999941923, 1.097641600004863, 1.0950411999947391, 1.1006603999994695, 1.101698900005431, 1.098103500000434, 1.0974885000032373, 1.0960856000019703, 1.1045337000105064, 1.0956482000037795, 1.0956042000034358, 1.0857841999968514, 1.0919925999914994, 1.0860093000082998, 1.087296800003969, 1.0920560999948066, 1.0951066999987233, 1.0921527999889804, 1.0896827999968082, 1.0895451999967918, 1.0895988999982364, 1.091794399995706, 1.089908200010541, 1.0917746999912197]}}