{"nuitka": {"warmup": [1.2509196999999403, 1.1452018999989377, 1.087581699997827, 1.0672635000009905, 1.0520322999982454, 1.1205713999988802, 1.029513899997255, 1.1216032999982417, 1.1083978999995452, 1.0918027999978221, 1.0990383999996993, 1.0972417000011774, 0.9977512000004936, 1.0891144999986864, 1.1017022999985784, 1.0446680999993987, 1.0851144999978715, 1.0636941000011575, 1.0831660999974702, 1.098023499998817, 1.0849674999990384, 1.054771900002379, 1.0465164000015648, 1.0941181000016513, 1.0983840999979293, 1.092172099997697, 1.0890583000000333, 1.0855744000000414, 1.0828543999996327, 1.105092699999659, 1.087212599999475, 1.024049500003457, 1.0156177000026219, 1.0747088000025542, 1.0327231000010215, 1.0598211999968044, 1.0854221000008692, 1.0806552000030933, 1.1256106000000727, 1.0935715999985405, 1.0800939999971888, 1.1031106000009459, 1.0240736000014294, 1.1929691000004823, 1.0057903000015358, 1.0971346999976959, 1.080385399996885, 1.0785514999988663, 1.088901299997815, 1.1027149000001373, 1.0987343999986479, 1.0569608000005246, 1.087172700001247, 1.0820510999983526, 1.0852373000016087, 1.0882218000006105, 1.0871731999977783, 1.0980275999972946, 1.1017161999989185, 1.0675754000003508, 1.0922028000022692, 1.067876699999033, 1.054389100001572, 1.0213208999994094, 1.0783764000007068, 1.0132219000006444, 1.0516348999990441, 1.0421826999991026, 1.0968132999987574, 1.0827872000008938, 0.9722571999991487, 1.0912160999978369, 1.1014557999988028, 1.1095112999973935, 1.1379167000013695, 1.1005495999997947, 1.1029703000021982, 1.0956425000003946, 1.0619220000007772, 1.1048865999982809, 1.0914842999991379, 1.093263200000365, 1.087968700001511, 1.065176899999642, 1.0859438000006776, 1.0596838999990723, 1.1054339000002074, 1.0157013999996707, 1.066921400000865, 1.034264699999767, 1.108600799998385, 1.1004152999994403, 1.0869987000005494, 1.1172158999979729, 1.0344085999968229, 0.984414000002289, 1.0823371999977098, 1.1143264999991516, 1.0800023000010697, 1.0407328000001144], "benchmark": [1.0732917000023008, 1.0847365999979957, 1.0799522000015713, 1.079421700000239, 1.1018081000001985, 1.104338799999823, 1.0859091999991506, 1.0893292000000656, 1.0478342000023986, 1.066595900003449, 1.097980300000927, 1.0994069000007585, 1.0990955999986909, 1.0646736999988207, 1.0982762000021467, 1.0842129000011482, 1.0783719000028213, 1.052184699998179, 1.0506602999994357, 1.124079500001244, 1.0924917000011192, 1.0817242000011902, 1.059408799999801, 1.0842850000008184, 1.1196997000006377, 1.0782282000000123, 1.0553331000010076, 1.0927780000019993, 1.0680986999977904, 1.0664899999974295, 1.1047223999994458, 1.0899329999992915, 1.0990301999991061, 1.0231160000003001, 1.1611960000009276, 1.0805579999978363, 1.0653377000016917, 1.0925872000007075, 1.1118638000007195, 1.089545900002122, 1.079619600001024, 1.1036182000025292, 1.095431699999608, 1.1423584000003757, 1.1222648999973899, 1.090816600000835, 1.0454888999993273, 1.0886618000004091, 1.099156899999798, 1.0524217000020144, 1.0568469000027108, 1.098836700002721, 1.0132861999991292, 1.0925911999984237, 1.0799525999973412, 1.0280028999986826, 1.0805054000011296, 1.1105336999971769, 1.040071799998259, 1.1118477000018174, 1.0906983000022592, 1.0764659000014944, 0.9968411000008928, 1.0557805000025837, 1.0013730000027863, 0.9851631999990786, 1.0891054999992775, 1.0797500999979093, 1.0920924999991257, 1.0114916000020457, 1.0807779000024311, 1.1201800999988336, 1.10563700000057, 1.0811104999993404, 1.0421228000013798, 1.1251708999989205, 1.0967282999990857, 1.112927000001946, 1.0794779999996535, 1.090086500000325, 1.0884757000021636, 0.9914903999997478, 1.0841873999997915, 1.1143560999989859, 1.079922600001737, 1.1007386999990558, 1.0688198000025295, 1.0722449999993842, 1.088362500002404, 1.0871667999999772, 1.080174700000498, 1.0932480999981635, 1.0552110000026005, 1.0910465999986627, 1.1394311000003654, 1.0638447999990603, 1.053492399998504, 1.063763199999812, 1.087755600001401, 1.1377060999984678]}, "cpython": {"warmup": [1.169897600000695, 1.1704246000008425, 1.1829489999981888, 1.167090899998584, 1.1602520999986154, 1.141769199999544, 1.1816632999980357, 1.1351932999968994, 1.1866838999994798, 1.1581736000007368, 1.1459857000008924, 1.1422542000000249, 1.1527601000016148, 1.1192778000004182, 1.171209899999667, 1.1450493999982427, 1.1465487999994366, 1.14597810000123, 1.1713544999984151, 1.1427323999996588, 1.1177524999984598, 1.1594521999977587, 1.1559119000012288, 1.1524296999996295, 1.1055740999981936, 1.187388500002271, 1.123138499999186, 1.147467399998277, 1.155588900001021, 1.179518900000403, 1.1354065000014089, 1.1197906000015792, 1.1675501999998232, 1.164648900001339, 1.1903238000013516, 1.150887200001307, 1.1656401000000187, 1.1384929999985616, 1.153249399998458, 1.1738064999990456, 1.1497996000034618, 1.1431109999975888, 1.1807924999993702, 1.1723010999994585, 1.1694276000016544, 1.180872000000818, 1.1316579999984242, 1.2034095999988494, 1.1451073000025644, 1.0970579000022553, 1.150104200001806, 1.143811599999026, 1.143928000001324, 1.09121370000139, 1.120144500000606, 1.1560200000021723, 1.1907033999996202, 1.1065636000021186, 1.160131699998601, 1.1573594000001322, 1.1368976999983715, 1.2277060999986134, 1.1685094999993453, 1.0952727000003506, 1.1378473000004306, 1.141796500000055, 1.156619800000044, 1.135344599999371, 1.1252967999971588, 1.126922999999806, 1.1799621999998635, 1.1302670000004582, 1.1567883999996411, 1.1469131999983802, 1.0947369999994407, 1.1525375999990501, 1.1419983000014327, 1.1711667999989004, 1.2034655999996176, 1.1624559999982012, 1.0571539000011398, 1.1891466999986733, 1.0862117000033322, 1.1135421999970276, 1.1701490000014019, 1.0712948000000324, 1.1654942999994091, 1.0943048000008275, 1.1498414000016055, 1.148892600002, 1.1257982999995875, 1.1681022999982815, 1.1495417000005546, 1.1627783000003546, 1.1434031999997387, 1.1295248999995238, 1.160930300000473, 1.11433119999856, 1.1865943999982846, 1.1972774000023492], "benchmark": [1.1850742999995418, 1.148858399999881, 1.1907175999986066, 1.1717967999975372, 1.1727871000002779, 1.1859771000017645, 1.1773819999980333, 1.160760400001891, 1.172543399999995, 1.1346604999998817, 1.1886663000004773, 1.2199980999976106, 1.2113171000019065, 1.1110004000001936, 1.1697830999983125, 1.1797119000002567, 1.178751999999804, 1.1372676999999385, 1.1594175999998697, 1.1537888000020757, 1.1715270999993663, 1.135147600001801, 1.1636985000004643, 1.198174299999664, 1.2206432999992103, 1.1590497999968647, 1.1643053000007058, 1.1555002000022796, 1.12966840000081, 1.1446955999999773, 1.1760971000003337, 1.1475890999972762, 1.1708618999982718, 1.161276099999668, 1.1066217000006873, 1.1603534999994736, 1.1205192999987048, 1.1154026000003796, 1.162674999999581, 1.1611608999992313, 1.1290489999992133, 1.1720609000003606, 1.1530635000017355, 1.148822700000892, 1.1662838000011106, 1.1747737000005145, 1.185687000001053, 1.1091653000003134, 1.1374049999976705, 1.043215899997449, 1.155380199998035, 1.1886999999987893, 1.0895433000005141, 1.0676925000007031, 1.1000940000012633, 1.174913099999685, 1.1926147999984096, 1.1116502000004402, 1.1976656999977422, 1.1891138999999384, 1.1441099000003305, 1.1829093000014836, 1.1554214999996475, 1.175109199997678, 1.095934999997553, 1.165545600000769, 1.140970100001141, 1.1656025999982376, 1.1404490999993868, 1.179804500003229, 1.1570800000008603, 1.1486508999987564, 1.180260699999053, 1.1772511999988637, 1.1489084999993793, 1.1698570000007749, 1.153694099997665, 1.0847135000003618, 1.2103052000020398, 1.183744599999045, 1.0786882000029436, 1.1418703000017558, 1.1837655999988783, 1.220808500002022, 1.2423554000015429, 1.1658444000022428, 1.1643316999980016, 1.1115444999995816, 1.155754399998841, 1.16445830000157, 1.1960940999997547, 1.1936983000014152, 1.1508792999993602, 1.1657312999996066, 1.1453997999997227, 1.116875900002924, 1.1568445000011707, 1.1438314000006358, 1.163927199999307, 1.1278127999976277]}}