{"nuitka": {"warmup": [0.8942446999972162, 0.8172509000032733, 0.8204863999999361, 0.8317664999995031, 0.8309840000001714, 0.8313779999989492, 0.8315541000010853, 0.8313390000002983, 0.8313747000029252, 0.8316346000028716, 0.8304549999993469, 0.8316871999995783, 0.8311409999987518, 0.8310612000022957, 0.8318809000011242, 0.8310006000028807, 0.8369481000008818, 0.8313361000000441, 0.8316159999994852, 0.8307949000009103, 0.8312841999977536, 0.8319080999972357, 0.8307352999981958, 0.8316577000005054, 0.8313056999977562, 0.8313334999984363, 0.8308508999980404, 0.8314084999983606, 0.8318352000023879, 0.8308582000026945, 0.8314385999983642, 0.8321437000013248, 0.8316720999973768, 0.8308114999999816, 0.8319177999983367, 0.8311991000009584, 0.9413416999996116, 0.9409659999982978, 0.8313278999994509, 0.8311315000028117, 0.8317681999978959, 0.8312221000014688, 0.8314282999999705, 0.8314069999978528, 0.8315771000015957, 0.8313901000001351, 0.9411199999995006, 0.8316406000012648, 0.9415607000009913, 0.8307506999990437, 0.9418129000005138, 0.8309174999994866, 0.8315202000012505, 0.8312491000033333, 0.9256795999972383, 0.9410524000013538, 0.8317677000013646, 0.831800399999338, 0.941457699998864, 0.8308980000001611, 0.8316378000017721, 0.8309766999991552, 0.8312790999989375, 0.8316078999996535, 0.8312498000013875, 0.8314525000023423, 0.8314008000015747, 0.8314864999993006, 0.8309258000008413, 0.8318850000032398, 0.8312917999974161, 0.8317611999991641, 0.8316660000018601, 0.8310645999990811, 0.8314907999993011, 0.8316556999998284, 0.8316377000010107, 0.8315618999986327, 0.8311714999981632, 0.8314857000004849, 0.8310644999983197, 0.8317691999982344, 0.8306957000022521, 0.8319010000013805, 0.8310998000015388, 0.8312503000015568, 0.8289518000019598, 0.8341548000025796, 0.8308255000010831, 0.8315144999978656, 0.8317420999992464, 0.8309506000005058, 0.8314675999972678, 0.8319795999996131, 0.8311739999990095, 0.8313016000029165, 0.831903099999181, 0.9414698000000499, 0.8308913000000757, 0.8313692999981868], "benchmark": [0.8270862999997917, 0.8316621000012674, 0.8307367999987036, 0.8323182999993151, 0.8307655000025989, 0.8313648000003013, 0.8317664000023797, 0.8310203999972146, 0.8313121999999566, 0.8313039999993634, 0.8319895999993605, 0.8307959000012488, 0.8314159000001382, 0.8314619999982824, 0.8315704000015103, 0.8313019999986864, 0.8317209999986517, 0.8309411000009277, 0.831561299997702, 0.831520100000489, 0.8312121000017214, 0.831414299998869, 0.8310443999980635, 0.8318174000014551, 0.831163300001208, 0.8311734999988403, 0.8312609999993583, 0.8317103000008501, 0.8313865999989503, 0.831801500000438, 0.8310917999988305, 0.831647700000758, 0.8316285000000789, 0.8318206000003556, 0.8310463999987405, 0.8313645999987784, 0.8309567000032985, 0.9415673000003153, 0.831048500000179, 0.8315540999974473, 0.831312499998603, 0.8313421999991988, 0.8312592000002041, 0.8316035999996529, 0.8317305999989912, 0.8314504999980272, 0.8319836000009673, 0.830835599997954, 0.8314050000008137, 0.8315995000011753, 0.8317278000031365, 0.8311407000001054, 0.8309664000007615, 0.8318794999977399, 0.8308295000024373, 0.8315880000009201, 0.8307877999977791, 0.8322159999988799, 0.8307311000025948, 0.9410695000005944, 0.8314237999984471, 0.8317132999982277, 0.8313183999998728, 0.8313252000007196, 0.8314787999988766, 0.8309847000018635, 0.9417002000009234, 0.8312131999991834, 0.8310338000010233, 0.8316613000024518, 0.8315298999987135, 0.8311986000007892, 0.8315768000029493, 0.8313478000018222, 0.8312876999989385, 0.8309254000014334, 0.8319878999973298, 0.830930600001011, 0.8315374000012525, 0.8310754000012821, 0.8316775999992387, 0.8309738999996625, 0.8313863000003039, 0.8315091000004031, 0.8317850999992515, 0.8316627999993216, 0.8262625999996089, 0.9299905000007129, 0.8311172000030638, 0.8313940000007278, 0.831353699999454, 0.9414464000001317, 0.8308675000007497, 0.8319110000011278, 0.8310196999991604, 0.8313898000014888, 0.8313397000019904, 0.8315370999989682, 0.8310113999978057, 0.8312175999999454]}, "cpython": {"warmup": [0.983930499998678, 0.8632054000008793, 0.862570199999027, 0.8626527999986138, 0.8631636999998591, 0.8624521999990975, 0.9726418999998714, 0.8622133000026224, 0.8629222999988997, 0.9723660000017844, 0.9723857999997563, 0.9725510999996914, 0.9723402999989048, 0.8633779000010691, 0.8619706999998016, 0.9729465000018536, 0.9729664000005869, 0.9721989999998186, 0.8628022000011697, 0.9730667999974685, 0.9725245000008726, 0.9725902999998652, 0.8626086000003852, 0.9720806000004814, 0.9728841999967699, 0.972547500001383, 0.8629777999994985, 0.9729800000022806, 0.9727560999999696, 0.9728076999999757, 0.8625122999983432, 0.8627832000020135, 0.9715966000003391, 0.9893713000019488, 0.9722860000001674, 0.8630121999995026, 0.9631031999997504, 0.9722862999988138, 0.9722548000027018, 0.9727941999990435, 0.9720759999981965, 0.9723542000028829, 0.8629287999974622, 0.8632016000010481, 0.8632327000013902, 0.8628829000008409, 0.9717641999995976, 0.8629397000004246, 0.8626623999989533, 0.8621861999999965, 0.9725070999993477, 0.9634810999996262, 0.8626206999979331, 0.8625525000024936, 0.8625939000012295, 0.86281020000024, 0.8626915000022564, 0.8634812000018428, 0.9715553999994881, 0.8632223999993585, 0.8623273000011977, 0.8626533999995445, 0.8631700000005367, 0.9731839000014588, 0.9718664000029094, 0.9726558000002115, 0.8628327999977046, 0.9880988000004436, 0.8629438999996637, 0.8625720999989426, 0.9726735000003828, 0.9726487000007182, 0.9725828000009642, 0.9728275000015856, 0.8942389000003459, 0.8635052999998152, 0.8616841000002751, 0.8629082999977982, 0.8622886000011931, 0.9729817999977968, 0.8618915999977617, 0.8630701999973098, 0.8621251999975357, 0.8631426000029023, 0.8624085999981617, 0.8625575999976718, 0.8625261999986833, 0.8631328999981633, 0.9722130000009201, 0.8633343999972567, 0.9728455000004033, 0.9720336999998835, 0.8629409999994095, 0.8625414000016463, 0.9733372999980929, 0.8630389999998442, 0.9729326000015135, 0.862279100001615, 0.9720931999981985, 0.9731815999984974],