{"nuitka": {"warmup": [0.9538353999960236, 0.9525793000066187, 0.9520235999953002, 0.9031057999964105, 0.9409718999959296, 0.941767099997378, 0.9227587999921525, 0.9278082999953767, 0.9381264999974519, 0.9476345000002766, 0.9195098999916809, 0.9237192000000505, 0.9368939999985741, 0.9513741999980994, 0.9371545000030892, 0.9207128999987617, 0.9426780000067083, 0.9648095000011381, 0.9552862999989884, 0.9503459000115981, 0.9653497999970568, 0.9538646000000881, 0.9592556999996305, 0.9792837999993935, 0.9486172999895643, 0.9671075000078417, 0.9355168000038248, 0.9332982999912929, 0.9491094999975758, 0.9445794999919599, 0.9430143999925349, 0.9309249000070849, 0.9355385999951977, 0.9491401999985101, 0.970590999990236, 0.954784200002905, 0.9523833999992348, 0.9502893000026233, 0.9454113999963738, 0.9466771000006702, 0.9626395999948727, 0.9529158000077587, 0.9565763999999035, 0.9684139000019059, 0.9548808999970788, 0.9419742000027327, 0.9701895999896806, 0.943532100005541, 0.9713656000094488, 0.952721300011035, 0.9698128000018187, 0.936830499995267, 0.9528083000041079, 0.9513071999972453, 0.9466270999982953, 0.9596861000027275, 0.9446625999989919, 0.9568492999969749, 0.9679887999955099, 0.9524038000090513, 0.9522788000031142, 0.9508042000088608, 0.9355436000041664, 0.9653388999868184, 0.9456171999918297, 0.9463818999938667, 0.9545050000015181, 0.9394782000017585, 0.9707580000103917, 0.9526379000017187, 0.9380466000002343, 0.9749832000088645, 0.9581066999962786, 0.9409027000074275, 0.9523383999912767, 0.9538026000082027, 0.9542676000128267, 0.9369461000023875, 0.9772809999994934, 0.945875999997952, 0.9438711000111653, 0.9427326000004541, 0.9712468000070658, 0.9523733999958495, 0.9480781999882311, 0.9459340000030352, 0.9627263000002131, 0.9683268000080716, 0.9627964999963297, 0.9555523000017274, 0.9647877999959746, 0.9506049000046914, 0.9466553999955067, 0.9734739999985322, 0.9600728000077652, 0.9671057999948971, 0.9572940999933053, 0.9648307000024943, 0.9745652999990853, 0.9437844000058249], "benchmark": [0.9483923999941908, 0.9495375999977114, 0.9589353999908781, 0.9522376999957487, 0.9550799999997253, 0.9569394999998622, 0.9721003000013297, 0.9810413000086555, 0.959746400010772, 0.9574514999985695, 0.965468399997917, 0.9740751999925124, 0.9557471000007354, 0.966728500003228, 0.9773158000025433, 0.9702753000019584, 0.964311000003363, 0.9838086999952793, 0.944117399994866, 0.9495854999986477, 0.9524230000097305, 0.9559493999986444, 0.94667639999534, 0.9683272999973269, 0.958403199998429, 0.9569944999966538, 0.9529947999981232, 0.9583718000067165, 0.9555048999900464, 0.9589151999971364, 0.9737775999965379, 0.9574725999991642, 0.9529724000021815, 0.9553473999985727, 0.9649399000045378, 0.9578145999985281, 0.9500609999959124, 0.9604095999966376, 0.962138100003358, 0.9524036000075284, 0.9572346000059042, 1.063390299997991, 0.9474852999992436, 0.9542785000085132, 0.9455970999988494, 1.0110395999945467, 0.9528298000077484, 0.9580639000050724, 0.9465993000048911, 0.9706365000020014, 0.9503005000005942, 0.9656039999972563, 0.9561751000001095, 0.963439200000721, 0.9535648000019137, 0.9550944000075106, 0.9539255000127014, 0.968822300012107, 0.9668888000014704, 0.955884299997706, 0.9834987000067485, 0.9799787999945693, 0.9619877000077395, 0.9501612000021851, 0.9822376999945845, 0.9701872000005096, 0.952513900003396, 0.9729602000006707, 0.9680141999997431, 0.9472266999946442, 0.962860500003444, 0.9733047999907285, 0.9462454000022262, 0.9804981000052067, 0.9568184999952791, 0.9638508999923943, 0.9661629000038374, 0.9710110000014538, 0.9758463999896776, 0.9481876000063494, 0.9666440000000875, 0.9722340000007534, 0.9650570999947377, 0.9562176000035834, 0.9508356000005733, 0.9463523000013083, 0.9605408999923384, 0.9664973000035388, 0.9565909999946598, 0.9582493999914732, 0.9684836999949766, 0.9736839999968652, 0.9566752999962773, 0.9656069000047864, 0.9625686000072164, 0.9905601000064053, 0.9684339000086766, 0.9736214000004111, 0.9752628999995068, 0.952830800000811]}, "cpython": {"warmup": [1.0127189000049839, 1.011840699997265, 1.0281247999955667, 0.991364400004386, 0.9983803000068292, 1.0077902999910293, 0.9973049000109313, 0.9708482999994885, 1.0070462000003317, 1.0071791000082158, 1.019216000000597, 0.9818116999958875, 1.0350532000011299, 0.9710464999952819, 1.011533099997905, 1.0052052000100957, 0.9907887000008486, 1.0142339000012726, 0.994716300003347, 1.0138487000076566, 1.0189334000024246, 1.005238300000201, 1.0164564000006067, 1.0010335999977542, 1.015967700004694, 1.0057869000011124, 1.015320899998187, 1.016646200005198, 0.9981700999924215, 0.997607400000561, 1.0006790999905206, 1.0136501000088174, 0.9978046000032919, 0.9848236000107136, 1.0014688999945065, 0.990001599988318, 0.9956135999964317, 1.0272132999962196, 0.9903464999952121, 0.9878126999974484, 0.9969369000027655, 1.00826249999227, 1.0054021999967517, 0.9669218000053661, 1.0049520000029588, 1.0026469999866094, 0.9683687999931863, 1.0086706000001868, 1.0041941999952542, 1.0126232000038726, 1.0132111999992048, 0.9895508000045083, 0.9974532000051113, 1.0036292000004323, 0.9897793999989517, 1.0048498999967705, 1.0263612999988254, 1.0058753000048455, 1.0158744999935152, 1.0156010999926366, 0.9830344999936642, 0.9760352000012062, 0.9648807999910787, 0.9994727000012062, 1.00887249999505, 0.9934470000007423, 0.9980760999897029, 0.9871243999950821, 0.997769800000242, 1.0001454000012018, 1.009986500008381, 1.0039523000014015, 0.9981846999871777, 1.0053021000057925, 1.0066914000053657, 1.009505200010608, 0.9942051000107313, 0.9924965000100201, 1.002586299990071, 0.9889304999960586, 1.001839699994889, 0.9964278999977978, 1.003782300002058, 0.998887099995045, 0.9932195000001229, 1.0070689000131097, 1.016068600001745, 1.0175202999962494, 1.001819599987357, 0.9953104000014719, 0.98364489999949, 1.0167981999984477, 0.994391700005508, 1.0063999999983935, 0.9927336999971885, 1.0073607000085758, 0.9960868000052869, 1.0091011000040453, 1.014965399997891, 1.0157264000008581],