{"nuitka": {"warmup": [0.5761722000024747, 0.53009369999927, 0.5305403000020306, 0.5255107999983011, 0.526252999999997, 0.5185657000001811, 0.5269326999987243, 0.5258729999986826, 0.5244740000016463, 0.5233437999995658, 0.5237095999982557, 0.5229484000010416, 0.5260499999967578, 0.5260455999996339, 0.5195843000001332, 0.524162099998648, 0.5340625999997428, 0.5203059999985271, 0.5245088999981817, 0.5244557000005443, 0.522104900002887, 0.52245220000259, 0.5253781999999774, 0.5216505999997025, 0.5223857000019052, 0.5258381000021473, 0.5240123000003223, 0.5221192999997584, 0.5214940999976534, 0.5212971000000834, 0.5223718000015651, 0.5251400000015565, 0.5295557999997982, 0.5233883000000787, 0.5250402999990911, 0.5268581999989692, 0.5216077999975823, 0.5279198000025644, 0.5273618999999599, 0.5259060999997018, 0.5237897999977577, 0.5211076000014145, 0.5274269000001368, 0.5261599000004935, 0.5231137999981001, 0.5252911999996286, 0.5264354000028106, 0.5240786000031221, 0.5262191000001621, 0.5254679999998189, 0.5271337999984098, 0.5259480999993684, 0.5274803000029351, 0.5310203000008187, 0.5269617999983893, 0.5275814000015089, 0.5224070000003849, 0.5263029999987339, 0.5273747999999614, 0.5247424999979557, 0.528262599997106, 0.5259396000001288, 0.522694399998727, 0.5242503000008583, 0.527158299999428, 0.5230067999982566, 0.5204463000009127, 0.5329082000025664, 0.5173509999985981, 0.523040600000968, 0.5247146000001521, 0.5252505999997084, 0.528550200000609, 0.528017100001307, 0.5238867000007303, 0.5250220999987505, 0.5224170000001322, 0.5291849999994156, 0.5211463000014191, 0.5236388999983319, 0.5206910000015341, 0.5264324999989185, 0.5241187000028731, 0.535180599999876, 0.5277182999998331, 0.5206574000003457, 0.527850499998749, 0.5215471000010439, 0.5275762999990548, 0.5275695999989694, 0.5220300999972096, 0.525522899999487, 0.5232181999999739, 0.5224056000006385, 0.5281548999992083, 0.524786199999653, 0.5217952000020887, 0.5239887999996427, 0.5235175999987405, 0.5220918000013626], "benchmark": [0.5270286999984819, 0.5215943000002881, 0.5236494000018865, 0.52077780000036, 0.5202532000002975, 0.5279178999990108, 0.5276907999977993, 0.5269391000001633, 0.526946300000418, 0.5262591999999131, 0.5342048999991675, 0.521714599999541, 0.5270361999973829, 0.5204479999993055, 0.5286062000013771, 0.5242252999996708, 0.5252392000002146, 0.522537699998793, 0.5229240999979083, 0.525366000001668, 0.5225024999999732, 0.523115100000723, 0.5203779999974358, 0.5280392999993637, 0.5279733999996097, 0.5232507000000624, 0.5279206000013801, 0.5261820000014268, 0.5225934999980382, 0.5246081000004779, 0.5217993000005663, 0.527303299997584, 0.5214995999995153, 0.52488049999738, 0.5249543999998423, 0.5228461999977299, 0.5243063999987498, 0.5237665999993624, 0.5211619999972754, 0.5270678999986558, 0.5247171999981219, 0.5223999000008916, 0.5224572000006447, 0.5214020999992499, 0.5231244999995397, 0.5197172999978648, 0.5198213999974541, 0.5228265999976429, 0.5254749999985506, 0.5265093999987585, 0.5261905000006664, 0.5222138000026462, 0.5200920999996015, 0.5297337999982119, 0.527583399998548, 0.5229246999988391, 0.5268746000001556, 0.523422300000675, 0.525569400000677, 0.5214033999982348, 0.5270316999994975, 0.5228630000019621, 0.5219703999973717, 0.5257325999991735, 0.5248121000004176, 0.5258278000001155, 0.5262072000004991, 0.523647300000448, 0.5316984999990382, 0.5234698000022036, 0.5200900999989244, 0.5235180999989097, 0.527546599998459, 0.5230608999991091, 0.5252337999991141, 0.5245372999997926, 0.5197889000010036, 0.5239666999987094, 0.5294204999991052, 0.5229483000002801, 0.5268997000021045, 0.5249980000007781, 0.521477700000105, 0.5242698000001837, 0.5206256000019494, 0.5235966999971424, 0.5266894000014872, 0.5258801999989373, 0.5204350999993039, 0.5229836999969848, 0.5228244999998424, 0.524779799998214, 0.5238083999975061, 0.5232926999997289, 0.528571800001373, 0.5215123999987554, 0.5254987000007532, 0.5210800000022573, 0.524704000003112, 0.519991500001197]}, "cpython": {"warmup": [0.6425326999997196, 0.6429258999996819, 0.6401237999998557, 0.6470807000005152, 0.6505367000027036, 0.6389966999995522, 0.6351075999991735, 0.6400009999997565, 0.644490599999699, 0.6425369999997201, 0.6358478000001924, 0.6397335000001476, 0.6394985999977507, 0.6418582999976934, 0.6422523000001092, 0.640482200000406, 0.639660199998616, 0.641437300000689, 0.6437182000008761, 0.6374935999992886, 0.6490407999990566, 0.6374329999998736, 0.6442625999989104, 0.637925200000609, 0.6426025000000664, 0.6411923999985447, 0.6452613000001293, 0.638249800002086, 0.6389686000002257, 0.6405922000012652, 0.6437208999996074, 0.6382833999996365, 0.6489779000003182, 0.6422918999996909, 0.643955300001835, 0.6399735000013607, 0.6424253000004683, 0.6393126000002667, 0.638282200001413, 0.6456194000020332, 0.6360590000003867, 0.643772600000375, 0.638301799997862, 0.6407637999982398, 0.6488710000012361, 0.6406397999999172, 0.6370584999967832, 0.6412003000004916, 0.641768299999967, 0.6403284999978496, 0.6403257999991183, 0.6372824000027322, 0.6457319000001007, 0.6456125000004249, 0.6378900999989128, 0.6513379999996687, 0.642338399997243, 0.6383548999983759, 0.644275499998912, 0.6377347999987251, 0.6423197000003711, 0.644434399997408, 0.6432262000016635, 0.6387786000013875, 0.6388074999995297, 0.6413672999988194, 0.6379692999980762, 0.6455648000010115, 0.6349068000017724, 0.6396009000018239, 0.6418499999999767, 0.6369363999983761, 0.6443403999983275, 0.6387881000009656, 0.6391287999977067, 0.6403411000028427, 0.6390303999978642, 0.6444631000013032, 0.6406372000019473, 0.6526434999977937, 0.6365186000002723, 0.6384873000024527, 0.6393208999979834, 0.6405436999993981, 0.6408869999977469, 0.6394685999985086, 0.6530223000008846, 0.6371684000005189, 0.6419471000008343, 0.6437294999996084, 0.6369708999991417, 0.6367311000030895, 0.6385680999992474, 0.6390476999986276, 0.6430297000006249, 0.6406295999986469, 0.640206500000204, 0.6415970999987621, 0.6390087999971001, 0.6381485999991128],