{"nuitka": {"warmup": [0.8051214000006439, 0.5536238999920897, 0.5547302999912063, 0.5422061000135727, 0.5529551999934483, 0.5488751999946544, 0.5463245999999344, 0.5467348999954993, 0.5431109000055585, 0.5461160999984713, 0.559508399994229, 0.5519220999995014, 0.5475086999940686, 0.5492490000033285, 0.5512177999917185, 0.551060800004052, 0.5482329000078607, 0.5454769999923883, 0.5458785999944666, 0.5475828000053298, 0.5446870000014314, 0.5527912999968976, 0.5543476000020746, 0.5496053000097163, 0.5477831999887712, 0.5446214999974472, 0.5439095000037923, 0.5464059999940218, 0.5543703000003006, 0.5486627000063891, 0.5463402000023052, 0.5485985000123037, 0.5478623999952106, 0.5524189000134356, 0.5458606999891344, 0.5529669000097783, 0.5480000999959884, 0.5522565999999642, 0.5553695999988122, 0.5476542000105837, 0.556039699993562, 0.5513143999996828, 0.5381177999952342, 0.5462783999973908, 0.5456337000068743, 0.5441758000088157, 0.5497956000035629, 0.5437272999988636, 0.5518197000055807, 0.5433281000005081, 0.5445436000009067, 0.5429485999920871, 0.5513133000058588, 0.5480554000096163, 0.5505523999891011, 0.5458061999961501, 0.5506619000079809, 0.5473593000060646, 0.5455125000007683, 0.5470636999962153, 0.5447243999951752, 0.5507800999912433, 0.5403996999957599, 0.5513471000012942, 0.5484962000045925, 0.5455062999972142, 0.5456985000055283, 0.5452444999973522, 0.5530485999915982, 0.5460162999952445, 0.5446789999987232, 0.5448701999994228, 0.5421573000057833, 0.5484062000032282, 0.5493803999997908, 0.548551599989878, 0.543272099996102, 0.5474994999967748, 0.5483791000006022, 0.5448644999996759, 0.5461100999964401, 0.5492839000071399, 0.5443260000029113, 0.5503300999989733, 0.5466709000029368, 0.5524287999869557, 0.5498273999983212, 0.5407689000130631, 0.5460987999977078, 0.5407258000050206, 0.5409591000061482, 0.5437088000035146, 0.5402753000089433, 0.5457319999986794, 0.5462688000116032, 0.5432108999957563, 0.5468096000113292, 0.5470230999926571, 0.5448947999975644, 0.5468551000085426], "benchmark": [0.5456100000010338, 0.5471742999943672, 0.5536228999990271, 0.5454671000043163, 0.5448008999956073, 0.5456966000056127, 0.5431253999995533, 0.5478046999924118, 0.5452990000048885, 0.5422670999978436, 0.5487838999979431, 0.5459187000087695, 0.5442427999951178, 0.5420285000000149, 0.5447774000058416, 0.5500486999953864, 0.5435823000007076, 0.5445552999881329, 0.549541100001079, 0.5422475000086706, 0.5420063999918057, 0.5408141000079922, 0.5363394000014523, 0.5427123999979813, 0.5406636000116123, 0.5407546000060393, 0.5422319999925094, 0.5461912999890046, 0.5432360999984667, 0.5485398000018904, 0.5451654000062263, 0.5395280999946408, 0.5474503000004916, 0.5436460000055376, 0.5421075000049314, 0.5380573000002187, 0.5415843999944627, 0.5355979000014486, 0.5374874999979511, 0.5474667000089539, 0.5445432999986224, 0.5439055000024382, 0.5438042000023415, 0.5406578999973135, 0.5446455000055721, 0.5441056999989087, 0.5412558999960311, 0.5403325999941444, 0.5399757000122918, 0.5388635999988765, 0.5429120999906445, 0.547898199991323, 0.5395471999945585, 0.5439011999987997, 0.5407593999989331, 0.5506915000005392, 0.5524575000017649, 0.5512008000077913, 0.5410079000139376, 0.5483240000030492, 0.5524260999955004, 0.5542371000046842, 0.553112699999474, 0.5498167999903671, 0.5418232000083663, 0.5398316999926465, 0.551101099990774, 0.5415997000091011, 0.5467695999977877, 0.5553902999963611, 0.5469207999994978, 0.5467242000013357, 0.5522998999949777, 0.5448221000115154, 0.5453871000063373, 0.5396902000065893, 0.5521148999978323, 0.5456858999968972, 0.5446461999963503, 0.54477659999975, 0.5395262000092771, 0.5375422000070103, 0.5453842999995686, 0.538917500001844, 0.5361598000017693, 0.5392885000037495, 0.5406351999990875, 0.548344900002121, 0.5390881000057561, 0.5452978999965126, 0.536610399998608, 0.5445732999942265, 0.5388758000044618, 0.5439898000040557, 0.5436689000052866, 0.5396770999941509, 0.5391788999986602, 0.5412458999926457, 0.5457772000081604, 0.5431871000037063]}, "cpython": {"warmup": [0.5935723000002326, 0.5900676999881398, 0.5914694999955827, 0.5980345999996644, 0.5928380999976071, 0.587804299997515, 0.5920282000006409, 0.5860154000110924, 0.5881432000023779, 0.5951619000115898, 0.5843197999929544, 0.5860326000110945, 0.5859994999918854, 0.5884587000036845, 0.5865673999942373, 0.5918363000091631, 0.594789499999024, 0.5908774999988964, 0.5949366000131704, 0.5914357000001473, 0.5876859000127297, 0.5910468000074616, 0.5909089999913704, 0.5883544999960577, 0.5909975999966264, 0.5907527999952435, 0.5902958000078797, 0.5939466999989236, 0.5953841000009561, 0.5921715000004042, 0.5941903000057209, 0.5875242999900365, 0.5923783000034746, 0.5941257999947993, 0.5923737999983132, 0.5856872000003932, 0.5944272000051569, 0.587856300000567, 0.5924230000091484, 0.5888248999981442, 0.5882120999885956, 0.5849139000056311, 0.5851094999961788, 0.5844820000056643, 0.5880073000007542, 0.5853598000103375, 0.5878348999976879, 0.5921406999987084, 0.6076878000021679, 0.5879435999959242, 0.5856456000037724, 0.587148899998283, 0.5952400999958627, 0.5896978999953717, 0.5930965000006836, 0.5865458000043873, 0.5910836999973981, 0.5865982999966945, 0.5953282999980729, 0.5836635999876307, 0.5890181999857305, 0.5875390000001062, 0.5954066999984207, 0.5856640999991214, 0.5891979000007268, 0.5954162000125507, 0.5941807000053814, 0.5948090000019874, 0.5893581999989692, 0.5910198999918066, 0.5833491000084905, 0.5888112999964505, 0.5902235000103246, 0.5935309999913443, 0.5945033000025433, 0.5924689999956172, 0.5872403999965172, 0.5914417000021785, 0.5900328999996418, 0.5884484999987762, 0.5884634999965783, 0.5894859999971231, 0.5905116999929305, 0.5861250000016298, 0.5968329000024823, 0.5940757000062149, 0.5943004000000656, 0.5952721999929054, 0.5902992999908747, 0.5872034999920288, 0.5859630000049947, 0.5850053000031039, 0.589513499988243, 0.5938889999961248, 0.5911963000107789, 0.5894108000065899, 0.6078577000007499, 0.5875042999978177, 0.5854245999944396, 0.5878090999904089],