{"nuitka": {"warmup": [0.8518646000011358, 0.5169948999973712, 0.5207480999961263, 0.5080861000024015, 0.5113777999940794, 0.5102898000041023, 0.5068522000074154, 0.510460300007253, 0.5097702000057325, 0.5059257999964757, 0.5093503000098281, 0.5127676999982214, 0.5057074999931501, 0.509524799999781, 0.509349400002975, 0.5068925000086892, 0.5082599000015762, 0.5139040000067325, 0.5099925999966217, 0.5106453000043985, 0.5136681000003591, 0.5137899000110338, 0.5143978999985848, 0.5103118999977596, 0.519036400000914, 0.5106693999987328, 0.5190988999966066, 0.5110262000089278, 0.5132736000086879, 0.5054000999953132, 0.5112160999997286, 0.5073669999983395, 0.5060813000018243, 0.5097408000001451, 0.5080537000030745, 0.5156485999905271, 0.5128545999905327, 0.5116076999984216, 0.5068207000003895, 0.5089875000121538, 0.5087539000087418, 0.5082053000078304, 0.5095978000026662, 0.5135603999951854, 0.5266615000000456, 0.5146080999984406, 0.5121302000043215, 0.5215497999888612, 0.5127145999867935, 0.5103048000019044, 0.5073058999987552, 0.5149263000057545, 0.5101774000067962, 0.5082478999975137, 0.5102090000000317, 0.50751590001164, 0.5150800999981584, 0.5162107999931322, 0.5048306000098819, 0.5108781000017188, 0.5200030999985756, 0.511704299991834, 0.5110003000008874, 0.5062647000013385, 0.5125484999880427, 0.5124077000073157, 0.5073666999960551, 0.5047703000018373, 0.5045638000010513, 0.5111587999999756, 0.5108631000039168, 0.5115389999991748, 0.509106099998462, 0.5036691999994218, 0.5097706000087783, 0.5101372999924934, 0.5104469000070821, 0.509583000006387, 0.5101741999969818, 0.5124062999966554, 0.5117137000052026, 0.5113675000029616, 0.5082828000013251, 0.507522500003688, 0.5086704999994254, 0.5056369000085397, 0.5130585000006249, 0.5064831000054255, 0.5112513000058243, 0.5154823000048054, 0.5119620999903418, 0.5101258000067901, 0.5094691000122111, 0.5045855999924242, 0.5083343000005698, 0.5074592000019038, 0.5126331999927061, 0.5134678000031272, 0.5101701999956276, 0.5084341000037966], "benchmark": [0.5159087000065483, 0.5143977999978233, 0.5080076999875018, 0.5078451999870595, 0.5091353000025265, 0.5064055999973789, 0.5124082999973325, 0.5099656999955187, 0.5210636999981944, 0.5072482000105083, 0.5089689000014914, 0.5086489999957848, 0.5079020999983186, 0.5089518000022508, 0.5131812000036007, 0.5108700999990106, 0.510867999997572, 0.5065121999941766, 0.5083386000042083, 0.5125063000014052, 0.509716100001242, 0.518481499995687, 0.5103576999972574, 0.5102805000060471, 0.5091799000074388, 0.5157629999885103, 0.5077488999959314, 0.5095884000038495, 0.5048863000120036, 0.5076942000014242, 0.511283400002867, 0.512951000011526, 0.5052556000009645, 0.5079437000094913, 0.5087381000048481, 0.5099165999999968, 0.50483790000726, 0.5126275999937207, 0.5076045999885537, 0.5126393999962602, 0.5265732999978354, 0.5121803999936674, 0.5104795000079321, 0.5101442000013776, 0.5029685999907088, 0.5120435999997426, 0.5118430000002263, 0.5098693000036292, 0.5078486999991583, 0.5085644000064349, 0.5129450999957044, 0.5115534000069601, 0.5120047999953385, 0.511120099996333, 0.5110087000066414, 0.5123691000044346, 0.5073005000012927, 0.508605399998487, 0.5032184000010602, 0.5133150000037858, 0.5083396999980323, 0.5120768999913707, 0.5099765000049956, 0.5102272000076482, 0.5120622000104049, 0.5099568000005092, 0.5036621000035666, 0.5126611000014236, 0.5117522000073222, 0.5173665000038454, 0.5023235999979079, 0.5131450000044424, 0.5163590000011027, 0.5143955999956233, 0.5104069000080926, 0.5144055999990087, 0.510554399996181, 0.5103755000018282, 0.5055646999971941, 0.5141082999907667, 0.5200384000054328, 0.5095122999919113, 0.5079210999974748, 0.5126004000048852, 0.5067112000106135, 0.5069527000014205, 0.5109923999989405, 0.5062293000082718, 0.5064209999982268, 0.5111547999986215, 0.5161786999960896, 0.5087367999949493, 0.5148109000001568, 0.5076865000010002, 0.5084038999921177, 0.5030048000044189, 0.5099401000043144, 0.5065876000007847, 0.513426100005745, 0.5081665000034263]}, "cpython": {"warmup": [0.6587312999909045, 0.6485014999925625, 0.6519208999961847, 0.6526225999987219, 0.6502764000033494, 0.6529984000080731, 0.6568011999916052, 0.6557993999886094, 0.6503519999969285, 0.6508466000086628, 0.6531519999989541, 0.664423700000043, 0.6502706999890506, 0.6478090999880806, 0.6578757999959635, 0.6520530999987386, 0.6486678999935975, 0.6529404000029899, 0.6553463000018382, 0.6537823999969987, 0.6544748000014806, 0.6593589000112843, 0.6578407999913907, 0.6500492000050144, 0.6478190000052564, 0.6541362999996636, 0.6507018999982392, 0.6516280000068946, 0.6498816999956034, 0.6527452000009362, 0.6515680000011344, 0.6480099999898812, 0.6550036999979056, 0.651500500011025, 0.6493652000062866, 0.6507586000079755, 0.646544500006712, 0.6527688999922248, 0.6524419000052148, 0.6517788999917684, 0.6580768000130774, 0.6576525999989826, 0.6573377000022447, 0.6528606999927433, 0.6557690000045113, 0.6548713999945903, 0.6471518999896944, 0.6520401000016136, 0.65201769999112, 0.6505716999963624, 0.6477084000071045, 0.6526812999945832, 0.6534560000000056, 0.6507313000038266, 0.6513281999941682, 0.6477964000077918, 0.6483330000046408, 0.6473295000032522, 0.6469151000055717, 0.649995100000524, 0.6578097000019625, 0.6572000000014668, 0.6555871000018669, 0.655644200000097, 0.6525590000092052, 0.6577340999938315, 0.6486931999970693, 0.6525671999988845, 0.6517299999977695, 0.6514701999985846, 0.6519563000038033, 0.6559487000049558, 0.6529172000009567, 0.6473690999991959, 0.6471508999966318, 0.6486330000043381, 0.649748499999987, 0.6486159000050975, 0.6516252000001259, 0.6483219999936409, 0.6545834999997169, 0.6532948999956716, 0.6580845999997109, 0.6529636000050232, 0.650979300000472, 0.6492609999986598, 0.6546547000034479, 0.6524473000026774, 0.6536840999906417, 0.6549904999992577, 0.6516262000077404, 0.6552865999983624, 0.6471681000111857, 0.6517318999976851, 0.6539804000058211, 0.6555999999982305, 0.6514644999988377, 0.6590040999872144, 0.653755600011209, 0.6460883999970974],