{"nuitka": {"warmup": [0.7113368999998784, 0.6502843000052962, 0.6502060999919195, 0.6477153000014368, 0.6445358000055421, 0.6415973999974085, 0.6494554999953834, 0.6455427999899257, 0.6374566000013147, 0.6435555000061868, 0.64357359999849, 0.648134500006563, 0.6624510999972699, 0.645348300007754, 0.6408461999963038, 0.6477090999978827, 0.6450541999947745, 0.6471053999994183, 0.6468880000029458, 0.6469547000015154, 0.6544121000042651, 0.642937399999937, 0.645924999989802, 0.6424272000003839, 0.6406755999923917, 0.6555766999954358, 0.6558806000102777, 0.6425596000044607, 0.6427831000037258, 0.6492615000024671, 0.6427843999990728, 0.6575122000067495, 0.6510599000030197, 0.6502665000007255, 0.6418611999979476, 0.6458391999913147, 0.647889200001373, 0.6476276000030339, 0.6417632000084268, 0.6412732000026153, 0.6394261999957962, 0.6560889999964274, 0.6525581999885617, 0.651248599999235, 0.6479431000043405, 0.6464345999993384, 0.6459576999914134, 0.6459386000060476, 0.6482312000007369, 0.6469623000011779, 0.6486991999991005, 0.6406227999978, 0.6525871999911033, 0.6489277999935439, 0.6465835999988485, 0.6420447999989847, 0.6462410999956774, 0.6480049000092549, 0.6491609000077005, 0.6473297999909846, 0.6426965999999084, 0.6503554999944754, 0.6360501000017393, 0.649053000001004, 0.6492173000006005, 0.6469152000063332, 0.651793800003361, 0.6424385999998776, 0.644578299994464, 0.6457857999921544, 0.6474450999958208, 0.6501137000013841, 0.6422778999985894, 0.6549403999961214, 0.6390280999912648, 0.6640551000018604, 0.6560672000050545, 0.6483211000013398, 0.6479742000083206, 0.6546814000030281, 0.6464230999990832, 0.656554999994114, 0.6535399999993388, 0.6479110999935074, 0.6485642999905394, 0.6467036999965785, 0.6567309000092791, 0.6497902999981306, 0.6470186000078684, 0.6550237999908859, 0.6500131000066176, 0.647884799996973, 0.652903599999263, 0.650914300000295, 0.6612238999950932, 0.6489368000038667, 0.6525302000081865, 0.6423643000016455, 0.6452771999902325, 0.6443765000003623], "benchmark": [0.6423838000046089, 0.6494005000131438, 0.6485378000070341, 0.6552106000017375, 0.6449596000020392, 0.6516829999891343, 0.6529681999963941, 0.6576057999918703, 0.6463516000076197, 0.6520045999932336, 0.6565114999975776, 0.6539475000026869, 0.6693564999877708, 0.6542823000054341, 0.6517753999942215, 0.6471695999935037, 0.6610619999992196, 0.6542235999950208, 0.6529179000062868, 0.6541589999978896, 0.6622052000020631, 0.6521075000055134, 0.6494862999970792, 0.6485656000004383, 0.6596004000020912, 0.6574720000062371, 0.6515358999895398, 0.6703703999955906, 0.6487612000055378, 0.6561693999974523, 0.6477770000055898, 0.65099980001105, 0.6520439000014449, 0.6552859000075841, 0.6558718000014778, 0.6548060000059195, 0.6535883000033209, 0.6494938999967417, 0.6760176000097999, 0.6489313999918522, 0.6488924000004772, 0.6573275999980979, 0.6525337000057334, 0.6479562999884365, 0.6509816000034334, 0.6525294000020949, 0.6554525999963516, 0.6536289000068791, 0.6513409999897704, 0.6532182000082685, 0.6514076000021305, 0.6556515999982366, 0.6464420000120299, 0.6477318999968702, 0.6491970000060974, 0.6485148000065237, 0.6549484999995911, 0.6538067000074079, 0.6553524999908404, 0.6504595999867888, 0.6494453000050271, 0.6511878000019351, 0.6527046999981394, 0.6594040999916615, 0.6576461000076961, 0.6456589000008535, 0.6456368999934057, 0.6421549999940908, 0.6507777999941027, 0.6445114999951329, 0.6482683000067482, 0.64512349999859, 0.6572249999881024, 0.6511822000029497, 0.6476211999979569, 0.6511958000046434, 0.6436695000011241, 0.6471418000000995, 0.6511460000037914, 0.647649000005913, 0.6563809999934165, 0.652356000005966, 0.654986599998665, 0.6556303999968804, 0.6508356999984244, 0.6497526000021026, 0.6519726999977138, 0.6601300000038464, 0.6505040000047302, 0.6526830999937374, 0.645680599991465, 0.6551357999996981, 0.6460023999970872, 0.649755800011917, 0.6525398000085261, 0.6515153999935137, 0.6499629000027198, 0.6496967999992194, 0.6518111000041245, 0.6476085999893257]}, "cpython": {"warmup": [0.7463977000006707, 0.7393894999986514, 0.7392815000057453, 0.7391069000004791, 0.7454324999998789, 0.737768999999389, 0.7422012000024552, 0.7328437999967718, 0.7384340999997221, 0.7324598999985028, 0.7352013000054285, 0.7388989999890327, 0.7331919999996899, 0.7358830000011949, 0.7333169999910751, 0.7349626000068383, 0.7392943000013474, 0.7374768000008771, 0.7540072000119835, 0.7417737000068882, 0.7416482000116957, 0.7397229000052903, 0.7452057000045897, 0.7430587999988347, 0.7402958999882685, 0.7360248000040883, 0.744306399996276, 0.7429352000035578, 0.749454799995874, 0.7431909000006272, 0.7511496999941301, 0.7402733999915654, 0.7377049000060651, 0.7462110000051325, 0.7367594999959692, 0.7404555999964941, 0.7480507000000216, 0.7471335000009276, 0.7349747999978717, 0.7364598999993177, 0.742296800002805, 0.7388331999973161, 0.7422609999921406, 0.7388501999957953, 0.7411549999960698, 0.7351742000028025, 0.7355911000049673, 0.7377172000124119, 0.7382873000024119, 0.7389740999933565, 0.7352132000087295, 0.7332085000089137, 0.7459731999988435, 0.7422116999950958, 0.729899199999636, 0.7298166999971727, 0.7406883999938145, 0.7328253000014229, 0.7404239000024972, 0.7417582000052789, 0.7362140000041109, 0.7310141000052681, 0.7443054000032134, 0.7349144999898272, 0.7334802999976091, 0.7523465999984182, 0.7354298999998719, 0.7351533999899402, 0.7361305999947945, 0.7310552000126336, 0.7334337000065716, 0.7356797999964328, 0.7316666999977315, 0.7344833000097424, 0.7340642999915872, 0.7302772999973968, 0.7289038000017172, 0.7380922000011196, 0.7411896999983583, 0.7336516000068514, 0.7322849000047427, 0.7308828999957768, 0.7396356999961426, 0.7394299000006868, 0.744211000012001, 0.7351553999906173, 0.7299246000038693, 0.7399019000004046, 0.7440701000014087, 0.7449210999911884, 0.7293309999949997, 0.7310651000007056, 0.7343470000050729, 0.7309135999967111, 0.7378803000028711, 0.733198200003244, 0.7362875999970129, 0.7332675000070594, 0.7305493999883765, 0.7432501000002958],