{"nuitka": {"warmup": [1.6567974999925354, 1.6072685999970417, 1.6130897000111872, 1.602371500004665, 1.6104415000008885, 1.59460460000264, 1.6018428999959724, 1.6048854999971809, 1.6120419999933802, 1.6007185000053141, 1.6183183999964967, 1.6157143999880645, 1.6070822000037879, 1.5972442000056617, 1.597182999990764, 1.5998351000016555, 1.6012907999975141, 1.6041419999965, 1.609536100004334, 1.6078440999990562, 1.6002038000005996, 1.6040153999929316, 1.6030156000051647, 1.5959476999996696, 1.5972259999980452, 1.6097798999981023, 1.606558599989512, 1.6106029999937164, 1.604646199994022, 1.606287100003101, 1.6037597999966238, 1.604768499993952, 1.605705299996771, 1.5946031999919796, 1.5984750000061467, 1.6161267999996198, 1.6034570000047097, 1.6003254999959609, 1.6005360999988625, 1.6088383000023896, 1.602678700000979, 1.5986508000059985, 1.6117796000035014, 1.5980107999930624, 1.6062161000008928, 1.6055713999958243, 1.6048505999933695, 1.6058082999952603, 1.6066098000010243, 1.6127978000004077, 1.6076648000016576, 1.60542279999936, 1.6054044000047725, 1.6032383999990998, 1.5988300000026356, 1.6130214000004344, 1.609490500006359, 1.6111051999905612, 1.6061857000022428, 1.5986168999952497, 1.6054745000001276, 1.614976699987892, 1.611420300003374, 1.6105138000129955, 1.6146698000084143, 1.6058612000051653, 1.6041881999990437, 1.5961654999991879, 1.5983753000036813, 1.609688799988362, 1.6059090000053402, 1.6132431000005454, 1.598935400004848, 1.599219900002936, 1.600778399995761, 1.613772999990033, 1.6125150000007125, 1.6049588000023505, 1.5989747000130592, 1.6094565000094008, 1.60498999999254, 1.6102723999938462, 1.6075928999925964, 1.6020662999944761, 1.5985330999974394, 1.6051466000062646, 1.6011461000016425, 1.6028187000047183, 1.6016779999918072, 1.6054077000007965, 1.602693699998781, 1.605964500005939, 1.6075423000002047, 1.606667500003823, 1.605675800004974, 1.608334600008675, 1.6029114999982994, 1.6073323999880813, 1.6012377000006381, 1.6028516000078525], "benchmark": [1.6182025000016438, 1.6019077000091784, 1.606945599996834, 1.5947266000002855, 1.6051404000027105, 1.5974485000042478, 1.60967890000029, 1.6112678999925265, 1.6049860000057379, 1.60314790000848, 1.6123749999969732, 1.6098765000060666, 1.6033509999979287, 1.6044555999978911, 1.6052123999979813, 1.6025897000072291, 1.5995263999939198, 1.6134079999901587, 1.6089230999932624, 1.6028285000065807, 1.6101493000023765, 1.6075742000102764, 1.6189489999960642, 1.6035605000070063, 1.6103707000002032, 1.6039067000092473, 1.6081985000055283, 1.6186015999992378, 1.6026310000015656, 1.605786200001603, 1.6001233999995748, 1.6130745999980718, 1.6103563999931794, 1.6037911000021268, 1.5972492000000784, 1.605310200000531, 1.5988664000033168, 1.6104974000045331, 1.607402199995704, 1.604633199996897, 1.6079900000040652, 1.5958109000057448, 1.614687099994626, 1.6023884999885922, 1.6000560999964364, 1.6076366000052076, 1.6139444000000367, 1.5938803000026383, 1.5949282000074163, 1.6047375999914948, 1.5946229999972275, 1.5988676999986637, 1.6048166999971727, 1.6148577999992995, 1.5965963999915402, 1.5948887999984436, 1.5998634999996284, 1.6102963000012096, 1.6085502999922028, 1.6082346000039252, 1.6067730999930063, 1.6008330999902682, 1.608564699999988, 1.599533499989775, 1.600401999996393, 1.6007841999962693, 1.6032589999958873, 1.6115355999936583, 1.607704099995317, 1.6110885000089183, 1.60755159999826, 1.6102819999941858, 1.6080654999968829, 1.6016076999949291, 1.6036149999999907, 1.5923618999950122, 1.6058105999982217, 1.593145299993921, 1.6073624999989988, 1.6070553999888944, 1.606158399998094, 1.605290799998329, 1.6099346999981208, 1.5975187000003643, 1.6087851000047522, 1.6086688000068534, 1.6057058000005782, 1.6135204000020167, 1.6114189999934752, 1.6009237999969628, 1.607597700000042, 1.6065475000068545, 1.5974152999988291, 1.6005476999998791, 1.5983749000006355, 1.613120699999854, 1.6013429000013275, 1.5991608000040287, 1.6021378000004916, 1.602991399995517]}, "cpython": {"warmup": [1.576744999998482, 1.5576366000022972, 1.546378699989873, 1.5409903000108898, 1.5584838000067975, 1.529780099997879, 1.539535200005048, 1.5488853999995627, 1.5371654000045964, 1.5421987000008812, 1.5483982000005199, 1.5462776999920607, 1.5401487000053748, 1.5446061999973608, 1.5422320999932708, 1.5456163000053493, 1.5477845999994315, 1.5441802999994252, 1.561504999990575, 1.5439856999873882, 1.5385867999866605, 1.5517545000038808, 1.5477888000023086, 1.5486644000047818, 1.5405197999934899, 1.5566605999920284, 1.5369898999924771, 1.5580828999954974, 1.546655500002089, 1.5442637000087416, 1.5511782999965362, 1.5518659999943338, 1.5381427999964217, 1.5540834999992512, 1.5518418999999994, 1.541793399999733, 1.5442370000091614, 1.5391966000024695, 1.551156200002879, 1.5394711999979336, 1.539422800007742, 1.5581978999980493, 1.552465900007519, 1.5478432000090834, 1.5485033000004478, 1.5618611999962013, 1.541697499997099, 1.5479644000006374, 1.5462754999898607, 1.5378392999991775, 1.5354850000003353, 1.542867500000284, 1.535930300000473, 1.5504743000055896, 1.5517039999976987, 1.5403108000027714, 1.560743599999114, 1.5425135000114096, 1.5612735000031535, 1.538165999998455, 1.5399425000068732, 1.548562399999355, 1.539078599991626, 1.5424610000045504, 1.539266799998586, 1.5540556000050856, 1.5418674000102328, 1.5475816999969538, 1.550353600003291, 1.5340948999946704, 1.5395304999983637, 1.5380800999992061, 1.541819799997029, 1.543305600003805, 1.5468149999942398, 1.5470298000000184, 1.544419999991078, 1.545282999999472, 1.5466029999952298, 1.542843699993682, 1.556168399998569, 1.5580903999943985, 1.533998499988229, 1.5510861000075238, 1.5319199999939883, 1.5504882999957772, 1.554003900004318, 1.554224499996053, 1.5490832000068622, 1.5484753999917302, 1.5488987999997335, 1.544966800007387, 1.5511912000074517, 1.5396441000048071, 1.5390369999950053, 1.5400279000023147, 1.556893700006185, 1.5438180999917677, 1.5494107999984408, 1.5498260999884224], "benchmark": [1.537242399994284, 1.553029599992442, 1.5449978999968152, 1.5530464000039501, 1.5413369000016246, 1.5539617000031285, 1.5578705000079935, 1.5443469000019832, 1.5596763999928953, 1.5404094999976223, 1.5582873000093969, 1.5660186000022804, 1.535135199999786, 1.561430300003849, 1.56015699999989, 1.5489805999968667, 1.55484240000078, 1.5436151000030804, 1.5528210000047693, 1.5495533000066644, 1.5396883000066737, 1.5423437999997986, 1.569223200000124, 1.5589236999949208, 1.5499330000020564, 1.539626900004805, 1.5494849999959115, 1.5436207000020659, 1.5470528000005288, 1.5483450000028824, 1.54253650001192, 1.5355874999950174, 1.5405143999960274, 1.5399950999999419, 1.5381148999877041, 1.5557053000084125, 1.5402298000117298, 1.5412325000070268, 1.5353715999954147, 1.5554859999974724, 1.5488721000001533, 1.5641227000014624, 1.5492435000051046, 1.5545170999976108, 1.5484567999956198, 1.5440409999864642, 1.5495634999970207, 1.5413100000005215, 1.5500311000068905, 1.5449460999952862, 1.546712600000319, 1.5466372999944724, 1.5530560000042897, 1.5383193000016036, 1.533872700005304, 1.5383417999983067, 1.5486113999941153, 1.5472940000036033, 1.5522588000021642, 1.5417738999967696, 1.5313286000018707, 1.5466687000007369, 1.5547128999896813, 1.5401473000092665, 1.5535285999940243, 1.5429948999953922, 1.545988399986527, 1.554921100003412, 1.537993899997673, 1.547205800001393, 1.5569288999977289, 1.5381020000058925, 1.5601299999980256, 1.5329305999912322, 1.5455209000065224, 1.539023500008625, 1.5399578999931691, 1.5496466000040527, 1.5411383000027854, 1.5360344999935478, 1.541627200000221, 1.5457360000000335, 1.5343369000038365, 1.5247248000086984, 1.5448405999923125, 1.5468846000003396, 1.5404178999888245, 1.5457980999926804, 1.543352099994081, 1.53659649999463, 1.5436667000030866, 1.5383688000001712, 1.5527943000051891, 1.5466356999968411, 1.5426505000068573, 1.5478057000000263, 1.5645023999968544, 1.5334052999969572, 1.548467200002051, 1.536338899997645]}}