{"nuitka": {"warmup": [1.4134940000076313, 1.3586712999967858, 1.3685786000132794, 1.3554963000060525, 1.3547264999942854, 1.348741699999664, 1.3416585000086343, 1.3703563999879407, 1.3465559000032954, 1.3675654000107897, 1.3520553999987897, 1.3469347999925958, 1.3495065000024624, 1.3477596000011545, 1.3459875999978976, 1.3542618000064977, 1.3456270999886328, 1.3462428000057116, 1.3477254000026733, 1.3478562999953283, 1.351153700001305, 1.3499827000050573, 1.3435160999943037, 1.3496684999990975, 1.3538200999901164, 1.3456188999989536, 1.3463852000131737, 1.3445012000011047, 1.3544630999967922, 1.345411400005105, 1.3491617000108818, 1.3456853999960003, 1.3576742999866838, 1.3574447000137297, 1.350449799996568, 1.3447502999915741, 1.3530133999884129, 1.3459129999973811, 1.3491476999915903, 1.348592499998631, 1.3550950000062585, 1.348808499998995, 1.3578449000051478, 1.3430078999954276, 1.3511066999926697, 1.3434112000104506, 1.3457244999881368, 1.3557641000079457, 1.3508154000010109, 1.354597700003069, 1.3507377999922028, 1.3389793000096688, 1.3542149999993853, 1.3522646999917924, 1.3565546000027098, 1.3497810999979265, 1.3363207999937003, 1.3628587999992305, 1.356797300002654, 1.3473042999976315, 1.3566087999934098, 1.3530128999991575, 1.3458747999975458, 1.3585599000070943, 1.3531341000052635, 1.3372000000090338, 1.3463616000080947, 1.3530235999933211, 1.3442499000084354, 1.3607570000021951, 1.3426892999996198, 1.3449713999871165, 1.351379600004293, 1.3738644999975804, 1.353491900008521, 1.346929799998179, 1.3411161999974865, 1.3568854000041028, 1.3517930999951204, 1.3444663999980548, 1.3584419999970123, 1.3526643000077456, 1.349888299999293, 1.3600628999993205, 1.3478605999989668, 1.3429424000059953, 1.3449542000016663, 1.3603647999989334, 1.3486904000019422, 1.3592062999960035, 1.3456173000013223, 1.3476315000007162, 1.3591203999967547, 1.3405003999941982, 1.3506716999982018, 1.3468897999991896, 1.3547389000013936, 1.340962500005844, 1.3486992999969516, 1.3500136000075145], "benchmark": [1.3551395000104094, 1.3560828999907244, 1.3660015000059502, 1.3543251999944914, 1.3514438999991398, 1.3451188000035472, 1.3531702999898698, 1.3478982999949949, 1.3432465999940177, 1.3454248000052758, 1.345040500003961, 1.346797799997148, 1.350101200005156, 1.3556385000119917, 1.3560486999922432, 1.3487563999951817, 1.3442403999943053, 1.3442553999921074, 1.3604600000107894, 1.3451255999971181, 1.3539410999946995, 1.3576295999955619, 1.35233030001109, 1.3443311000009999, 1.3714883999928134, 1.3571388999989722, 1.3480519999866374, 1.3494559000100708, 1.339335900003789, 1.3359985999995843, 1.346540600003209, 1.3446049000049243, 1.3373131999978796, 1.3414929999999003, 1.339873399992939, 1.3394661000056658, 1.342427099996712, 1.342411000005086, 1.338047800003551, 1.3376178000034997, 1.336513099988224, 1.3401780999993207, 1.34071610000683, 1.3485350999981165, 1.3424323999934131, 1.3412965000024997, 1.3403002999984892, 1.3386351999943145, 1.3360086000029696, 1.3459915000130422, 1.3382397000095807, 1.3424354000017047, 1.34155969999847, 1.330542499999865, 1.3427474000054644, 1.3412289000116289, 1.3392123999947216, 1.3362957000063034, 1.3452868000022136, 1.3327506999921752, 1.3427140999992844, 1.3406438999954844, 1.3430960999976378, 1.3410298000089824, 1.333086500002537, 1.3510393000033218, 1.3425910000078147, 1.3418296000018017, 1.3453425999905448, 1.3360291999997571, 1.3517309000017121, 1.337752699997509, 1.3411300000007031, 1.3406604999909177, 1.33919220000098, 1.336381800007075, 1.3354009999893606, 1.3410857999988366, 1.3488847000116948, 1.3393161999993026, 1.3423648000025423, 1.339235199993709, 1.3373592999996617, 1.3502548999967985, 1.3390972999914084, 1.3369762000074843, 1.3430755000008503, 1.3453623000095831, 1.3451499999937369, 1.3436693999974523, 1.3485832000005757, 1.3486506000044756, 1.3446386999858078, 1.3438667000009445, 1.3409851999895182, 1.3536612000025343, 1.3650715999974636, 1.3449569000076735, 1.343570400000317, 1.3574934999924153]}, "cpython": {"warmup": [1.6733851000026334, 1.6706666000100086, 1.6473567999928491, 1.6505554000032134, 1.6555660000012722, 1.6406266999983927, 1.654949799994938, 1.6427606000070227, 1.6640900000056718, 1.6562019999983022, 1.6436512999935076, 1.6375636000011582, 1.6370128999988083, 1.6493377000006149, 1.6550987000082387, 1.6409463999880245, 1.6572904999920866, 1.6466190999926766, 1.6457334000006085, 1.6496360000019195, 1.641808200001833, 1.6417330999975093, 1.659696000002441, 1.653713699997752, 1.6409300999948755, 1.648511099992902, 1.6360953000112204, 1.6515680000011344, 1.6423137999954633, 1.6405650999950012, 1.6571096000116086, 1.6431391000078293, 1.6643067999975756, 1.670666500009247, 1.651930000007269, 1.6597096000041347, 1.6378593999979785, 1.6395091000013053, 1.6497314000007464, 1.6484309999941615, 1.6505305000027874, 1.6314034999959404, 1.6468774999957532, 1.6460133000073256, 1.67018120001012, 1.6484954000043217, 1.6413462000055006, 1.6434260999958497, 1.640992799992091, 1.6410052999999607, 1.6518463000102201, 1.6459178000077372, 1.6422779999993509, 1.6444925000105286, 1.6465102000074694, 1.6643650999903912, 1.6625150000036228, 1.634837499994319, 1.6562896999967052, 1.6530988000013167, 1.6765175000036834, 1.6400146999949357, 1.6426839000050677, 1.6455580000038026, 1.640123000004678, 1.646613900011289, 1.652156099997228, 1.639354099999764, 1.646472000007634, 1.6429544999991776, 1.6412569000094663, 1.6470915999962017, 1.6438318000000436, 1.6458822999993572, 1.6450349999940954, 1.6539921000075992, 1.64898159999575, 1.6527178999967873, 1.6388393999950495, 1.6402878000080818, 1.649640100004035, 1.6721489000046859, 1.6527360000036424, 1.6452732000034302, 1.6534100999997463, 1.6440126999950735, 1.6397257000062382, 1.6378802999970503, 1.6436285999952815, 1.6584621000074549, 1.643871099993703, 1.6531519999989541, 1.6491205000056652, 1.6368627999909222, 1.6391895999986446, 1.6373850000090897, 1.6413194999913685, 1.6393838999938453, 1.6428528999967966, 1.6464459999988321], "benchmark": [1.6567297000001417, 1.6519934000098146, 1.6464803999988362, 1.6410689000040293, 1.643296599999303, 1.6385305000003427, 1.6411785000091186, 1.641677499996149, 1.6393451000039931, 1.6518231000081869, 1.638394599998719, 1.648637599995709, 1.6481162999989465, 1.638634600007208, 1.6480735000077402, 1.6490597999945749, 1.638696299996809, 1.6392984999984037, 1.6533638000109931, 1.638177299988456, 1.6469451000011759, 1.639381000000867, 1.6505069000122603, 1.6430485000018962, 1.642639199999394, 1.6450850999972317, 1.6476943000016036, 1.6435007999971276, 1.6374281000025803, 1.6454387999983737, 1.644115299990517, 1.6427515000104904, 1.6491012999904342, 1.6445958999975119, 1.636475999999675, 1.6567099000094458, 1.6454845999978716, 1.6516372000041883, 1.6400242999952752, 1.6644551000063075, 1.646078400008264, 1.6381861999980174, 1.6426249999931315, 1.6418719999928726, 1.6556083000032231, 1.6486368000041693, 1.6431579000054626, 1.6446349000034388, 1.6481885999965016, 1.6568203999922844, 1.6684209999948507, 1.6409392000059597, 1.6372031999926548, 1.6385722000122769, 1.646409200009657, 1.6367484999937005, 1.6397544000064954, 1.6490950000006706, 1.6746917999989819, 1.6511885999934748, 1.6527193000074476, 1.642231100006029, 1.646195399996941, 1.664637900001253, 1.666632499996922, 1.6553646999964258, 1.643153999990318, 1.649691200000234, 1.648280599998543, 1.6443190999998478, 1.642704900004901, 1.642175999993924, 1.642741700008628, 1.6434092999988934, 1.653611700006877, 1.6392847999959486, 1.648603199995705, 1.6501640999922529, 1.6509411000006367, 1.6462414999987232, 1.6421371000033105, 1.6360003000008874, 1.6539073000021745, 1.637682800006587, 1.6527363999921363, 1.6474766000028467, 1.6537500999984331, 1.6537346999975853, 1.641599499998847, 1.6459979000064777, 1.6524057999922661, 1.6431854000111343, 1.6486570999986725, 1.646284000002197, 1.641549700012547, 1.6636226999980863, 1.6453368000074988, 1.6691562000050908, 1.650589900003979, 1.645566900013364]}}