{"nuitka": {"warmup": [1.4075219000078505, 1.3005639999901177, 1.325464199995622, 1.3065767000080086, 1.3020630999963032, 1.3001313999993727, 1.3070974000002025, 1.313816100009717, 1.3069596999994246, 1.3103881999995792, 1.3040075000026263, 1.310314099988318, 1.307571299999836, 1.3101488999964204, 1.3050074000057066, 1.3163337000005413, 1.3086100999935297, 1.3165295999933733, 1.3068197000102373, 1.3103387000010116, 1.3116274000058183, 1.30943570000818, 1.3141672000056133, 1.3050116000085836, 1.3240087000012863, 1.3047009000001708, 1.324244199990062, 1.3148654000106035, 1.3078542000002926, 1.3110643999971217, 1.3069288999977289, 1.3162654000043403, 1.3097596000006888, 1.3017885000008391, 1.3288285000016913, 1.335018099998706, 1.3097017999971285, 1.3009376999980304, 1.3040212000050815, 1.304978600004688, 1.3108085000130814, 1.3056541999976616, 1.3071546999999555, 1.3229894999967655, 1.3194925999996485, 1.3084679000021424, 1.3114471000008052, 1.303877400001511, 1.318282199994428, 1.3138233000063337, 1.3163703000027454, 1.305331900002784, 1.3052501999918604, 1.3013871000002837, 1.3071023000084097, 1.306519699995988, 1.3088411000062479, 1.3081569999922067, 1.3061712000053376, 1.3078265000076499, 1.31001020000258, 1.3109507000044687, 1.3054768000001786, 1.314628599997377, 1.3139335000014398, 1.3330966999928933, 1.3041137999971397, 1.3059917999926256, 1.3026004999992438, 1.3127880999963963, 1.3316675000096438, 1.3064855000120588, 1.3065101000102004, 1.3049096999893663, 1.3085373999929288, 1.308314399997471, 1.3066594999982044, 1.3136102999997092, 1.3091387000022223, 1.3120876000029966, 1.3048876999964705, 1.3047753999999259, 1.3082257000060054, 1.3076728000014555, 1.3111202000000048, 1.306808400011505, 1.3072317000041949, 1.309589500000584, 1.30684520000068, 1.3002512000093702, 1.3063764999969862, 1.3028017000033287, 1.308389600002556, 1.3021532999991905, 1.3023506000026828, 1.3032888999878196, 1.3077353999979096, 1.3179344000091078, 1.3078662999905646, 1.3054451000061817], "benchmark": [1.3178088999993633, 1.315762199999881, 1.325039299990749, 1.3306079000030877, 1.3343553000013344, 1.2995204999897396, 1.3376259000069695, 1.3087190000078408, 1.3069736000034027, 1.3128327000013087, 1.302522099998896, 1.3122945000068285, 1.3151948000013363, 1.3165810000064084, 1.3107362000009743, 1.3030637000047136, 1.3128124000068055, 1.3709476999938488, 1.3068340000027092, 1.3177279000083217, 1.305521400005091, 1.3045263000094565, 1.306409299999359, 1.2993472999951337, 1.313152499991702, 1.310106299992185, 1.2943219000007957, 1.3060605999926338, 1.3341759000031743, 1.3012606999982381, 1.2992018000077223, 1.3187007999949856, 1.3017858999955934, 1.3002827000018442, 1.3023518000118202, 1.3078342999942834, 1.3027991999988444, 1.2993373000063002, 1.303857099992456, 1.3040487999969628, 1.3009720999980345, 1.3051077999989502, 1.3105243000027258, 1.302267999999458, 1.2965250999986893, 1.3101176000054693, 1.3040216000081273, 1.3017990999942413, 1.308693900005892, 1.3030296999932034, 1.307865100010531, 1.3049854999990202, 1.3073172000003979, 1.3022728000069037, 1.299360599994543, 1.3031497999909334, 1.2998039000085555, 1.3040343999891775, 1.2969348999904469, 1.3077323000034085, 1.3078303000074811, 1.2977223000052618, 1.3004655000113416, 1.3100291000009747, 1.3087948000029428, 1.2958828999981051, 1.3056341000046814, 1.3061518000031356, 1.3036012999946252, 1.3035578999988502, 1.3032399000076111, 1.3080521000083536, 1.3042810000042664, 1.3021200999937719, 1.341734700006782, 1.3062923999968916, 1.3108780000038678, 1.305914099997608, 1.3060848000022816, 1.3120900000067195, 1.305286699993303, 1.3239671000046656, 1.318864000000758, 1.3100299000070663, 1.3082065000053262, 1.3010241000010865, 1.311732399990433, 1.3140409000043292, 1.3041352000000188, 1.3055233000050066, 1.3139001000090502, 1.3141371000092477, 1.3127634999982547, 1.3078036999941105, 1.3144081000064034, 1.3133553999941796, 1.3008405000000494, 1.3167251999984728, 1.3143530000088504, 1.3109798000077717]}, "cpython": {"warmup": [1.6754992999922251, 1.6717060999944806, 1.65881010000885, 1.6647200000006706, 1.6701775999972597, 1.6808479000028456, 1.6851671999902464, 1.6646904000081122, 1.6800204000028316, 1.6824214000080246, 1.6627633000025526, 1.674627500004135, 1.6914361999952234, 1.6802791000081925, 1.6657199999899603, 1.6710025000065798, 1.6749071999947773, 1.6716865999915171, 1.6700347000005422, 1.6678369000001112, 1.6887248999992153, 1.6932342999934917, 1.6763179000117816, 1.68737770000007, 1.6570715999987442, 1.673193299997365, 1.6616876000043703, 1.676266199996462, 1.674897000004421, 1.6689667999889934, 1.6697467000049073, 1.6674352999980329, 1.6703569999954198, 1.668994899999234, 1.663629700007732, 1.6571081000001868, 1.673643699992681, 1.6593460000003688, 1.6638758000044618, 1.6851381000014953, 1.667273600003682, 1.6604504999995697, 1.6636644000100205, 1.6589470999897458, 1.6703808000020217, 1.6642663999955403, 1.667463100005989, 1.6703565000061644, 1.6816834000055678, 1.6631920000072569, 1.6677218000113498, 1.661353000003146, 1.6739501999982167, 1.6751539999968372, 1.6737961000035284, 1.6649478000035742, 1.662573199995677, 1.6600013999996008, 1.6661148000130197, 1.6704781000007642, 1.679883000004338, 1.6561638999992283, 1.7098382999975001, 1.6646808000077726, 1.6644860000087647, 1.666850900001009, 1.662904199998593, 1.6790787000063574, 1.6648585999937495, 1.662152499993681, 1.66321230000176, 1.6624371999932919, 1.6608142999903066, 1.665425099999993, 1.6725105999939842, 1.7057041999942157, 1.6625750999955926, 1.662406599993119, 1.6598050999891711, 1.6657752000028268, 1.6593752000044333, 1.6551598999940325, 1.6619547000009334, 1.6620752000017092, 1.6611448000039672, 1.66452130000107, 1.6610033999895677, 1.6563707000022987, 1.6567948000010801, 1.660491299990099, 1.6609981000074185, 1.6583474000071874, 1.660744299995713, 1.657042899998487, 1.6596295000053942, 1.6545015000010608, 1.6540733000001637, 1.6610137000097893, 1.6547495999984676, 1.6520709000033094], "benchmark": [1.6666392999904929, 1.6596222999942256, 1.6565317999920808, 1.6613229000067804, 1.6612333999946713, 1.659063099999912, 1.6701251000049524, 1.6575627999991411, 1.6701648000016576, 1.6612185999983922, 1.6520925999939209, 1.6537067000026582, 1.6686295999970753, 1.654277399997227, 1.661576900005457, 1.6702562999998918, 1.6655126999976346, 1.6673708000016632, 1.6582829999970272, 1.660217399999965, 1.6543258000019705, 1.6836113000026671, 1.6638759000052232, 1.681970999998157, 1.6686197999952128, 1.661217700006091, 1.6593675000040093, 1.6636488999938592, 1.6680963999970118, 1.6758592999976827, 1.6722484000056284, 1.6729652999929385, 1.6567187000036938, 1.6691890000074636, 1.6609751999931177, 1.6648739999945974, 1.67072530000587, 1.6594532000017352, 1.684510399994906, 1.6673732999915956, 1.6611950999940746, 1.661273199992138, 1.658809200001997, 1.660404499998549, 1.6739584999886574, 1.6648417999967933, 1.6670122999930754, 1.6699070000031497, 1.6814511999982642, 1.6810865000006743, 1.6629956999968272, 1.6711047000135295, 1.6740162000060081, 1.6768802000005962, 1.665957699995488, 1.6681418999942252, 1.6602353999915067, 1.6771273000049405, 1.6541541000042344, 1.6697710000007646, 1.6615146999974968, 1.682696499992744, 1.6685160000051837, 1.667051199998241, 1.6702923999982886, 1.6762444000050891, 1.6709024000010686, 1.6552279999887105, 1.6625175999943167, 1.6585479000059422, 1.6762719000107609, 1.6730524000013247, 1.6592932999919867, 1.66461170000548, 1.6844390999904135, 1.6616292999970028, 1.6913695999974152, 1.6728307000012137, 1.671019300003536, 1.6651145000068936, 1.6602003000007244, 1.6650425999978324, 1.676169200000004, 1.6796830000093905, 1.668746999988798, 1.668965400007437, 1.6838703000103123, 1.671580800000811, 1.665200100003858, 1.6601272999978391, 1.6780094999994617, 1.6815157000091858, 1.6686178999952972, 1.6629189999948721, 1.6772682000009809, 1.6554342000017641, 1.6869374999951106, 1.6579939000075683, 1.6658100999920862, 1.660451899995678]}}