{"nuitka": {"warmup": [0.7520044999982929, 0.6536201999988407, 0.6482773999887286, 0.648594400001457, 0.6378497999976389, 0.6489657000056468, 0.6445538999978453, 0.6456733999948483, 0.6504124000057345, 0.6443914999981644, 0.6614293000020552, 0.6490446000098018, 0.6468238000088604, 0.6462354999966919, 0.6480098000029102, 0.6489053000113927, 0.644392300004256, 0.6509571999922628, 0.6512848999991547, 0.6474365000030957, 0.642394599999534, 0.6544705999986036, 0.651552499999525, 0.6488757000042824, 0.6489060000021709, 0.6577302000077907, 0.6548863999923924, 0.6428261999972165, 0.6454798000049777, 0.6460148000041954, 0.6479875999939395, 0.6429467000125442, 0.643979100001161, 0.6504449999920325, 0.6449390000052517, 0.6492824000015389, 0.6521854000020539, 0.6434119999903487, 0.6507894999958808, 0.6530170000041835, 0.6465213999908883, 0.6500176999979885, 0.6576292000099784, 0.6417796000023372, 0.6503859999938868, 0.655172600003425, 0.6515526000002865, 0.661533500009682, 0.6608390000037616, 0.6510480999859283, 0.6512976000085473, 0.6549729999969713, 0.652834399996209, 0.6448726000089664, 0.6470911999931559, 0.6512165999884019, 0.6690570000064326, 0.6499232000060147, 0.6548057999898447, 0.6637058000051184, 0.6420987000019522, 0.6489066999929491, 0.6482292000000598, 0.6477045000065118, 0.6474984999949811, 0.6472199999989243, 0.6489441000012448, 0.6426728999940678, 0.6640309999929741, 0.6459321000002092, 0.646844200004125, 0.6430506000033347, 0.6484017999900971, 0.6450354999979027, 0.6487423000071431, 0.6476693000004161, 0.6452791999909095, 0.6463518999953521, 0.6468201000097906, 0.6496181000111392, 0.64782969999942, 0.6530013000010513, 0.6460667000064859, 0.6451364000095055, 0.6439320999925258, 0.6473668999969959, 0.6460971000051359, 0.6487283000024036, 0.6503698000014992, 0.6525241000053938, 0.649669400008861, 0.6431391000078293, 0.6472592999925837, 0.6481841999921016, 0.648504500000854, 0.6517211999889696, 0.6641994000092382, 0.647393799998099, 0.6654471999936504, 0.6547203000081936], "benchmark": [0.6472501000098418, 0.6462292000069283, 0.6493684000015492, 0.6458274999895366, 0.6479962000012165, 0.6504758999944897, 0.6520627999998396, 0.6399260999896796, 0.6521522999973968, 0.6532862000021851, 0.6438374999997905, 0.6461101999884704, 0.6471049999963725, 0.6472022000089055, 0.6445626999920933, 0.6551678999967407, 0.654647000003024, 0.6477256999933161, 0.6519275000027847, 0.657970700005535, 0.645109399993089, 0.6542473000008613, 3.2165958999976283, 0.6530050000001211, 0.6446048000070732, 0.6461895999964327, 0.648563099995954, 0.6473031999921659, 0.6489856999978656, 0.6504005000024335, 0.6496421999909217, 0.6468641999963438, 0.6469429999997374, 0.6401916000031633, 0.6541839999990771, 0.6532566999958362, 0.6495664000103716, 0.656323599992902, 0.6434779999981401, 0.6555783999938285, 0.6517510999983642, 0.6477649000007659, 0.6426589999900898, 0.6450097000051755, 0.6502622000116389, 0.6448222999897553, 0.6495672000019113, 0.6470460999989882, 0.6548934000020381, 0.6469424999959301, 0.6534979999996722, 0.6494834999903105, 0.6561952000047313, 0.6506689000088954, 0.6523252000042703, 0.6459489999979269, 0.645227299988619, 0.6518856000038795, 0.6456880000041565, 0.6517762000003131, 0.648096600009012, 0.6506442000099923, 0.648749100000714, 0.6476928999909433, 0.6623033000068972, 0.6580392000032589, 0.6471653000044171, 0.6436446000006981, 0.6552042000112124, 0.646603100001812, 0.6641740000050049, 0.6430237000022316, 0.6499708000046667, 0.6491373000026215, 0.6457083999994211, 0.648440799996024, 0.6391890999948373, 0.6535888000071282, 0.642951500005438, 0.647729199990863, 0.6484577999945031, 0.6488565000036033, 0.6483460000017658, 0.6520947999961209, 0.6455890000070212, 0.6455370999901788, 0.642429200001061, 0.6454259000020102, 0.6511139000067487, 0.6471936000016285, 0.6512409999995725, 0.6567434999888064, 0.6492808000039076, 0.651688700003433, 0.6515648999920813, 0.6488834000047063, 0.6502118999924278, 0.6455739999946672, 0.6502782000025036, 0.6579358000017237]}, "cpython": {"warmup": [0.7408621000067797, 0.7390643999970052, 0.7389738999918336, 0.7380063000018708, 0.7506961000035517, 0.7308106999989832, 0.7364586000039708, 0.7390142999938689, 0.7341665999992983, 0.7325133999984246, 0.7349121000006562, 0.7285502999875462, 0.7287924999982351, 0.7488726000010502, 0.7405203000089386, 0.7323114000027999, 0.7364767000108259, 0.7366374999983236, 0.7306724000081886, 0.736115299994708, 0.735644800006412, 0.7371863000007579, 0.7290443999954732, 0.7516323000018019, 0.7415572999889264, 0.7328966000059154, 0.7348694999964209, 0.7387904999923194, 0.7409707000042545, 0.749825899998541, 0.7385255999979563, 0.7431733999983408, 0.738013599999249, 0.7458401000039885, 0.7483662000013283, 0.7334673000004841, 0.7364652999967802, 0.7447394000046188, 0.7457963999913773, 0.7405385000020033, 0.7605027999961749, 0.7379755000001751, 0.7491106999950716, 0.7636440000060247, 0.7356504999916069, 0.7349193999980344, 0.7435492999939015, 0.7341987999971025, 0.7512321999965934, 0.7472760999953607, 0.7360490999999456, 0.7443444999953499, 0.7419932000047993, 0.7432838999957312, 0.7430920000042534, 0.7562983999960124, 0.7530145999917295, 0.7382972999912454, 0.7488444999908097, 0.7428021999949124, 0.742942500000936, 0.7391628000041237, 0.7407252999983029, 0.7423845000012079, 0.7425266000063857, 0.7512953000114067, 0.759434899999178, 0.7504533000028459, 0.7430122999940068, 0.7567045000032522, 0.7417607999959728, 0.754887899995083, 0.7649436999927275, 0.7370048000011593, 0.7420445000025211, 0.7434441999939736, 0.7450140000000829, 0.7351124999986496, 0.7375417999865022, 0.756369700000505, 0.7428611999930581, 0.7422347999963677, 0.7400302999885753, 0.7354267000046093, 0.7365575000003446, 0.7512939000007464, 0.7422255999990739, 0.7673131000046851, 0.7379804999945918, 0.7447709000116447, 0.7379802000068594, 0.7450920999981463, 0.7446387000090908, 0.7393357000109972, 0.7385224000026938, 0.7412538999924436, 0.7499580000003334, 0.7401030000037281, 0.7329126999975415, 0.7409545999980764],