{"nuitka": {"warmup": [0.7286821000016062, 0.5230195000040112, 0.5245022000017343, 0.5262076999933925, 0.5238023000129033, 0.5255338999995729, 0.5213567000027979, 0.5285596000030637, 0.5204572999937227, 0.5181737999955658, 0.5269217000022763, 0.5195957999967504, 0.5216459999937797, 0.5212178999936441, 0.5173434000025736, 0.5380768000031821, 0.5211301000090316, 0.5200918999908026, 0.5235545000032289, 0.5250532000063686, 0.5212266999878921, 0.5233914999989793, 0.5162316000059946, 0.5265820000058739, 0.5212533000012627, 0.521844200004125, 0.5235710999986622, 0.5204498000093736, 0.5211284999968484, 0.5176303000043845, 0.5207577999972273, 0.5189623000042047, 0.523726200000965, 0.5227835999976378, 0.520433999990928, 0.5165821999980835, 0.5228655000100844, 0.5200414999999339, 0.5255140000081155, 0.5188671000069007, 0.5196617000037804, 0.5274673999956576, 0.5172225999995135, 0.5220670999988215, 0.5214208999968832, 0.5228262000018731, 0.5201980999991065, 0.5189557999983663, 0.5385296000022208, 0.5200566999992589, 0.5204747999960091, 0.5199066999921342, 0.5185273999959463, 0.5195886000001337, 0.5255349000071874, 0.519093700000667, 0.5185390999977244, 0.5187538000027416, 0.5203884999937145, 0.524789500006591, 0.5164606000034837, 0.51492309999594, 0.5195830999873579, 0.521743699995568, 0.5194976000057068, 0.5220773000037298, 0.5218484000070021, 0.5370307999983197, 0.521429000000353, 0.5273071999981767, 0.5200841000041692, 0.5166972000006353, 0.5203332999954, 0.5182137000083458, 0.5196005999896443, 0.5187350000051083, 0.5203133999893907, 0.5201361999934306, 0.5247910000034608, 0.5186000999965472, 0.5196529000095325, 0.521213700005319, 0.522809000001871, 0.5280426000099396, 0.5245762999984436, 0.5174721000075806, 0.520165599999018, 0.5183543000021018, 0.5206612999900244, 0.5225792999990517, 0.5223800999956438, 0.5257065000041621, 0.5232557999988785, 0.52012570000079, 0.516349600002286, 0.5283144999993965, 0.5192396999918856, 0.524937599999248, 0.5212781000009272, 0.518825300008757], "benchmark": [0.5181325000012293, 0.5198868000006769, 0.5177352000027895, 0.5197686000028625, 0.5241072000062559, 0.5219538999954239, 0.5220469999912893, 0.5235097999975551, 0.5149412000027951, 0.5205719000077806, 0.5200299999996787, 0.5223538999998709, 0.5218346000037855, 0.5223856999946292, 0.5175133000011556, 0.521595599988359, 0.5246355999988737, 0.5188328000076581, 0.5217399999964982, 0.5236048999940977, 0.525102199986577, 0.5212490999983856, 0.5209209000022383, 0.519228999997722, 0.5214962000027299, 0.5281107000046177, 0.5212948999978835, 0.5170251000090502, 0.5185965999990003, 0.5197991999884835, 0.5197571000026073, 0.5303312000032747, 0.5198159999999916, 0.5190518000017619, 0.5210049000015715, 0.5203215999936219, 0.5203967999987071, 0.5237282999878516, 0.5277884999959497, 0.5193823000008706, 0.5213364999945043, 0.5239615000027698, 0.5196923000039533, 0.5194984999980079, 0.5264298999973107, 0.5319398999999976, 0.5218039999890607, 0.5228669000061927, 0.5196756000077585, 0.525827899997239, 0.5208569000096759, 0.5212691000051564, 0.5229782000096748, 0.5221177999919746, 0.5179245000035735, 0.5199290000018664, 0.5214704999962123, 0.5211949000076856, 0.5191000999911921, 0.5245676000049571, 0.5230194999894593, 0.5188560999959009, 0.5238693999999668, 0.5199194999877363, 0.5207504999998491, 0.5286988000007113, 0.5240952000021935, 0.5164086000004318, 0.5228945000126259, 0.5214307999995071, 0.5261456999869552, 0.5200915999885183, 0.525234000000637, 0.5260959000006551, 0.5242348000028869, 0.5149289999972098, 0.5259450000012293, 0.5225902999954997, 0.5241813000029651, 0.5203686000022572, 0.5209515000024112, 0.5200896000023931, 0.524512500007404, 0.5203194999921834, 0.5258700999984285, 0.5192649999953574, 0.5228332999977283, 0.5187038000003668, 0.5201091000053566, 0.5179241000005277, 0.5171839000104228, 0.5236861000012141, 0.5179850999993505, 0.522055100009311, 0.5212392999965232, 0.5196546999941347, 0.5159774000057951, 0.5204346999962581, 0.5205292999889934, 0.5188014000013936]}, "cpython": {"warmup": [0.639729599992279, 0.6306241999991471, 0.6275070999981835, 0.6273725000064587, 0.6322027999995044, 0.6276718000008259, 0.6250437999988208, 0.6284433000109857, 0.6305604999943171, 0.6350798000057694, 0.6313487000006717, 0.641773600000306, 0.6323565999919083, 0.6277134999982081, 0.63089790000231, 0.6332530999934534, 0.6336548000108451, 0.6262963000044692, 0.6250005000038072, 0.6338538999989396, 0.6332379000086803, 0.625935699994443, 0.6280929999920772, 0.6295401999959722, 0.62797970000247, 0.6327822000021115, 0.6296793999936199, 0.6268392000056338, 0.6318013999989489, 0.6419743999867933, 0.6300585999997566, 0.6307548999902792, 0.6279274999978952, 0.6259500000014668, 0.6315184999984922, 0.6287169999995967, 0.6273154000082286, 0.6276924999983748, 0.6279295999993337, 0.6256144000071799, 0.6266778999997769, 0.635885399999097, 0.6350348999985727, 0.6261882000108017, 0.6349928999989061, 0.6284392999950796, 0.6262948999938089, 0.6310215999983484, 0.6297616999945603, 0.6303291999938665, 0.626474299991969, 0.6330525999946985, 0.626418100000592, 0.6308739000087371, 0.628282500008936, 0.6288351999974111, 0.6308387000026414, 0.6320287999988068, 0.6325807999965036, 0.6330204999976559, 0.6286739000061061, 0.6289551000081701, 0.6312973000021884, 0.6233686000050511, 0.6315795999980764, 0.6246479000110412, 0.6326359000086086, 0.630125899988343, 0.6304582000011578, 0.63396439999633, 0.632333200002904, 0.6283915000094566, 0.6302179999911459, 0.6227572999923723, 0.631245199998375, 0.6345464999903925, 0.6314779999956954, 0.6312501000065822, 0.6306391999969492, 0.6260570000013104, 0.6371208999917144, 0.6328441000077873, 0.6333803000015905, 0.6329222999920603, 0.635369499999797, 0.628699199995026, 0.6291227000037907, 0.6317914000101155, 0.6271311000018613, 0.6284682999976212, 0.6238201999949524, 0.6282324000057997, 0.630717400010326, 0.6297060999932, 0.6294246000034036, 0.6278882000042358, 0.6374778000026708, 0.6258048999879975, 0.6302048999932595, 0.6274015000090003],