{"nuitka": {"warmup": [1.3471560000034515, 1.3256216000008862, 1.3365302000020165, 1.3208245999994688, 1.321821200021077, 1.3505712999904063, 1.336212099995464, 1.3264869000122417, 1.3235385000007227, 1.3230938999913633, 1.3207022999995388, 1.323124699993059, 1.331546300003538, 1.3295135000080336, 1.3282182999828365, 1.342005300015444, 1.3550135999976192, 1.3244624999933876, 1.3327096000139136, 1.341273199999705, 1.3331341000157408, 1.3191179000132252, 1.3250783999974374, 1.3282677000097465, 1.3248872999974992, 1.3170565999753308, 1.3272484999906737, 1.337068900000304, 1.3174321000115015, 1.3231270000105724, 1.3298442999948747, 1.3391968999931123, 1.3316111999738496, 1.3314114999957383, 1.3261384000070393, 1.3278487999923527, 1.347779800009448, 1.3558818000019528, 1.3260804000019561, 1.3284405000158586, 1.324662900005933, 1.3238724000111688, 1.3242851000104565, 1.3272037999995518, 1.3241483999881893, 1.3301804000220727, 1.3258817000023555, 1.3310852000140585, 1.3209643999871332, 1.317539299983764, 1.3181694999802858, 1.324484200013103, 1.3334333000238985, 1.333484699978726, 1.3200383000075817, 1.3293911000073422, 1.3206775999860838, 1.3265950999921188, 1.3250947000051383, 1.3308749999850988, 1.3234559000120498, 1.320959100004984, 1.3819995000085328, 1.323499999998603, 1.3235050999792293, 1.3235253000166267, 1.3238729999866337, 1.3257032000110485, 1.3130520999839064, 1.3463453000003938, 1.3202326000027824, 1.3420400000177324, 1.3259794999903534, 1.3267432000138797, 1.324657399993157, 1.3333885000029113, 1.3278712999890558, 1.3329923000128474, 1.3364486999926157, 1.3213224999781232, 1.3318720000097528, 1.3344475000048988, 1.3581426000164356, 1.3245196999923792, 1.320775500003947, 1.3325282000005245, 1.3148738000018056, 1.340635000000475, 1.3269301000109408, 1.3174888000066858, 1.346336099988548, 1.33498110002256, 1.3300698999955785, 1.3795358999923337, 1.3209634000086226, 1.32237539999187, 1.3270982000103686, 1.3191303000203334, 1.3260458000004292, 1.3252238999994006], "benchmark": [1.3286329999973532, 1.331891000008909, 1.3279627000156324, 1.3394035999954212, 1.326289699994959, 1.3164908999751788, 1.332220900018001, 1.3272295000206213, 1.319051500002388, 1.3163657000113744, 1.3381635999830905, 1.3294083999935538, 1.3240836000186391, 1.332605000003241, 1.323501100006979, 1.318696500005899, 1.3491383999935351, 1.3234986999887042, 1.317954700003611, 1.3276574999908917, 1.3232765000138897, 1.326870599994436, 1.341495800006669, 1.3226086999929976, 1.3309514000138734, 1.3199290999909863, 1.3491150000190828, 1.3263567999820225, 1.314006500004325, 1.3308449999894947, 1.324346900015371, 1.3319655999948736, 1.3250864000001457, 1.3229919000004884, 1.3233065999811515, 1.3314023000129964, 1.3242466999799944, 1.317476500000339, 1.3415590999939013, 1.3186136999865994, 1.3298098999948706, 1.3400515000103042, 1.3164413000049535, 1.3292132000206038, 1.3266067999938969, 1.317440999991959, 1.3177471999952104, 1.3270301999873482, 1.3266860000148881, 1.3136765999952331, 1.3393184999877121, 1.3241010999772698, 1.3206501999811735, 1.3213210000249092, 1.3313649000192527, 1.3303597000194713, 1.319084999995539, 1.3316514000180177, 1.3294907000090461, 1.3441040999896359, 1.336110300006112, 1.3171851999941282, 1.3179952000209596, 1.3292175999959, 1.3321809000044595, 1.3470018999942113, 1.3234385000250768, 1.3224512999877334, 1.3251279999967664, 1.345251000020653, 1.3376685999974143, 1.3191664000041783, 1.3216122000012547, 1.3239398000005167, 1.3239323000016157, 1.334926199982874, 1.3184309000207577, 1.3391929999925196, 1.3303504000068642, 1.3197102999838535, 1.332505400001537, 1.3304487000277732, 1.3200620000134222, 1.3254154000023846, 1.3165025000052992, 1.3304008999839425, 1.3213573999819346, 1.3209601000125986, 1.320203399984166, 1.3230396999861114, 1.328432599984808, 1.3341698999865912, 1.3251787000044715, 1.3246726000215858, 1.336560499999905, 1.3429246000014246, 1.3614067999878898, 1.3242371999949683, 1.320366700005252, 1.3395572000008542]}, "cpython": {"warmup": [1.3572951999958605, 1.3512751999951433, 1.357070300000487, 1.3620574999949895, 1.3579141999944113, 1.3538537000131328, 1.3605581999872811, 1.3629404999956023, 1.3500571000040509, 1.3580789999978151, 1.3504849000019021, 1.3744891000096686, 1.3613937000045553, 1.3615663000091445, 1.3516729999973904, 1.3634632999892347, 1.3545568999834359, 1.3660760000057053, 1.359129300020868, 1.3571369999845047, 1.36826179997297, 1.3567334999970626, 1.350125900004059, 1.3657759000197984, 1.3601284000033047, 1.3918618999887258, 1.3565637999854516, 1.3617966000165325, 1.3638408999831881, 1.362481399992248, 1.3555963000108022, 1.3483888999908231, 1.350301300000865, 1.3766217000083998, 1.360725000005914, 1.362187199993059, 1.356338899990078, 1.3569383000140078, 1.3707414999953471, 1.3615106999932323, 1.3810131999780424, 1.3531452000024728, 1.3534861999796703, 1.3492704999807756, 1.3576771000225563, 1.3662294000096153, 1.3639897000102792, 1.3513687999802642, 1.3726049999822862, 1.364674999989802, 1.3555310999799985, 1.3663595000107307, 1.354888600006234, 1.3537634999956936, 1.3536730000050738, 1.361073200008832, 1.363002800004324, 1.360624299995834, 1.3587848999886774, 1.346832400013227, 1.35968110000249, 1.3623697999864817, 1.3570905000087805, 1.3507675000000745, 1.3945917999953963, 1.3498094999813475, 1.3658601999923121, 1.3565989999915473, 1.3709548000188079, 1.3541084000025876, 1.4087991999986116, 1.3511761000263505, 1.3651352000015322, 1.3728130999952555, 1.3525729000102729, 1.3653710999933537, 1.3533146000117995, 1.367944500001613, 1.3576425999926869, 1.3576346000190824, 1.362172199995257, 1.3689489999960642, 1.3590516000112984, 1.3642546999908518, 1.3648170999949798, 1.3559378999925684, 1.3527647000155412, 1.3535585000063293, 1.371611699985806, 1.3559088000038173, 1.3715309999824967, 1.3687994000210892, 1.358563799993135, 1.364623900008155, 1.3533935000014026, 1.3562013000191655, 1.36144810001133, 1.3540284000046086, 1.3565602999879047, 1.3473998999979813], "benchmark": [1.3606830000062473, 1.3569878000125755, 1.3648918000108097, 1.3541840999969281, 1.3534444000106305, 1.3662233999930322, 1.362743000005139, 1.357151599979261, 1.3592262999736704, 1.3463938999921083, 1.3538740999938454, 1.3557476999994833, 1.3593798000074457, 1.351712600007886, 1.361938400019426, 1.3537742999906186, 1.3663705000071786, 1.350747999997111, 1.346140400011791, 1.351516900002025, 1.3608346999972127, 1.3678659000142943, 1.3588213000039104, 1.3627639999904204, 1.3538594999990892, 1.3620485999854282, 1.3694860999821685, 1.3601956000202335, 1.3696601999981795, 1.3540341000189073, 1.35372750001261, 1.354960900003789, 1.3996735999826342, 1.3570771000231616, 1.3675417999911588, 1.3668241999985185, 1.358047899993835, 1.3617865999985952, 1.3545635000045877, 1.359448600007454, 1.363983300019754, 1.3503200999984983, 1.359398600005079, 1.351629899989348, 1.35295679999399, 1.3577124000003096, 1.3555309000075795, 1.3558309999934863, 1.3550699000188615, 1.3530664999852888, 1.3546142000122927, 1.3552444000088144, 1.3647348000085913, 1.3608141999866348, 1.3539667000004556, 1.3504446999868378, 1.3528256000136025, 1.3621851000061724, 1.3466431999986526, 1.3484141000080854, 1.347542200004682, 1.3675457000208553, 1.3442188999906648, 1.3557377999823075, 1.3569301000097767, 1.353274799999781, 1.3745938000211027, 1.3538809999881778, 1.3589937999786343, 1.359921100025531, 1.3550899999972899, 1.3585503000067547, 1.3676829000178259, 1.3551833000092302, 1.3672001999802887, 1.349983499996597, 1.3674636000068858, 1.3603596000175457, 1.3472168000007514, 1.3539167999988422, 1.3673608000099193, 1.3551267000148073, 1.368549399980111, 1.3556207999936305, 1.3520671000005677, 1.3679509999928996, 1.3617742999922484, 1.3567569000006188, 1.3638062000100035, 1.3595318000006955, 1.356353000010131, 1.362865500006592, 1.3526880000135861, 1.3554566999955568, 1.3608756000176072, 1.3646494999993593, 1.3542808000056539, 1.3693174000072759, 1.3701253999897745, 1.3598939999938011]}}