{"nuitka": {"warmup": [1.4017194000189193, 1.376760099985404, 1.37415710001369, 1.3789749999996275, 1.372991300013382, 1.3814920999866445, 1.3775805000041146, 1.3832599000015762, 1.37618520000251, 1.3759273999894504, 1.3679459000122733, 1.3846108999860007, 1.371842900000047, 1.3763668999890797, 1.3747863000025973, 1.385735999996541, 1.3739949000009801, 1.379410599998664, 1.3804947000171524, 1.375325300003169, 1.3712103000143543, 1.3784533999860287, 1.3759741999965627, 1.3790233000181615, 1.379204299999401, 1.371774799976265, 1.3744230000011157, 1.3689639999938663, 1.3737546000047587, 1.3718265000206884, 1.3935207999893464, 1.3725674000161234, 1.3742059000069275, 1.3779710999806412, 1.3766207000007853, 1.3720782999880612, 1.379610900010448, 1.3874696999846492, 1.3717114000173751, 1.3659966999839526, 1.3713300000235904, 1.3738876999996137, 1.3730244000034872, 1.3761255000135861, 1.368736699980218, 1.3738069999963045, 1.3672235000121873, 1.375139699986903, 1.3727613000082783, 1.3762135000142734, 1.3762390000047162, 1.3742781000037212, 1.3746833000041079, 1.3750523999915458, 1.3782214999955613, 1.372662300011143, 1.3653905999963172, 1.3696597999951337, 1.3699772999971174, 1.3732623999821953, 1.3782535000063945, 1.370040700014215, 1.3787111999990884, 1.3760661999986041, 1.382088800019119, 1.3668421000184026, 1.3739150000037625, 1.3711402000044473, 1.3799377999966964, 1.3802204999956302, 1.3747508999949787, 1.3759788000024855, 1.3760609999881126, 1.3776843000086956, 1.374909000005573, 1.3741513999993913, 1.376171499985503, 1.3719722999958321, 1.3712573999946471, 1.3812890000117477, 1.3801793000020552, 1.3800578000082169, 1.3827945000084583, 1.3694885000004433, 1.3688933000084944, 1.3777725000109058, 1.3775749999913387, 1.3719014000089373, 1.37454119999893, 1.3758155000105035, 1.368390499992529, 1.3710738999943715, 1.3772848999942653, 1.3653974999906495, 1.3746049999899697, 1.3806285000173375, 1.3723211000033189, 1.3752311999851372, 1.3688263000221923, 1.3723592000023928], "benchmark": [1.3764308999816421, 1.374177600024268, 1.376514399977168, 1.3743034999934025, 1.3831217999977525, 1.363768799987156, 1.3711061999783851, 1.3734374000050593, 1.3792781999800354, 1.3678655000112485, 1.3676981999888085, 1.3776694999833126, 1.374941599991871, 1.3752080000122078, 1.376503200008301, 1.3653071000007913, 1.380191799980821, 1.3789942000003066, 1.3703843999828678, 1.3675447999848984, 1.378090800018981, 1.37265189999016, 1.3741045000206213, 1.3744986999954563, 1.375003099994501, 1.3726722999999765, 1.3587439999973867, 1.3627348000009079, 1.3791098000074271, 1.3739615000085905, 1.3759626999963075, 1.36726039997302, 1.3830916000006255, 1.3755391000013333, 1.377250699995784, 1.3734685000090394, 1.3609050000086427, 1.3767021000094246, 1.366311499994481, 1.3772870000102557, 1.3630688000121154, 1.373049500019988, 1.372710099996766, 1.381141599995317, 1.3735369999776594, 1.3857877000118606, 1.3743503000005148, 1.367056799994316, 1.3665023999928962, 1.375228299992159, 1.3692965999944136, 1.3723886999941897, 1.3730813000001945, 1.3739430000132415, 1.3702717999985907, 1.3655595000018366, 1.3836909000237938, 1.373779799992917, 1.3779259000148159, 1.3747873000102118, 1.37529659998836, 1.3767164000018965, 1.3806480999919586, 1.3783253000001423, 1.3718794000160415, 1.371572699979879, 1.3679317999922205, 1.3722330999735277, 1.3716612000134774, 1.3755782000080217, 1.3704112000123132, 1.3755746000097133, 1.3635281000169925, 1.3752920999831986, 1.3770821000216529, 1.3727314999850933, 1.3727354000147898, 1.3773139999830164, 1.379978300014045, 1.3735166999977082, 1.3803536999912467, 1.3733261000015773, 1.36841889997595, 1.3714669999899343, 1.3827554000017699, 1.3696627999888733, 1.3716303999826778, 1.3775241999828722, 1.3761186000192538, 1.3774764999980107, 1.3729313000221737, 1.3811229999992065, 1.3748566000140272, 1.3794402000203263, 1.3738898000156041, 1.3754865000082646, 1.3755648999940604, 1.383843199990224, 1.37270319997333, 1.3610124999831896]}, "cpython": {"warmup": [1.4089750000275671, 1.4179530999972485, 1.4190742000064347, 1.417333299992606, 1.425152200012235, 1.4198257999960333, 1.421253099979367, 1.4041087999939919, 1.4080774000030942, 1.4058898000221234, 1.412170800002059, 1.418015600007493, 1.4217282999888994, 1.4027056000195444, 1.4107849999854807, 1.4121005999913905, 1.4129885000002105, 1.4123620000027586, 1.4091052000003401, 1.41004950000206, 1.419184900005348, 1.4109457000158727, 1.4043911999906413, 1.4079053000023123, 1.4374935000087135, 1.4149312000081409, 1.4051147999998648, 1.4106921999773476, 1.4711227999941912, 1.4140098999778274, 1.4275049999996554, 1.4200644999800716, 1.410135000012815, 1.4040488000027835, 1.42014349999954, 1.4166090000071563, 1.4053279999934603, 1.4278027999971528, 1.4125867999973707, 1.4122299999871757, 1.412656500004232, 1.4075421000015922, 1.4173912999976892, 1.4057830000238027, 1.4147015000053216, 1.4165303999907337, 1.412074699997902, 1.412820700003067, 1.4095507999882102, 1.4180670999921858, 1.406311899976572, 1.4074996999988798, 1.4108323999971617, 1.431215999997221, 1.4083738000190351, 1.4088689000054728, 1.4102998999878764, 1.4210665000136942, 1.4132908000028692, 1.4091877000173554, 1.4155055999872275, 1.4093582999776118, 1.402469699998619, 1.4165841999929398, 1.4166534999967553, 1.4159080999961589, 1.4167984999949113, 1.4312177000101656, 1.4750549999880604, 1.4376366999931633, 1.4105213999864645, 1.414120000001276, 1.4106611000024714, 1.4153936000075191, 1.4125964999839198, 1.4205117000092287, 1.4156275000132155, 1.4193688000086695, 1.4097063000081107, 1.4157550999952946, 1.4066188000142574, 1.4057975999894552, 1.4154482999874745, 1.4101606000040192, 1.4126816999923903, 1.4089749999984633, 1.4150178999989294, 1.4121494999853894, 1.4064481999957934, 1.4248875000048429, 1.413828700024169, 1.419424199993955, 1.4366109000111464, 1.4055842000234406, 1.413188300008187, 1.4208164000010584, 1.4102279999933671, 1.4067963999987114, 1.4103096000035293, 1.4187288999964949], "benchmark": [1.412466100009624, 1.4106564999965485, 1.4081679999944754, 1.4159472000028472, 1.4099087000067811, 1.4146891999989748, 1.4217748999944888, 1.418648300023051, 1.4180228000041097, 1.4130535000003874, 1.4100725000025705, 1.4192251000204124, 1.4207292000064626, 1.4163387999869883, 1.4016253000008874, 1.4183646999881603, 1.4279700000188313, 1.418857000011485, 1.4218375000054948, 1.4110487999860197, 1.4191359000105876, 1.4767782000126317, 1.4161246999865398, 1.4131132999900728, 1.4169952000083867, 1.4157545999914873, 1.4161688000021968, 1.4109768999915104, 1.404905899980804, 1.4208684000186622, 1.4124490999965928, 1.4140016000019386, 1.4170796999824233, 1.4207148999848869, 1.4385828000085894, 1.4181772000156343, 1.4169380999810528, 1.4124260999960825, 1.404940499982331, 1.4185213999880943, 1.4275403000065126, 1.4236590999935288, 1.4101266999787185, 1.404873999999836, 1.418487599992659, 1.4180452000000514, 1.417386399989482, 1.4237220000068191, 1.4191496999992523, 1.4132495000085328, 1.4205596999963745, 1.4121646999847144, 1.411093400005484, 1.4133837999834213, 1.4353371000033803, 1.4230026000004727, 1.4129759999923408, 1.4091415999864694, 1.4150805000099353, 1.4185131999838632, 1.4222680000239052, 1.4111913999950048, 1.4342972000013106, 1.407905000000028, 1.4153672000102233, 1.4101489000022411, 1.4079743000038434, 1.4131417000025976, 1.4159730999963358, 1.417014599981485, 1.3985085999884177, 1.4185780999832787, 1.4114512000232935, 1.4071624999924097, 1.408386099996278, 1.4091591999749653, 1.413006899994798, 1.417643799999496, 1.4190708000096492, 1.4174079000076745, 1.4096448999771383, 1.411460300005274, 1.412400900007924, 1.412809399975231, 1.4415874000114854, 1.4221031999913976, 1.4017359999998007, 1.4162891000160016, 1.4071231999841984, 1.4321354999847244, 1.4199293999990914, 1.4115912999841385, 1.4110041999956593, 1.4195143000106327, 1.4116023000096902, 1.4109575999900699, 1.4223256999976002, 1.4099903000169434, 1.412984199996572, 1.4156952000048477]}}