{"nuitka": {"warmup": [1.606129100000544, 1.364975600001344, 1.3611850000015693, 1.360396899999614, 1.3573084999989078, 1.3604176999979245, 1.3600513999990653, 1.4273876999977801, 1.361700600002223, 1.369875199998205, 1.4034047000022838, 1.3602705000012065, 1.365567499997269, 1.3627255999999761, 1.3620870000013383, 1.399305999999342, 1.35913260000234, 1.3712831999982882, 1.368221699998685, 1.3615399000009347, 1.3590641999981017, 1.364741800000047, 1.3719710000004852, 1.3603231000015512, 1.374087000000145, 1.374411400000099, 1.3576890000003914, 1.3592065000011644, 1.3608046000008471, 1.3654864999989513, 1.359176199999638, 1.363125100000616, 1.3612180999989505, 1.373102800000197, 1.3772267999993346, 1.412673499999073, 1.359539400000358, 1.3631405999985873, 1.3593463999968662, 1.3647067000019888, 1.3600732000013522, 1.3683554000017466, 1.367611699999543, 1.359286200000497, 1.368721099999675, 1.3804820000004838, 1.3619507999974303, 1.3622653999991599, 1.3587905999993382, 1.360918299997138, 1.3655012999988685, 1.3602462000017113, 1.362983399998484, 1.3631816999986768, 1.3709263000018836, 1.3704617000003054, 1.3607763999971212, 1.36020869999993, 1.361054699998931, 1.3591116999996302, 1.3686116999997466, 1.3673980999992636, 1.3692725000000792, 1.3592577000017627, 1.4020778999984032, 1.3634552000003168, 1.3816850000002887, 1.37062270000024, 1.3606906999993953, 1.3595640000021376, 1.3599347999988822, 1.361435300001176, 1.3621157000015955, 1.3609790000009525, 1.3653973000000406, 1.3750710999993316, 1.366828500002157, 1.363480600000912, 1.3586647000010998, 1.3600876000018616, 1.359676899999613, 1.3690164999970875, 1.3592394000006607, 1.3717768999995315, 1.3641227000007348, 1.3610255000021425, 1.364385000000766, 1.3675819999989471, 1.3608863000008569, 1.35759589999725, 1.361077400000795, 1.3600617999982205, 1.3618258999995305, 1.366140499998437, 1.3624080999979924, 1.3580374000011943, 1.361219099999289, 1.3619695999987016, 1.3591794999992999, 1.379880199998297], "benchmark": [1.3608481000010215, 1.3605449000024237, 1.360004599999229, 1.3652366000023903, 1.3582791000008, 1.3621577999983856, 1.3621538000006694, 1.3688684000007925, 1.3736431999968772, 1.3728592000006756, 1.3668418000015663, 1.3701865000002726, 1.3576185000019905, 1.3672071999972104, 1.3595505999983288, 1.3723224999994272, 1.360068300000421, 1.3612415999996301, 1.3585103000004892, 1.3598079000003054, 1.3608478999994986, 1.3622240999975475, 1.3646570000018983, 1.3697686000014073, 1.3747886999990442, 1.3744721000002755, 1.3593103999992309, 1.3715892000000167, 1.3634111999999732, 1.3593880999978865, 1.3679101999987324, 1.3582901999980095, 1.3782099000018206, 1.363174699999945, 1.370161700000608, 1.3680773000014597, 1.3605868000013288, 1.36635380000007, 1.3638805000009597, 1.3646183000018937, 1.3697157999995397, 1.36070849999669, 1.3607873000000836, 1.3850596000011137, 1.3601329999983136, 1.3617243000007875, 1.3704203000015696, 1.3624844000005396, 1.3597303999995347, 1.3611917000016547, 1.3624539999982517, 1.359715499998856, 1.3739411999995355, 1.3614245999997365, 1.3695325999979104, 1.3692623999995703, 1.36230710000018, 1.359586099999433, 1.3608162999989872, 1.360282300000108, 1.3618222000004607, 1.3594345999990765, 1.3624309000006178, 1.3609950999998546, 1.3589097000003676, 1.3643475999997463, 1.3669599000022572, 1.3623029999980645, 1.3606192000006558, 1.3578196999987995, 1.372397800001636, 1.3652992999996059, 1.3607789000016055, 1.3563761000004888, 1.3647993999984465, 1.3694041999988258, 1.3596083000011276, 1.3639597000001231, 1.362333100001706, 1.3605825000013283, 1.3618719000005512, 1.3710969000021578, 1.3594755999984045, 1.3605095999992045, 1.3603124000001117, 1.3594445000017004, 1.3628605000012612, 1.3792646000001696, 1.3827794999997423, 1.3645381999995152, 1.3618998999991163, 1.3620092000019213, 1.360060599999997, 1.3727667999992264, 1.3614525999983016, 1.3590392000005522, 1.3613984000003256, 1.362041100001079, 1.3604831999982707, 1.3612444999998843]}, "cpython": {"warmup": [1.3829149999983201, 1.3804940000009083, 1.378999600001407, 1.37775270000202, 1.4002854999998817, 1.3818504999981087, 1.3796015999978408, 1.377878299997974, 1.3798983000015141, 1.3769561000008252, 1.3775487000020803, 1.3782917999997153, 1.3774991999998747, 1.3782582000021648, 1.379391399997985, 1.3831203000008827, 1.3878922000003513, 1.3774268999986816, 1.3782283000000461, 1.3770709999989776, 1.3870103000008385, 1.3783838999988802, 1.384726899999805, 1.377770999999484, 1.3856215000014345, 1.3789808000001358, 1.3768874000015785, 1.3786117999989074, 1.3889048999990337, 1.3769075000018347, 1.379868299998634, 1.3770523999992292, 1.3802020000002813, 1.3780732000013813, 1.379602299999533, 1.3780875999982527, 1.3773161000026448, 1.3782012000010582, 1.3926294999982929, 1.3774857999997039, 1.376158499999292, 1.3826477999973577, 1.3837239000022237, 1.3801137000009476, 1.3792059000006702, 1.3783952000012505, 1.3777086000009149, 1.3785023000018555, 1.3769589999974414, 1.3792189999985567, 1.3782634999988659, 1.3788801999980933, 1.3809743000019807, 1.3811572000013257, 1.3801272999990033, 1.4106494000006933, 1.3754904999987048, 1.378961900001741, 1.3805608000002394, 1.3788352999981726, 1.380044600002293, 1.3794223999975657, 1.3768988000010722, 1.3761521999986144, 1.3833333000002312, 1.3795370000007097, 1.381692800001474, 1.379282099998818, 1.4232133000004978, 1.3778591999980563, 1.3778321999998298, 1.376097700001992, 1.3783808000007411, 1.3749878000016906, 1.3782882999985304, 1.377426999999443, 1.3899259999998321, 1.375948700002482, 1.378835399998934, 1.3771970000016154, 1.3822745000034047, 1.3869182000016735, 1.3903188000003865, 1.3782150999977603, 1.3796354000005522, 1.401565500000288, 1.3801268999995955, 1.37912210000286, 1.3868742999984534, 1.3820183000025281, 1.3788290999982564, 1.3784420000010869, 1.3807490999970469, 1.3759398000001966, 1.3778275000004214, 1.3769948000008299, 1.3788411999994423, 1.3801239999993413, 1.3787804000021424, 1.3803566999995383], "benchmark": [1.3795320999997784, 1.3766497000033269, 1.3787888000006205, 1.3806617000009282, 1.3797321999991254, 1.379546099997242, 1.3781620999980078, 1.3773523999989266, 1.3787114000006113, 1.376731700001983, 1.3775103999978455, 1.389411200001632, 1.3776971000006597, 1.3881422999984352, 1.3778640999989875, 1.3779585000011139, 1.3768638000001374, 1.376945899999555, 1.3902402000021539, 1.3811900000000605, 1.399830700000166, 1.3793144000010216, 1.3779868999990867, 1.384021899997606, 1.3811348999988695, 1.3954636999987997, 1.3768884999990405, 1.380864400001883, 1.3787333000000217, 1.376000699998258, 1.3773041999993438, 1.3782300000020768, 1.3807629000002635, 1.3803750000006403, 1.384350500000437, 1.381867300002341, 1.3786065000022063, 1.3803268000010576, 1.3794884999988426, 1.377947299999505, 1.3789438999992853, 1.375879300001543, 1.379257000000507, 1.3836113999968802, 1.3790920999999798, 1.3794878999979119, 1.3841552999983833, 1.3822282000000996, 1.3775047000017366, 1.3790703999984544, 1.3788837000029162, 1.3777951000010944, 1.3803689000014856, 1.3783321999981126, 1.3794104999979027, 1.3855320000002393, 1.379614199999196, 1.3820639999976265, 1.3787178999991738, 1.39185820000057, 1.3778649999985646, 1.3823728999996092, 1.4020430000018678, 1.3826226000019233, 1.3839179999995395, 1.3831396000023233, 1.3753034000001207, 1.386049799999455, 1.3797626000014134, 1.3780937000010454, 1.3762301999995543, 1.406951000000845, 1.3840765999993891, 1.3820097999996506, 1.38328410000031, 1.3800835000001825, 1.3776287000000593, 1.3871438999995007, 1.382567000000563, 1.3835902999999234, 1.3782914000003075, 1.3801864000015485, 1.378415800001676, 1.383360800002265, 1.379418299999088, 1.3776402000003145, 1.3770061000032001, 1.385171599999012, 1.3803829999997106, 1.4112894999998389, 1.3788822999995318, 1.3875809000019217, 1.388233699999546, 1.385178000000451, 1.377299600000697, 1.3773935999997775, 1.3796880000008969, 1.381469300002209, 1.3798363999994763, 1.37624489999871]}}