{"nuitka": {"warmup": [1.1419490000116639, 1.078950499999337, 1.0692891999788117, 1.0811185000056867, 1.0767048000125214, 1.0741571000253316, 1.0724961000087205, 1.0788720999844372, 1.0819085000257473, 1.074505099997623, 1.0699625999841373, 1.0726306999858934, 1.0805543000169564, 1.0704274000017904, 1.073880799987819, 1.0731651999813039, 1.072347700013779, 1.0793668999976944, 1.085112000000663, 1.0791389000078198, 1.0834764000028372, 1.0753861000121105, 1.0846403999894392, 1.076814000000013, 1.0876623000076506, 1.0814420999959111, 1.0907695000059903, 1.0816192999773193, 1.0758218000119086, 1.0726643000089098, 1.0773082999803592, 1.0826625999761745, 1.0829507000162266, 1.0811963999876752, 1.0745714999793563, 1.0805330999719445, 1.0739302999863867, 1.0785719999985304, 1.0806651999882888, 1.0806391999940388, 1.0753391000034753, 1.0809561000205576, 1.079983399977209, 1.077696799999103, 1.0777608999924269, 1.085105799982557, 1.085106899990933, 1.081095900008222, 1.0704143999901135, 1.0828701999853365, 1.081063899997389, 1.0803759999980684, 1.0794391999952495, 1.0675225000013597, 1.0778109999955632, 1.087455200002296, 1.0843495999870356, 1.0822723000019323, 1.0811487000028137, 1.082280799979344, 1.0802653999999166, 1.0823198000143748, 1.0780855000193696, 1.0831733999948483, 1.0803546000097413, 1.0797363999881782, 1.0863710999838077, 1.0798472000169568, 1.0890746000222862, 1.0906150999944657, 1.0788908999820706, 1.0819271000218578, 1.0845630000112578, 1.0693968999839853, 1.0811377999780234, 1.0801472000021022, 1.0803515000152402, 1.0784100999881048, 1.0775207999977283, 1.0789510999748018, 1.0822111000015866, 1.0783763999934308, 1.0698130000091624, 1.0773861999914516, 1.0711065999930725, 1.0741950999945402, 1.0784786000149325, 1.074423999991268, 1.0796211000124458, 1.0703387999965344, 1.0740915999922436, 1.0758085999987088, 1.0788222999835853, 1.0739222000120208, 1.0788594000041485, 1.078794500004733, 1.0718161999830045, 1.0756326999980956, 1.082093899982283, 1.0776757999847177], "benchmark": [1.0768547000188846, 1.071930300007807, 1.07173719999264, 1.0759100999857765, 1.078104699990945, 1.068742100003874, 1.0878926000150386, 1.0757943000062369, 1.069201799982693, 1.071487100009108, 1.076832499995362, 1.0780666999926325, 1.0783507000014652, 1.0704742000089027, 1.0691890000016429, 1.077273199975025, 1.0806024999765214, 1.0741204999794718, 1.0707306999829598, 1.0678121999953873, 1.073674100014614, 1.0726651000150014, 1.0753230999980588, 1.0686343999987002, 1.0836754000047222, 1.078951799980132, 1.0747587000078056, 1.0690824000048451, 1.0651226000045426, 1.066775899991626, 1.0733218000095803, 1.0782623999984935, 1.0677549999963958, 1.078444100014167, 1.0710976000118535, 1.0698412999918219, 1.0764301999879535, 1.0659418999857735, 1.0801760000176728, 1.0783309999969788, 1.0712990000029095, 1.0702720000117552, 1.0747193999995943, 1.0723149999976158, 1.071938599983696, 1.0705144999956246, 1.0741115999990143, 1.069940300018061, 1.0702576000185218, 1.0800194999901578, 1.0793393999920227, 1.0691233999968972, 1.0725218999723438, 1.0656427000067197, 1.0695895999961067, 1.0831440000038128, 1.0806948999816086, 1.076835600018967, 1.072914699994726, 1.0828864999930374, 1.078675500000827, 1.083499699976528, 1.0731822999950964, 1.069890699989628, 1.0721271999937017, 1.0772325999860186, 1.0719214000273496, 1.0704377999936696, 1.0737818999914452, 1.0778942999895662, 1.081455100007588, 1.0732883000164293, 1.076632599986624, 1.075612499989802, 1.0658114000107162, 1.0837030000111554, 1.0736829999950714, 1.0779303000017535, 1.0712635999952909, 1.0774874000053387, 1.0774503000138793, 1.0814612999965902, 1.0830771999899298, 1.0663596999947913, 1.0825258000113536, 1.0784151999978349, 1.0741493000241462, 1.0711493999988306, 1.0778856000106316, 1.0731497000087984, 1.073130900011165, 1.0745897000015248, 1.0811952000076417, 1.0764324000047054, 1.0686799999966752, 1.0700635999965016, 1.0689719000074547, 1.0741721000231337, 1.0792405999964103, 1.072180399991339]}, "cpython": {"warmup": [1.1049315000127535, 1.102079500007676, 1.1163652000250295, 1.0880386999924667, 1.0911311999952886, 1.0999212999886367, 1.098927500017453, 1.1021470999985468, 1.0984738999977708, 1.104878500016639, 1.0916764000139665, 1.0853501000092365, 1.0918232999974862, 1.1003720000153407, 1.0950517999881413, 1.101972400007071, 1.0916390000202227, 1.0926605999993626, 1.0927405999973416, 1.0948823999788146, 1.0964473999920301, 1.0909393999900203, 1.0920327000203542, 1.0992055000097025, 1.094176000013249, 1.1082440000027418, 1.100052699999651, 1.0932670999900438, 1.093745600024704, 1.0948340999893844, 1.0927434000186622, 1.095637699996587, 1.0900710000132676, 1.0931559999880847, 1.1040602000139188, 1.0988767000089865, 1.0937473000085447, 1.0971258000063244, 1.103046300006099, 1.088837599992985, 1.0880561999802012, 1.0986655000015162, 1.0919626000104472, 1.103859700000612, 1.0976039999804925, 1.1151125000033062, 1.096170600008918, 1.1041848000022583, 1.0906360000080895, 1.0888124000048265, 1.1036008000082802, 1.1054786999884527, 1.0996050000248943, 1.0853857999900356, 1.0952561000012793, 1.094046000012895, 1.0953712999762502, 1.0925144999928307, 1.092000900011044, 1.1034097999799997, 1.1016833999892697, 1.1083108999882825, 1.0882714000181295, 1.0964516999956686, 1.0960366999788675, 1.0915221000032034, 1.0978728999907617, 1.0997307999932673, 1.0968976000149269, 1.093758600007277, 1.112357800011523, 1.1095000999921467, 1.0976307000091765, 1.0973450999881607, 1.0896708999935072, 1.096435699990252, 1.098836899996968, 1.09500480000861, 1.101013800012879, 1.092415399994934, 1.0897349000151735, 1.096265800006222, 1.1077390999998897, 1.1016335999884177, 1.0970046000147704, 1.1016451999894343, 1.1022277000010945, 1.0924868000147399, 1.0849615999904927, 1.0982844999816734, 1.0988683000032324, 1.106853199977195, 1.096642199991038, 1.1015623999992386, 1.0948716000129934, 1.0983906000037678, 1.0952015000220854, 1.0940635000006296, 1.1032965000194963, 1.095862499991199], "benchmark": [1.112314800004242, 1.0978787000058219, 1.0910342000133824, 1.0948207000037655, 1.0936433999740984, 1.0931009000050835, 1.0878300000040326, 1.0995299000060186, 1.095223900018027, 1.1067731000075582, 1.0976782999932766, 1.0934911000076681, 1.112389300018549, 1.1006120000092778, 1.1049040000070818, 1.1153463999798987, 1.1025350000127219, 1.1102742000075523, 1.1006162999838125, 1.0954250000067987, 1.0971196999889798, 1.1016704000066966, 1.1048330999910831, 1.1052033999876585, 1.0928646000102162, 1.088924199983012, 1.1048725000000559, 1.09190060000401, 1.0916065000055823, 1.0831000999896787, 1.1057455999834929, 1.0886910000117496, 1.100657000002684, 1.0911489999853075, 1.0946360000234563, 1.0879813999927137, 1.0944201000093017, 1.097535400011111, 1.0886304999876302, 1.09793100002571, 1.0905703000025824, 1.0998333999887109, 1.0906820000091102, 1.1000713999965228, 1.095494899986079, 1.0962807000032626, 1.0952858999953605, 1.0890315999859013, 1.0906654999998864, 1.1072574999998324, 1.0926905999949668, 1.1025332999997772, 1.0972948000126053, 1.0958437999943271, 1.0905381000193302, 1.0933762000058778, 1.0934914000099525, 1.1035123000037856, 1.0956728000019211, 1.085288300004322, 1.0924311999988277, 1.0992664999794215, 1.0818193000159226, 1.0917929999995977, 1.0957065999973565, 1.1013441999966744, 1.0895558000192977, 1.094075300003169, 1.0979394000023603, 1.094289899978321, 1.1057699999946635, 1.0952926000172738, 1.099657999991905, 1.0959568000107538, 1.0967477000085637, 1.088955100014573, 1.0971422000147868, 1.0926027999958023, 1.1094371999788564, 1.1415250999853015, 1.0934156999865081, 1.102871100010816, 1.0899492999888025, 1.0986612999986392, 1.0915669000241905, 1.089088200009428, 1.095131100009894, 1.0971466999908444, 1.0913184999953955, 1.097950099996524, 1.0934643000073265, 1.0958285999950022, 1.0874948999844491, 1.1012480999925174, 1.094854899973143, 1.0950162000081036, 1.0884584999876097, 1.0927962000132538, 1.1087909000052605, 1.0990900000033434]}}