{"nuitka": {"warmup": [1.6438034000020707, 1.2409154000051785, 1.2350728000019444, 1.257568999993964, 1.2434477000060724, 1.241993799994816, 1.2491039000015007, 1.2677108999923803, 1.260863800009247, 1.2395040999981575, 1.2517083999991883, 1.2754394999938086, 1.2690743999992264, 1.2571067999961087, 1.2497350000048755, 1.2550578000082169, 1.2440589000034379, 1.2665159999887692, 1.2453122999868356, 1.2555505999916932, 1.2687346000020625, 1.2357965999981388, 1.2487247999961255, 1.240717600012431, 1.2567748000001302, 1.2467923000076553, 1.2466046000045026, 1.2466352000046754, 1.2554707000090275, 1.249771699993289, 1.264462100007222, 1.2384164999966742, 1.2592877999995835, 1.2433082000061404, 1.2616279999929247, 1.2421016000007512, 1.2453271999984281, 1.2463400999986334, 1.2602730999933556, 1.2507793999975547, 1.261948899991694, 1.262028500001179, 1.2565449999965494, 1.243479099997785, 1.26261710000108, 1.2490513999946415, 1.2381900000036694, 1.2481734000029974, 1.243955800004187, 1.2683442999987165, 1.2409119999938412, 1.2624531999899773, 1.2588245000079041, 1.2518127000075765, 1.251791900009266, 1.2562629999883939, 1.2377903000015067, 1.2328431000059936, 1.2540532999992138, 1.2465503999992507, 1.2494139000045834, 1.2329268000030424, 1.2550436000019545, 1.2396452999964822, 1.2402339999971446, 1.237631700001657, 1.2384315999952378, 1.253836300005787, 1.2592946999939159, 1.2463149999966845, 1.247740499995416, 1.2444466000015382, 1.2358974999951897, 1.2402797999966424, 1.2528277999954298, 1.2637254000001121, 1.2721454999991693, 1.2520831000001635, 1.2451992999995127, 1.2324639999860665, 1.247389199997997, 1.2634214999998221, 1.2493068000039784, 1.2469220000057248, 1.2522746000031475, 1.2649246000073617, 1.2600206000061007, 1.2572981999983313, 1.2475164999923436, 1.2666584999969928, 1.2652049999887822, 1.266152799988049, 1.2530595999996876, 1.2382846000109566, 1.2796244000055594, 1.2607068000070285, 1.2745605999953113, 1.2308994999912102, 1.2385184000013396, 1.2444075999956112], "benchmark": [1.2409874999866588, 1.2517060000100173, 1.2359635000029812, 1.2500972999987425, 1.2563777999894228, 1.2559958000056213, 1.242780100001255, 1.2654437000019243, 1.2550879000045825, 1.2405214000027627, 1.2442538000032073, 1.2519826000061585, 1.2435725999966962, 1.266144399996847, 1.235478199989302, 1.2404695000004722, 1.2436204999976326, 1.2519422000041232, 1.2569413000019267, 1.236786800000118, 1.2462487000011606, 1.2479883999913, 1.2573202999919886, 1.2355739000049653, 1.2562660999974469, 1.260423500003526, 1.2341202999959933, 1.2422655999980634, 1.249462699997821, 1.2507814999989932, 1.2394216999964556, 1.275742199999513, 1.237024999994901, 1.244846100002178, 1.2435564000043087, 1.256514499997138, 1.2280775999970501, 1.243074300000444, 1.2462778999906732, 1.2435447000025306, 1.2371640000055777, 1.2498169000027701, 1.2491915999999037, 1.2615914000052726, 1.2259556999924826, 1.232640399990487, 1.2339177000103518, 1.2435125000047265, 1.2360124999977415, 1.2644991999986814, 1.2333072999899741, 1.2404157999990275, 1.2395476999954553, 1.2601185999956215, 1.2480358999891905, 1.236082899995381, 1.232475799988606, 1.232055800006492, 1.235093399998732, 1.235045999987051, 1.2453471000044374, 1.2510681999992812, 1.2408434000099078, 1.2375940999918384, 1.2384577000048012, 1.2431974000064656, 1.2395220000034897, 1.2524761000095168, 1.249386700001196, 1.2504615000070771, 1.2368079000007128, 1.2533572999964235, 1.2447052999923471, 1.2493102000007639, 1.2483599000115646, 1.2342147000017576, 1.2447106999898097, 1.2652364999958081, 1.260414899996249, 1.2498414999863598, 1.241426099993987, 1.255543100007344, 1.2424305000022287, 1.2494832999946084, 1.2436603999958606, 1.232874699999229, 1.265888800000539, 1.2599386999936542, 1.2476729999907548, 1.2341613000025973, 1.2576865000010002, 1.2417736999923363, 1.2352658000017982, 1.2442201999947429, 1.243166599990218, 1.2401637000002665, 1.2377427000028547, 1.23786769999424, 1.232248599990271, 1.242769499993301]}, "cpython": {"warmup": [1.6671480999939376, 1.6786623999942094, 1.6594086999975843, 1.673881699985941, 1.658362499991199, 1.654861000002711, 1.6974137000070186, 1.6846454000042286, 1.6796845000062604, 1.674294700002065, 1.701292999990983, 1.659578099992359, 1.6895659000001615, 1.7574860000022454, 1.6692149000009522, 1.6888792000099784, 1.676982200006023, 1.6622109999880195, 1.680024199988111, 1.6564683000033256, 1.6777483000041684, 1.6720858000044245, 1.6871080999990227, 1.6791505000001052, 1.6837362999940524, 1.6935253999981796, 1.7089130999956978, 1.7673512999899685, 1.660874799999874, 1.6905346999992616, 1.684884599992074, 1.683318799987319, 1.6734408000047551, 1.6812607999891043, 1.6660480999998981, 1.652504300000146, 1.6956137999950442, 1.703650600000401, 1.6616623000008985, 1.6527244000026258, 1.6682128000102239, 1.6851612000027671, 1.7170708999910858, 1.6577832000039052, 1.6753724000009242, 1.676279400009662, 1.6736224999913247, 1.6705959999962943, 1.7073388999997405, 1.6575947999954224, 1.6795019999990473, 1.6593212000007043, 1.6625366000080248, 1.6841305999987526, 1.6736624000041047, 1.6772811999981059, 1.6495209999993676, 1.6879168999876129, 1.6645882000011625, 1.6464230999990832, 1.6870154999924125, 1.6683013000001665, 1.6915644999971846, 1.6521663000021363, 1.7020264999882784, 1.6621052999980748, 1.682203499993193, 1.677423799992539, 1.6825773000018671, 1.656496399999014, 1.7365554999996675, 1.658801700003096, 1.6637514000030933, 1.6706491999939317, 1.6659872999880463, 1.6742897999938577, 1.6853788000007626, 1.6709263999946415, 1.663955600000918, 1.700937100002193, 1.6862521000002744, 1.6641751999995904, 1.6825226000073599, 1.6803707000071881, 1.653149999998277, 1.666289799992228, 1.6719292999914614, 1.667108499997994, 1.6844080000009853, 1.6696750999981305, 1.6534213999984786, 1.6892189000063809, 1.6647283999918727, 1.6925698999984888, 1.6694685999973444, 1.6730125000030966, 1.681120600012946, 1.655521199994837, 1.688497399998596, 1.653634600006626], "benchmark": [1.6659847000119044, 1.689660099989851, 1.6686446999956388, 1.6594155000057071, 1.6732014000008348, 1.6761322999955155, 1.6676333000068553, 1.7204676999972435, 1.682328700000653, 1.6936701999948127, 1.6635000000096625, 1.6745114999939688, 1.6628687000047648, 1.6585564999986673, 1.6664369999925839, 1.6788290999975288, 1.6967900000017835, 1.6710888000088744, 1.6573566000006394, 1.6803846999973757, 1.6599072999961209, 1.674570200004382, 1.6871900999976788, 1.673529799998505, 1.691043400001945, 1.670488599993405, 1.6707290999911493, 1.6768853000103263, 1.6650622000015574, 1.658446700006607, 1.6693719000031706, 1.67834449998918, 1.670431099992129, 1.6608788000012282, 1.6698832999973092, 1.6806125000002794, 1.6533247000043048, 1.677262700002757, 1.6737561999907484, 1.68355220000376, 1.6427158000005875, 1.6551095000031637, 1.6589469000027748, 1.6894712999928743, 1.6486498000012944, 1.6709439000114799, 1.6615925999940373, 1.6609546999970917, 1.6716021000029286, 1.685099700000137, 1.6631961000093725, 1.6671521999960532, 1.6612004000053275, 1.6733184999902733, 1.6631489999999758, 1.66786420000426, 1.7339718000002904, 1.6822676000010688, 1.6708254000113811, 1.6674177999957465, 1.6800520999968285, 1.6533440000057453, 1.6545803000044543, 1.6465829999942798, 1.6647720000037225, 1.6953093000047375, 1.6615798999991966, 1.6615548999980092, 1.6992643999983557, 1.676721900003031, 1.6851279999973485, 1.681775299992296, 1.6670911999972304, 1.6584526000078768, 1.7189874000032432, 1.6702097999950638, 1.6744766000047093, 1.689790800010087, 1.6737996000010753, 1.683589000007487, 1.702508200003649, 1.6775189000036335, 1.687536600002204, 1.6803304000059143, 1.686423699997249, 1.666466800001217, 1.676472900013323, 1.6739773000008427, 1.681796699995175, 1.673737400007667, 1.6634798000013689, 1.6733308999973815, 1.6590131999982987, 1.6507794000062859, 1.678781099995831, 1.6629472999920836, 1.6689836000005016, 1.668586800005869, 1.6846521999977995, 1.6619638999982271]}}