{"nuitka": {"warmup": [0.931770700000925, 0.6654429000045639, 0.6659051999886287, 0.6646334000106435, 0.66740910000226, 0.6648598000028869, 0.6635532999935094, 0.6653325000079349, 0.6647914000059245, 0.6655793999962043, 0.6644589000061387, 0.6763169000041671, 0.666560900004697, 0.664163199995528, 0.6673987999965902, 0.6698537000047509, 0.6635902000125498, 0.6653036000061547, 0.6686954999895534, 0.6670557000034023, 0.6650732000125572, 0.6679341999988537, 0.6626816000061808, 0.6641661000030581, 0.6645750000025146, 0.6709446999884676, 0.6648688999994192, 0.665559500004747, 0.6710611999878893, 0.6705834000022151, 0.668843100007507, 0.667618700012099, 0.6639875999971991, 0.6640967999992426, 0.6682572999998229, 0.6652822000032756, 0.6657400999974925, 0.6644989999913378, 0.6667240999959176, 0.6698467999958666, 0.669552899998962, 0.6653074999921955, 0.6679117999883601, 0.672846200002823, 0.662213999996311, 0.6743940000014845, 0.6654189999972004, 0.6643249000044307, 0.6687692999985302, 0.6649464000074659, 0.6675350999867078, 0.668206200003624, 0.6642081000027247, 0.6719575000024633, 0.6651813000062248, 0.6663460999989184, 0.6716134000016609, 0.6647774999873945, 0.6660869000043022, 0.6648030999931507, 0.6670653000037419, 0.6674466999975266, 0.666662500007078, 0.6656064999988303, 0.6644704000063939, 0.6661594000033801, 0.6695917999895755, 0.6719431999954395, 0.665039200001047, 0.6665356000012252, 0.6618868999939878, 0.6720279000001028, 0.6637247999897227, 0.6706826000008732, 0.6715917999972589, 0.6636849000060465, 0.6848977000045124, 0.6650247999932617, 0.6646704000013415, 0.6661717999959365, 0.6642195999884279, 0.6642016999976477, 0.670271099996171, 0.6648469000065234, 0.6627730000036536, 0.6703771999891615, 0.663846299998113, 0.6637287000048673, 0.6628688000055263, 0.6709900999994716, 0.6661604999972042, 0.6646058999904199, 0.6645710000011604, 0.6636467999924207, 0.6659053000039421, 0.6646307000046363, 0.6707518000039272, 0.6646092000009958, 0.6670173000020441, 0.66804069999489], "benchmark": [0.66495260001102, 0.6677379999891855, 0.664673599996604, 0.6687233000120614, 0.6648292000027141, 0.674398300005123, 0.6653956000081962, 0.6674490999866975, 0.6656157000106759, 0.664441100001568, 0.6702367999969283, 0.6651121000031708, 0.6654664000088815, 0.6646698000113247, 0.6642724999983329, 0.6674222000001464, 0.6669842999981483, 0.663835300001665, 0.6651715000043623, 0.6642537000006996, 0.6654756999923848, 0.6655790000077104, 0.6658618000074057, 0.6656661000015447, 0.663626599998679, 0.6634421000053408, 0.6652501999924425, 0.6632927000027848, 0.6637236999958986, 0.6643704000016442, 0.6649913000001106, 0.6675811000022804, 0.666322000004584, 0.6641228000080446, 0.663716499999282, 0.6640160999959335, 0.6647685000061756, 0.6664640999952098, 0.6650761000055354, 0.6631089000002248, 0.6651667000114685, 0.6670291000045836, 0.6653202000015881, 0.6646640999970259, 0.6679919000016525, 0.6663655000011204, 0.6652925999951549, 0.6636705999990227, 0.6638835999910953, 0.6658802999882028, 0.6638349999993807, 0.6633685999986483, 0.6654080000007525, 0.6647487000009278, 0.6666961000009906, 0.6653116999950726, 0.6649114999891026, 0.6654182000056608, 0.6673535000008997, 0.6666933999949833, 0.6649027999956161, 0.6654009999911068, 0.6652523999946425, 0.6645909999933792, 0.6659074000053806, 0.6655085000093095, 0.6630856999981916, 0.6632759000058286, 0.6655006999935722, 0.666192399992724, 0.6664535000018077, 0.6659002999949735, 0.6638636999996379, 0.664297199997236, 0.6663594999990892, 0.664401199988788, 0.6643353999970714, 0.6657504000031622, 0.6660518000135198, 0.6651501000014832, 0.6665399999910733, 0.6649114000028931, 0.6641291000123601, 0.6663331000017934, 0.6658895000000484, 0.6656808999978239, 0.669432800001232, 0.6659560999978567, 0.6651208999974187, 0.6652006000076653, 0.6651069999934407, 0.6656862999952864, 0.6664543999941088, 0.670567300010589, 0.6671044999966398, 0.6639838999981293, 0.6630774999939604, 0.6657599000027403, 0.6675269000115804, 0.6655438000016147]}, "cpython": {"warmup": [0.7786825999937719, 0.7625862000131747, 0.7601536000001943, 0.7624046999990242, 0.7668799000093713, 0.7622680999920703, 0.7626279999967664, 0.7713100999972085, 0.7622014999942621, 0.7637718999903882, 0.7645588000013959, 0.7602500999928452, 0.7658882999967318, 0.7613088000071002, 0.7623420000018086, 0.7698199000005843, 0.7601456000120379, 0.761234500008868, 0.7678889999951934, 0.7591050999908475, 0.7633930999872973, 0.7660418999876129, 0.7593278999993345, 0.7638435999979265, 0.7627834999875631, 0.761236899998039, 0.7693488999939291, 0.7649214000120992, 0.7650078000006033, 0.7699641000072006, 0.759854699994321, 0.7639294000109658, 0.7638786000024993, 0.7644130999979097, 0.7630972000042675, 0.7627367999957642, 0.7586498000018764, 0.7647425000031944, 0.7627573000063421, 0.7591367999993963, 0.7617437000008067, 0.7652553000079934, 0.7618510000029346, 0.7674254000012297, 0.7616042000008747, 0.7609437000064645, 0.7611995000042953, 0.7608640000107698, 0.7647404000017559, 0.768560399999842, 0.7632572000002256, 0.7653255000041099, 0.7642125999991549, 0.7900164000020595, 0.7629013999976451, 0.762675499994657, 0.7630288999935146, 0.7612527000019327, 0.763230399999884, 0.7604217000043718, 0.7611641999974381, 0.761125599994557, 0.7644249000004493, 0.7615610999928322, 0.7656752000038978, 0.7636105999990832, 0.7609261999896262, 0.7633346000075107, 0.7596107999997912, 0.7627539999957662, 0.7651535000040894, 0.765991699998267, 0.7613956999994116, 0.764968300005421, 0.7628933999949368, 0.7615465999988373, 0.7617456000007223, 0.7614010999968741, 0.7648681999999098, 0.7696537000010721, 0.7623753000079887, 0.7649172999954317, 0.7912516000069445, 0.7592050999955973, 0.7608428000094136, 0.7648421000048984, 0.7608068000117783, 0.7619061000004876, 0.7646215999993728, 0.7663082000071881, 0.766041499999119, 0.7666131000005407, 0.7699477999994997, 0.75987319998967, 0.7617431999969995, 0.7610988000087673, 0.7633063999965088, 0.7616422999999486, 0.7701532999926712, 0.7635197999916272],