{"nuitka": {"warmup": [1.237730399996508, 1.23120709999057, 1.0650128999986919, 1.2312234999990324, 1.0476827999955276, 1.0663747000071453, 1.0793896999966819, 1.0258872999984305, 1.0701629999966826, 1.048554700013483, 1.0998109999927692, 1.0757462000037776, 1.0485799000016414, 1.0689100000017788, 1.06025039999804, 1.0521766000019852, 1.0496918999997433, 1.0606923000013921, 1.0493664999958128, 1.0456478999985848, 1.0513618999975733, 1.0885409000038635, 1.0496465000032913, 1.0384740000008605, 1.0312180000037188, 1.0133902999950806, 1.0274310000095284, 1.0423998999904143, 1.2622505000035744, 1.2404531999927713, 1.2722505999990972, 1.07587760000024, 1.0408431000105338, 1.105004100012593, 1.034249499993166, 1.0521647999994457, 1.0591432999935932, 1.070738499998697, 1.0567324000003282, 1.0449762999924133, 1.0475175000028685, 1.2470109999994747, 1.0377469000086421, 1.0805373000039253, 1.059231200008071, 1.0387355999991996, 1.0495917999942321, 1.0646395000076154, 1.0315796000068076, 1.053096599993296, 1.0552610000013374, 1.0554656000022078, 1.0338445999950636, 1.0413077999983216, 1.22674339999503, 1.0257408999896143, 1.248115599999437, 1.0649486999900546, 1.0414619999937713, 1.0464348000095924, 1.0505390000034822, 1.0456331000023056, 1.0531174999923678, 1.037415399987367, 1.0607451000105357, 1.0631476000125986, 1.070549399999436, 1.277180799996131, 1.0798353999998653, 1.054034100001445, 1.2673076000064611, 1.086056499989354, 1.0796530000079656, 1.06015699999989, 1.0565904999966733, 1.0887092000048142, 1.0796582999901148, 1.0749781000049552, 1.069689299998572, 1.0625299999956042, 1.0597751000022981, 1.0519689000066137, 1.0651322000048822, 1.0411387000058312, 1.0932450000109384, 1.0515687000006437, 1.0426900000020396, 1.0948322000040207, 1.0848141000024043, 1.0440305000083754, 1.0701303000096232, 1.052872700005537, 1.0349532999971416, 1.065405000001192, 1.032401700009359, 1.0361942000017734, 1.0761453000013717, 1.0480478999961633, 1.1944409999996424, 1.1510631000128342], "benchmark": [1.026992800005246, 1.0525577000080375, 1.0481321000115713, 1.069725000008475, 1.2210976000060327, 1.0336114000092493, 1.0374567000108073, 1.029817800008459, 1.0074098000040976, 1.0326687999913702, 1.0257223999942653, 1.0353562999953283, 1.1618759000120917, 1.032596699995338, 1.0337244999973336, 1.0218315999954939, 1.2316340999968816, 1.0204429000004893, 1.0297968999948353, 1.0742241999978432, 1.0680341999977827, 1.037773299991386, 1.0538399999932153, 1.0652802999975393, 1.0394962999998825, 1.0627562000008766, 1.0352843000000576, 1.0534490999998525, 1.0782391999964602, 1.0373732000007294, 1.065069099990069, 1.2325278999924194, 1.0408552000008058, 1.267640999998548, 1.0206672999920556, 1.046509399995557, 1.031401600004756, 1.173402200001874, 1.027042400004575, 1.0640852000069572, 1.0524188999988837, 1.043340599993826, 1.021938300007605, 1.0187619000062114, 1.0744816000078572, 1.0330035999941174, 1.2179048999969382, 1.0390696999966167, 1.028188800002681, 1.0473284000036074, 1.0403794000012567, 1.0461396999889985, 1.225866799999494, 1.0182436000031885, 1.0302215999981854, 1.0674517000006745, 1.0239691000024322, 1.036065199994482, 1.0141283999982988, 1.031321599992225, 1.0451312999939546, 1.027547499994398, 1.0205014999955893, 1.0383325000002515, 1.0433482000080403, 1.0378794999996899, 1.0679407999996329, 1.0588057999993907, 1.0464320999890333, 1.2199292000004789, 1.0354330000118352, 1.062472899997374, 1.061302700007218, 1.0389020000002347, 1.057334599987371, 1.0432863000023644, 1.0494176000065636, 1.0394252999976743, 1.0715883000084432, 1.230722499996773, 1.017302499996731, 1.2145710999902803, 1.0271395000017947, 1.213117000006605, 1.0421884000097634, 1.062962800002424, 1.219916199988802, 1.0855516000010539, 1.040562599999248, 1.0524736999941524, 1.064092200002051, 1.007718400011072, 1.0359041999909095, 1.0262147000030382, 1.0413125999912154, 1.0497676999948453, 1.05465930000355, 1.06025330000557, 1.0384860999911325, 1.089848499992513]}, "cpython": {"warmup": [1.0735499000002164, 1.0332117000070866, 1.0624592999956803, 1.0381769999949029, 1.041835700001684, 1.065319899993483, 1.1280769000004511, 1.08004250000522, 1.089462399992044, 1.0803240000095684, 1.032691899992642, 1.0189396000059787, 1.043231999996351, 1.0476627999887569, 1.0616927999944892, 1.041140199988149, 1.0223131999955513, 1.058325000005425, 1.0672377000009874, 0.9651727999880677, 0.9956224999914411, 0.989930199997616, 1.030304799991427, 1.013118900009431, 1.018126700000721, 1.040092100010952, 1.060256800003117, 1.011622800011537, 1.0575465000001714, 1.0659427999926265, 1.0427936999913072, 1.042081399995368, 1.0793830000038724, 1.0746091999899363, 1.043611699991743, 1.082692500000121, 1.099180500008515, 1.0724755999981426, 1.0381478000053903, 1.0470743000041693, 1.0458537000085926, 1.06953040001099, 1.1384504000016022, 1.1391103000059957, 1.1263424000062514, 1.0200690000056056, 1.087948200001847, 1.048678999999538, 1.0564269999886164, 0.9879327999951784, 1.0776791000098456, 1.046697400000994, 1.0517016999947373, 1.0149290999979712, 1.024455399994622, 1.074778599999263, 1.054331400009687, 1.133463500009384, 0.99687200000335, 1.099352999997791, 1.1153216999955475, 1.15452070000174, 1.0956901000026846, 1.061148900000262, 1.0813841999915894, 0.9939132999861613, 1.0721875000017462, 1.0549915000010515, 1.0440794999885838, 1.03362190000189, 1.0250476000073832, 1.1356925000000047, 1.0949132999958238, 1.137509099993622, 1.1239882999943802, 1.091640800004825, 1.0429116000013892, 1.0657760000030976, 1.0186066000023857, 0.9878936000022804, 1.1990577000105986, 1.0531725999899209, 1.1368974000070011, 1.1419204999983776, 1.1603726000030292, 1.1490134000050602, 1.0570255000056932, 1.0815883000032045, 1.0245522000041092, 1.0152619000000414, 1.063340499997139, 1.0628300000098534, 0.975888600005419, 1.0481551999982912, 1.0612638000020524, 0.9875884000066435, 1.154083300003549, 1.0590206000051694, 1.0347647000016877, 1.0424687000049744], "benchmark": [1.1198000000003958, 1.130555399999139, 1.0955902999994578, 1.0874705000023823, 0.9916032999899471, 1.081025999999838, 1.0614538999943761, 1.091191899991827, 1.0767023000080371, 1.078580300003523, 1.1079813999967882, 1.0921449000015855, 0.99665780000214, 1.0367792999895755, 1.0495998999977019, 1.0521666999993613, 1.0257273000024725, 0.9812895000068238, 1.0629451999993762, 0.9817273000080604, 1.1910136000078637, 0.9841454999987036, 1.1255350000137696, 1.054608600010397, 1.0395086000062292, 1.0812739999964833, 1.045610699991812, 1.1529356999963056, 1.0152925999864237, 1.0379501999996137, 1.0303601000050548, 0.9923318000073778, 1.095507699996233, 1.0603156999859493, 1.001284800004214, 1.0437782000080915, 1.0524556000018492, 0.9952502999949502, 1.0366117999947164, 1.0159090999950422, 1.2162919999973383, 1.0562357999879168, 1.021024400004535, 1.1211641000118107, 1.1349564000120154, 1.1255352000007406, 1.1075205000088317, 1.0282682999968529, 1.05770640000992, 1.044507300000987, 1.0292355999990832, 1.0428711999993538, 1.0029403999942588, 1.0094782000087434, 1.0902882999944268, 1.1007736999890767, 1.034772900005919, 1.0408336999971652, 1.0206629000022076, 1.2184853999933694, 1.1875233000027947, 1.0872154999960912, 0.9987406000000192, 1.0164556999952765, 1.0568060999939917, 1.071134300000267, 0.9988211000018055, 1.0365712999919197, 1.0627798000059556, 1.049086700004409, 1.0103025999997044, 1.0546847999939928, 0.9786387000058312, 1.0342768999980763, 1.0496071000088705, 1.122531999993953, 1.0938560999929905, 1.0646202999923844, 1.0706669000064721, 1.0893017000053078, 1.0529070000047795, 1.0777002000104403, 1.0437039000098594, 1.0737795000022743, 1.0600031000067247, 1.0666174000070896, 1.0687909999978729, 1.0651963999989675, 0.9861075000080746, 1.0398803999996744, 1.0404012999933911, 1.068501900008414, 1.0775053999968804, 1.0724955000041518, 1.0668129999976372, 1.0472427000058815, 1.0819974000041839, 1.0876025000034133, 1.0686659000057261, 0.9937494000041625]}}