{"nuitka": {"warmup": [1.5825464999943506, 1.1286137999995844, 1.1438372999982676, 1.1682132999994792, 1.1384952000080375, 1.1218176999973366, 1.144941500009736, 1.093687199987471, 1.115000499994494, 1.192456199991284, 1.1528502000001026, 1.1510898999986239, 1.1061615999933565, 1.1182315000041854, 1.1292558999994071, 1.1237322999950266, 1.1046498000068823, 1.3250644000072498, 1.1417049000010593, 1.1130616000009468, 1.1136735000036424, 1.1192548000108218, 1.125863399996888, 1.093593300000066, 1.1513979000010295, 1.1510922000015853, 1.1033197000069777, 1.1349387999944156, 1.108970400004182, 1.1322505999996793, 1.1089872000011383, 1.1275409000081709, 1.0759855000069365, 1.0789272999973036, 1.0772247999993851, 1.0927255999995396, 1.0920374999986961, 1.1360884000023361, 1.1385951999982353, 1.106077300006291, 1.1476627999945777, 1.1017326000001049, 1.135833599997568, 1.1396305999951437, 1.1587317000085022, 1.1191996999987168, 1.1506217999994988, 1.1108785000105854, 1.1347153000097023, 1.1235263999988092, 1.1108119000127772, 1.0727369999949588, 1.1160059000103502, 1.1368484999984503, 1.129593699995894, 1.1208188000018708, 1.1131509999977425, 1.148648400005186, 1.1803196999971988, 1.0939788999967277, 1.0921723000064958, 1.1151504999870667, 1.097060700005386, 1.135694800002966, 1.1145205000066198, 1.1237656000012066, 1.1210060000012163, 1.1145821999962209, 1.105318799993256, 1.1015379000018584, 1.0936785000085365, 1.1066681999946013, 1.1304249999957392, 1.1138790999975754, 1.121929299988551, 1.1058101000089664, 1.1186700999969617, 1.1053546000039205, 1.0914274999959162, 1.111403100003372, 1.1156792999972822, 1.1312964000098873, 1.1159648000029847, 1.0967518999968888, 1.1150398000027053, 1.1129780000046594, 1.12111150000419, 1.127376499993261, 1.1447327999921981, 1.1303061000071466, 1.1178128000028664, 1.1320246999966912, 1.1144344000058481, 1.1448326999961864, 1.1137936000013724, 1.1093862999987323, 1.1412361999973655, 1.088174100004835, 1.1124819999968167, 1.035052799998084], "benchmark": [1.1218516000080854, 1.1216618000034941, 1.1097251000028336, 1.1344743999943603, 1.1091257000080077, 1.1093114999966929, 1.0752350999973714, 1.1446410000062315, 1.1301066999876639, 1.129028199997265, 1.1381259999907343, 1.1426034000032814, 1.1135561000119196, 1.1087757000059355, 1.1511798999999883, 1.1280009000038262, 1.139858099995763, 1.1578028999938397, 1.1129370000126073, 1.137149700007285, 1.119266299996525, 1.1193158999958541, 1.1240064000012353, 1.1281353999947896, 1.1529161000071326, 1.1117156999971485, 1.1081592999980785, 1.1191208000091137, 1.1263531999866245, 1.1541322000121, 1.1458712000021478, 1.134955000001355, 1.1428050999966217, 1.1528940999996848, 1.1358069999987492, 1.1354137000016635, 1.1403851000068244, 1.1412930000078632, 1.1081375000067055, 1.1097626999981003, 1.1242883000086294, 1.1087321999948472, 1.1229810999939218, 1.1269769000064116, 1.136682500000461, 1.0948527000000468, 1.152826899997308, 1.11913320000167, 1.1337339999881806, 1.143016300004092, 1.1160686000075657, 1.102574700009427, 1.1092514999909326, 1.117450200006715, 1.1555379999917932, 1.1192516000010073, 1.1113063000084367, 1.1184132000053069, 1.1553497000131756, 1.1081963000033284, 1.1300117999926442, 1.1253012999950442, 1.1111322999931872, 1.1127600000036182, 1.0993826000049012, 1.3030040000012377, 1.1034711000102106, 1.1314591000118526, 1.1061577000073157, 1.1035099000000628, 1.3070374000089942, 1.1189746000018204, 1.1305941000027815, 1.1195756000088295, 1.1330335999955423, 1.2118737999990117, 1.1412316000059946, 1.152227699989453, 1.0870555000001332, 1.1358856000006199, 1.1269063000072492, 1.1046507999999449, 1.1131869999953778, 1.2797024000028614, 1.1567408999981126, 1.1228231999994023, 1.1190035000036005, 1.1040986000007251, 1.1273768000100972, 1.1188071000069613, 1.1472549999889452, 1.1104870000126539, 1.0893536000075983, 1.0955706999957329, 1.109859599993797, 1.127722299992456, 1.1185639000032097, 1.120427900008508, 1.1824434000009205, 1.137540399999125]}, "cpython": {"warmup": [1.235604899993632, 1.1583129999926314, 1.2036612999945646, 1.1975868999870727, 1.151741800000309, 1.2154387999908067, 1.1950806999957422, 1.177482200000668, 1.169302099995548, 1.2169468000065535, 1.1729711000079988, 1.1877243999915663, 1.1823702999972738, 1.1684449999884237, 1.1788907000009203, 1.2033714999997756, 1.2103547000006074, 1.166116400010651, 1.169334499994875, 1.1675723000080325, 1.2184388000023318, 1.1854996000038227, 1.1836867000092752, 1.2293605000013486, 1.1668671000079485, 1.2220868000003975, 1.1675998999999138, 1.2321959999972023, 1.1929834000038682, 1.177543900004821, 1.169167899992317, 1.1533377000014298, 1.1856311000010464, 1.148756800001138, 1.1984816000040155, 1.1877143000019714, 1.1767491999926278, 1.117189500000677, 1.1684231999970507, 1.1915987999964273, 1.1566484000068158, 1.1611331000021892, 1.1969594999973197, 1.1905996999994386, 1.1691356999945128, 1.1716557000036119, 1.1775249000056647, 1.157140299997991, 1.1666169000091031, 1.2145980000059353, 1.1770251999987522, 1.1863255000062054, 1.170738300002995, 1.1929735000012442, 1.174364600010449, 1.2010934999998426, 1.2411608999973396, 1.2037224000087008, 1.2241318000014871, 1.2142856999998912, 1.1741619999957038, 1.187420899994322, 1.222708999994211, 1.2280597999924794, 1.2114699000085238, 1.2137426999979652, 1.1732999000087148, 1.123517299987725, 1.1752795999927912, 1.154795299997204, 1.1983046999957878, 1.2209880000009434, 1.1882736999978079, 1.207825400008005, 1.1875418999989051, 1.1524650000064867, 1.1724345000111498, 1.177387899995665, 1.1759011999965878, 1.1776156999985687, 1.2003211999981431, 1.1687234999990324, 1.1849490000022342, 1.160898799993447, 1.1735735999973258, 1.2012427000008756, 1.1803498000081163, 1.1550532999972347, 1.180907699992531, 1.1711890000005951, 1.1581595000025118, 1.1625503999966895, 1.2168377000052715, 1.2498814999999013, 1.2868434999982128, 1.1825995999970473, 1.2343491000065114, 1.2035959999921033, 1.1804915999964578, 1.1711686000053305], "benchmark": [1.1638075999944704, 1.2090726000024006, 1.161559500003932, 1.1653733999992255, 1.1932931000046665, 1.1764704999950482, 1.1743514999980107, 1.150196300004609, 1.1806200999999419, 1.197589400006109, 1.1520573000016157, 1.1653135999949882, 1.1574090000067372, 1.0569148999929894, 1.156284400000004, 1.1682578999898396, 1.209880599999451, 1.163914400007343, 1.192651699995622, 1.1627642999956151, 1.1687322999932803, 1.169588599994313, 1.2059153000009246, 1.171907399999327, 1.160784399995464, 1.1632529000053182, 1.1606175000051735, 1.1608200000046054, 1.177458000005572, 1.1755440999986604, 1.1662590999912936, 1.2044497999886516, 1.1900638999941293, 1.1697469000064302, 1.178802500013262, 1.2158773000119254, 1.1507201999920653, 1.162009499996202, 1.174943500009249, 1.1682799999980489, 1.1324350999930175, 1.1429743000044255, 1.1653370999993058, 1.176012299998547, 1.1696486000000732, 1.1887890999933006, 1.2090507000102662, 1.1657382999983383, 1.1567119999963325, 1.1868258999893442, 1.1575764000008348, 1.2050469999958295, 1.1426197999971919, 1.2009449000033783, 1.1729292000090936, 1.1883458999946015, 1.2351516999915475, 1.1962921999947866, 1.1626988999923924, 1.1722316999948816, 1.182388400004129, 1.1900889999960782, 1.1713324999873294, 1.1936051999946358, 1.2081127999990713, 1.2023238999972818, 1.1631578000087757, 1.2332829999941168, 1.196510900001158, 1.1614143999904627, 1.1703357999940636, 1.1827584999991814, 1.1673340999986976, 1.1693345999956364, 1.1915469999948982, 1.1616260000009788, 1.1717510000016773, 1.1738375999993877, 1.1511498000036227, 1.183495999997831, 1.1887627999967663, 1.1937277000106405, 1.1262692999880528, 1.1689888999972027, 1.192325299998629, 1.2053201000089757, 1.182824299990898, 1.175274499997613, 1.1861055000044871, 1.187636200003908, 1.1572141000069678, 1.1554560999938985, 1.2135908999916865, 1.2221117000008235, 1.1812914999900386, 1.1808021000033477, 1.176854999997886, 1.1884512999968138, 1.2319829000043683, 1.2469382999988738]}}