{"nuitka": {"warmup": [1.2464030999981333, 1.2314727000048151, 1.2269513000064762, 1.2252845999901183, 1.241983200001414, 1.2300566000049002, 1.2285231999994721, 1.2316120000032242, 1.2238843999948585, 1.2381166000122903, 1.245401000007405, 1.2318554000084987, 1.2421394999983022, 1.2451613000012003, 1.2371848999900976, 1.2266150000068592, 1.2513901999918744, 1.2464433999994071, 1.2252770999912173, 1.236564000006183, 1.2300096999970265, 1.2368515999987721, 1.2233125000057044, 1.2339458000060404, 1.2262993000040296, 1.2367921999975806, 1.2293453000020236, 1.2371794000064256, 1.230594699998619, 1.237816799999564, 1.2275334999867482, 1.2352367999992566, 1.231429899999057, 1.2277323000016622, 1.2369898999895668, 1.2481543999892892, 1.239108399997349, 1.2319078000000445, 1.2250944999977946, 1.2295547999965493, 1.2249718999955803, 1.2329300999990664, 1.2820055999909528, 1.2344110999983968, 1.227359600001364, 1.2434904999972787, 1.233143999997992, 1.2375067999964813, 1.2548231999971904, 1.2231028999958653, 1.2390782000002218, 1.2243739999976242, 1.246468499986804, 1.2279952999961097, 1.2186565000010887, 1.2394156999944244, 1.2305750999948941, 1.2391942999965977, 1.2454522000043653, 1.2494724999996834, 1.2266366000112612, 1.236244200001238, 1.2282364999991842, 1.2292309000040404, 1.2405785000009928, 1.2245743999956176, 1.2418309000058798, 1.2337683999940054, 1.2298650000011548, 1.2467835999996169, 1.235394700008328, 1.232522099991911, 1.226278000001912, 1.231781000009505, 1.2361006999999518, 1.2339344000065466, 1.2334755999909248, 1.2501288000057684, 1.225839899998391, 1.2707446999993408, 1.2315323000075296, 1.2393240999954287, 1.2286112000001594, 1.2321475000062492, 1.2431766000081552, 1.2238900000083959, 1.2276459999993676, 1.235645900000236, 1.2221752000041306, 1.2489294000115478, 1.2343811000027927, 1.2318450000020675, 1.2377252000005683, 1.2550598999951035, 1.2559371000097599, 1.2277212999906624, 1.2405283999978565, 1.2318063000129769, 1.2295838999998523, 1.224039199994877], "benchmark": [1.2426475999964168, 1.2454145999945467, 1.2255947999947239, 1.233930300004431, 1.2371772999904351, 1.2317978000064613, 1.2408501999889268, 1.2440083000110462, 1.2315815000038128, 1.237904499997967, 1.2407445999997435, 1.233869000003324, 1.248816599996644, 1.2227357999945525, 1.2305400000041118, 1.2194307000027038, 1.2304514999996172, 1.2319104000052903, 1.2366072000004351, 1.2317395999998553, 1.2265919000055874, 1.222092399999383, 1.2446000000054482, 1.2343033999932231, 1.226562299998477, 1.2370244000048842, 1.225130699996953, 1.2301804999879096, 1.2329427000076976, 1.2456038000091212, 1.221715599996969, 1.2350321999983862, 1.248500099987723, 1.2471081999974558, 1.2558573999995133, 1.2419865999981994, 1.2262026999960653, 1.2393561999924714, 1.2299224000016693, 1.2339415999886114, 1.2227760000096168, 1.2279131999966921, 1.2305845999944722, 1.2361608000064734, 1.2262151000031736, 1.2298659000080079, 1.2356717999937246, 1.2390690999891376, 1.2398147000058088, 1.231858099999954, 1.2269785999960732, 1.2201916000049096, 1.2371358000091277, 1.2266403999965405, 1.2357801999896765, 1.2349638000014238, 1.2268050999991829, 1.2386680000054184, 1.231690600005095, 1.2266072999918833, 1.236931999999797, 1.2367487000010442, 1.2404821000091033, 1.2234848000080092, 1.2283824000041932, 1.234986099996604, 1.245678000006592, 1.2321595999965211, 1.2236512999952538, 1.235622299995157, 1.2403014000010444, 1.228253900000709, 1.23464850000164, 1.2279761000099825, 1.2383663000073284, 1.2295310000044992, 1.2290840000059688, 1.2338086000090698, 1.223377000002074, 1.2274859000026481, 1.2346330000000307, 1.237136499999906, 1.2196278999908827, 1.2339035000040894, 1.2302709000068717, 1.224125799999456, 1.2370918999949936, 1.2239087000052677, 1.2344427000061842, 1.2334932000085246, 1.23406599998998, 1.2207041000074241, 1.2344299999967916, 1.2278700999886496, 1.2241663000022527, 1.2278134000080172, 1.235948700006702, 1.2277472999994643, 1.228219899989199, 1.2379083999985596]}, "cpython": {"warmup": [1.4849270999984583, 1.4506607000075746, 1.4642174000036903, 1.456809900002554, 1.4586077999992995, 1.4536681000026874, 1.4502300000021933, 1.4646796000015456, 1.4531657000043197, 1.4651401999872178, 1.4607370000012452, 1.4564700999908382, 1.4656709999981103, 1.4632901000004495, 1.4663924000051338, 1.463591899999301, 1.4597872000013012, 1.4572293999954127, 1.4595317000057548, 1.4613246000080835, 1.45129719999386, 1.466374800002086, 1.4728012999985367, 1.4600117999943905, 1.4645173000026261, 1.4564338000054704, 1.4503531000082148, 1.4810584000078961, 1.462977699993644, 1.4641422999993665, 1.4580201000062516, 1.477083899997524, 1.4747945000126492, 1.4579320000048028, 1.474803699995391, 1.4788344999979017, 1.4637529000028735, 1.4713690000062343, 1.4656209999957355, 1.4719607000006363, 1.4711927000025753, 1.4652773999987403, 1.4643387000105577, 1.4674385999969672, 1.4676869999966584, 1.483412400004454, 1.5121039999939967, 1.4720048000017414, 1.4604114000103436, 1.4774488000111887, 1.4677952000056393, 1.459552000000258, 1.461406700007501, 1.4814021000056528, 1.4641987000068184, 1.4731167999998434, 1.4645233000046574, 1.4644131999957608, 1.4659988000057638, 1.4654748999892035, 1.4605846000049496, 1.4609481999941636, 1.4783582999953069, 1.4663149999978486, 1.4629964999912772, 1.469205500005046, 1.4576238000008743, 1.466986100000213, 1.4539628999918932, 1.4611952999985078, 1.4655778000014834, 1.461558499999228, 1.4744330999965314, 1.4646588000032352, 1.4585015999909956, 1.4727444000018295, 1.4803348999994341, 1.4644745999976294, 1.4672732000035467, 1.468713000009302, 1.451206400000956, 1.4670278999983566, 1.4598425000003772, 1.465170700001181, 1.4554407999967225, 1.455005900003016, 1.4591757000016514, 1.466935199990985, 1.483006900001783, 1.4535961000074167, 1.4596059000032255, 1.4547525999951176, 1.4658952000027057, 1.4665743999939878, 1.464240500004962, 1.4606992000044556, 1.4569180000107735, 1.461443500011228, 1.4541534000018146, 1.471838999990723], "benchmark": [1.4537217000033706, 1.4675871999934316, 1.4624506999971345, 1.4738817000034032, 1.4638889999914682, 1.4676313999952981, 1.4777919000043767, 1.5121765999938361, 1.4700591000000713, 1.4630330999934813, 1.4574285999988206, 1.4661168999882648, 1.4552015000081155, 1.4717900000105146, 1.4670460000052117, 1.4631890000018757, 1.4761770999903092, 1.4577195000019856, 1.4614431000081822, 1.4590028999955393, 1.457928500007256, 1.4544654999917839, 1.4858898000093177, 1.4614121000049636, 1.4547903999919072, 1.4699114999966696, 1.4619622000027448, 1.4804654000035953, 1.4702225000073668, 1.466735800000606, 1.4592320999945514, 1.4640799000044353, 1.4644397999945795, 1.4605996999889612, 1.451491800005897, 1.4539339000039035, 1.4589421000127913, 1.4749969999975292, 1.452044499994372, 1.4663037999998778, 1.4645705000002636, 1.4737621000094805, 1.4545741000038106, 1.4706899000011617, 1.4637688999937382, 1.4537573999987217, 1.463065200005076, 1.4977098999952432, 1.464572800003225, 1.4920626999955857, 1.457458899996709, 1.463588600003277, 1.4738539999962086, 1.464412600005744, 1.455139000012423, 1.452162399989902, 1.458990700004506, 1.4515809000004083, 1.460736499997438, 1.4562117000023136, 1.4551862999942387, 1.4420077999966452, 1.4488741000095615, 1.4488750999880722, 1.4557436000031885, 1.459286700002849, 1.4605853999964893, 1.4483805000054417, 1.4506517999980133, 1.4604145999910543, 1.4484865000122227, 1.4501079999899957, 1.4569631000049412, 1.4483376999996835, 1.4538500000053318, 1.4673237000097288, 1.4540360999963013, 1.4479551999975229, 1.4839858000050299, 1.4696612999978242, 1.4688961999927415, 1.4504149999993388, 1.452625399993849, 1.4567124000022886, 1.4518056999950204, 1.4558400000096299, 1.4496228999923915, 1.4520004999940284, 1.451742799996282, 1.445479100002558, 1.4518126000039047, 1.4507869999943068, 1.4811383000051137, 1.4510983000072883, 1.4592849999899045, 1.450566900006379, 1.4509104999888223, 1.4669909999938682, 1.4549112000095192, 1.4555549000069732]}}