{"nuitka": {"warmup": [0.9590272999921581, 0.9318525999988196, 0.9416505999979563, 1.666939500006265, 0.9310067000042181, 0.9364683000021614, 0.9379123999970034, 0.9419116999924881, 0.9315804000070784, 0.9337669999949867, 0.9331179000000702, 0.9278367999941111, 0.937831000002916, 0.9306499000085751, 0.9484262999903876, 0.9581258999969577, 0.9321338000008836, 0.9316496000101324, 0.9351767000043765, 0.933713299993542, 0.939404699995066, 0.9579514999932144, 0.9388578999933088, 0.9440656999940984, 0.9414408000011463, 0.9372481000027619, 0.9397492999996757, 0.9412387000047602, 0.9492955000023358, 0.9325104999879841, 0.9399361000105273, 0.929890899991733, 0.9489503999939188, 0.9445515999977943, 0.9354320999991614, 0.9292824000003748, 0.9366810000065016, 0.9377819000073941, 0.9338822999998229, 0.9399130000092555, 0.9327873999864096, 0.935382000010577, 0.9382155999919632, 0.9350223999936134, 0.9374104000016814, 0.9450702000031015, 0.944322800001828, 0.9407821000058902, 0.9490512000047602, 0.9319675999868196, 0.9378720999957295, 0.9362397999939276, 0.9349483999976655, 0.9359814999916125, 0.9330622999987099, 0.9401692999963416, 0.9435078999958932, 0.9358203999872785, 0.9313919999985956, 0.9315423999942141, 0.9318046999978833, 0.9399322999961441, 0.931141100008972, 0.9350622000056319, 0.9298999000020558, 0.9332170000125188, 0.9384892999951262, 0.932343899999978, 0.9348996999906376, 0.9527553999942029, 0.9331535999954212, 0.9322068000037689, 0.9720350999996299, 0.9344191000127466, 0.9318286999914562, 0.9455021000030683, 0.9381923000037204, 0.9457124000036856, 0.930310499999905, 0.9409365000028629, 0.9313382999971509, 0.9399615000002086, 0.9335906000051182, 0.9343166000035126, 0.9366063000052236, 0.9416982999973698, 0.9450837000040337, 0.9354087999963667, 0.9318007999972906, 0.937744399998337, 0.9395158000115771, 0.9378714000049513, 0.9352644000027794, 0.9305850000091596, 0.9403955999878235, 0.9342092000006232, 0.9406912999984343, 0.9325550000066869, 0.9337337000033585, 0.9378779999969993], "benchmark": [0.952859900004114, 0.9343265000061365, 0.9313689999980852, 0.9428382000041893, 0.9330905999959214, 0.9367054000031203, 0.9312180999986595, 0.9296827000071062, 0.9449484999931883, 0.9337203000031877, 0.9297356000024593, 0.9355290999956196, 0.9316517999977805, 0.9402986000059173, 0.9314580999925965, 0.935153900005389, 0.9300297000008868, 0.9347200000047451, 0.9364512999891303, 0.9308623999968404, 0.9462285000045085, 0.9369914999988396, 0.9332913999969605, 0.9522852000081912, 0.9306455999903847, 0.9341989000095055, 0.9363097999885213, 0.9480292000080226, 0.9471570000023348, 0.9320386000035796, 0.9381487000064226, 0.9351785999897402, 0.9478764999948908, 0.9320979999902193, 0.9401561999984551, 0.9342131000012159, 0.9480750000075204, 0.9375156000023708, 0.9405037000105949, 0.9368327999982284, 0.9314722999988589, 0.9330546999990474, 0.9356892999931006, 0.9290613000048324, 0.9494187999953283, 0.9332920000015292, 0.928817899999558, 0.9430393000075128, 0.9341053000098327, 0.9411220999900252, 0.9313008000026457, 0.9396043000015197, 0.9407542999979341, 0.9367989000020316, 0.9330422999919392, 0.9338618000037968, 0.9361482999956934, 0.9376465000095777, 0.9357106999959797, 0.936656200006837, 0.937140999987605, 0.9429103000002215, 0.9311607999989064, 0.9286907999921823, 0.9377577999985078, 0.9342191000032471, 0.9315051000012318, 0.9477278999984264, 0.9400732000067364, 0.939608100001351, 0.9360617999918759, 0.942914599989308, 0.9317334999941522, 0.937143000002834, 0.9354189000005135, 0.9305215000058524, 0.9369647999992594, 0.9298746999993455, 0.9358894000033615, 0.9409442999894964, 0.9437624999991385, 0.9310359999944922, 0.9352407000114908, 0.9391342999879271, 0.9264121999876807, 0.9350260000064736, 0.940100199994049, 0.9469433000049321, 0.9380289999971865, 0.9366879000008339, 0.9368366999988211, 0.934727700005169, 0.9311563999945065, 0.9356976999988547, 0.9355102999979863, 0.9326934000127949, 0.933167199997115, 0.9334415000048466, 0.9334079999971436, 0.9303052000032039]}, "cpython": {"warmup": [1.0251011999935145, 1.0214386000006925, 1.025856099993689, 1.0236366000026464, 1.0369471000012709, 1.023124800005462, 1.0266838999959873, 1.0209663999994518, 1.0220201999909477, 1.0225991000042995, 1.0259650999942096, 1.0395778999954928, 1.027214500005357, 1.0211761999962619, 1.0298390000098152, 1.0236454999976559, 1.0828443000063999, 1.0216834000020754, 1.0254070999944815, 1.0301864000066416, 1.024796099998639, 1.0294583000068087, 1.017481399991084, 1.024768800009042, 1.0255657999950927, 1.021138099997188, 1.0262374000012642, 1.0186260000045877, 1.0246549000003142, 1.022140400003991, 1.025154200004181, 1.0204916999937268, 1.0189592999959132, 1.0210070999892196, 1.0676534999947762, 1.0226218000025256, 1.0204920999967726, 1.0257443000009516, 1.023488399994676, 1.0181154000019887, 1.0269688999978825, 1.0222718000004534, 1.0176740000024438, 1.0166518999903928, 1.0255686000018613, 1.020657899993239, 1.0309315000049537, 1.033619900001213, 1.0296366000111448, 1.0200961000082316, 1.0285734999924898, 1.0191323000035482, 1.0643098000000464, 1.0251737000071444, 1.0237052999873413, 1.0226440000114962, 1.020417700012331, 1.0193999000039184, 1.041233199997805, 1.0281505000020843, 1.0235830000019632, 1.0188870999991195, 1.0199419999989914, 1.0280382999917492, 1.0182878999912646, 1.1247042000031797, 1.0237429999979213, 1.0275614999991376, 1.0169853999977931, 1.0350945000100182, 1.0246825000067474, 1.0261444000061601, 1.0192941999994218, 1.0217476000107126, 1.0377186000114307, 1.1207098999875598, 1.0225751000107266, 1.0327831000031438, 1.0191644000005908, 1.0404736000054982, 1.03319349999947, 1.0242792000062764, 1.019444300007308, 1.02327969999169, 1.0187912999972468, 1.0191077000054065, 1.0280677000118885, 1.0252171999891289, 1.0281214999995427, 1.0202795999939553, 1.0215205999993486, 1.021379400001024, 1.0740645000041695, 1.0197382000042126, 1.0168967000063276, 1.028422600007616, 1.031761699996423, 1.0190791000059107, 1.0188830999977654, 1.0288236999913352],