{"nuitka": {"warmup": [1.2126103000045987, 1.1790293000085512, 1.186530799997854, 1.1711757000011858, 1.1876782000035746, 1.1848233999917284, 1.1858743999910075, 1.1900692000053823, 1.182354899996426, 1.1782517999963602, 1.180177200003527, 1.205246099998476, 1.1778482000081567, 1.190747000000556, 1.185562900005607, 1.1909982999932254, 1.2143892999883974, 1.1832789000036428, 1.1817233999900054, 1.1808600000076694, 1.1877266000083182, 1.1897484000073746, 1.1751149000047008, 1.1909254000056535, 1.1861367999954382, 1.1886471999896457, 1.1858149000036065, 1.185596399998758, 1.1865782999957446, 1.1870410000119591, 1.184979600002407, 1.2010249000013573, 1.1845098000048893, 1.1857829999935348, 1.1950144000002183, 1.1842703000002075, 1.185837500001071, 1.1799814000114566, 1.189487099996768, 1.1779547999904025, 1.1804420999978902, 1.1946357999986503, 1.191925799997989, 1.1754616999969585, 1.184282100002747, 1.186909399999422, 1.1981822999950964, 1.188502700009849, 1.1839558000065153, 1.1937881000048947, 1.1823252000031061, 1.1920163999893703, 1.1910135000071023, 1.184882600005949, 1.1841777999943588, 1.1858715999987908, 1.1785970000055386, 1.184710500005167, 1.1839459000038914, 1.1884966000070563, 1.1845208999875467, 1.2066364999918733, 1.1879253000079188, 1.1884523000044283, 1.1867483999958495, 1.1776581000012811, 1.1856017999962205, 1.1754879000072833, 1.1841500000009546, 1.1899987000069814, 1.1790544000105, 1.1800886999990325, 1.1887338999949861, 1.1944189999921946, 1.1820537000021432, 1.1906084999936866, 1.1891963999951258, 1.1920933999936096, 1.1826049999945099, 1.1822298000042792, 1.183747700008098, 1.169918300001882, 1.189005599997472, 1.1963914999942062, 1.1775366999936523, 1.1849623000016436, 1.2126212000002852, 1.1876991000026464, 1.1795486000046367, 1.1866035999992164, 1.1818492999882437, 1.1909469999955036, 1.1927725999994436, 1.1931208000023616, 1.1758233000000473, 1.1823836999974446, 1.1781253999943146, 1.1917649999959394, 1.1800297000008868, 1.1780568000103813], "benchmark": [1.1824972000031266, 1.181230999995023, 1.1766833000001498, 1.1755742999957874, 1.1865473000070779, 1.184222600000794, 1.176363799997489, 1.191376599992509, 1.1867939000076149, 1.1842200999963097, 1.1950969000026817, 1.1813867000018945, 1.1904753999988316, 1.191998299997067, 1.1882340000011027, 1.1845392999966862, 1.187871100002667, 1.1916576999938115, 1.1999886000121478, 1.1901410999998916, 1.1777054999984102, 1.1852670999942347, 1.1870668000046862, 1.1891086999967229, 1.1804403999994975, 1.1816577999998117, 1.1867824000073597, 1.1833917999902042, 1.1923338000051444, 1.1883044999995036, 1.1807101000013063, 1.1978230999957304, 1.1937469999975292, 1.2265938999917125, 1.1768769999907818, 1.186069100003806, 1.1855477999924915, 1.1820751999912318, 1.1852613000082783, 1.190450599999167, 1.175063400005456, 1.1767458999966038, 1.1873765000054846, 1.1782808000134537, 1.1807211999985157, 1.1894797999993898, 1.1840617000125349, 1.1782523000001675, 1.1796487999963574, 1.1781926000112435, 1.1815138000092702, 1.1867102999967756, 1.1958869999944, 1.1867278999998234, 1.1877729999978328, 1.188403099993593, 1.1925897999899462, 1.1919439999910537, 1.189354000001913, 1.18437420000555, 1.1834944999864092, 1.1834517999959644, 1.1829511999967508, 1.1774813999945763, 1.1841148000094108, 1.1809999000106473, 1.1953546999866376, 1.1782246999937342, 1.1992060999909882, 1.1782607000059215, 1.1837248999945587, 1.1944174999953248, 1.1822227999946335, 1.1874663999915356, 1.183342200005427, 1.1977857000019867, 1.1825241999904392, 1.1853072000085376, 1.183594100002665, 1.1862944000022253, 1.1865179000014905, 1.1820103999925777, 1.189652200002456, 1.180773699990823, 1.1826280999957817, 1.1755224999942584, 1.1834240000025602, 1.1823810999921989, 1.1804120000015246, 1.1841759999952046, 1.1888819000014337, 1.181085099990014, 1.1842714000085834, 1.1883537999965483, 1.187764899994363, 1.1798393000062788, 1.1882995000050869, 1.1795154999999795, 1.194370199998957, 1.1796004999923753]}, "cpython": {"warmup": [1.3541786999994656, 1.354858000006061, 1.3652809999912279, 1.3532319999940228, 1.3522767000104068, 1.3599323999951594, 1.3453226999990875, 1.3567588000005344, 1.3444764000014402, 1.3492852000053972, 1.3535179999889806, 1.350855099997716, 1.3510464999999385, 1.3537063999974634, 1.3600786000024527, 1.378215899996576, 1.342646800010698, 1.355515999995987, 1.3685661999916192, 1.3500139999960084, 1.3523132000118494, 1.354671099994448, 1.3532544000045164, 1.3497318000008818, 1.3541284000093583, 1.3748058999917703, 1.3533591000013985, 1.3568191999947885, 1.3563099000020884, 1.3433611999935238, 1.3561236999958055, 1.3540216999972472, 1.3488185000023805, 1.3504324999958044, 1.349042500005453, 1.3549668000050588, 1.347140700003365, 1.3613546999986283, 1.3576109999994515, 1.3590096000116318, 1.3551372999936575, 1.351687899994431, 1.355883399999584, 1.347654800003511, 1.3475409999955446, 1.3451886999973794, 1.3589280000014696, 1.3540925000124844, 1.3467098999972222, 1.361785700006294, 1.3559565999894403, 1.3647322000033455, 1.3459147999965353, 1.3438057999883313, 1.3434470999927726, 1.3465190999995684, 1.3492542000021785, 1.3451184000005014, 1.3462147999962326, 1.35159510000085, 1.361566400009906, 1.3493909999961033, 1.354560899999342, 1.345727399995667, 1.3494724000047427, 1.3587027000030503, 1.35982939999667, 1.3488794000004418, 1.3453348000039114, 1.3535835999937262, 1.3780120000010356, 1.3582482000056189, 1.3513297000026796, 1.354559799990966, 1.352385799997137, 1.358996599999955, 1.342397999993409, 1.3628087000106461, 1.3517802999995183, 1.3474430000060238, 1.3659744999895338, 1.3449089000059757, 1.344764599998598, 1.3465848000050755, 1.3655927000072552, 1.3504237000015564, 1.382088999991538, 1.348193400001037, 1.357673499995144, 1.350777100000414, 1.3469426999945426, 1.3551155000022845, 1.345086999994237, 1.3497661000001244, 1.3649764000001596, 1.348296099997242, 1.366296499996679, 1.3625346000044374, 1.349455699993996, 1.3721132000064244], "benchmark": [1.354091300003347, 1.347825799995917, 1.3468436999974074, 1.3492238999897381, 1.3658778999961214, 1.36159129999578, 1.3561744000035105, 1.3581168999953661, 1.3477238999912515, 1.3559164000034798, 1.3476303999923402, 1.348473100006231, 1.3509635000082199, 1.3613840000034543, 1.3478181999962544, 1.3622321000002557, 1.3555427999963285, 1.348471499994048, 1.3552598999958718, 1.3795750999997836, 1.3467878999945242, 1.351402300002519, 1.3588640000089072, 1.3476292999985162, 1.345385399996303, 1.3703478000097675, 1.3459221999946749, 1.3545256000070367, 1.3573563999962062, 1.3507612000103109, 1.35307689999172, 1.3516323000076227, 1.360637299992959, 1.3581113999971421, 1.348749199998565, 1.349007700002403, 1.3575873999943724, 1.3427037000074051, 1.3543255999975372, 1.3552707000053488, 1.3456246999994619, 1.3507915000081994, 1.3448449999996228, 1.346847599998, 1.349810300001991, 1.370413099997677, 1.3615742999973008, 1.3545034999988275, 1.3465415999962715, 1.3478266000020085, 1.350651899992954, 1.358557200001087, 1.355807800006005, 1.342029999999795, 1.343792100000428, 1.3456187999981921, 1.3583600999991177, 1.3474567999946885, 1.3483798999950523, 1.351242300006561, 1.349300999994739, 1.3494320000027074, 1.351128599999356, 1.346687800003565, 1.351058300002478, 1.349602499991306, 1.356727900012629, 1.3447530000121333, 1.3411194999935105, 1.3551703999983147, 1.3708982999960426, 1.346324400001322, 1.3534407999977702, 1.3549892000010004, 1.3494041000085417, 1.3648079999984475, 1.355145099994843, 1.3502391000074567, 1.3477221999928588, 1.3428027000045404, 1.3689266000001226, 1.351249800005462, 1.3550830999884056, 1.3507909000036307, 1.3546973999909824, 1.3557170999993104, 1.3471204999950714, 1.3493682999978773, 1.3540305999922566, 1.3453609999996843, 1.3526963000040269, 1.348941799995373, 1.3530916000017896, 1.349092999997083, 1.347148400003789, 1.3486268000124255, 1.3452103000017814, 1.3515725000033854, 1.3450000999873737, 1.3545627999992575]}}