{"nuitka": {"warmup": [0.7347941000189167, 0.7119745999807492, 0.7121299999998882, 0.717187100002775, 0.7147267000109423, 0.7176485999953002, 0.7143042999960016, 0.71746409998741, 0.7121152000036091, 0.7148321999993641, 0.7135876000102144, 0.7132939000148326, 0.7131674000120256, 0.7130544999963604, 0.7154083999921568, 0.7105823000019882, 0.7139694000070449, 0.7166815999953542, 0.7147573000111151, 0.7143346999946516, 0.7102619000070263, 0.7119764999952167, 0.7135311999882106, 0.716057899990119, 0.7109725000045728, 0.7101574999978766, 0.7115957000060007, 0.712505700008478, 0.7137658999999985, 0.714423600002192, 0.7137009999714792, 0.7160221000085585, 0.7147887999890372, 0.7140187000040896, 0.7137381999928039, 0.7130995999905281, 0.7149874000169802, 0.7113773000019137, 0.7224544000055175, 0.7128309999825433, 0.7121484000235796, 0.7195192000071984, 0.7146103999984916, 0.7108248000149615, 0.7131406999833416, 0.7171589999925345, 0.7149611999921035, 0.7134258000005502, 0.7131882999965455, 0.7117933999979869, 0.7150622000044677, 0.7144110999943223, 0.7120008000056259, 0.716061199986143, 0.7142523999791592, 0.7161749999795575, 0.7176056000171229, 0.7139119999774266, 0.7094362000061665, 0.7121482999937143, 0.7124141000094824, 0.7166381000133697, 0.7154456999851391, 0.7124184000131208, 0.7150079999992158, 0.7142522999783978, 0.7133475999871735, 0.7121586000139359, 0.717218400008278, 0.712806499999715, 0.7119208000076469, 0.7144945999898482, 0.7119862000108697, 0.7145857000141405, 0.7164590999891516, 0.7152136999939103, 0.7131932000047527, 0.7141160999890417, 0.7173317999986466, 0.7149776000005659, 0.7200508000096306, 0.7135278999921866, 0.7161918999918271, 0.7130521000071894, 0.7182650000031572, 0.7111047999933362, 0.7167666999739595, 0.7173953999881633, 0.7114550999831408, 0.7102967000100762, 0.7144741000083741, 0.7125231999962125, 0.7115875000017695, 0.7118094000034034, 0.711860000010347, 0.7142476000008173, 0.717614399996819, 0.7164856999879703, 0.7121259999985341, 0.7156233999994583], "benchmark": [0.7140442999952938, 0.7116018999950029, 0.7102395999827422, 0.7121724000026006, 0.7142439000017475, 0.7118813999986742, 0.7196347999852151, 0.7139309000049252, 0.7118241999996826, 0.7136299000121653, 0.7142487000091933, 0.7157086000079289, 0.7136295999807771, 0.714986900013173, 0.7124456999881659, 0.7148827999772038, 0.7118817999726161, 0.7165147999767214, 0.717297299997881, 0.7157023000181653, 0.7137581999995746, 0.7113803999964148, 0.711488399974769, 0.7166115999862086, 0.714734800014412, 0.711980299995048, 0.7131254999840166, 0.7103459000063594, 0.7174015000055078, 0.7135784999991301, 0.710935300012352, 0.7140696000133175, 0.711214300012216, 0.7129453000088688, 0.7139795999974012, 0.718067699985113, 0.7109637999965344, 0.7134696000139229, 0.710748399986187, 0.711005400022259, 0.710806799994316, 0.7170662999851629, 0.7159107999759726, 0.711885099997744, 0.7168801999941934, 0.7140291999967303, 0.7130596000060905, 0.7137577000248712, 0.7184494000102859, 0.7102584000094794, 0.7171231000102125, 0.7116859999950975, 0.7121584999840707, 0.7134136999957263, 0.7118071999866515, 0.7128233000112232, 0.714252600009786, 0.7133676999947056, 0.7129889999923762, 0.7140628999914043, 0.710254099976737, 0.7135552999970969, 0.7118942999804858, 0.7153423000127077, 0.7127328999922611, 0.7156916000240017, 0.7139016999863088, 0.7147343000106048, 0.7128802000079304, 0.7137131000054069, 0.7111357999965549, 0.7148612999881152, 0.7125434999761637, 0.714150999992853, 0.711382900015451, 0.7111679000081494, 0.7149398000037763, 0.714647499989951, 0.7122149000060745, 0.7129897999984678, 0.7156580000009853, 0.7128080000111368, 0.7126347000012174, 0.7103119000094011, 0.7138715999899432, 0.7143285000056494, 0.714944800012745, 0.7116397999925539, 0.716674299997976, 0.712479700014228, 0.7155843999935314, 0.7110949000052642, 0.7121224000002258, 0.7138981999887619, 0.7183818999910727, 0.712696100003086, 0.7125067999877501, 0.7130451000120956, 0.7110942999715917, 0.7125806999974884]}, "cpython": {"warmup": [0.7738904999860097, 0.7712028999812901, 0.7675308999896515, 0.768084400013322, 0.7732617000001483, 0.7704950000043027, 0.7828813999949489, 0.7731196000240743, 0.768853699992178, 0.7800768000015523, 0.7731461999937892, 0.7726877000241075, 0.7751715999911539, 0.7716654000105336, 0.7754421000136063, 0.7727310000045691, 0.7801192000042647, 0.7677214000141248, 0.7712067000102252, 0.7724683999840636, 0.7737480999785475, 0.7728138999955263, 0.7733969000109937, 0.7682380999904126, 0.7724346999893896, 0.7746000000042841, 0.7765782999922521, 0.7686028000025544, 0.7775117000273895, 0.7802470999886282, 0.7693613999872468, 0.7743976000056136, 0.7755141999805346, 0.776454000006197, 0.7710215000261087, 0.7672868999943603, 0.7694376000144985, 0.767633699986618, 0.7758780999865849, 0.771500200004084, 0.7659866000176407, 0.7737702999729663, 0.7697776999848429, 0.7757612999994308, 0.7758849999809172, 0.7683199000020977, 0.7746493000013288, 0.7721646999998484, 0.7710974999936298, 0.7757274000032339, 0.7676466999982949, 0.774286600004416, 0.7706192000187002, 0.7734247999906074, 0.7700174000055995, 0.7672459999739658, 0.7740958000067621, 0.7674472000217065, 0.776627399987774, 0.7758970000140835, 0.7689673000131734, 0.772345100005623, 0.7706435000000056, 0.7777226000034716, 0.769630299997516, 0.769208499987144, 0.7690745000145398, 0.7708169000106864, 0.7746610000031069, 0.7705601000052411, 0.7689692999992985, 0.7720080999715719, 0.778317699994659, 0.773474299989175, 0.7706737999978941, 0.7796249999955762, 0.7730105000082403, 0.7724270000180695, 0.7700055000022985, 0.7720516000117641, 0.7734133000194561, 0.7686034000071231, 0.7725430999998935, 0.7750851000018883, 0.7718935000011697, 0.7738329000130761, 0.7761683000135235, 0.7732557999843266, 0.773943500011228, 0.7751134000136517, 0.7667225000041071, 0.7769379000237677, 0.7727716999943368, 0.7671635000151582, 0.7784388999862131, 0.7712068999826442, 0.7715693000063766, 0.7754329000017606, 0.7679342000046745, 0.7735213999985717],