{"nuitka": {"warmup": [1.237860000008368, 0.5579678999929456, 0.5586982000095304, 0.5575835000054212, 0.5546845000062604, 0.5613308000029065, 0.5514698000042699, 0.5589680999983102, 0.5516332999977749, 0.5546761000005063, 0.5544688999943901, 0.5547892000031425, 0.5511548000067705, 0.556026499994914, 0.5569343000097433, 0.5536057999997865, 0.5670326999970712, 0.5561784000019543, 0.561234599997988, 0.5554687999974703, 0.5553564000001643, 0.5529697000019951, 0.5605072000034852, 0.5575525000022026, 0.5578357999911532, 0.5499260999931721, 0.5533233000023756, 0.5510735999996541, 0.559337400001823, 0.5514056000101846, 0.5479295999975875, 0.5594274000031874, 0.5547172000078717, 0.5509182999958284, 0.549775799998315, 0.5472849999932805, 0.5568955999915488, 0.5564647999999579, 0.555433700006688, 0.5493774999922607, 0.5600488999916706, 0.553044400003273, 0.5527734999923268, 0.5588171000126749, 0.554643000010401, 0.5539946000062628, 0.554706900002202, 0.5523482999997213, 0.5498408999992535, 0.545398699992802, 0.5497458000027109, 0.5546808999934001, 0.5516369999968447, 0.5571227000036743, 0.5511087000049883, 0.5627529999910621, 0.5537358000001404, 0.5517266999959247, 0.5585255000041798, 0.5501164000015706, 0.5493444000021555, 0.5537069999991218, 0.5530351999914274, 0.5570272000040859, 0.5501300000032643, 0.5501613000087673, 0.5507636999973329, 0.5531237999966834, 0.5484283000114374, 0.5461191000067629, 0.5503306000027806, 0.551622300001327, 0.5517958000127692, 0.5486429000011412, 0.5550912999897264, 0.5543605999991996, 0.549449000012828, 0.552682100009406, 0.5530044999904931, 0.5622011999948882, 0.5537702000001445, 0.548981999992975, 0.5471812000032514, 0.551183100003982, 0.5516587999882177, 0.5561523000069428, 0.5471671999985119, 0.5489555000094697, 0.5546193000045605, 0.5573432999954093, 0.5513062999962131, 0.5535920999973314, 0.5476831999985734, 0.5534309999929974, 0.5514125999907264, 0.5486955999949714, 0.5609417999949073, 0.5523162000026787, 0.5589143999968655, 0.5537562999961665], "benchmark": [0.5516650999925332, 0.5496409999905154, 0.5494088000123156, 0.5569423999986611, 0.5617518999933964, 0.5483721999917179, 0.5538930000038818, 0.5523434000060661, 0.5535441000101855, 0.5441572999989148, 0.5486570999928517, 0.5495491999899969, 0.5544075999932829, 0.5499377999949502, 0.5548007000033977, 0.5563157000142382, 0.5513593000068795, 0.5480899999965914, 0.5516057000058936, 0.561446599996998, 0.5496797000087099, 0.5483868000010261, 0.5462957999989158, 0.5620938999927603, 0.5518939000030514, 0.549812600002042, 0.5578272999991896, 0.5588663000089582, 0.5587489000026835, 0.5479586000001291, 0.5509598000062397, 0.5446143000008306, 0.5525515000044834, 0.546191400004318, 0.550700699997833, 0.546897699998226, 0.560601899996982, 0.5586488000117242, 0.549001399995177, 0.5517145999911008, 0.5491383000044152, 0.5551105000049574, 0.5555993000016315, 0.5520833000045968, 0.5544493000052171, 0.5538119999982882, 0.5525019999913638, 0.5659383000020171, 0.5567649000004167, 0.5530044999904931, 0.5633333000005223, 0.5515708000020823, 0.5582195000024512, 0.5569482999999309, 0.5545401999988826, 0.5548675000027288, 0.5512420000013663, 0.5543468000105349, 0.5546036000014283, 0.5592187000002014, 0.5558760999992955, 0.5500918000034289, 0.5552481000049738, 0.5518632000021171, 0.5498783999937586, 0.5425994000106584, 0.5475738000095589, 0.538269799988484, 0.5428320000064559, 0.5425724999950035, 0.5463971999997739, 0.5413496999972267, 0.5436098000063794, 0.5442140999948606, 0.5442291000072146, 0.5420624999969732, 0.54106459999457, 0.5658704999950714, 0.5391167000052519, 0.5417864999908488, 0.5439745000039693, 0.5419834000058472, 0.5451709000044502, 0.5461921999958577, 0.543039600001066, 0.5473000000056345, 0.5429596999892965, 0.5391311000130372, 0.5456547999929171, 0.5407662999932654, 0.5395435000100406, 0.5463733999931719, 0.5443129000050249, 0.5464766000077361, 0.5416586999926949, 0.5447308000002522, 0.5405369000072824, 0.5430183999997098, 0.5413313000026392, 0.540696800002479]}, "cpython": {"warmup": [0.5967705999937607, 0.5961752000002889, 0.5998344999970868, 0.591694099988672, 0.5893405999959214, 0.5838302000047406, 0.5966224000003422, 0.5883183000114514, 0.6013976999965962, 0.5938683999993373, 0.5927326999953948, 0.5905447999975877, 0.5932511999999406, 0.590016200003447, 0.5953651000017999, 0.5909004999994067, 0.5972081999934744, 0.5915642000036314, 0.5977112000109628, 0.5988234000105876, 0.5973584000021219, 0.6059056999947643, 0.5888831000047503, 0.5900804999982938, 0.5962281999964034, 0.5886711999919498, 0.5953392999945208, 0.5905326000065543, 0.5997571000043536, 0.6006666000030236, 0.5902971000032267, 0.5940304999967339, 0.593350900002406, 0.5869997999980114, 0.6072383999999147, 0.5913287000003038, 0.5963784000050509, 0.584568100006436, 0.5893466000125045, 0.5961243999918224, 0.5977904000028502, 0.5930402000085451, 0.593576800005394, 0.5972427999950014, 0.5849512999993749, 0.5967453000048408, 0.5949713000009069, 0.5925763999985065, 0.5881170000066049, 0.594140499990317, 0.6005574000009801, 0.5962902000028407, 0.593177899994771, 0.5922316000069259, 0.5899811999988742, 0.5920941000076709, 0.5960706999903778, 0.5901554000010947, 0.5936271000100533, 0.5887577999965288, 0.5892510999983642, 0.5895597000053385, 0.5844066999998176, 0.5883316999970702, 0.588333399995463, 0.5967982000001939, 0.593836400003056, 0.5906877999950666, 0.6032243999943603, 0.5916612000000896, 0.598414899999625, 0.5965911999956006, 0.5911438999901293, 0.5934878999978537, 0.5885826000012457, 0.59274199999345, 0.5897523000021465, 0.5969899000047008, 0.586439499995322, 0.5925791000045137, 0.5912899999966612, 0.5985139999975218, 0.5930321000050753, 0.5910129999974743, 0.5910361999995075, 0.594007399995462, 0.5920821000036085, 0.5936302000045544, 0.5895200999948429, 0.5944251000037184, 0.5942926999996416, 0.5924235000129556, 0.5935414999985369, 0.5882722999958787, 0.5880054000008386, 0.6016037000081269, 0.6084068000054685, 0.5911122999968939, 0.5898152999870945, 0.5946688000112772],