{"nuitka": {"warmup": [0.5736864000064088, 0.5240954000037163, 0.5244151999941096, 0.5234237999975448, 0.521393100003479, 0.5224898000014946, 0.5207092999917222, 0.5222654999961378, 0.5255133000027854, 0.527691600000253, 0.524222699998063, 0.5254640999919502, 0.521643200001563, 0.5288146000093548, 0.521987000000081, 0.5253644000040367, 0.5240712000086205, 0.521922200001427, 0.5215182999963872, 0.5190889999939827, 0.5164506000000983, 0.5282902999897487, 0.5241985000029672, 0.5246255000092788, 0.5290367999987211, 0.5226627000083681, 0.5178576999896904, 0.5196721000102116, 0.5172778000123799, 0.5238091999926837, 0.5239145000086864, 0.5237378999881912, 0.5227618999924744, 0.5204722999915248, 0.519878900013282, 0.5238533000083407, 0.5328256000066176, 0.5209733999945456, 0.520604600009392, 0.5232187999936286, 0.52276159999019, 0.5225647000042954, 0.5259026999992784, 0.5243593999912264, 0.5182925999979489, 0.5246636000083527, 0.5218556999898283, 0.518057499997667, 0.5204178999993019, 0.5215883999917423, 0.5173011000006227, 0.5217808000015793, 0.5253281999903265, 0.5227146000106586, 0.5211813000059919, 0.5195845999987796, 0.5232910999911837, 0.5214763999974821, 0.5236020000011194, 0.5214329000009457, 0.519157599992468, 0.5199873999954434, 0.5226981000014348, 0.5213207000051625, 0.5203165999992052, 0.5189841999963392, 0.5178114000009373, 0.5205196000024443, 0.5184884000045713, 0.5189288999972632, 0.5214833999925759, 0.5273758999974234, 0.5203292000078363, 0.5213157000107458, 0.5211723999964306, 0.5217149999953108, 0.5196564999932889, 0.519074299998465, 0.5194693999947049, 0.5205623999936506, 0.5236243000108516, 0.5236759000108577, 0.5290894000063417, 0.5157327999913832, 0.5194224000006216, 0.5198594000103185, 0.5209931999997934, 0.5206502999935765, 0.5210273000120651, 0.5228185999876587, 0.5200036000023829, 0.5245274999906542, 0.5205177000025287, 0.5216528000019025, 0.5239809000049718, 0.5206602999969618, 0.5265269999945303, 0.5232872999913525, 0.5225935000053141, 0.5188480999931926], "benchmark": [0.5199832999933278, 0.5224768000043696, 0.5260472999943886, 0.5245976000005612, 0.5206995999906212, 0.520043299999088, 0.524026800005231, 0.5198338000045624, 0.5241229000093881, 0.5215923000068869, 0.5189259000035236, 0.5212732999934815, 0.5212161999952514, 0.5204803999949945, 0.5172487999952864, 0.5244799999927636, 0.5233398999989731, 0.5203486999962479, 0.5153592999995453, 0.5235287999967113, 0.5217164000059711, 0.5223541000013938, 0.52123989998654, 0.5208038999990094, 0.5203532000014093, 0.5271728999941843, 0.523964199994225, 0.5249686999886762, 0.5215377999993507, 0.5267338999983622, 0.5180766999983462, 0.5198405999981333, 0.5253615999972681, 0.5183591999957571, 0.5210516999941319, 0.5196122000052128, 0.5204278000019258, 0.5197393000125885, 0.5216244000039296, 0.5307995000039227, 0.5235494000080507, 0.5178349000052549, 0.519463699994958, 0.519972099995357, 0.5181014999980107, 0.5229721000068821, 0.521130399996764, 0.5214819999964675, 0.522331000000122, 0.5240257999976166, 0.5190826999896672, 0.5235552999947686, 0.5211857999966014, 0.5385288999968907, 0.5271930000017164, 0.5217043000011472, 0.5254591000120854, 0.5189057000097819, 0.5209240999975009, 0.5185727000061888, 0.5270925999939209, 0.5329291999951238, 0.5171884000010323, 0.517651800008025, 0.5169553000014275, 0.5249250999913784, 0.5242603000078816, 0.5195985000027576, 0.5224081999913324, 0.5213960999972187, 0.5268312999978662, 0.5197961000085343, 0.5208560999890324, 0.5198490999900969, 0.5221890999964671, 0.5205638999905204, 0.5247908000019379, 0.5275926000031177, 0.5191486999974586, 0.5194954999897163, 0.5251289000007091, 0.5195591000083368, 0.5200248000037391, 0.5186536999972304, 0.5231233999948017, 0.5228910000005271, 0.5234872000000905, 0.5243625000002794, 0.5233046999928774, 0.5258555999898817, 0.5178279999963706, 0.5234867999970447, 0.5206573000032222, 0.5179352999984985, 0.5209033999999519, 0.5250641999882646, 0.5201478999952087, 0.5255522999941604, 0.5237957999925129, 0.5219650000071852]}, "cpython": {"warmup": [0.6522592000110308, 0.638408899991191, 0.6355875000008382, 0.6414451000018744, 0.6356680000026245, 0.6417848999990383, 0.6397161999921082, 0.6392326000059256, 0.6418760999949882, 0.6463404999958584, 0.6360800999973435, 0.6407271000061883, 0.6392322000028798, 0.6394669000001159, 0.6375859999970999, 0.6443109999963781, 0.6373923000064678, 0.6349686999892583, 0.6394931999966502, 0.6393633999978192, 0.6428578000050038, 0.6378454000077909, 0.6368830999999773, 0.6358838000014657, 0.6468607999995584, 0.6381908000039402, 0.6398343999899225, 0.6367352999950526, 0.6383939999941504, 0.63940499999444, 0.6420877999917138, 0.6446845000027679, 0.6378792000032263, 0.6377795000007609, 0.6428012999967905, 0.640044100000523, 0.6376886999933049, 0.6394716000068001, 0.639295699991635, 0.6394074999989243, 0.6390940999990562, 0.6405187999916961, 0.6348737999942387, 0.6405331999994814, 0.636600300000282, 0.6393714000005275, 0.6357005000027129, 0.6415542000031564, 0.6352370999957202, 0.6381576999992831, 0.6427944000024581, 0.6409423000004608, 0.6384952000080375, 0.6344542000006186, 0.6354742999974405, 0.6380030000000261, 0.6414521999977296, 0.6381280999921728, 0.6436824999982491, 0.6371326000080444, 0.6457596000109334, 0.639624699993874, 0.6405879999947501, 0.640392499990412, 0.6352375999995274, 0.639922000002116, 0.6393848000006983, 0.6386716999986675, 0.6374326000077417, 0.6384458999964409, 0.6387458999961382, 0.6354561000043759, 0.6409551999968244, 0.6373825000046054, 0.6368052000034368, 0.6384022000129335, 0.6427736000041477, 0.6392839000036474, 0.6350644000049215, 0.6385564999945927, 0.6328942999971332, 0.643167700007325, 0.6475581000122475, 0.6429719000007026, 0.6409188999969047, 0.642319899998256, 0.6389390000113053, 0.6399506000016117, 0.6388851000083378, 0.6358359000005294, 0.6415921000007074, 0.6383207999897422, 0.6445270999975037, 0.6412330999883125, 0.6418708999990486, 0.6398965999978827, 0.6361231000046246, 0.6368323000060627, 0.6380761000036728, 0.6407615999924019],