{"nuitka": {"warmup": [0.11986289999913424, 0.11907910000081756, 0.11989439999888418, 0.1206793999990623, 0.11964409999927739, 0.12024960000053397, 0.12041270000190707, 0.12277819999872008, 0.11921449999863398, 0.11967139999978826, 0.11807150000095135, 0.11836599999878672, 0.11775210000268999, 0.1184958000012557, 0.11978660000022501, 0.1194166999994195, 0.12324299999818322, 0.11838990000251215, 0.11879799999951501, 0.11966989999928046, 0.11843310000040219, 0.11975020000318182, 0.1195503999988432, 0.11864900000000489, 0.1199071000010008, 0.11882010000044829, 0.11764670000047772, 0.11854619999940041, 0.11939930000153254, 0.11913449999701697, 0.11864970000169706, 0.1190948000003118, 0.12025240000002668, 0.11870030000136467, 0.11826099999962025, 0.11855780000041705, 0.11884920000011334, 0.11849620000066352, 0.11940509999840287, 0.11795530000017607, 0.11830209999970975, 0.12043419999827165, 0.11773709999761195, 0.1190154000032635, 0.11834749999979977, 0.11895479999657255, 0.11947389999841107, 0.11893730000156211, 0.12010100000043167, 0.12107859999741777, 0.11828809999860823, 0.11832379999759723, 0.11868169999797828, 0.11816790000011679, 0.1181773999996949, 0.11869179999848711, 0.11838540000098874, 0.11807599999883678, 0.12325229999987641, 0.12116980000064359, 0.11916890000065905, 0.11847219999981462, 0.11945680000280845, 0.11826070000097388, 0.12072479999915231, 0.12018489999900339, 0.11978620000081719, 0.11813640000036685, 0.11962420000054408, 0.12049230000047828, 0.12079309999899124, 0.11932149999847752, 0.11910360000183573, 0.11880250000103842, 0.12176899999758461, 0.1189308000029996, 0.11833599999954458, 0.1184938999977021, 0.11893810000037774, 0.11897640000097454, 0.11861999999746331, 0.11872030000085942, 0.1191581999992195, 0.1244431999984954, 0.11785989999771118, 0.11992729999838048, 0.1189857999997912, 0.12143310000101337, 0.1178198000015982, 0.11914410000099451, 0.11995300000126008, 0.12378439999883994, 0.11979689999861876, 0.11937069999839878, 0.11931030000050669, 0.11862760000076378, 0.12098660000265227, 0.12023240000053192, 0.11901319999742555], "benchmark": [0.12148310000338824, 0.1192401999978756, 0.1206175000006624, 0.12074520000169287, 0.11901159999979427, 0.12013710000246647, 0.11951559999943129, 0.12117709999802173, 0.119644900001731, 0.123302900003182, 0.11859669999830658, 0.1199519000001601, 0.11974009999903501, 0.11950200000137556, 0.11979989999963436, 0.11916489999930491, 0.11974060000284226, 0.12007420000009006, 0.12112329999945359, 0.12058089999845834, 0.12041880000106175, 0.11929439999948954, 0.11893210000198451, 0.1186621999986528, 0.11971509999784757, 0.12253729999792995, 0.1192561999996542, 0.12103270000079647, 0.12014069999713684, 0.12045990000115125, 0.11890750000020489, 0.1225217999999586, 0.11973930000021937, 0.11928110000008019, 0.12231539999993402, 0.11980360000234214, 0.11952260000180104, 0.11982929999794578, 0.11882949999926495, 0.11950789999900735, 0.11884999999892898, 0.1192098999999871, 0.11970579999979236, 0.11901310000030207, 0.11882899999909569, 0.12029470000197762, 0.11871500000052038, 0.11838549999811221, 0.11868279999907827, 0.12053660000310629, 0.11995380000007572, 0.11828740000055404, 0.1186085000008461, 0.117929500000173, 0.11929330000202754, 0.11896759999945061, 0.12080579999746988, 0.11865960000068299, 0.11767730000065058, 0.12274279999837745, 0.11968739999792888, 0.11854449999736971, 0.11883559999841964, 0.11880790000213892, 0.11898640000072191, 0.11922429999685846, 0.12072079999779817, 0.11939610000263201, 0.11683289999928093, 0.11849150000125519, 0.118727700002637, 0.11933109999881708, 0.117867800003296, 0.11973589999979595, 0.11878019999858225, 0.1222237000001769, 0.11925420000261511, 0.1189182999987679, 0.11860039999737637, 0.11878689999866765, 0.11879599999883794, 0.119706599998608, 0.11888859999817214, 0.11891249999825959, 0.11850169999888749, 0.11808640000162995, 0.11963079999986803, 0.11889419999715756, 0.11888329999783309, 0.1182944000029238, 0.11982569999963744, 0.11899930000072345, 0.12021059999824502, 0.11810550000154763, 0.11835100000098464, 0.11996840000210796, 0.11959090000163997, 0.11906559999988531, 0.11989030000040657, 0.11933849999695667]}, "cpython": {"warmup": [0.17945219999819528, 0.18019920000006096, 0.1766709000003175, 0.17909689999942202, 0.17645859999902314, 0.17737639999904786, 0.17843550000179675, 0.17790859999877284, 0.17792330000156653, 0.17887749999863445, 0.1798640000015439, 0.17819130000134464, 0.1781301999981224, 0.1798930000004475, 0.17861099999936414, 0.17863980000038282, 0.17858630000046105, 0.17896960000143736, 0.17844870000044466, 0.17845709999892279, 0.17862639999657404, 0.17802849999861792, 0.18111750000025495, 0.17834579999907874, 0.1783002000011038, 0.1783551999978954, 0.17690979999679257, 0.17813780000142287, 0.17674499999702675, 0.1782905000000028, 0.17710900000020047, 0.17852620000121533, 0.17868670000098064, 0.17700540000078036, 0.1776504000008572, 0.17660199999954784, 0.17765260000305716, 0.1776575000003504, 0.17666100000133156, 0.17811889999939012, 0.1786193000007188, 0.17777050000222516, 0.17879469999752473, 0.17870390000098269, 0.17780359999960638, 0.17836149999857298, 0.17817959999956656, 0.17831809999916004, 0.1790452000022924, 0.17833489999975427, 0.17844379999951343, 0.17815039999914006, 0.1777239999973972, 0.1779620999986946, 0.17760629999975208, 0.17832419999831473, 0.17773830000078306, 0.17714669999986654, 0.17629450000094948, 0.17724449999877834, 0.17601990000184742, 0.17821579999872483, 0.17915910000010626, 0.17798659999971278, 0.1777524999997695, 0.17969780000203173, 0.17882900000040536, 0.17858550000164541, 0.17749499999990803, 0.17797860000064247, 0.17890600000100676, 0.1780421999974351, 0.1807401000005484, 0.17833869999958551, 0.18055789999925764, 0.17685920000076294, 0.17905249999967054, 0.17956459999913932, 0.17825319999974454, 0.17792829999962123, 0.17745570000261068, 0.1788154999994731, 0.17667160000200965, 0.1761783000001742, 0.17665750000014668, 0.17664010000225971, 0.1768171000003349, 0.1770011999979033, 0.1775854999978037, 0.17932070000097156, 0.1786973999987822, 0.17972129999907338, 0.17989440000019385, 0.17982850000043982, 0.18129509999926086, 0.18108349999965867, 0.1803881999985606, 0.18051800000102958, 0.18085639999844716],