{"nuitka": {"warmup": [0.7324179999995977, 0.5265933999908157, 0.5255635000066832, 0.521834699989995, 0.5305036999925505, 0.5297429000056582, 0.5256485000136308, 0.5272437000094214, 0.5290854000049876, 0.5245762999984436, 0.5287158999999519, 0.5303562000044622, 0.5200030999985756, 0.5365561000071466, 0.5207191999943461, 0.5239356999954907, 0.5289259999990463, 0.5285796999960439, 0.5290041999978712, 0.523096799995983, 0.526272400005837, 0.5269817000080366, 0.5270129000127781, 0.5224544999946374, 0.5281232999986969, 0.5212744000018574, 0.5206101999938255, 0.523996799995075, 0.5276153000013437, 0.5224998000048799, 0.5215824999904726, 0.517501700000139, 0.5191620999976294, 0.526581600002828, 0.5330210999964038, 0.5279718999954639, 0.5333786000119289, 0.5280686999903992, 0.5234242000005906, 0.5283897000044817, 0.5261470999976154, 0.5297213000012562, 0.5223735000035958, 0.523174600006314, 0.5278972999949474, 0.5319136000034632, 0.5231055000040215, 0.5227292000054149, 0.535559199997806, 0.5210516999941319, 0.5237785999925109, 0.5250022999971407, 0.5207645000045886, 0.5225904999970226, 0.5247220000019297, 0.5276370000065072, 0.5289034999877913, 0.5255079000053229, 0.5246212000056403, 0.5248661999939941, 0.5261899000033736, 0.5311387000110699, 0.5202277000062168, 0.5250690999964718, 0.5252716999966651, 0.5306025000027148, 0.5250887000001967, 0.5255210000032093, 0.5291422000009334, 0.5246460000053048, 0.5194531000015559, 0.5233318999962648, 0.5290280000044731, 0.5244576999975834, 0.5198860999953467, 0.5274326999933692, 0.5276483000052394, 0.5329431999998633, 0.5246953000023495, 0.5210776000021724, 0.5186637000006158, 0.5250618999998551, 0.5291162999928929, 0.537941899994621, 0.5220367000001715, 0.5248786000011023, 0.5242424999887589, 0.5248575000005076, 0.5304154999903403, 0.5194675999955507, 0.5218101000064053, 0.5192918999964604, 0.5262903999973787, 0.5379266999952961, 0.5241397000063444, 0.5347727999906056, 0.5324232999992091, 0.523374899988994, 0.5309716000047047, 0.519881299987901], "benchmark": [0.5267575000034412, 0.5272422999987612, 0.5287745999958133, 0.5245890999940457, 0.5253441999957431, 0.5275218000024324, 0.5267740999988746, 0.5293895000068005, 0.5328829000063706, 0.5306727999995928, 0.5409138000104576, 0.5368561000068439, 0.5472133000002941, 0.5284824000118533, 0.5331168999982765, 0.5371455999993486, 0.543147799995495, 0.5430038000049535, 0.5348724000068614, 0.5400848999997834, 0.5307615000056103, 0.5316760999994585, 0.5265884999971604, 0.5352004999876954, 0.5254819999972824, 0.5248333000054117, 0.5308765000081621, 0.5282200000074226, 0.5274656000110554, 0.5333863000123529, 0.5291687999997521, 0.5235471000050893, 0.5325725000002421, 0.5310460999899078, 0.5341015000012703, 0.520928100013407, 0.5307565999974031, 0.5295200999971712, 0.5231652000074973, 0.5298492000001715, 0.5273747000028379, 0.5276607999985572, 0.530703899989021, 0.5232642000046326, 0.5333067000028677, 0.5326774999994086, 0.5309740000084275, 0.5253822000086075, 0.5327927000034833, 0.5313363000022946, 0.5322240000095917, 0.5280233999947086, 0.5214555999991717, 0.5251932999963174, 0.5302242000034312, 0.5312300999939907, 0.5274972000042908, 0.5266926000040257, 0.5193192000006093, 0.5307600000087405, 0.5273882999899797, 0.5305141000135336, 0.5296388000133447, 0.5247530000051484, 0.5275303999951575, 0.5192779999924824, 0.5246177000080934, 0.526101600000402, 0.5323198999976739, 0.5317681000015, 0.5264915000007022, 0.5247567000042181, 0.5370111999945948, 0.5282316999946488, 0.5254700999939814, 0.5275947999907658, 0.529642800000147, 0.5244323000079021, 0.5254738999938127, 0.5234181999985594, 0.5296189000073355, 0.5244930000044405, 0.5364321999950334, 0.5273471000109566, 0.5305446999991545, 0.5303018999984488, 0.522783199994592, 0.5273541000060504, 0.5292804000055185, 0.5270552000001771, 0.5203283000009833, 0.5221333000081358, 0.5272733000019798, 0.524097300003632, 0.5268721000029473, 0.5263244000088889, 0.5264147999987472, 0.523662499996135, 0.5289674000086961, 0.5294947000074899]}, "cpython": {"warmup": [0.65881010000885, 0.6471654000051785, 0.6432553999911761, 0.6388481000030879, 0.636867599998368, 0.6378109000070253, 0.6430754000029992, 0.6462918999895919, 0.6396627999929478, 0.6368885999982012, 0.6308397999964654, 0.643901100003859, 0.6359290999971563, 0.6405282999912743, 0.6465878999879351, 0.641907800003537, 0.6363740999950096, 0.6385543999931542, 0.6352796999999555, 0.6382838999998057, 0.6406516999995802, 0.6392928999994183, 0.6362357999896631, 0.6338079000124708, 0.6376671000034548, 0.6410914000007324, 0.6314894999959506, 0.6350373000022955, 0.6332285999960732, 0.6414758000028087, 0.6305645000102231, 0.6330888000084087, 0.640720199997304, 0.6331616999959806, 0.6377971000038087, 0.6369559999875491, 0.6369969999941532, 0.6357832000066992, 0.6427504000021145, 0.6331539000093471, 0.6343998000083957, 0.6422429999947781, 0.6314738999935798, 0.632255400007125, 0.639578000002075, 0.6418283999955747, 0.636479100008728, 0.6371153999934904, 0.6433115000108955, 0.6375704999954905, 0.6264387999981409, 0.6362222000025213, 0.6361206000001403, 0.63101289999031, 0.6382663000113098, 0.6331825999950524, 0.6320262000081129, 0.6342620999930659, 0.6343017000035616, 0.6310328000108711, 0.6353658000007272, 0.6373901000042679, 0.7098419999965699, 0.6457451999885961, 0.6428467000077944, 0.6444133000040893, 0.640316700009862, 0.6467923000018345, 0.6438303000031738, 0.6462855999998283, 0.6613325999933295, 0.6419634000048973, 0.6354215000028489, 0.642583699998795, 0.6379595000034897, 0.6326949000067543, 0.6371316000004299, 0.6398014000005787, 0.6354968999949051, 0.6360952999966685, 0.6335913999937475, 0.6348883999889949, 0.6332555999979377, 0.6369531000091229, 0.6319098999956623, 0.639241700002458, 0.6346135000057984, 0.6393669999961276, 0.6408707999944454, 0.6420237999991514, 0.6410722000000533, 0.6382524000073317, 0.6407465000083903, 0.6416679999965709, 0.6427649000106612, 0.645005599988508, 0.6438103999971645, 0.64004539999587, 0.6595716000010725, 0.6429121000110172],