{"nuitka": {"warmup": [1.0717464000044856, 0.5411610000010114, 0.5451392999966629, 0.5465617999871029, 0.5439339000004111, 0.5451185999991139, 0.5462926999898627, 0.5466656000062358, 0.5457133000018075, 0.5463803000020562, 0.543356499998481, 0.5538151999935508, 0.5448882999917259, 0.5432123999926262, 0.546202199999243, 0.5413458999973955, 0.5432202000083635, 0.5477000000100816, 0.5465969999931986, 0.5457817999995314, 0.5441913999966346, 0.5440960999985691, 0.549474100000225, 0.545181199995568, 0.5427246000035666, 0.5468184000055771, 0.5415510999882827, 0.5465824999992037, 0.5439240999985486, 0.5421301000023959, 0.5419465000013588, 0.5470000000059372, 0.5433367999939946, 0.5485350000089966, 0.5425270999985514, 0.5436221999989357, 0.5404250999999931, 0.5443231999961426, 0.5451718999975128, 0.5445839000021806, 0.5479901999933645, 0.5436359999876004, 0.5428914000076475, 0.5393980999942869, 0.5607269999891287, 0.5404153999988921, 0.5466139999916777, 0.5432873999961885, 0.5472316000086721, 0.563723300001584, 0.5407937999989372, 0.5408673999918392, 0.5414881999895442, 0.5433248999906937, 0.5456261000072118, 0.5489037000079406, 0.5408415999991121, 0.5450484000029974, 0.5425424999993993, 0.5473723000031896, 0.5431899999966845, 0.5445045999949798, 0.5495006999990437, 0.5445784000039566, 0.5433121000096435, 0.5427158999955282, 0.5426827000046615, 0.5410818999953335, 0.5561127999972086, 0.548341799993068, 0.54608850000659, 0.5439512000011746, 0.5416012999921804, 0.5441227000119397, 0.540771500003757, 0.5447424000012688, 0.5409546000009868, 0.5458416999899782, 0.5398163000063505, 0.543521999992663, 0.5409179000125732, 0.5527682999963872, 0.5401640999916708, 0.5419003999995766, 0.5480281000054674, 0.5470853000006173, 0.5456107000063639, 0.5398237000044901, 0.5468875000078697, 0.5418062000098871, 0.5444818999967538, 0.5402908999967622, 0.5445707999897422, 0.5401034999958938, 0.5473966999998083, 0.5425918999972055, 0.5435892999958014, 0.5462901999999303, 0.5409890000009909, 0.5427558999945177], "benchmark": [0.5439122999960091, 0.5445413999987068, 0.5438700000086101, 0.5427892000006977, 0.5408291000057943, 0.5480697999882977, 0.5416936999972677, 0.546325599992997, 0.5417161999939708, 0.5467154999932973, 0.5524934999994002, 0.542208800005028, 0.542343000008259, 0.5404383999994025, 0.5442333999963012, 0.5432652000017697, 0.544210899999598, 0.5426505999930669, 0.5432864000031259, 0.54499520000536, 0.5449846999981673, 0.5452041999960784, 0.5457606000127271, 0.5411684999999125, 0.541139299995848, 0.5495780000055674, 0.5436634000070626, 0.5440514999936568, 0.5446773000003304, 0.5482523000100628, 0.5451346000045305, 0.5455202000011923, 0.5466606999980286, 0.5394746999954805, 0.540556199994171, 0.5408483000064734, 0.5487233000021661, 0.5426269000017783, 0.5515223999973387, 0.5385534999950323, 0.5502275000035297, 0.5436210000043502, 0.5410832000052324, 0.5491608000011183, 0.5420116000022972, 0.5496984000055818, 0.5493314000050304, 0.5489115999953356, 0.5466127000108827, 0.549266300004092, 0.5455824000091525, 0.5492164000024786, 0.5478067000076408, 0.5466833000100451, 0.5464371999987634, 0.542521499999566, 0.5469676999928197, 0.5426754999934928, 0.5445489999983693, 0.5450812000053702, 0.5467570000037085, 0.5441595999873243, 0.5457796999980928, 0.5485692999936873, 0.5408773999952246, 0.5463086999952793, 0.5465707000112161, 0.5421519000083208, 0.5438942000037059, 0.5458329999964917, 0.5419887000025483, 0.545094799992512, 0.5437578999990365, 0.5456047000043327, 0.5451966000109678, 0.544374200006132, 0.5426699000090593, 0.5403720000031171, 0.545125000004191, 0.5391045000142185, 0.5436245000018971, 0.5453879999986384, 0.5438301999965915, 0.5432781000126852, 0.5421433000010438, 0.5393752999952994, 0.5506263999996008, 0.5541224000044167, 0.540749899999355, 0.5436017000029096, 0.5379039999970701, 0.5465893999935361, 0.542840599999181, 0.5422271999996156, 0.5431780999933835, 0.5491424999927403, 0.5430825000075856, 0.5391583000018727, 0.5451300999993691, 0.5409966000006534]}, "cpython": {"warmup": [0.596543899999233, 0.5899574999930337, 0.5914508999994723, 0.590841500001261, 0.5983418000105303, 0.5966545999981463, 0.5945122999983141, 0.5986728999996558, 0.5996770000056131, 0.5964130999927875, 0.5971706999989692, 0.5937257000041427, 0.5944640000088839, 0.5864064000052167, 0.5877394000126515, 0.593549900004291, 0.5896454000030644, 0.5905187000025762, 0.5868759000004502, 0.589606100009405, 0.5920959999930346, 0.5840985999966506, 0.5886318999982905, 0.5946947000047658, 0.5902130999893416, 0.5905182999995304, 0.5915104000014253, 0.587805599992862, 0.5937731000012718, 0.5945571000047494, 0.5951142999983858, 0.5864582000067458, 0.5907239000080153, 0.5954888000123901, 0.5892718999966746, 0.587834500009194, 0.5903511999931652, 0.5878582000004826, 0.5856315999990329, 0.5864366000023438, 0.589704799989704, 0.5983897000114666, 0.5951569000026211, 0.5893815999879735, 0.5914951000013389, 0.5924675999995088, 0.5970624000037787, 0.5899072999891359, 0.5914510000002338, 0.5996514999860665, 0.5895686000003479, 0.594138300002669, 0.5894064000021899, 0.5933553000068059, 0.5902882999944268, 0.5899725999915972, 0.586469500005478, 0.5952864999999292, 0.5951893999881577, 0.5898299999971641, 0.59287380000751, 0.5888560000021243, 0.5948195999953896, 0.594443100009812, 0.5977561000036076, 0.5845176000002539, 0.5894204000069294, 0.5902931000018725, 0.5958664000063436, 0.5970783999946434, 0.5848015000083251, 0.5932471999985864, 0.591383399994811, 0.5917995000054361, 0.5863857999938773, 0.5953871999954572, 0.5959243999968749, 0.5875381999940146, 0.5914980999950785, 0.5892513999860967, 0.5973826000117697, 0.5905605000007199, 0.5889397999999346, 0.5912122000008821, 0.5834481000056257, 0.590780900005484, 0.586933600003249, 0.5936368999973638, 0.5988745999929961, 0.5919216000038432, 0.602827900002012, 0.592866300008609, 0.5949200000031851, 0.596411899998202, 0.5971297000069171, 0.5897905000019819, 0.5858892000105698, 0.5952442999987397, 0.5949491999926977, 0.5875213999970583],