{"nuitka": {"warmup": [0.8588719999970635, 0.56791019999946, 0.5602000999933807, 0.5629333999968367, 0.56903099999181, 0.5624896000081208, 0.5632161999965319, 0.5693158000067342, 0.5657745000062278, 0.5706779000029201, 0.5603330000012647, 0.5761006999964593, 0.5626516000047559, 0.5631783999997424, 0.5727388000086648, 0.5654539999959525, 0.5633780000061961, 0.5605382000067038, 0.5671347999887075, 0.5586142999964068, 0.5654898000066169, 0.5641279999981634, 0.5635062000073958, 0.563753499998711, 0.5629360000020824, 0.5729427999904146, 0.5677376999956323, 0.5685531999915838, 0.5626721000007819, 0.5628364000003785, 0.5655520000000251, 0.5632034000009298, 0.5656275999936042, 0.5682107000029646, 0.5628956000000471, 0.5604695999936666, 0.5636373000015737, 0.5748040999897057, 0.568149300001096, 0.5674867999914568, 0.5623253000085242, 0.5670746999967378, 0.5641708000039216, 0.5619555000012042, 0.569284900004277, 0.5657444999960717, 0.5708376999973552, 0.5727755999978399, 0.5702278999960981, 0.5713883999997051, 0.5696592000022065, 0.562854799994966, 0.5663806999946246, 0.5686311000026762, 0.5644077000033576, 0.5678180000104476, 0.5622700999956578, 0.564470799989067, 0.5639514999929816, 0.561137199998484, 0.5639150999923004, 0.5640161000046646, 0.5650316999963252, 0.562963000003947, 0.5655177000007825, 0.5763822000008076, 0.5611236999975517, 0.5690354999969713, 0.563589299999876, 0.5696871999971336, 0.5701016999955755, 0.5716892999917036, 0.5662598000053549, 0.5696968999982346, 0.562604899998405, 0.5626170000032289, 0.5657981999975163, 0.5733039999904577, 0.5666443999944022, 0.5734407999989344, 0.5673486000014236, 0.5664358999929391, 0.5678655000083381, 0.5650193000037689, 0.5644829000084428, 0.5659470000100555, 0.5661018999962835, 0.5652456999960123, 0.5673344999959227, 0.5694141999993008, 0.566485899995314, 0.5666682000010042, 0.563832600004389, 0.5700388999975985, 0.5698457999969833, 0.5631849999917904, 0.5665574000013294, 0.566277199992328, 0.5615644000063185, 0.5692144000058761], "benchmark": [0.5738106999924639, 0.5639932000049157, 0.5665248000004794, 0.5727425999939442, 0.566749699995853, 0.5667633999983082, 0.5647909000108484, 0.5644177999929525, 0.5664732000004733, 0.5676238000014564, 0.5679856000060681, 0.5722876000072574, 0.5661350999871502, 0.566919599994435, 0.5680202999938047, 0.5715863999939756, 0.5674217000050703, 0.5659892999974545, 0.5669743000034941, 0.5666884999955073, 0.5655666000093333, 0.5720346000016434, 0.5687681999988854, 0.5631604000082007, 0.5655700999923283, 0.5702899000025354, 0.5669996000069659, 0.5626592999906279, 0.5662032999971416, 0.5653502000059234, 0.5650563999952283, 0.5708644999976968, 0.5622604000091087, 0.5704310000000987, 0.5713825999991968, 0.5726466000051005, 0.5687946999969427, 0.5653695999935735, 0.568822100001853, 0.5670754000020679, 0.5663478999922518, 0.5700354000000516, 0.5637223000085214, 0.5661336000048323, 0.5599586999887833, 0.5676853000040865, 0.5633319000044139, 0.571824500002549, 0.5701808000012534, 0.5655454000079772, 0.5693190000019968, 0.5617206000024453, 0.5593687999935355, 0.5634367000020575, 0.5752091000031214, 0.5650194000045303, 0.560582299993257, 0.5659780999994837, 0.5680085999920266, 0.5649516999983462, 0.5677067999931751, 0.565912300007767, 0.5744520000007469, 0.5743573999934597, 0.566423099997337, 0.5627647999936016, 0.5647094000014476, 0.5659305000008317, 0.5645724999922095, 0.5632660999981454, 0.5694067000003997, 0.5699457000009716, 0.5618767999985721, 0.5639343000075314, 0.5703279000008479, 0.5631417000113288, 0.5623444999946514, 0.5762449000030756, 0.5729714000044623, 0.5725999999995111, 0.578803299998981, 0.5709301000024425, 0.5671869000070728, 0.5674801999994088, 0.5684708000044338, 0.5766361999994842, 0.5741642000066349, 0.572977500007255, 0.5763960000040242, 0.5738064000033773, 0.5707926000031875, 0.5719951999926707, 0.5674986999947578, 0.5733219000103418, 0.5749724000052083, 0.5752732999972068, 0.5699548999982653, 0.5680050000082701, 0.5762207999941893, 0.5673679999890737]}, "cpython": {"warmup": [0.6591727000050014, 0.6629357000056189, 0.6598185999901034, 0.6653387999976985, 0.65995249999105, 0.6623622000042815, 0.6503693999984534, 0.6577326999977231, 0.6624524999933783, 0.6535428000061074, 0.6547221999935573, 0.6508842000039294, 0.6565201000048546, 0.6535130999982357, 0.6600011999980779, 0.66345249999722, 0.6544403000007151, 0.6565650999982608, 0.6567979000101332, 0.6533764000050724, 0.653630200002226, 0.656481599988183, 0.6502901000058046, 0.6571627999946941, 0.6614470000058645, 0.6563169000000926, 0.6521397000033176, 0.6651675000030082, 0.6527453000016976, 0.6600959999923361, 0.6596256999910111, 0.657556599995587, 0.6493802000040887, 0.6543352000007872, 0.6544109999958891, 0.6527147000015248, 0.653740599998855, 0.6551003000058699, 0.6570456000044942, 0.6535382000001846, 0.65566599999147, 0.6551647000014782, 0.6503492000047117, 0.6615654999914113, 0.6533254000096349, 0.6637907999975141, 0.6550098000006983, 0.6719578000047477, 0.6591890999989118, 0.6532644000108121, 0.6571999000007054, 0.6617405999859329, 0.6590480000013486, 0.6559975999989547, 0.666050500003621, 0.6616438000055496, 0.6612522000068566, 0.6640135999914492, 0.6591870999982348, 0.6568970999942394, 0.6520601000083843, 0.6548078999912832, 0.654661099993973, 0.6525040999986231, 0.6535185000102501, 0.6553400000120746, 0.6579346999933477, 0.6523638000071514, 0.6601528000028338, 0.6652150000008987, 0.6561816999892471, 0.6493075000034878, 0.6565429999900516, 0.65178190000006, 0.6617333000031067, 0.652858000001288, 0.6534128000057535, 0.6549861000094097, 0.6568604000058258, 0.656346299991128, 0.6527327999938279, 0.6639119000028586, 0.6541231000010157, 0.655128300000797, 0.6527911000011954, 0.6666087000048719, 0.6584266999998363, 0.6596098000009079, 0.6558558999968227, 0.6579474000027403, 0.6524666999903275, 0.6549827999988338, 0.6535666999989189, 0.6584907000069506, 0.6614782999968156, 0.65253359999042, 0.6529776999959722, 0.6626436999940779, 0.6564440999936778, 0.6492950999963796],