{"nuitka": {"warmup": [0.6018486999964807, 0.5246794999984559, 0.5181978999899002, 0.5227415999979712, 0.5212208000011742, 0.5230836999980966, 0.5261959999916144, 0.5218167000130052, 0.5201329999981681, 0.5230930999969132, 0.5215891999978339, 0.5218542999937199, 0.5111135999904945, 0.515715800007456, 0.5201171000080649, 0.5154760000004899, 0.5214217000029748, 0.5149363999953493, 0.5104202999937115, 0.5156507999927271, 0.5116483000019798, 0.52616749999288, 0.5204383000091184, 0.5199538000015309, 0.5157964999962132, 0.5114452999987407, 0.5141234999900917, 0.5284853000048315, 0.5119444000010844, 0.5114942000072915, 0.5116746999992756, 0.5090105999988737, 0.5183679000037955, 0.5170034000038868, 0.5260038000124041, 0.5210657999996329, 0.524280199999339, 0.5210863999964204, 0.5198355999891646, 0.5157462000061059, 0.5208548999944469, 0.5101712000032421, 0.5216822000074899, 0.5199738999945112, 0.5205147000087891, 0.5178844000038225, 0.520514900010312, 0.5197824000060791, 0.5174323999963235, 0.5197729999927105, 0.5137609000084922, 0.5165968999936013, 0.515251899996656, 0.5186720000056084, 0.517834700003732, 0.5204579999990528, 0.5133927999995649, 0.5163701999990735, 0.511277900004643, 0.5115295999858063, 0.526669300001231, 0.517708200000925, 0.5147876999981236, 0.5215629000012996, 0.5167078999947989, 0.5223437999957241, 0.5173766000079922, 0.5193798999971477, 0.519488400008413, 0.5198216999997385, 0.5243064000096638, 0.5185752999968827, 0.5282862999883946, 0.5237504999968223, 0.5135757000098238, 0.5157199000095716, 0.5141392000077758, 0.5144393999944441, 0.5113565999927232, 0.5112188000057358, 0.5215935000014724, 0.526234500008286, 0.5174644999933662, 0.5192060999979731, 0.51663520000875, 0.5124937999935355, 0.5288079000019934, 0.5218418000004021, 0.5173019000067143, 0.5138486000068951, 0.5228161999984877, 0.5160787999921013, 0.5172215000056894, 0.5176696999988053, 0.5146604000037769, 0.5156040000001667, 0.5197527000127593, 0.5180268999974942, 0.5148600000102306, 0.5253305000078399], "benchmark": [0.51221909999731, 0.5198570000065956, 0.5158779000048526, 0.5182862000074238, 0.5149214999983087, 0.5195683000056306, 0.5167441999947187, 0.5178223999973852, 0.5267835999984527, 0.5230443000036757, 0.5210470000019995, 0.5220035999955144, 0.5185315999988234, 0.5205321999965236, 0.5235169000079622, 0.5159542000037618, 0.5175608999998076, 0.5169055999867851, 0.5165145000064513, 0.517880100000184, 0.520680400004494, 0.5231098000076599, 0.5144873000099324, 0.5191086999984691, 0.5219828999979654, 0.5142677999974694, 0.5123489999969024, 0.520146199996816, 0.5153973999986192, 0.5153904000035254, 0.5195952000067336, 0.516539999996894, 0.5114718999975594, 0.517364200000884, 0.5146838999935426, 0.5151209000032395, 0.5237716999981785, 0.5186094000091543, 0.5156990999967093, 0.5205323000118369, 0.5235183000040706, 0.5202417999971658, 0.5230535000009695, 0.5149685000069439, 0.5210195999970892, 0.5174467000033474, 0.5195018999947933, 0.5169387999922037, 0.5173348999960581, 0.5206147999997484, 0.5292159000091488, 0.5235400000092341, 0.5177746999979718, 0.5304390000092098, 0.5108551000012085, 0.5161233000108041, 0.5171129999944242, 0.5321942000009585, 0.5114910999982385, 0.5189337999909185, 0.5167364999942947, 0.5179579999967245, 0.5177751000010176, 0.5182863999943947, 0.5230104999936884, 0.5237990000023274, 0.5170886999985669, 0.5171852999919793, 0.5190854999964358, 0.5212734000087949, 0.5201349000126356, 0.5211877999972785, 0.5214582000044174, 0.513152599989553, 0.5124760999897262, 0.5160919000045396, 0.5182133000053, 0.5146630999952322, 0.512541499992949, 0.5122991999960504, 0.5248010999930557, 0.5201276000007056, 0.5258027999952901, 0.5304404000053182, 0.5166012000117917, 0.5143776000040816, 0.525348800001666, 0.5264720999985002, 0.528118699992774, 0.5116990000096848, 0.5157787000061944, 0.514854799999739, 0.5115167000039946, 0.5173856000037631, 0.5253955000080168, 0.5245001000002958, 0.5244835000048624, 0.5160235999937868, 0.5225902999954997, 0.5180216000007931]}, "cpython": {"warmup": [0.6689311000081943, 0.6603380000015022, 0.6636694000044372, 0.6623409000021638, 0.6590662999951746, 0.6595497999951476, 0.6596856999967713, 0.6590324000135297, 0.6595518000103766, 0.6631549999874551, 0.6574305000103777, 0.6684587000054307, 0.6595895000064047, 0.659739399998216, 0.6612061000050744, 0.6616924999980256, 0.6639849999919534, 0.6718142999889096, 0.6620287000114331, 0.6672506000031717, 0.6542533000028925, 0.665659999998752, 0.6685877999989316, 0.664353400003165, 0.6669809000013629, 0.6595140999997966, 0.6626544000027934, 0.6614617999875918, 0.6642052000097465, 0.6637406000081683, 0.6699273999984143, 0.6635446000000229, 0.658196800010046, 0.6614152999973157, 0.6591158999945037, 0.6558141999994405, 0.6653200000000652, 0.6601700000028359, 0.6624554000009084, 0.6619287000066834, 0.6636983000062173, 0.6630868000065675, 0.6578302000125404, 0.6666183000052115, 0.664173999990453, 0.6675792000023648, 0.6601468000008026, 0.6631966000131797, 0.6640675999951782, 0.6559055999969132, 0.6661588999995729, 0.6598394000029657, 0.6617765999981202, 0.6639113000128418, 0.6984424999973271, 0.6635627999930875, 0.6645999000029406, 0.660205499996664, 0.6594615000067279, 0.6819683000067016, 0.6659883999964222, 0.6615886999934446, 0.6680648000037763, 0.6617798999941442, 0.6672866000008071, 0.6630380999995396, 0.6596487000060733, 0.6607535999937681, 0.6672384999983478, 0.6591848999960348, 0.6647353999869665, 0.6654184000071837, 0.6678403999976581, 0.6601317000022391, 0.6623800999950618, 0.6660734999895794, 0.6698165999987395, 0.6643248999898788, 0.6599002000002656, 0.6557799000001978, 0.6596297000069171, 0.662606699988828, 0.6574739999923622, 0.66102200000023, 0.6677979999949457, 0.6709465000021737, 0.6710084999940591, 0.6626073000079487, 0.6577871000044979, 0.657882100000279, 0.6574523000017507, 0.6648544000054244, 0.6716804999887245, 0.6660138000006555, 0.6581192999874474, 0.6592891999898711, 0.6628230000060285, 0.6587107999948785, 0.6635911000048509, 0.6617312000016682],