{"nuitka": {"warmup": [0.9373215999949025, 0.6678473999927519, 0.6546014000050491, 0.6533827999955975, 0.6510663999943063, 0.650464300008025, 0.6562831999908667, 0.6649437000014586, 0.6569957000028808, 0.6453057000035187, 0.6574057999969227, 0.6563367999915499, 0.6586181999882683, 0.651898700001766, 0.6477381000004243, 0.6470690999994986, 0.6567162999999709, 0.6551477999892086, 0.6559105000051204, 0.6565683000080753, 0.6500019000086468, 0.6532947000087006, 0.6603026999946451, 0.6561673000105657, 0.6512267999933101, 0.6535348000033991, 0.6570195999956923, 0.653057000003173, 0.6523643999971682, 0.6672612999973353, 0.6519876999955159, 0.6655158000066876, 0.6550951000099303, 0.6497586000041338, 0.6598039000091376, 0.6555539999972098, 0.6484596000082092, 0.666181399996276, 0.6503690000099596, 0.6534567999915453, 0.6518402000074275, 0.650241700001061, 0.657171600003494, 0.6537670999969123, 0.6554981999943266, 0.6506433000031393, 0.6584124999935739, 0.6566031999973347, 0.6499946000112686, 0.6579245000029914, 0.6682716999930562, 0.6504748000006657, 0.6576268000062555, 0.648010200005956, 0.6542473000008613, 0.6498363999999128, 0.6530217000108678, 0.6511037000018405, 0.6543414000043413, 0.6513266999972984, 0.6611892000073567, 0.6594103999959771, 0.6500667999935104, 0.6499855000001844, 0.6550134999997681, 0.6521785000077216, 0.6554663999995682, 0.6622394000005443, 0.6542483999946853, 0.6501594000001205, 0.6508128999994369, 0.6579245000029914, 0.6539027999970131, 0.6562793999910355, 0.6524829000118189, 0.650982599996496, 0.654060800006846, 0.6562903000012739, 0.6636891000089236, 0.6559797000081744, 0.6520829999935813, 0.6497291000123369, 0.6586956999963149, 0.6595513000065694, 0.6572012999968138, 0.666360099989106, 0.6767177000001539, 0.6646521000075154, 0.6567667000053916, 0.6605099000007613, 0.6629285999952117, 0.6563521999923978, 0.6542960999940988, 0.6547891999944113, 0.6708476999920094, 0.6543889000022318, 0.6567272999964189, 0.6497919999965234, 0.6596291000023484, 0.6616049000003841], "benchmark": [0.6552327999961562, 0.6589719000039622, 0.6481831999990391, 0.648541499991552, 0.6666153999976814, 0.6572909999958938, 0.6597497999900952, 0.6518895999906817, 0.6505446999944979, 0.6607598999980837, 0.6522522000013851, 0.6571313000022201, 0.6526712000049883, 0.6556370000034804, 0.6543469999887748, 0.650539000009303, 0.6516644999937853, 0.6586786999978358, 0.6480165999964811, 0.6537192000105279, 0.6750869999959832, 0.6486251999886008, 0.6497524000005797, 0.6536141999968095, 0.6513517999992473, 0.6603584999975283, 0.6547695000044769, 0.6544175000017276, 0.648325099988142, 0.6572155999892857, 0.6547876999975415, 0.6535715000063647, 0.6715275000024121, 0.6529233000037493, 0.6490081999945687, 0.6530637999967439, 0.6623642999911681, 0.6631710000074236, 0.6627114000002621, 0.6515949000022374, 0.6528666999947745, 0.6530315999989398, 0.6615753999940353, 0.6582116000063252, 0.6508881999907317, 0.6612600999942515, 0.6563487999956124, 0.6558869000000414, 0.6565389000024879, 0.6612085000087973, 0.6525607000075979, 0.6546028000011574, 0.64935140000307, 0.6553397999959998, 0.6541682999959448, 0.6517628000001423, 0.6693071999907261, 0.6574977999989642, 0.6505668000027072, 0.6585821000044234, 0.6543401000089943, 0.654162400009227, 0.6587837999977637, 0.6517377999989549, 0.6494700000039302, 0.6548367999930633, 0.6582171000045491, 0.6524174000078347, 0.6541502999898512, 0.6558608000050299, 0.6553891000075964, 0.6631688000052236, 0.6567395999882137, 0.6550974999991013, 0.655082900004345, 0.6564382999931695, 0.6599459999997634, 0.6747429000097327, 0.653082999997423, 0.6570585000008577, 0.6624844999896595, 0.6501771000039298, 0.6523543999937829, 0.6580127999914112, 0.6516993999975966, 0.6561168000043835, 0.6498422000004211, 0.6508631000033347, 0.6512340000044787, 0.6724098000122467, 0.6585137999936705, 0.6565865000011399, 0.65865009999834, 0.6532487000076799, 0.6522973999963142, 0.6561195000103908, 0.6592389999859734, 0.6645490000082646, 0.6855937000073027, 0.7284857000049669]}, "cpython": {"warmup": [0.7515429000050062, 0.7485224999982165, 0.7477333000133513, 0.7479134000022896, 0.7348463999951491, 0.743332999991253, 0.7409473999869078, 0.7385413999872981, 0.7374443000007886, 0.7372351999947568, 0.7377605000074254, 0.7397324000048684, 0.735543200004031, 0.7435464000009233, 0.7356313000054797, 0.736284099999466, 0.7366454000002705, 0.7453902000124799, 0.7408261999953538, 0.7392084000020986, 0.7410439999948721, 0.7370806999970227, 0.7452453000005335, 0.7428918000077829, 0.7384855999989668, 0.7369120000075782, 0.7508219000010286, 0.738241700004437, 0.7427721999993082, 0.7397391999984393, 0.7566591999930097, 0.746836100006476, 0.7471652000094764, 0.7535820000048261, 0.7558044000033988, 0.7487576999992598, 0.7656859000126133, 0.7540573000005679, 0.7904943000030471, 0.7641624999960186, 0.7390885000058915, 0.744177699991269, 0.7372534000023734, 0.739569900004426, 0.7509043000027305, 0.7406640999979572, 0.7363982000097167, 0.7429649000114296, 0.7614587999996729, 0.7382760000036797, 0.7478488000051584, 0.7495600999973249, 0.751397400003043, 0.7493872000050033, 0.7411465000041062, 0.7353233000030741, 0.737447899999097, 0.7484743999957573, 0.7447049999900628, 0.7319034000101965, 0.7486343000055058, 0.736081800001557, 0.7442661000095541, 0.7454537000012351, 0.7448543000064092, 0.7424895000003744, 0.7366456000017934, 0.7340554999973392, 0.7358112999936566, 0.7420044999889797, 0.7404409000009764, 0.787815399991814, 0.7379405999963637, 0.7389649000106147, 0.7368911999947159, 0.7420630999986315, 0.7333205999893835, 0.7429784999985714, 0.7353556000016397, 0.7305656000098679, 0.735750799998641, 0.7551210999954492, 0.7389550999942003, 0.7395358000067063, 0.7349583000031998, 0.7458947999984957, 0.7303873000055319, 0.7388219999993453, 0.7362550000107149, 0.7348720000009052, 0.7358993999951053, 0.7393544999940787, 0.7444415999925695, 0.7373791999998502, 0.7476205999992089, 0.7403046999970684, 0.7419460999954026, 0.7370104000001447, 0.7328583000053186, 0.7472737000061898],