{"nuitka": {"warmup": [1.076256000000285, 1.0044637999963015, 0.9982232999900589, 0.9870856999914395, 0.993541500007268, 0.9933117000036873, 0.9972907999908784, 0.9917820999980904, 0.9806019000097876, 0.9941644000064116, 0.9909362000034889, 0.9843457999959355, 0.9874536999996053, 0.9789720999979181, 0.994787699994049, 1.0100241000036476, 0.9989640999992844, 1.0143307999969693, 0.9766700999898603, 0.9838824999897042, 0.9993171999958577, 0.9785069000063231, 0.9886362999968696, 1.0047411999985343, 0.9865385999873979, 1.002170699997805, 0.9835548999981256, 1.0023413000017172, 1.0188344999914989, 0.9836338000022806, 0.9814828999951715, 1.0053420000040205, 0.982750399998622, 0.9884414000116521, 1.0152003999974113, 1.0103590999933658, 0.9819806999876164, 0.9899255000054836, 1.0102227999886964, 0.9796253999957116, 0.9773181000055047, 0.976300700000138, 1.0094333000015467, 0.9806667999946512, 0.9963726999994833, 1.0166009999957168, 0.9802181999984896, 0.9946810999972513, 0.9976826000056462, 0.9992329999950016, 0.9816244000103325, 0.9805810999969253, 0.9811015000013867, 0.9769921000115573, 1.0025346000038553, 0.9905389000050491, 0.9984284000092885, 0.9980144000001019, 0.9781753999995999, 0.9856579000042984, 0.9930619000078877, 0.994684800010873, 0.9900613999925554, 1.0048572000087006, 0.9904368999996223, 0.9752077000011923, 0.9967782000021543, 0.9817850999970688, 0.9819507000065641, 0.9859011999942595, 0.9881185000122059, 0.9841244999988703, 1.0261175999912666, 1.0092808000044897, 0.9879649999929825, 0.9846747999981744, 0.9847508999955608, 0.9980522999976529, 1.0075524999992922, 1.004295999999158, 0.979288100003032, 0.9880690999998478, 0.9868100999883609, 0.9812122000003001, 0.985848199998145, 3.6596662000083597, 0.991137399993022, 0.9927293000073405, 0.9947707999963313, 0.9741605000017444, 1.0057149999920512, 0.9833527000009781, 0.9925903999974253, 0.9791311000008136, 1.0009273000032408, 0.9951503000047524, 0.9946846000093501, 0.9804807000036817, 0.9765947999985656, 0.9788581000029808], "benchmark": [0.9844951999984914, 0.9867298000026494, 0.9767124999925727, 0.9935269999987213, 0.975979599999846, 1.0216254999977536, 0.9794691999995848, 0.9815761999925599, 0.991523499993491, 0.9884212000033585, 0.9739329000003636, 0.9941897999960929, 0.9739145999919856, 0.9932640000042738, 0.9924497999891173, 0.9832908999960637, 0.9811087999987649, 0.9797058999974979, 0.9794761999946786, 0.9755740999971749, 1.0017583000008017, 0.9838978000043426, 0.9801939000026323, 0.9810400999995181, 0.9850205999973696, 0.9845320000022184, 0.9819745999993756, 0.979727300000377, 0.9852883000130532, 0.9900239999988116, 0.9825624999939464, 0.9883179000025848, 0.9826987999986159, 0.9962009000009857, 0.9920582000049762, 0.9836466999986442, 0.9741370999981882, 0.9820327000052202, 0.9816220999928191, 0.9831304999970598, 0.9829051999986405, 0.9948967999953311, 0.9775041999964742, 0.9917399000114528, 0.978817799987155, 0.9818124000012176, 0.9988922000047751, 0.9813239999930374, 0.9884348000050522, 1.0013535000034608, 0.9954129999969155, 0.9782903000013903, 0.9853333000064595, 0.9753908999991836, 0.9817113999888534, 0.9809409999870695, 0.9893960000044899, 0.990170399993076, 0.9829351999942446, 0.9841837000130909, 0.9939870999951381, 1.0076953999960097, 0.9782804999995278, 0.9834929000062402, 0.9853983000066364, 0.9821175999968546, 0.9780661999975564, 0.9784972999914316, 0.9789294000074733, 0.9796447999979137, 0.9854386000079103, 0.9822325999994064, 0.9850287000008393, 0.9797623999911593, 0.9960534999991069, 0.9800974999961909, 0.9956421999959275, 0.9917122999904677, 0.9842747999937274, 0.9773353999917163, 0.9762778000003891, 0.9872689000039827, 1.006412700007786, 0.9809896999940975, 0.9920380999974441, 0.9761661999946227, 0.9998905999964336, 0.977844199995161, 0.999351000005845, 0.9807794999942416, 0.9921477000025334, 0.989182899997104, 0.9916270999965491, 0.9979560000065248, 1.0141187999979593, 0.9776006000029156, 0.9980295999994269, 0.9976150000002235, 0.998255300000892, 0.9802828000101727]}, "cpython": {"warmup": [1.0365062000055332, 1.0246112999884645, 1.0494954000023426, 1.0274932000029366, 1.0328350999916438, 1.0300791000045137, 1.0275278000044636, 1.0341084999963641, 1.0480114999954822, 1.0258023999922443, 1.0285898000001907, 1.0326767999940785, 1.0248583999928087, 1.03398439999728, 1.0283367000083672, 1.0305710999964504, 1.0283118000079412, 1.0406459999940125, 1.026114200009033, 1.0317681000015, 1.0317964999994729, 1.0357498999946984, 1.0297840999992331, 1.0270549999986542, 1.0328565999952843, 1.033114599995315, 1.0281658000021707, 1.0325486000074307, 1.027862399991136, 1.0299722000054317, 1.0265346999949543, 1.0323819000041112, 1.0336466000007931, 1.0289369000092847, 1.0302741999912541, 1.0315770000015618, 1.0332869999983814, 1.0334300999966217, 1.0334259999945061, 1.0309094000112964, 1.0261830999952508, 1.0278172999969684, 1.0257749000011245, 1.0317976999940583, 1.0265962999983458, 1.0321244999940973, 1.0283871999999974, 1.0260448999906657, 1.0260451000067405, 1.0293899999960558, 1.0326902999950107, 1.027045500013628, 1.0433792999974685, 1.0269372000038857, 1.031730400005472, 1.0350531000003684, 1.0352847999893129, 1.031406699999934, 1.0287509999907343, 1.0371545999951195, 1.0304715000092983, 1.0388451000035275, 1.048734299998614, 1.038373400006094, 1.0344781000021612, 1.026916299990262, 1.0331093999993755, 1.0331567999965046, 1.0310814999975264, 1.0303406000020914, 1.0337761999981012, 1.0258457999880193, 1.032201799986069, 1.034898099998827, 1.0311815000022762, 1.0271581999986665, 1.0263666000100784, 1.027281500006211, 1.0335620999976527, 1.0313992999872426, 1.0291746000002604, 1.026410799997393, 1.0356920000049286, 1.033406800008379, 1.0315231999993557, 1.0284937000105856, 1.0347955000033835, 1.0264710999908857, 1.0296195999981137, 1.0305927000008523, 1.0292679999984102, 1.0298461000056705, 1.0272881999990204, 1.0352262000087649, 1.0331936000002315, 1.0324487000034424, 1.0321632999985013, 1.0283086999988882, 1.0268223000020953, 1.0290136999974493],