{"nuitka": {"warmup": [1.3192856999958167, 1.2914373999956297, 1.2964002000080654, 1.2913637000019662, 1.2769046000030357, 1.300155499993707, 1.2904517000133637, 1.302666899995529, 1.2980449000024237, 1.2894983000005595, 1.280779499997152, 1.309064800007036, 1.2897522999992361, 1.331136000007973, 1.2885443999985, 1.295124099997338, 1.283681599990814, 1.2838282000011532, 1.3105528999876697, 1.2967687000054866, 1.309999200006132, 1.3057908000046154, 1.2934151999943424, 1.307788400008576, 1.2874654999905033, 1.3149127000069711, 1.2956639000040013, 1.2817739999882178, 1.2892938000004506, 1.2815061000001151, 1.2975890000088839, 1.2939219000109006, 1.3340943999937735, 1.2812707999983104, 1.2880405000032624, 1.2924204999872018, 1.2888425000128336, 1.2931330999999773, 1.2998369999986608, 1.3067580999922939, 1.2909079000091879, 1.2995014999905834, 1.283834299989394, 1.3068791999976384, 1.3515534999896772, 1.2867641000048025, 1.292419700010214, 1.2822909999958938, 1.3038074000069173, 1.2940762000071118, 1.295350000000326, 1.292593999998644, 1.282676700007869, 1.2953112999966834, 1.2929189999995288, 1.2890965999977197, 1.301563699991675, 1.2887925999966683, 1.31402099999832, 1.2829188000032445, 1.3060928999911994, 1.297414899992873, 1.2839221000031102, 1.2885289999976521, 1.2922498999978416, 1.319356100008008, 1.288288299998385, 1.2917412999959197, 1.2842133000085596, 1.2866725999920163, 1.2858482000010554, 1.3058085999946343, 1.2941716000059387, 1.3129786999925273, 1.2898458999989089, 1.3067042999900877, 1.2972603000089293, 1.298666900009266, 1.2885604999901261, 1.2980259000032675, 1.2972998000041116, 1.2898007999901893, 1.292620700012776, 1.30839659999765, 1.3000763000018196, 1.294543900003191, 1.3166461000073468, 1.305758100003004, 1.29539100000693, 1.3137388000031933, 1.2990927000064403, 1.296948600007454, 1.287206299995887, 1.3053920000093058, 1.2924828999966849, 1.2939035000017611, 1.2980769999994664, 1.3386562000086997, 1.2991828000085661, 1.3334273999935249], "benchmark": [1.2972391999937827, 1.3077651999919908, 1.2875192999927094, 1.293219000013778, 1.291837900003884, 1.2997480000049109, 1.2876914000080433, 1.2959119000006467, 1.2878406999952858, 1.3181073000014294, 1.3139650999946753, 1.2855560000025434, 1.2879091000068001, 1.3046867999946699, 1.2917128999979468, 1.2863382000068668, 1.3075284999940777, 1.2967665000032866, 1.2880623999953968, 1.3103416000085417, 1.2919575999985682, 1.287413900005049, 1.3046649000025354, 1.2905936000024667, 1.2987056999991182, 1.321997699997155, 1.2913587000075495, 1.2911882000043988, 1.3100092000095174, 1.2884811999974772, 1.285013100001379, 1.2978849999926751, 1.300004099990474, 1.2966072000126587, 1.2950788000016473, 1.2910402999987127, 1.2876880999974674, 1.294875299994601, 1.286403699996299, 1.2869457000051625, 1.2986401000089245, 1.2896447999955853, 1.3028884000086691, 1.3097887999902014, 1.2861163999914424, 1.285330700004124, 1.306651500010048, 1.28820789999736, 1.28923969999596, 1.3016054999898188, 1.2933298999996623, 1.3050504999991972, 1.3133740999910515, 1.291801100000157, 1.2954392999963602, 1.2905372000095667, 1.303046599990921, 1.3237860999943223, 1.3003708999895025, 1.3120997000078205, 1.3200188000046182, 1.2832013000006555, 1.2851497000083327, 1.319077499996638, 1.281672900004196, 1.3176518000109354, 1.3027708000008715, 1.2930163999990327, 1.2925695000012638, 1.2900784000084968, 1.2933450999989873, 1.2854148000042187, 1.2827256000018679, 1.3311341000080574, 1.3011847000016132, 1.3163379000034183, 1.291533099996741, 1.2936956000048667, 1.2933829000103287, 1.2824951999937184, 1.3184077000041725, 1.2975066999933915, 1.2833324000093853, 1.2904261000076076, 1.2883191000000807, 1.2922623999911593, 1.3005704999959562, 1.289690999998129, 1.2875665000028675, 1.3002317000064068, 1.2840379999979632, 1.350977399997646, 1.2905367000057595, 1.3132703000010224, 1.2881292000092799, 1.2933153999911156, 1.317843000011635, 1.3108632000075886, 1.310892800000147, 1.3088233000016771]}, "cpython": {"warmup": [0.6866265999997267, 0.678609199996572, 0.6721245999942767, 0.6803663999889977, 0.6687928999890573, 0.6681178999861004, 0.6899532999959774, 0.6872385000024224, 0.6734319000097457, 0.6950307999941288, 0.6732001000054879, 0.6881591999990633, 0.6684060999978101, 0.6698774999968009, 0.6821870999992825, 0.6908702999935485, 0.6673080999898957, 0.681433299992932, 0.7418518999911612, 0.6779844999982743, 0.6674229999916861, 0.6667346000031102, 0.6772739000007277, 0.6692198999953689, 0.6959570000035455, 0.6777788000035798, 0.6664659999951255, 0.6676662999961991, 0.6820501000038348, 0.6811394999967888, 0.6652902999921935, 0.6685970999969868, 0.6730483999999706, 0.7575283000041964, 0.6647195999976248, 0.6816330000001471, 0.6770695999875898, 0.6653128000034485, 0.6772697999986121, 0.677076300009503, 0.6817799999989802, 0.6645518000004813, 0.6682185999961803, 0.6676469999947585, 0.6851320999994641, 0.6715374999912456, 0.6792709000001196, 0.6876338000001851, 0.670269999987795, 0.6678417999937665, 0.676857900005416, 0.6679434999969089, 0.6801713000022573, 0.7402400999999372, 0.6848365999903763, 0.6845582000096329, 0.6702389999991283, 0.6837475999927847, 0.6859705000097165, 0.7647048000071663, 0.6780303999985335, 0.6663246000098297, 0.6919909999996889, 0.6769130000029691, 0.6770632000116166, 0.6673395999969216, 0.6708773999998812, 0.66722820000723, 0.6715514000097755, 0.6870305000047665, 0.6691128999955254, 0.6642162000061944, 0.6732576000067638, 0.6740398999972967, 0.7427322000003187, 0.6691606999957003, 0.6687521999992896, 0.6838836999959312, 0.727468900004169, 0.6700412999925902, 0.7265137000067625, 0.6928355999989435, 0.680880599989905, 0.7398484000004828, 0.675077500010957, 0.6826893999968888, 0.6761362000106601, 0.6860750999912852, 0.679570699998294, 0.6679870000079973, 0.6674525999987964, 0.6827265000029001, 0.6742910000029951, 0.6707151000009617, 0.674681899996358, 0.6776870000030613, 0.6761250000126893, 0.6716446000064025, 0.6945173999993131, 0.6779118999984348],