{"nuitka": {"warmup": [1.1163964000006672, 1.0223671999992803, 1.0185310999950161, 1.0167930999887176, 1.0133855000021867, 1.0076599000021815, 1.015368699998362, 1.0186031000048388, 1.014830100000836, 1.0166981000074884, 1.0166628999868408, 1.0293048999883467, 1.0332730000081938, 1.0137748999986798, 1.0160950999998022, 1.012021000002278, 1.0174454000080004, 1.0125289999996312, 1.02434699999867, 1.0255311999935657, 1.020588300001691, 1.0259139999980107, 1.0103010000020731, 1.0244576999975834, 1.0268650999933016, 1.0106921999977203, 1.0256339000043226, 1.021898400009377, 1.0124635999964084, 1.0512872000108473, 1.0244584000029135, 1.0231197000102839, 1.0125722999946447, 1.0148747999919578, 1.027773800000432, 1.0206156999920495, 1.0112596999970265, 1.0098542999912752, 1.0174804999987828, 1.0126780999999028, 1.0130017000046792, 1.0393932000006316, 1.0186897000094177, 1.017319899998256, 1.0118017999920994, 1.0292271000071196, 1.0206598000077065, 1.0204038999945624, 1.0223901999997906, 1.0194543999969028, 1.014178700002958, 1.011988799989922, 1.0462114999972982, 1.0125562000030186, 1.0224561000068206, 1.010419300000649, 1.0175397000130033, 1.023841700007324, 1.0138485999923432, 1.0357446999987587, 1.0239393999945605, 1.0202108999947086, 1.0151271000067936, 1.016690500007826, 1.026165499992203, 1.0278439999965485, 1.0199112000118475, 1.0196837999974377, 1.0280930000008084, 1.024705100004212, 1.027315900006215, 1.0215343000018038, 1.0171771000023, 1.023334600002272, 1.0307967999979155, 1.026403300013044, 1.0210576999961631, 1.0277647000038996, 1.0353065999952378, 1.0104613000003155, 1.0315804000128992, 1.0243485999963013, 1.016806199986604, 1.0152208999934373, 1.0169565999967745, 1.0336926000018138, 1.026594800001476, 1.0164999999979045, 1.025647400005255, 1.0290059999970254, 1.0158823000092525, 1.0104769000026863, 1.0401835000084247, 1.0131448000029195, 1.0237781000032555, 1.0093018999905325, 1.013428499994916, 1.0185444000089774, 1.0117612999893026, 1.0177694000012707], "benchmark": [1.0165945000044303, 1.016255499998806, 1.0209666000009747, 1.0131202999909874, 1.0279483999911463, 1.0087385999941034, 1.01073290000204, 1.0186776999908034, 1.016601700001047, 1.009083200013265, 1.0177281999931438, 1.0136104999983218, 1.0250284999929136, 1.0313410999951884, 1.0138365000020713, 1.0119950999942375, 1.0110079000005499, 1.0244338999909814, 1.0341651999915484, 1.0187384999881033, 1.0161186000041198, 1.0151330000080634, 1.0261652000044705, 1.0116769000014756, 1.0321721000073012, 1.033944100010558, 1.0060340000054566, 1.0211501000012504, 1.0167251999955624, 1.0095753999921726, 1.0135423000028823, 1.0252034000004642, 1.0413302999950247, 1.0248648000124376, 1.0210260000021663, 1.0158575999957975, 1.013721200011787, 1.032186800002819, 1.0161163000011584, 1.0220334000041476, 1.030239600004279, 1.024835999996867, 1.0143632000108482, 1.0146641000028467, 1.0450031999935163, 1.0158937000087462, 1.0278488000039943, 1.0128772000025492, 1.0155369999993127, 1.0217943000025116, 1.0116492000088328, 1.0106372000009287, 1.0136506999988342, 1.0172288999892771, 1.0273366999899736, 1.0242950999963796, 1.0113440999994054, 1.0123773000086658, 1.0151436000014655, 1.015667100000428, 1.011928199994145, 1.0154783000034513, 1.0235780000075465, 1.030836999998428, 1.0122535999980755, 1.0389159000042127, 1.0194936999905622, 1.0285857999988366, 1.0101166999957059, 1.0208467000047676, 1.0126066999946488, 1.017575099991518, 1.0098053999972763, 1.0076419999968493, 1.0159166000084952, 1.0180316000041785, 1.0149008000007598, 1.028808500006562, 1.0165928000060376, 1.014160600010655, 1.0133668999915244, 1.0154167000000598, 1.0142207000026247, 1.0213622000010218, 1.0128920999995898, 1.0666084999975283, 1.0277384999935748, 1.0109661999886157, 1.0143549999920651, 1.024188299998059, 1.010943800007226, 1.026123000003281, 1.0218631000025198, 1.017575099991518, 1.0103039000096032, 1.0129945000080625, 1.0200568000000203, 1.018423300003633, 1.0540715000097407, 1.018035899993265]}, "cpython": {"warmup": [1.102329200002714, 1.1425737999961711, 1.1014234000031138, 1.0928188000107184, 1.0924625000043306, 1.0927335000014864, 1.105195799987996, 1.0914174000063213, 1.122095700004138, 1.0935289999906672, 1.149817700003041, 1.1042900000029476, 1.1112348000024213, 1.0932536000036635, 1.0933339000039268, 1.0955180999881122, 1.0930220000009285, 1.1001195999997435, 1.0949836000072537, 1.137184100007289, 1.1228870999912033, 1.1073267000028864, 1.0951560999965295, 1.097876500003622, 1.0963680999993812, 1.0947749000042677, 1.0938576000044122, 1.0945868999988306, 1.0935405999916838, 1.094143800000893, 1.0932898000028217, 1.1111947999888798, 1.107108199998038, 1.109444000001531, 1.1117921999975806, 1.0941646999999648, 1.1246252999990247, 1.1102354999893578, 1.0881989999907091, 1.108850500007975, 1.0957679999992251, 1.1116588000004413, 1.0933069000020623, 1.1013215999992099, 1.0950079999893205, 1.149505900000804, 1.093256599997403, 1.1399096000095597, 1.1095368999958737, 1.1341981000005035, 1.101537800001097, 1.108822299996973, 1.1115984000061871, 1.0953334999940125, 1.0914785000059055, 1.1065682000044035, 1.103963899993687, 1.093858000007458, 1.0926407999941148, 1.1161761000112165, 1.091883199987933, 1.1097033999976702, 1.0969740000000456, 1.0928343000123277, 1.093481800009613, 1.09822030000214, 1.1073569000000134, 1.1009983999974793, 1.0954412000137381, 1.0950541999918642, 1.0960671000066213, 1.0941386999911629, 1.1373219000088284, 1.0917216999951052, 1.0918878000084078, 1.0933428000134882, 1.1673684999987017, 1.121969400002854, 1.096071199994185, 1.1019768999976804, 1.0943639999895822, 1.121599599995534, 1.0984397000138415, 1.1024297999974806, 1.1431522999919252, 1.0956253999902401, 1.0923952000011923, 1.0947828000062145, 1.0980608999961987, 1.0958915000082925, 1.0929624999989755, 1.1000204000010854, 1.1137476000003517, 1.0972673000069335, 1.0937886999890907, 1.105643200004124, 1.0924116999958642, 1.0936316000006627, 1.1278995000029681, 1.1106659999932162], "benchmark": [1.0972084999957588, 1.0928028000053018, 1.1019780000060564, 1.089047900008154, 1.0976064999995288, 1.0989406000007875, 1.0935838000004878, 1.1030926999956137, 1.1514869999955408, 1.0937615000002552, 1.0972130000009201, 1.116638099992997, 1.1247585999954026, 1.0921552999934647, 1.09390780000831, 1.0953232000028947, 1.0934778000082588, 1.094849899993278, 1.0927043999981834, 1.094210800001747, 1.091025699992315, 1.1118458999990253, 1.101304199997685, 1.1221366999961901, 1.1403630999993766, 1.0936534999927972, 1.1111632999964058, 1.09489749999193, 1.0969936000037706, 1.0913828000047943, 1.0985062999970978, 1.0943349000008311, 1.0944155000033788, 1.0959395000099903, 1.122527400002582, 1.0935326000035275, 1.0937496999977157, 1.139842700009467, 1.1247953999991296, 1.1368581999995513, 1.0967023999983212, 1.0999533999856794, 1.0904689000017243, 1.0920093000022462, 1.1477075000002515, 1.1054861000011442, 1.1001695999875665, 1.1026437999971677, 1.092340700008208, 1.1529928000090877, 1.107918099995004, 1.0930651999951806, 1.093564199996763, 1.095229799990193, 1.0926461999915773, 1.094757099999697, 1.0955459000106202, 1.0932945999957155, 1.1084880999987945, 1.097584100003587, 1.1018862000055378, 1.0932007000083104, 1.0948235999967437, 1.0933029000007082, 1.0940716999903088, 1.0992527999915183, 1.092977599997539, 1.1165731999935815, 1.1376750999916112, 1.1121888999914518, 1.0932252000056906, 1.10454149999714, 1.094953500010888, 1.093114900009823, 1.095550899990485, 1.0928505000047153, 1.1028963999997359, 1.104892800009111, 1.0952217000012752, 1.1398174999922048, 1.0929483999934746, 1.1035548000072595, 1.0925758000084898, 1.11366149999958, 1.1405269999959273, 1.0932278999971459, 1.113976000007824, 1.097306199997547, 1.090745199995581, 1.102729599995655, 1.1025257000001147, 1.0969793999975082, 1.1385574000014458, 1.0945188000041526, 1.1021920000057435, 1.1068602000013925, 1.0947091999987606, 1.0953095000004396, 1.113866700005019, 1.1361656000080984]}}