{"nuitka": {"warmup": [1.0554400000110036, 1.3939792000019224, 1.0143261999910465, 1.010690800001612, 1.0051252999983262, 1.0016352999955416, 1.0025067999958992, 1.0103169999929378, 1.009417699999176, 1.0335021000064444, 1.00568519999797, 1.0018610999977682, 1.0088264999940293, 1.0084746000065934, 1.00495509999746, 1.005328200000804, 1.001287900013267, 1.0015395999944303, 1.003804099993431, 1.000729899998987, 0.999703599998611, 1.0077262000122573, 1.01121620000049, 1.0018713000026764, 1.004652999996324, 1.0140454000065802, 1.005874299997231, 1.0108750999934273, 0.9959955000085756, 1.0165120999881765, 1.00899919999938, 1.0005728999967687, 1.0057265999930678, 1.003373700004886, 1.0016551000007894, 1.0205981000035536, 1.005232800001977, 1.003899100003764, 1.0128419999964535, 1.002946199994767, 1.0004547999997158, 1.0004451999993762, 1.0143265999940922, 1.0073771000024863, 1.018864300000132, 1.612383800005773, 1.143335799992201, 1.003486800007522, 1.0044702000013785, 1.0107188999973005, 0.997409699994023, 1.0210701000032714, 1.0044898000051035, 1.0097419999947306, 1.002433799993014, 1.001913300002343, 1.0027523000026122, 1.002586299990071, 1.0156080000015208, 1.004272399994079, 1.0119553999975324, 0.9984638000023551, 1.0158289999963017, 1.0201068000023952, 1.0312389000027906, 1.0135200999939116, 1.0018379000102868, 1.0027892000071006, 1.0080378999991808, 1.0071251000044867, 1.006782700002077, 0.999259299991536, 1.0127463999961037, 1.0438528999948176, 1.0016984000103548, 1.0027345999988029, 1.007351700012805, 1.0189199000014924, 0.9980234000104247, 1.0121998000104213, 1.012920799999847, 1.0031553000007989, 1.0097518999973545, 1.0132331000058912, 1.014362699992489, 1.0013775999977952, 0.9978944000031333, 1.0009831999923335, 0.9992899000062607, 1.0208084000041708, 1.0445124999969266, 1.022118799999589, 1.002975899988087, 0.999721000000136, 1.0006390000053216, 1.003364000003785, 1.0341352999967057, 1.0023406999971485, 1.0047030999994604, 1.005828699999256], "benchmark": [1.0003819999983534, 1.0144826999894576, 1.0313217000075383, 1.0337819999986095, 1.0161049000016646, 1.0090068000135943, 1.005099899994093, 1.0093673000083072, 1.0028032999980496, 1.0024042000004556, 1.0136656000104267, 1.016141800006153, 1.0136008999979822, 1.0032737000001362, 1.027201699995203, 1.0062829999951646, 1.002894399993238, 1.004874500009464, 1.0030051999929128, 1.0297882000013487, 1.0392687999992631, 1.000462800002424, 1.006247600002098, 1.0080007999931695, 1.0016350999940187, 1.012709899994661, 0.998931399997673, 1.0015262000088114, 1.004713599992101, 1.0118700000020908, 1.0150005999894347, 1.0139769000088563, 1.0104717000067467, 1.0078987000015331, 1.000266200004262, 1.0154288000048837, 1.016258800009382, 1.000345299995388, 1.0182050000003073, 1.010715500000515, 1.0161447999998927, 1.0085386999999173, 1.0026576000091154, 1.0003984000068158, 1.0016742999869166, 0.9999055999942357, 1.0437262000050396, 1.0082752000016626, 0.9988675999920815, 0.9964672999922186, 1.0109729999967385, 1.0085872999916319, 1.0232535999966785, 1.0043296000076225, 1.0111552000016673, 1.0023627000045963, 1.009234600001946, 1.0036347999994177, 1.004554700004519, 1.005116000000271, 1.0019558999920264, 1.0092280999961076, 1.0049545999936527, 1.0102738000132376, 1.0010366999922553, 1.014424200009671, 1.002802300004987, 1.006923300010385, 1.0043854999967152, 1.0262387999973726, 1.002009600008023, 1.0062165999988792, 1.0102333000104409, 1.0041766999929678, 1.0129108999972232, 1.025816900000791, 1.0229493999941042, 1.0054061999981059, 1.0063388999988092, 1.000665499988827, 1.0022848000080558, 1.0026996999949915, 1.00498399999924, 1.0037632000021404, 1.0106044999993173, 1.0133983999985503, 0.999929899990093, 1.010069800002384, 1.021448200001032, 1.0138609999994515, 1.005784200009657, 1.0007549000001745, 1.0067243999947095, 1.0055074999982025, 1.0129713000060292, 1.0061502999888035, 1.0026152999926126, 1.0046258999936981, 1.032096900002216, 1.0034945999941556]}, "cpython": {"warmup": [1.0320197999972152, 1.0364208999963012, 1.0317112999910023, 1.0279439000005368, 1.033924900009879, 1.026680099996156, 1.0292183000128716, 1.037458599996171, 1.0278074000088964, 1.0361359000089578, 1.0294174000009662, 1.029948900002637, 1.0347509999992326, 1.0277911000011954, 1.0318564999906812, 1.027922799999942, 1.0304348000063328, 1.0278866000007838, 1.0391335000022082, 1.0300236999901244, 1.0337717999937013, 1.0347143999970285, 1.034396699993522, 1.0282622999948217, 1.0322230000019772, 1.0304837000003317, 1.032666800005245, 1.0384802000044147, 1.0283342000038829, 1.031833299988648, 1.0302612999948906, 1.0321436000085669, 1.032711300009396, 1.0415830999991158, 1.0338000999909127, 1.032339100012905, 1.0300631999998586, 1.0297218000050634, 1.030206100011128, 1.0285337000095751, 1.0282545000081882, 1.0337159000046086, 1.0344396000000415, 1.0319328000041423, 1.02677529999346, 1.036225200004992, 1.0281345999974292, 1.0353950999997323, 1.031757100005052, 1.031261700001778, 1.031454299998586, 1.0277264999895124, 1.0421445999963908, 1.033830600004876, 1.0369199000124354, 1.0327411000034772, 1.0329603999998653, 1.0306013999943389, 1.0289297999988776, 1.0274650000064867, 1.0320982999983244, 1.032055899995612, 1.031274900000426, 1.0329389000107767, 1.031730000002426, 1.0337413000088418, 1.0269028000038816, 1.032701400006772, 1.0297286999993958, 1.0344017000024905, 1.0263875999953598, 1.028442199996789, 1.0265077999938512, 1.0370566000055987, 1.0329366999940248, 1.0300074999977369, 1.0273223999975016, 1.0315854999935254, 1.030074499998591, 1.031955400001607, 1.0261452999984613, 1.0278316999902017, 1.03098380001029, 1.028590300003998, 1.0306352999905357, 1.0333259000035468, 1.0341339000005974, 1.0306799999962095, 1.0299397000053432, 1.035666099996888, 1.0385296000022208, 1.0280670000065584, 1.0368043000053149, 1.0273026000068057, 1.0375826000090456, 1.0316423000040231, 1.0288182999938726, 1.0292737999989185, 1.0319872999971267, 1.0323041999945417], "benchmark": [1.0277014000021154, 1.0353750999929616, 1.0283374999999069, 1.0312733000027947, 1.0370330999867292, 1.0303139000025112, 1.0311015000042971, 1.0358223999937763, 1.0349713000032352, 1.0323095000057947, 1.029778099997202, 1.0427947999996832, 1.0317425999965053, 1.0296167000051355, 1.0301640999969095, 1.0331391999934567, 1.0322726000013063, 1.0395736000064062, 1.039360900002066, 1.0328308000025572, 1.0359136999904877, 1.0300964000052772, 1.0291837999975542, 1.040657999998075, 1.038873400000739, 1.0324868000025162, 1.0331854999967618, 1.0327895000082208, 1.0324617000005674, 1.038381999998819, 1.0330784999969183, 1.0311216999980388, 1.0331291000038618, 1.0301405000063824, 1.0276616000046488, 1.0381953000032809, 1.033609299993259, 1.0300726999994367, 1.0335734999971464, 1.0302488000015728, 1.0382650999963516, 1.0348233999975491, 1.030962200005888, 1.0287781999941217, 1.0336736000026576, 1.03024639999785, 1.034307900001295, 1.027174400005606, 1.0312274000025354, 1.026333900008467, 1.0278421999973943, 1.0288372000068193, 1.035626400000183, 1.0338226999883773, 1.0352711000014096, 1.0295394999993732, 1.0285681999957887, 1.0321201999904588, 1.031938000000082, 1.034053600000334, 1.033667299998342, 1.0256863000104204, 1.0335433000000194, 1.0263336999923922, 1.0391336000029696, 1.0379956999968272, 1.0424905999971088, 1.0287884999997914, 1.0359457000013208, 1.0307324000023073, 1.0361462000000756, 1.03188379999483, 1.0344391999969957, 1.0343677000055322, 1.0284503000002587, 1.0415397999895504, 1.0324177000002237, 1.0312135999993188, 1.0339191000093706, 1.035998000006657, 1.031319400004577, 1.034542399997008, 1.0282305999862729, 1.029716200006078, 1.0354929999884916, 1.0260154999996303, 1.0359123999951407, 1.0301611000031698, 1.0421207999897888, 1.034871000010753, 1.0320241000008537, 1.0294762999983504, 1.027468799991766, 1.0315556000132347, 1.0400881999958074, 1.0401557000004686, 1.031087800001842, 1.0250436999922385, 1.0293267000088235, 1.0305301000043983]}}