{"nuitka": {"warmup": [1.0499814999930095, 1.0393400000029942, 1.0293307999963872, 1.0306546000065282, 1.0296692999982042, 1.0310091999999713, 1.056938000008813, 1.028287299996009, 1.030717799992999, 1.036467600002652, 1.0457855999993626, 1.0406808999978239, 1.049746899996535, 1.0360537999949884, 1.0661713000008604, 1.0285274000052596, 1.0369433000014396, 1.0460944000078598, 1.0678439000039361, 1.0322044000058668, 1.032790199998999, 1.0419656000012765, 1.0583611000038218, 1.0280717999994522, 1.0434859999950277, 1.0292407000088133, 1.043189900010475, 1.0288483000040287, 1.0330924000008963, 1.0387076000042725, 1.0398318999941694, 1.041948300000513, 1.0288704999984475, 1.041129399993224, 1.0320286999922246, 1.0324748999992153, 1.0401285999978427, 1.039996899999096, 1.034037299992633, 1.0368702999985544, 1.0301593000040157, 1.0290540999994846, 1.0297849999915343, 1.0308732999983476, 1.041440100001637, 1.0271716999995988, 1.052919199995813, 1.037778600002639, 1.0376734999881592, 1.1150485000107437, 1.0505529999936698, 1.0333081999997376, 1.0352687000122387, 1.0322187999991002, 1.0398881000000983, 1.0315024000010453, 1.0298160000093048, 1.051053100003628, 1.039831799993408, 1.0313094000011915, 1.0535602000018116, 1.0282191000005696, 1.0343922000029124, 1.0437443000118947, 1.0296120999992127, 1.0415666999906534, 1.02912049999577, 1.0393006000085734, 1.050161899998784, 1.0619793999940157, 1.030616399992141, 1.0401510999945458, 1.0362403000035556, 1.0326839000044856, 1.030666899998323, 1.0289888000115752, 1.0297709000005852, 1.0361659999907715, 1.0306993999984115, 1.028487799994764, 1.0326463999954285, 1.0386257999925874, 1.0304907000099774, 1.0328219000075478, 1.0418927999999141, 1.0301475000014761, 1.0329575000068871, 1.0279054999991786, 1.0505381999973906, 1.027884199997061, 1.0280630000052042, 1.0309452000074089, 1.0297005000029458, 1.0516877000045497, 1.029458999997587, 1.066655599992373, 1.03055760001007, 1.030529800002114, 1.0295732999948086, 1.030322000005981], "benchmark": [1.047686200006865, 1.0303576000005705, 1.0601464999926975, 1.0416818999947282, 1.0310275000083493, 1.0391417000064394, 1.0318293000018457, 1.0323558999953093, 1.0402868000091985, 1.0277193999936571, 1.0314605999883497, 1.0435284999985015, 1.0314516000071308, 1.0568808000098215, 1.040715099996305, 1.0546373000106541, 1.0313816999987466, 1.0369056000054115, 1.0326328999944963, 1.0323962999973446, 1.029584599993541, 1.0668349000043236, 1.0319219999946654, 1.0315884000010556, 1.0415646000037668, 1.0305776000022888, 1.0309536999993725, 1.0299951000051806, 1.0308375999884447, 1.0380795000091894, 1.0287863999983529, 1.0309024000016507, 1.0313788000057684, 1.0382064000004902, 1.0302967000025092, 1.0315846000012243, 1.0327350000006845, 1.0300315000058617, 1.0294189999985974, 1.0412664999894332, 1.0295484000089345, 1.0296748999971896, 1.0330899999971734, 1.031379599997308, 1.0309604999929434, 1.0299079999967944, 1.0380941999901552, 1.0313258999958634, 1.0302069000026677, 1.0277420999918832, 1.0404519000003347, 1.0556063999974867, 1.0519614000077127, 1.0304673000064213, 1.0284901999984868, 1.0382688999961829, 1.0383883000031346, 1.0323676999978488, 1.0700963999988744, 1.030135799999698, 1.0391874000051757, 1.0280568000016501, 1.0280100999952992, 1.0311499999952503, 1.0320576999947662, 1.02951849999954, 1.0331052999972599, 1.0502407000021776, 1.0335781999892788, 1.0408954000013182, 1.0313385000044946, 1.0351067000010516, 1.039866000006441, 1.0416067000041949, 1.0284596999990754, 1.0289345000055619, 1.0403001999948174, 1.0361327999999048, 1.0364088999922387, 1.0281957000115653, 1.0329806999943685, 1.0281369000003906, 1.0384635999944294, 1.036462499992922, 1.0388813000026857, 1.0337961000041105, 1.0301073000009637, 1.031239199990523, 1.029955499994685, 1.038956500007771, 1.0295134000043618, 1.031329999997979, 1.0304731000069296, 1.0367835000070045, 1.027079400009825, 1.033484400002635, 1.0398815000080504, 1.0638321000005817, 1.0314027999993414, 1.0288505999924382]}, "cpython": {"warmup": [0.7807360000006156, 0.7633897000050638, 0.7763508000061847, 0.7681957000022521, 0.7677874000073643, 0.7719141999987187, 0.7668728999997256, 0.7678391999943415, 0.7685261000005994, 0.7759127000026638, 0.7711707999987993, 0.7697737000125926, 0.7717878999974346, 0.7749337999994168, 0.7685728999931598, 0.76520100000198, 0.7702924999903189, 0.7765227999916533, 0.7631605999922613, 0.7797813999932259, 0.7682102999970084, 0.777848499987158, 0.7692174000112573, 0.7672663999983342, 0.7658350999990944, 0.7676019000064116, 0.769252600002801, 0.7776100000046426, 0.7717438999970909, 0.7695756000030087, 0.7754473000095459, 0.7687264000123832, 0.7685584999999264, 0.7704763999936404, 0.7748050000082003, 0.7814341999910539, 0.7689258000027621, 0.7678942999918945, 0.7788996000017505, 0.7716532999911578, 0.7767830000084359, 0.7738763999950606, 0.7701961999991909, 0.7768391000136035, 0.7691164999996545, 0.7766124999907333, 0.7667712999973446, 0.7731364000064787, 0.7747187999921152, 0.7840763000131119, 0.7699446999904467, 0.7722412000002805, 0.7659780000103638, 0.7697157000075094, 0.7686168000072939, 0.7689024999999674, 0.7724600000074133, 0.7745798000105424, 0.7655852000025334, 0.7719301999895833, 0.7726065999886487, 0.7656246000115061, 0.7682124999992084, 0.776434600003995, 0.7671776999923168, 0.768223000006401, 0.7678554000012809, 0.7764533000008669, 0.7706403999909526, 0.7673892000020714, 0.7786694999958854, 0.7655538999970304, 0.7683525999891572, 0.7687751999910688, 0.7676554000063334, 0.7723929000057979, 0.7721970999991754, 0.7691331999958493, 0.7676814000005834, 0.7669638000079431, 0.7673836999892956, 0.7763936000119429, 0.7775074999954086, 0.7684840000001714, 0.7689000999962445, 0.7730319000111194, 0.7647217999910936, 0.7666553000017302, 0.7661002999957418, 0.776127599994652, 0.7644165999954566, 0.7716917999932775, 0.7720161999895936, 0.7699715000053402, 0.767431200001738, 0.7725038000062341, 0.7692810999869835, 0.7667392000003019, 0.7769392000045627, 0.7690288000012515],