{"nuitka": {"warmup": [1.2640415000059875, 1.252098199998727, 1.2457285999989836, 1.2949775000015507, 1.2427747000037925, 1.2437713999970583, 1.2473209999880055, 1.244324500003131, 1.2455354000121588, 1.2451985999941826, 1.2553043000079924, 1.2425838000053773, 1.2405699999944773, 1.2633301999885589, 1.2517298000020673, 1.2465373999875737, 1.2468508000019938, 1.2439274999924237, 1.2417636000027414, 1.2448140999913448, 1.2813826000055997, 1.2391261999873677, 1.2474539000104414, 1.2495677000115393, 1.2475522000022465, 1.2486339999886695, 1.2448213000025135, 1.2432894999947166, 1.2560846999986097, 1.2417128999950364, 1.2474511999898823, 1.2439780999993673, 1.2497522000048775, 1.2501351999962935, 1.2438437000091653, 1.2399679999944055, 1.2415812999970512, 1.2571756999968784, 1.2486862999940058, 1.2419114999938756, 1.2449665000021923, 1.2431136000086553, 1.2429572000110056, 1.2532345999934478, 1.3002375999931246, 1.250916999997571, 1.244969499995932, 1.243606499992893, 1.2553540999942925, 1.2429396000079578, 1.251265400002012, 1.2548766999971122, 1.2449496000044746, 1.2402518999879248, 1.2945885000081034, 1.2477465999982087, 1.2947982999903616, 1.252768099991954, 1.2440329999953974, 1.245311499995296, 1.2448320999974385, 1.2422993000072893, 1.2413537000102224, 1.2555320999963442, 1.2372939000051701, 1.2504888999974355, 1.2594663000054425, 1.2521282000088831, 1.2442894999985583, 1.2560203000030015, 1.2466896000114502, 1.2393063999916194, 1.247380400003749, 1.2987084000051254, 1.2507322000019485, 1.2443536999926437, 1.2431929000013042, 1.2406521000084467, 1.2415199000097346, 1.2402688000001945, 1.2461718000122346, 1.2603569000057178, 1.2500855999969644, 1.2451073999982327, 1.2412673000071663, 1.2398570000077598, 1.247665600007167, 1.2442518000025302, 1.2371836000093026, 1.2468474999914179, 1.2601589999976568, 1.2907059999997728, 1.2967451000004075, 1.2437149999896064, 1.314270899994881, 1.2368305999989389, 1.2414102000038838, 1.3034331999951974, 1.2428383999940706, 1.2789844000071753], "benchmark": [1.243770899993251, 1.259573300005286, 1.2505534999945667, 1.2450458999956027, 1.3015037999866763, 1.2405437999987043, 1.2464235999941593, 1.2522051999985706, 1.293242999992799, 1.2482658999942942, 1.2430621000094106, 1.2376758000027621, 1.2449376000004122, 1.2479985999962082, 1.2909980999975232, 1.246528000003309, 1.2529826000100002, 1.250674999988405, 1.2425559999974212, 1.285459799997625, 1.2456495000078576, 1.253580399992643, 1.2505749999982072, 1.2398830000020098, 1.242059700001846, 1.2458664000005228, 1.2435809000016889, 1.245914700004505, 1.241726899999776, 1.2448756000085268, 1.2474671999952989, 1.2439338999975007, 1.2415638999955263, 1.3259300999925472, 1.2387161999940872, 1.2437517000071239, 1.2451001000008546, 1.2417869999917457, 1.2396347999892896, 1.2511354000016581, 1.2504622999986168, 1.2989050000032876, 1.2491302999987965, 1.2586319000110961, 1.2912270000088029, 1.2484542000020156, 1.2427018000016687, 1.298660700005712, 1.2392560999869602, 1.2404099999985192, 1.2537575000023935, 1.2467637000081595, 1.2532551000040257, 1.241293200000655, 1.2422365000093123, 1.3272300999960862, 1.2366458000033163, 1.242812500000582, 1.2457073000114178, 1.2428798000037204, 1.2561684000102105, 1.296522200005711, 1.2452600999968126, 1.2402173000009498, 1.242530400006217, 1.32299270000658, 1.291398700006539, 1.2493033000064315, 1.2496323000086704, 1.242320799996378, 1.2405510999960825, 1.240103000003728, 1.2885793000023114, 1.2460256000049412, 1.2865219000086654, 1.2413811000005808, 1.2397905999969225, 1.2523002999951132, 1.2426225999952294, 1.248432500011404, 1.2417174000001978, 1.2529915000050096, 1.2522435999999288, 1.2958663000026718, 1.2565372999961255, 1.246501999994507, 1.2454991999984486, 1.2557278000022052, 1.2431539999961387, 1.2429440999985673, 1.2534364000021014, 1.2430449999956181, 1.2449296999984654, 1.2526588999899104, 1.2494722999981605, 1.2397199999977602, 1.2448623000091175, 1.2578604999871459, 1.2481114999973215, 1.2480372999998508]}, "cpython": {"warmup": [1.2661397000047145, 1.2655641000019386, 1.2973250999930315, 1.2677239999902667, 1.2579114999971353, 1.300477900003898, 1.2593825000076322, 1.278653999994276, 1.2673691000090912, 1.3683486999943852, 1.3284788000019034, 1.2577839000005042, 1.3433734999998705, 1.2559813000116264, 1.2644461000018055, 1.2603469000023324, 1.2637447000015527, 1.3134515000128886, 1.2988621000113199, 1.333114499997464, 1.258122999992338, 1.2573881999996956, 1.2870827000006102, 1.267913799994858, 1.2592207999987295, 1.2564836999954423, 1.256857600004878, 1.2683749999996508, 1.2561819999973522, 1.2590450999996392, 1.2678699000098277, 1.2619547999929637, 1.328343399989535, 1.2585379999945872, 1.3439792999997735, 1.260350800002925, 1.2853334000101313, 1.2563399000064237, 1.2582034999941243, 1.2752127999992808, 1.2603283999924315, 1.2998318000027211, 1.2604264999972656, 1.2829308999935165, 1.27076610000222, 1.2586761999991722, 1.2560315000009723, 1.4294209000072442, 1.2578876999905333, 1.3081125000026077, 1.2604148000100395, 1.276313399997889, 1.3107950999983586, 1.3206428999983473, 1.3451894000027096, 1.267699400006677, 1.276729000004707, 1.2621225000038976, 1.2650072000105865, 1.2569118999963393, 1.304036699992139, 1.2649784000095678, 1.2578223000018625, 1.2635421000013594, 1.2589097000018228, 1.259334399990621, 1.310141099995235, 1.3002558000007411, 1.2663097999902675, 1.2668785999994725, 1.3208398999995552, 1.9639306000026409, 1.267084100007196, 1.2744678999879397, 1.27067420000094, 1.2577418000000762, 1.2838422999921022, 1.31690439999511, 1.3015860000014072, 1.2553071000002092, 1.2551138999988325, 1.3034042000072077, 1.266955200000666, 1.2602954000030877, 1.2555006999900797, 1.2836195999989286, 1.2594919999974081, 1.2595326000009663, 1.2575182000000495, 1.260074000005261, 1.259059799995157, 1.2839688999956707, 1.2642533000034746, 1.263678200004506, 1.268652500002645, 1.2563096999947447, 1.26617350000015, 1.3027409999922384, 1.261286699998891, 1.2560799999919254], "benchmark": [1.2657694999943487, 1.256264600000577, 1.2591519999987213, 1.2615281000034884, 1.2554967000032775, 1.265779699999257, 1.2695174999971641, 1.2715751999930944, 1.2663796999986516, 1.2593117999931565, 1.2802298000024166, 1.292689399997471, 1.2575360000046203, 1.254581799992593, 1.2581562000123085, 1.263513600002625, 1.2548222999903373, 1.2689879999961704, 1.3073469999944791, 1.2656835000088904, 1.2570841999986442, 1.282216099993093, 1.26064540000516, 1.3016961000103038, 1.2858269999996992, 1.2844689000048675, 1.2729231999983313, 1.25662289999309, 1.3460855000012089, 1.2669995999895036, 1.2600786999973934, 1.3000717999966582, 1.2655665000056615, 1.2688553000043612, 1.256965799999307, 1.277658100007102, 1.2991309000062756, 1.2574579000065569, 1.2576166999933776, 1.293331400011084, 1.32587539999804, 1.2551199000008637, 1.2584416000026977, 1.3271194999979343, 1.2588132999953814, 1.2731073000031756, 1.276734499988379, 1.2639621999987867, 1.3286608000053093, 1.2991202999983216, 1.2587763000046834, 1.2889025999902515, 1.2788983000064036, 1.2602963999961503, 1.2705019999993965, 1.2770314999943366, 1.307592900004238, 1.2655075999937253, 1.286323899999843, 1.2616030000062892, 1.2576984000043012, 1.2586763999861432, 1.2588320999930147, 1.2564780000102473, 1.2542869000026258, 1.2573405000002822, 1.3012051999976393, 1.2565291999926558, 1.276130500002182, 1.2621362000063527, 1.2613991999969585, 1.261669300001813, 1.287134199999855, 1.2555705999984639, 1.2691620000114199, 1.2553748000063933, 1.2662423000001581, 1.256719000011799, 1.259592900009011, 1.257461199988029, 1.2677028000034625, 1.2571898999885889, 1.2604309999878751, 1.2557221000024583, 1.2573520000005374, 1.2541588000021875, 1.2800119000021368, 1.2988366000063252, 1.2654645000002347, 1.265436999994563, 1.3272581999917747, 1.2539737000042805, 1.260351900011301, 1.3005284999962896, 1.2592592000000877, 1.2760033999948064, 1.2630069000006188, 1.2999300999945262, 1.2570200999907684, 1.2608437999879243]}}