{"nuitka": {"warmup": [1.765002200001618, 1.3826512999949045, 1.3369221000175457, 1.3322320000152104, 1.3847160000004806, 1.3456326999876183, 1.3901981000090018, 1.3869584000203758, 1.342966099997284, 1.3432512999861501, 1.335183599992888, 1.3478526000108104, 1.3408473000163212, 1.36298999999417, 1.403098399983719, 1.3564737999986392, 1.383150999987265, 1.3802177000034135, 1.4026706000149716, 1.3424969000043347, 1.3820296000048984, 1.3806231999769807, 1.397561499994481, 1.341950200003339, 1.4006900000094902, 1.3501365999982227, 1.3852584999985993, 1.3534129000036046, 1.384376300004078, 1.3442540999967605, 1.3457919000065885, 1.343697499978589, 1.379430200002389, 1.3475868999958038, 1.3415044999856036, 1.381594500009669, 1.3473814000026323, 1.3783570999803487, 1.3319296000117902, 1.3720764000026975, 1.3751571000029799, 1.3846014000009745, 1.3786957999982405, 1.3318988000100944, 1.3318475999985822, 1.3760086999973282, 1.375585100002354, 1.3431956999993417, 1.375279200001387, 1.3137493999965955, 1.3316715999972075, 1.3115742999943905, 1.3358962000056636, 1.392611199989915, 1.37885589999496, 1.3773995000228751, 1.3432339999999385, 1.3461935999803245, 1.3933934000087902, 1.3741273000196088, 1.3868032000027597, 1.3811427000036929, 1.3364663000102155, 1.3779402000072878, 1.3339956999989226, 1.3770538000098895, 1.3382664000091609, 1.3761043000267819, 1.362340599996969, 1.377975499985041, 1.3788890000141691, 1.334077299979981, 1.3714799000008497, 1.3773505999997724, 1.3846706000040285, 1.3320018000085838, 1.3313898000051267, 1.3319588000013027, 1.3794774000125472, 1.3736764999921434, 1.4226985000132117, 1.3512674999947194, 1.3384826999972574, 1.3850735999876633, 1.3763881000049878, 1.3347701999882702, 1.4200604000070598, 1.3811931999807712, 1.3349372999800835, 1.3337796999840066, 1.3339624000072945, 1.3320644999912474, 1.3756222999945749, 1.3778386999911163, 1.3791938000067603, 1.3345573999977205, 1.376095899991924, 1.377038700011326, 1.3794224000012036, 1.3757201000116765], "benchmark": [1.335640399978729, 1.376703500020085, 1.3301060000085272, 1.3502695999923162, 1.3841563999885693, 1.3434575000137556, 1.3902923999994528, 1.3379910000076052, 1.387282800016692, 1.3701062999898568, 1.3753785000008065, 1.3363318000047002, 1.4020276000082958, 1.3376679999928456, 1.3384336000017356, 1.3376679999928456, 1.4002217999950517, 1.3760348000214435, 1.3799864999891724, 1.3231085000152234, 1.333801400003722, 1.3421923999849241, 1.3790583000227343, 1.332774199981941, 1.3336286999983713, 1.3573280000127852, 1.333416599984048, 1.3152872000064235, 1.3495057999971323, 1.335630300018238, 1.3693207999749575, 1.3452774000179488, 1.335475600004429, 1.3926220000139438, 1.3331888999964576, 1.3773738000018056, 1.396769699989818, 1.3371815999853425, 1.3798602000169922, 1.3747423999884631, 1.3315812000073493, 1.3478025999793317, 1.3332618999993429, 1.3756759999960195, 1.3314916999952402, 1.3737502000003587, 1.3380222999840043, 1.3311381000094116, 1.3321876999980304, 1.331714900006773, 1.3795997000124771, 1.3454187999886926, 1.3768196000019088, 1.3751084999821614, 1.3324713000038173, 1.3349379999854136, 1.3355576999892946, 1.3317078000109177, 1.378082799987169, 1.352210399985779, 1.333934299997054, 1.3316752999962773, 1.3788431999855675, 1.3946652000013273, 1.3774872999929357, 1.3789759999781381, 1.3312806999892928, 1.37737410000409, 1.3349855999986175, 1.3148078999947757, 1.3328394000127446, 1.3306847999920137, 1.3359143999987282, 1.3348838999809232, 1.3777449000044726, 1.3345312000019476, 1.3346396000124514, 1.3785466000263114, 1.378369299985934, 1.3946835999959148, 1.3138120000076015, 1.3352910999965388, 1.3357070999918506, 1.334470899979351, 1.3773204000026453, 1.336612100014463, 1.3899034999776632, 1.3340298999974038, 1.390216200001305, 1.376143300003605, 1.3751098000211641, 1.334956200007582, 1.3932413999864366, 1.3352947999956086, 1.3338243000034709, 1.3923650000069756, 1.3746289999980945, 1.3782640999997966, 1.3731438999820966, 1.340385099989362]}, "cpython": {"warmup": [1.4333181999973021, 1.4826393000257667, 1.4838541000208352, 1.3915374999924097, 1.4254684999759775, 1.4821506000007503, 1.4835812999808695, 1.4826429999957327, 1.4825510999944527, 1.4512509999913163, 1.4841662000108045, 1.4824041000101715, 1.4236295000009704, 1.4342137000057846, 1.4836746999935713, 1.4844181000080425, 1.4231434999965131, 1.4254329999967013, 1.410414000012679, 1.4276801999949384, 1.5146261999907438, 1.47819000002346, 1.4918074999877717, 1.4352557999955025, 1.521621599997161, 1.4336234999937005, 1.4386491999903228, 1.4476092999975663, 1.4724204999802168, 1.4331431999744382, 1.4351769000058994, 1.4336800000164658, 1.475768699980108, 1.429969799995888, 1.4320961000048555, 1.488507900008699, 1.4912217000091914, 1.4951607000257354, 1.4250910999835469, 1.4280346000159625, 1.482273699977668, 1.4392252000106964, 1.4817303000018, 1.4928711999964435, 1.4367412000137847, 1.4958665000158362, 1.4968158999981824, 1.4344183999928646, 1.426885199995013, 1.4018945999850985, 1.4322246999945492, 1.4835361999867018, 1.4900772999972105, 1.4697396000265144, 1.4828558999870438, 1.4897033000015654, 1.4237757000082638, 1.410215599986259, 1.4243112000112887, 1.5021183000062592, 1.4243940000014845, 1.4848817000165582, 1.4118245000136085, 1.4253858999873046, 1.5004691000212915, 1.4787663000170141, 1.5264383000030648, 1.4252164000063203, 1.5002908000024036, 1.426038100005826, 1.485249899997143, 1.4881852999969851, 1.4276133000093978, 1.4888741000031587, 1.4284146999998484, 1.4171617999963928, 1.424995499983197, 1.4854051999864168, 1.4092923999996856, 1.4119781000190414, 1.4275850000267383, 1.4216829000215512, 1.445473600004334, 1.3961373000056483, 1.4289112999977078, 1.4281990999879781, 1.4856312000192702, 1.4282806999981403, 1.4344915999972727, 1.4267224000068381, 1.4291039999807253, 1.5013104999961797, 1.4940086999849882, 1.4825726000126451, 1.40589700001874, 1.510074000019813, 1.424971899978118, 1.483887100010179, 1.4788953999814112, 1.4334016000211705], "benchmark": [1.4795548999973107, 1.494424100004835, 1.4778140999842435, 1.478954899997916, 1.4229438999900594, 1.4777057000028435, 1.422939000010956, 1.4047645999817178, 1.49711950001074, 1.4197232000005897, 1.4222746000159532, 1.4200774999917485, 1.472683900006814, 1.4224911000055727, 1.4204738000116777, 1.4793137999949977, 1.4776481999724638, 1.42120640000212, 1.4789146999828517, 1.4054285000020172, 1.4061051000026055, 1.4808698999986518, 1.495285499986494, 1.4166153999976814, 1.4208961999975145, 1.4052049000165425, 1.4212360999954399, 1.4219870000088122, 1.4782960999873467, 1.4205540999828372, 1.479011100018397, 1.4954036999843083, 1.4213414000114426, 1.4262222000106703, 1.4811335999984294, 1.4060174000042025, 1.420175500010373, 1.486860799981514, 1.4740211000025738, 1.4726153000083286, 1.4798138000187464, 1.4943410999840125, 1.421983200008981, 1.4220074999902863, 1.487860900000669, 1.4805487999983598, 1.4019469000049867, 1.4206316999916453, 1.4784367000102066, 1.4789053999993484, 1.4201248999743257, 1.5019117000047117, 1.4207469999964815, 1.4803141999873333, 1.4218852000194602, 1.4046984000015073, 1.419258500012802, 1.4206488000054378, 1.4794639000028837, 1.4213000999880023, 1.4712643999955617, 1.4783257000090089, 1.5035996999940835, 1.4205669999937527, 1.4807854999962728, 1.419310299999779, 1.422794399986742, 1.4216086999804247, 1.4803377999924123, 1.423754400020698, 1.425503899983596, 1.4182266000134405, 1.4786961999780033, 1.4208120999974199, 1.4346344000077806, 1.4727633000002243, 1.4224993999814615, 1.4050263999961317, 1.4062675000168383, 1.4656079999986105, 1.4208919999946374, 1.4048280999995768, 1.4191303999978118, 1.477933899994241, 1.4199912999756634, 1.4222895000129938, 1.4965346999815665, 1.4059357000223827, 1.4796662000007927, 1.482901799987303, 1.4640031000017188, 1.3860513000108767, 1.4044411999930162, 1.4774465000082273, 1.4965947000018787, 1.4215415999933612, 1.388819899992086, 1.4206573000119533, 1.4210145999968518, 1.4796975000062957]}}