{"nuitka": {"warmup": [0.7331298999997671, 0.5370330999994621, 0.5326124000002892, 0.5265477999982977, 0.5270197999998345, 0.5223261000010098, 0.5291176999999152, 0.5266540000011446, 0.5277970999995887, 0.5259246999994502, 0.5294088000009651, 0.5322575000009238, 0.528167399999802, 0.5202945000000909, 0.5253852999994706, 0.5220052999993641, 0.5275304999995569, 0.5318921999987651, 0.5330692999996245, 0.526086399999258, 0.5268402000001515, 0.5216491999999562, 0.5268143999983295, 0.5210129999995843, 0.5330030999994051, 0.532600900000034, 0.5232296000012866, 0.5226322000016808, 0.5283331999999064, 0.5281538999988697, 0.5345502000000124, 0.5275034999995114, 0.5292073000000528, 0.5317433999989589, 0.5236077999998088, 0.5260166000007303, 0.5266671999997925, 0.5298433000007208, 0.5242973000003985, 0.5216386000010971, 0.523207000000184, 0.5230303999996977, 0.5309166999995796, 0.5247842999997374, 0.5241413999992801, 0.5256250999991607, 0.527385299999878, 0.5261571999999433, 0.5272194999997737, 0.5216548000007606, 0.5291400999994949, 0.525845299998764, 0.5245634999992035, 0.5304878000006283, 0.527516199999809, 0.5351781000008486, 0.5290091000006214, 0.5257247999998071, 0.534006900001259, 0.5277726000003895, 0.5241715000011027, 0.5270826999985729, 0.5205514999997831, 0.5197650999998586, 0.5274993000002723, 0.5276472000005015, 0.528654199999437, 0.5270464999994147, 0.5348661999996693, 0.5330122999985178, 0.5251360000002023, 0.5367328000011184, 0.5261781000008341, 0.5298228999999992, 0.5205829999995331, 0.5223774000005506, 0.5260919000011199, 0.5240162999998574, 0.5307678999997734, 0.531648000000132, 0.5254444999991392, 0.5347135000010894, 0.5246764000003168, 0.5385276999986672, 0.5297229999996489, 0.5696649000001344, 0.5304027000001952, 0.5266773000003013, 0.5255421999991086, 0.5269505999985995, 0.536812700000155, 0.5239865000003192, 0.5252504999989469, 0.5281290999992052, 0.5323939999998402, 0.5237415999999939, 0.5249893000000156, 0.5346538000012515, 0.5245875999989948, 0.5241029999997409], "benchmark": [0.5234705000002577, 0.5306966999996803, 0.5334711999985302, 0.5252510999998776, 0.5271773000004032, 0.525554199999533, 0.5261470999994344, 0.5225406000008661, 0.5291500999992422, 0.5284417999992002, 0.5302389999997104, 0.5226954000008845, 0.529967200000101, 0.523503400001573, 0.5305041999999958, 0.5249819999989995, 0.5276149000001169, 0.526498499999434, 0.5286120999990089, 0.5240271999991819, 0.5317665999991732, 0.5205436999985977, 0.5257566000000224, 0.5260533000000578, 0.525126900000032, 0.5304309999992256, 0.5343654999996943, 0.5271300000003976, 0.5220604000005551, 0.5234693000002153, 0.5281763000002684, 0.5273061999996571, 0.521043999999165, 0.5270619000002625, 0.5248372999994899, 0.525825700000496, 0.522599199999604, 0.5252708999996685, 0.5274582000001828, 0.5542426999982126, 0.5235840000004828, 0.527291200000036, 0.5231979999989562, 0.5273493000004237, 0.5247125999994751, 0.5349250999988726, 0.541376199998922, 0.533843799999886, 0.5265409000003274, 0.5180755999990652, 0.5264633999995567, 0.5231143999990309, 0.5235597000009875, 0.5264936000003217, 0.5267282000004343, 0.5217609999999695, 0.5229120999993029, 0.5223014000002877, 0.5249272999990353, 0.5219630000010511, 0.5249292000007699, 0.5235666999997193, 0.5276011000005383, 0.527032699999836, 0.5213774000003468, 0.549598600000536, 0.6108273999998346, 0.5298992999996699, 0.5227027000000817, 0.5258506999998644, 0.5264414999983273, 0.5340544999999111, 0.5308447000006709, 0.5256038000006811, 0.525265500000387, 0.5266904000000068, 0.5261180000015884, 0.5274931999992987, 0.5256161000015709, 0.5260277000015776, 0.5270921000010276, 0.526712700000644, 0.5250061000006099, 0.5322316000001592, 0.5348703999989084, 0.5218011999986629, 0.5285158000006049, 0.5242405000008148, 0.5295621999994182, 0.523375799999485, 0.5301897999997891, 0.5248572000000422, 0.5271608999992168, 0.5250801999991381, 0.5296800999985862, 0.5260806000005687, 0.5287344999997003, 0.5407835000005434, 0.5250549000011233, 0.5257904000009148]}, "cpython": {"warmup": [0.6410022999989451, 0.6386743999992177, 0.640255199999956, 0.6363508000013098, 0.6509910999993735, 0.6402089000002888, 0.6364453000005597, 0.6444360999994387, 0.6387539000006655, 0.6427917000000889, 0.6370829999996204, 0.6306024999994406, 0.6405382000011741, 0.6335973999994167, 0.627753800001301, 0.6373053000006621, 0.6342942000010225, 0.631749199999831, 0.635465600000316, 0.6349547999998322, 0.6306739000010566, 0.6292382000010548, 0.6307815000000119, 0.6278081000000384, 0.6421243000004324, 0.6384579999994457, 0.6426304999986314, 0.6370277999994869, 0.6332496000013634, 0.6360721999990346, 0.6382972999999765, 0.6349923999987368, 0.6356350999994902, 0.6467386000003899, 0.6406253000004654, 0.6455512000011367, 0.6383110999995552, 0.6460355999988678, 0.6317120000003342, 0.6338365999999951, 0.6313340999986394, 0.6361274999999296, 0.6307530000012775, 0.6298296999993909, 0.6258935999994719, 0.6314781000000949, 0.6323976000003313, 0.6306128000014724, 0.6306688999993639, 0.6324554000002536, 0.6391746999997849, 0.6380391999991843, 0.628042500000447, 0.6383068999984971, 0.630492400001458, 0.6267593000011402, 0.6344112999995559, 0.6324878999985231, 0.6331962000003841, 0.6271633000014845, 0.6327134000002843, 0.6301664000002347, 0.634333299998616, 0.62740119999944, 0.6318955999995524, 0.6312352000004466, 0.6366309999993973, 0.6353768000008131, 0.6336403999994218, 0.6420540999988589, 0.6325400000005175, 0.6307717999989109, 0.6336664000009478, 0.6359883999994054, 0.637113999999201, 0.6324117999993177, 0.6266166999994311, 0.6351392000015039, 0.6296058999996603, 0.6321358000004693, 0.6297124000011536, 0.6317997999994986, 0.6378537000000506, 0.6350334999988263, 0.6361636999990878, 0.6299689000006765, 0.6320507999989786, 0.6377945999993244, 0.6353096999991976, 0.6373382000001584, 0.6351090000007389, 0.6327381999999488, 0.6306067000004987, 0.6323570000004111, 0.627323400000023, 0.6318578999998863, 0.6353383000005124, 0.6353182999991986, 0.6323249000015494, 0.6365506999991339],