{"nuitka": {"warmup": [1.255333100009011, 1.248536500002956, 1.2463126000075135, 1.2645050999999512, 1.2437086999998428, 1.241008500015596, 1.260632000019541, 1.2480803999933414, 1.2622185999935027, 1.247828399995342, 1.2580122000072151, 1.237827200005995, 1.2554997999977786, 1.2449972000031266, 1.2467622000258416, 1.2630978999950457, 1.2421828000224195, 1.2437593000067864, 1.241166699997848, 1.2499133000092115, 1.2453821999952197, 1.2403913000016473, 1.2482017999864183, 1.2551843000110239, 1.251618199981749, 1.2420468000054825, 1.2502463999844622, 1.242716599983396, 1.263884899992263, 1.239951600000495, 1.2345616999955382, 1.2437777999730315, 1.2465392000158317, 1.2566412999876775, 1.2477813999867067, 1.2610912000236567, 1.2420393000065815, 1.245485200022813, 1.2467229000176303, 1.2537385000032373, 1.2485390999936499, 1.243287599994801, 1.2458795999991708, 1.255930300016189, 1.2491874999832362, 1.2420920000004116, 1.2425079999957234, 1.241471699991962, 1.2449350999959279, 1.2561663999804296, 1.2387655999918934, 1.2574995000031777, 1.2446238000120502, 1.2449015000020154, 1.239774400019087, 1.2505925999721512, 1.2566872999886982, 1.255411499994807, 1.241147099994123, 1.2445524999930058, 1.2540335000085179, 1.2454925999918487, 1.2398347999842372, 1.2425533999921754, 1.2431928000005428, 1.2425473000039347, 1.2470321000146214, 1.251080699992599, 1.2388595000084024, 1.2467614999914076, 1.2419058000086807, 1.2436458000156563, 1.2628373999905307, 1.263996700028656, 1.2396391999791376, 1.24867160001304, 1.2574309000046924, 1.2526392000145279, 1.2759015999909025, 1.241668100003153, 1.2425589000049513, 1.2366911999997683, 1.2333647000195924, 1.2983603999891784, 1.2549390000058338, 1.2400545999989845, 1.240834600001108, 1.248228399985237, 1.2413864999834914, 1.2660555000184104, 1.257014100003289, 1.2475820999825373, 1.2449670000059996, 1.2461143999826163, 1.2393708999734372, 1.2423428999900352, 1.2408342999988236, 1.2529059000080451, 1.2346573999966495, 1.2361732000135817], "benchmark": [1.241256900015287, 1.2414968000084627, 1.2536567999923136, 1.252192100015236, 1.2360759000002872, 1.2437446999829262, 1.2545795000041835, 1.251430900010746, 1.2534485000069253, 1.2681110000121407, 1.2536062999861315, 1.2635709999885876, 1.2386898000258952, 1.2727142000221647, 1.2563011000165716, 1.2516338999848813, 1.2512107999937143, 1.265277900005458, 1.2424346999905538, 1.253657099994598, 1.2495564999990165, 1.262854399974458, 1.2652675000135787, 1.257876399991801, 1.2359085000061896, 1.24028240001644, 1.2412334000109695, 1.2425583000003826, 1.2397087999852374, 1.2508796000038274, 1.250681400008034, 1.2474218000133988, 1.2560931000043638, 1.2596532000170555, 1.2560833999887109, 1.2489431999856606, 1.2494418999995105, 1.2313480000011623, 1.2501882999786176, 1.2518115999992006, 1.2495621999842115, 1.2480120999971405, 1.2482691000041086, 1.2442313999927137, 1.2433758999977726, 1.2472964000189677, 1.2528658999945037, 1.234898399998201, 1.2497547999955714, 1.2496366999985185, 1.238596899987897, 1.2611346000048798, 1.2438258999900427, 1.2511366000107955, 1.2524094999826048, 1.2516122999950312, 1.2519136000191793, 1.2543739000102505, 1.2464104999962728, 1.2442934999999125, 1.2475953999964986, 1.2436257000081241, 1.2558660999929998, 1.2385965999856126, 1.24054790000082, 1.2586552999855485, 1.2389909999910742, 1.235272999998415, 1.2380271999863908, 1.2417743999976665, 1.2455493999877945, 1.2675546999962535, 1.2517223999893758, 1.242530399991665, 1.2480476000055205, 1.260196499992162, 1.252162299992051, 1.2407290000119247, 1.234225400025025, 1.2362882000161335, 1.245831200008979, 1.2388014000025578, 1.2536076999967918, 1.2487835999927483, 1.2430693999922369, 1.252613399992697, 1.236423599999398, 1.2455398000020068, 1.2477862999949139, 1.2486236999975517, 1.2446198999823537, 1.2506194000015967, 1.25030610000249, 1.2446938999928534, 1.2531018999870867, 1.253991900011897, 1.235864699992817, 1.233351800008677, 1.2427945999952499, 1.2365544000058435]}, "cpython": {"warmup": [1.3797614000213798, 1.3457493999740109, 1.3512153000046965, 1.3472828000085428, 1.3526457000116352, 1.373021500010509, 1.364300599991111, 1.3433414000028279, 1.3424940000113565, 1.3457636999955866, 1.3561773999826983, 1.3493970000126865, 1.3543451000005007, 1.3598449999990407, 1.3494714999978896, 1.3603370999917388, 1.3651911999913864, 1.3668034999864176, 1.3479855000041425, 1.349773699999787, 1.3584099999861792, 1.3598545000131708, 1.3531329999968875, 1.3707435999822337, 1.362791699997615, 1.3631479000032414, 1.3519719000032637, 1.362048799986951, 1.3474929000076372, 1.358756399975391, 1.3497669999778736, 1.35985099998652, 1.351761300000362, 1.3495134000258986, 1.354598400008399, 1.3640288999886252, 1.3539373000094201, 1.373032699979376, 1.3451945999986492, 1.3512926999828778, 1.34641189998365, 1.348162800015416, 1.3554972000129055, 1.3852648000174668, 1.3490915999864228, 1.3514266000129282, 1.355212099995697, 1.3711774999974295, 1.3476293999992777, 1.359948400000576, 1.3463318000140134, 1.3609023000171874, 1.3704976000008173, 1.3470039000094403, 1.3480708999850322, 1.352531500015175, 1.3616913000005297, 1.3544777999923099, 1.3559145999897737, 1.3708486999967135, 1.366588100005174, 1.3774317000061274, 1.349788899999112, 1.3410370000055991, 1.3486945999902673, 1.339517899992643, 1.3655403000011574, 1.3538932999945246, 1.3636927000188734, 1.3554953999991994, 1.3512103999964893, 1.3629177999973763, 1.3439559000253212, 1.3562610000080895, 1.3576915999874473, 1.3638458999921568, 1.35756620002212, 1.3528438000066672, 1.3379177000024356, 1.3515535999904387, 1.3432686000014655, 1.3537693000107538, 1.3587974999973085, 1.377329800016014, 1.3542100000195205, 1.36467390001053, 1.3594751000055112, 1.3775371999945492, 1.3719608999963384, 1.3540459999931045, 1.353569900005823, 1.347878899978241, 1.3498171999817714, 1.3572540000022855, 1.3502799000125378, 1.3753658999921754, 1.3457301000016741, 1.3549082000099588, 1.3457495000038762, 1.3418868999870028], "benchmark": [1.3389513999863993, 1.3485781000053976, 1.3436931999749504, 1.3400002999987919, 1.3646134000155143, 1.3821849999949336, 1.3548482999904081, 1.3881743999954779, 1.3562904999998864, 1.3624200999911409, 1.3512203999853227, 1.3670411999919452, 1.3572784999851137, 1.3599346000119112, 1.363900399999693, 1.3441744000010658, 1.3499016999849118, 1.3505378999980167, 1.3846572000184096, 1.3439696000132244, 1.3515965999977197, 1.3648518999980297, 1.3715017999929842, 1.371211999998195, 1.3514672000019345, 1.3449327999842353, 1.3439237000129651, 1.355315900000278, 1.3448048999998719, 1.3464882000116631, 1.3540542999980971, 1.3561116999771912, 1.3450268000015058, 1.3472750000073574, 1.3596551999798976, 1.369230400014203, 1.355401199980406, 1.3443266999966, 1.3722162999911234, 1.356482600007439, 1.3779576000233646, 1.3416913000110071, 1.3524965999822598, 1.3486597999872174, 1.3444741999846883, 1.3537749999959487, 1.353875499975402, 1.3664601000200491, 1.342978900007438, 1.3502066999790259, 1.3430474000051618, 1.3617680000024848, 1.349971399991773, 1.3576032999844756, 1.3612283000256866, 1.3515633999777492, 1.3542942999920342, 1.351997499994468, 1.3716542000183836, 1.3615926000056788, 1.3476846999838017, 1.3690819000185002, 1.3391330000013113, 1.3675179000128992, 1.3518379000015557, 1.3487932000134606, 1.3445286999922246, 1.3649153000151273, 1.3539102999784518, 1.3768554000125732, 1.3586853000160772, 1.3431926000048406, 1.3574157000111882, 1.3487442000187002, 1.3408453000010923, 1.3501030000043102, 1.355617599998368, 1.3510056000086479, 1.3615844000014476, 1.3506531000020914, 1.3614305000228342, 1.3511341999983415, 1.3563351999910083, 1.3590155999991111, 1.3511937000148464, 1.3619384999910835, 1.3457709999929648, 1.3695115000009537, 1.3383555000182241, 1.3472975999757182, 1.360793100000592, 1.3483257000043523, 1.3486454999947455, 1.5374379999993835, 1.353097399987746, 1.349028399999952, 1.3637710000039078, 1.349083499982953, 1.348665900004562, 1.352209100004984]}}