{"nuitka": {"warmup": [0.792866599993431, 0.7718120000063209, 0.777289000005112, 0.7738740999920992, 0.7703022000059718, 0.7756144000013592, 0.7730356999963988, 0.7722549000027357, 0.7908213999908185, 0.7755591000022832, 0.7703183999983594, 0.7699813000072027, 0.7767044000065653, 0.7822978000040166, 0.776999199995771, 0.7741359000065131, 0.7730889999947976, 0.7696230000001378, 0.7752891999989515, 0.7692872999905376, 0.7731840000051307, 0.7720801000104984, 0.7718702999991365, 0.7796002000104636, 0.7691582000115886, 0.7691800000029616, 0.7745107000082498, 0.7726586999924621, 0.7728385999944294, 0.770400300010806, 0.7751314000051934, 0.7736793999938527, 0.770110500001465, 0.7693615000025602, 0.7697820000030333, 0.7791032999957679, 0.7816930999979377, 0.7741472000052454, 0.773091300012311, 0.7702027999912389, 0.7732992999954149, 0.7732050999911735, 0.7726200000033714, 0.7718003000045428, 0.7755811999959406, 0.7695270999975037, 0.7754211999999825, 0.7739395000098739, 0.772124499999336, 0.7687815999961458, 0.7725433000014164, 0.7722576999949524, 0.7724417999997968, 0.7743215999944368, 0.7726882999995723, 0.7695679000025848, 0.7702379999973346, 0.7717333000036888, 0.7733175000030315, 0.7738595999981044, 0.7695676000003004, 0.7706326000043191, 0.7792090000002645, 0.7702231000002939, 0.770775600001798, 0.7693578000034904, 0.7732690999982879, 0.7718792999949073, 0.7702300999953877, 0.7755944000091404, 0.774999300003401, 0.7736283999984153, 0.7714429999905406, 0.7695414000045275, 0.7726178000011714, 0.7723550999944564, 0.7691506999981357, 0.7723466000024928, 0.7758882999914931, 0.774089600003208, 0.7727535000012722, 0.7716800000052899, 0.7722749999957159, 0.7734347999939928, 0.7695757999899797, 0.7705746999999974, 0.7791141999914544, 0.7722116000077222, 0.770666299998993, 0.7707116999954451, 0.7737647000030847, 0.769938400000683, 0.7710733999992954, 0.7719507000001613, 0.7736328000028152, 0.7691504999966128, 0.7740510000003269, 0.7732009000028484, 0.7715301999996882, 0.774220699997386], "benchmark": [0.7733015999983763, 0.7730818999989424, 0.7722695999982534, 0.770995099999709, 0.7706735999963712, 0.7727704999997513, 0.7754878999985522, 0.7712029999966035, 0.7702596000017365, 0.7723708999983501, 0.7728008999984013, 0.7720503000018653, 0.7697292999946512, 0.7709346000046935, 0.7728548000013689, 0.7707402999949409, 0.7758163999969838, 0.7724680999963311, 0.7723309000139125, 0.7712614000047324, 0.7746130000014091, 0.769445199999609, 0.7690416999976151, 0.7748506000061752, 0.7734617999958573, 0.7724547999969218, 0.7718934000004083, 0.7763554999983171, 0.7710506000003079, 0.77525799999421, 0.777594199986197, 0.7746087000123225, 0.7765046999993501, 0.7715516000025673, 0.7705504999903496, 0.7710680000018328, 0.7723875000083353, 0.7715554999886081, 0.7760725999978604, 0.7762447999994038, 0.7709872999985237, 0.7775740999932168, 0.7733044999913545, 0.772156899998663, 0.7751968999946257, 0.7721863000042504, 0.7690206999977818, 0.771762000003946, 0.7724190000008093, 0.7741342999943299, 0.7729283999942709, 0.7717288999992888, 0.775700300000608, 0.7720865000010235, 0.7722857000044314, 0.7728070999874035, 0.7700747000053525, 0.7761136000044644, 0.771849700002349, 0.775733799993759, 0.7691546999994898, 0.7774401000060607, 0.7724465000064811, 0.7716552999918349, 0.7719417000043904, 0.7796641999884741, 0.7716876000049524, 0.7792626000009477, 0.7780039999925066, 0.7718450999964261, 0.7700447999959579, 0.7696987999952398, 0.7717746999987867, 0.7697358000004897, 0.7754945999913616, 0.7721461999899475, 0.7720577000000048, 0.7758651000040118, 0.7703234999935376, 0.7690830000065034, 0.7724893000122393, 0.7728646000032313, 0.7761616999923717, 0.7755423999915365, 0.7755880000040634, 0.7747090000048047, 0.7775077999976929, 0.7725914000038756, 0.7707342999929097, 0.7735155000118539, 0.7729785999981686, 0.7736131999990903, 0.7722111000039149, 0.7720284999959404, 0.7725616000097943, 0.7722162999998545, 0.7760302999959094, 0.7722729999950388, 0.7782338999968488, 0.7720386000000872]}, "cpython": {"warmup": [0.8273176999937277, 0.8149752999888733, 0.8101061999914236, 0.813897400003043, 0.8062377000023844, 0.8198370000027353, 0.8100250999996206, 0.8088900000002468, 0.808078400004888, 0.8106166000070516, 0.809326599992346, 0.8179835999908391, 0.8256063000007998, 0.8140678999916418, 0.8081850000016857, 0.8114000000059605, 0.811825199998566, 0.8072829000011552, 0.8111949000012828, 0.8185984000010649, 0.8141134000034072, 0.8113375999964774, 0.8164903000142658, 0.8101328999910038, 0.8117464999959338, 0.8070741999981692, 0.8076934000127949, 0.8061030999961076, 0.8084317000029841, 0.819447299989406, 0.808647199999541, 0.8129177000082564, 0.8147447000083048, 0.8170393000036711, 0.8077694000094198, 0.8216171000094619, 0.8091959000012139, 0.8069748999987496, 0.8131144999933895, 0.80994940000528, 0.8154941999964649, 0.8091201999923214, 0.8205522000062047, 0.8099947000009706, 0.8177851999935228, 0.8076935999997659, 0.8144758000125876, 0.8094831999915186, 0.813424899999518, 0.8129948999994667, 0.8072742999938782, 0.8262097999977414, 0.8171489999949699, 0.8071210999914911, 0.8145667999924626, 0.8125894999975571, 0.8433077999943634, 0.8084874000051059, 0.810563999999431, 0.8087639000004856, 0.8284750999882817, 0.8065751999965869, 0.8077631000051042, 0.8089864000066882, 0.8068129000021145, 0.8136586000036914, 0.809362300002249, 0.8106994999980088, 0.8165532999992138, 0.8100683000084246, 0.8210369000007631, 0.8223842000006698, 0.8087252000113949, 0.8419602000067243, 0.8106281000073068, 0.8091342000116128, 0.8095528999983799, 0.8200687999924412, 0.8135934000019915, 0.8088982999906875, 0.8078603000030853, 0.8085740999958944, 0.8450785000022734, 0.8131370000046445, 0.8189484000031371, 0.8068764000054216, 0.8060440999979619, 0.8109887000027811, 0.8052582999953302, 0.8328465000085998, 0.8154746000072919, 0.809545000010985, 0.8140328000008594, 0.8106406000006245, 0.8367173000006005, 0.8099080000101821, 0.8074817000015173, 0.8097087000060128, 0.8067300999973668, 0.8137988999951631],