{"nuitka": {"warmup": [0.7677263999994466, 0.7531192000005831, 0.7547431999992114, 0.7643882000011217, 0.7528399999991962, 0.752166500000385, 0.7525385999997525, 0.7566361999997753, 0.7578746999988653, 0.7534940999994433, 0.7616455000006681, 0.7523750999989716, 0.7510929000000033, 0.7527810999999929, 0.7520635000000766, 0.752507199998945, 0.752650000000358, 0.7518818999997166, 0.7517215999996552, 0.7545023000002402, 0.7523727999996481, 0.7533824999991339, 0.7533050000001822, 0.7549722000003385, 0.7529449000012391, 0.7531533000001218, 0.7521302000004653, 0.7650456999999733, 0.8070406999995612, 0.7523142000009102, 0.7514037000000826, 0.751939300000231, 0.7527260000006208, 0.7526209999996354, 0.7555161000000226, 0.7535728000002564, 0.752177300000767, 0.7516984000012599, 0.7513197999996919, 0.7559529999998631, 0.7521629000002577, 0.75399539999853, 0.751959999999599, 0.752274700000271, 0.7555303999997705, 0.7519644999993034, 0.7512201000008645, 0.7520406000003277, 0.7519888000006176, 0.7518897000009019, 0.7522903999997652, 0.752757099999144, 0.7524283999991894, 0.7520393000013428, 0.7656821000000491, 0.7535614000007627, 0.7516009999999369, 0.7520370999991428, 0.7520411999994394, 0.7520377000000735, 0.7521981999998388, 0.7529644999995071, 0.7534481000002415, 0.7524764000008872, 0.7528371999997034, 0.754919199998767, 0.7520727000010083, 0.7540695000006963, 0.7524183000004996, 0.7515688999992562, 0.7522610999985773, 0.7528466999992816, 0.7533586999998079, 0.7536092000009376, 0.7536838999985775, 0.7518488000005163, 0.7524807000008877, 0.7537467000001925, 0.7529567000001407, 0.7600126999986969, 0.7534765000000334, 0.7533261999997194, 0.7532056000000011, 0.7563979999995354, 0.7522559999997611, 0.7509082000015042, 0.7524616999999125, 0.7523676000000705, 0.7524706999993214, 0.7529264000004332, 0.7556717999996181, 0.7539634000004298, 0.7511328000000503, 0.7518478000001778, 0.7653662000011536, 0.7540092999988701, 0.7523996999989322, 0.7538086000004114, 0.751817200000005, 0.7521168000002945], "benchmark": [0.7523583999991388, 0.7520287000006647, 0.7521537000011449, 0.7513383000004978, 0.7521257999997033, 0.753847300000416, 0.7525867000003927, 0.7512516000006144, 0.7518862999986595, 0.7535287000009703, 0.7508472999998048, 0.7522134999999253, 0.7523651999999856, 0.7526435999989189, 0.7516261999990093, 0.7519299000014144, 0.7510707000001275, 0.7514951000011934, 0.7509050000007846, 0.7526386000008642, 0.7519558999993023, 0.76047859999926, 0.7511209000003873, 0.7513840999999957, 0.7526428000001033, 0.7553721000003861, 0.7556223999999929, 0.7525339000003441, 0.751728400000502, 0.7523123000009946, 0.7587163000007422, 0.7531536000005872, 0.7514788999997108, 0.7559545999993134, 0.7530280999999377, 0.7527040999993915, 0.751469900000302, 0.7513366000002861, 0.751966400001038, 0.7521876999999222, 0.8216145999995206, 0.7523788999988028, 0.7518985999995493, 0.7514453000003414, 0.7529298999997991, 0.7518295000008948, 0.7519580000007409, 0.7521659000012733, 0.7544807999984187, 0.7566155999993498, 0.751886399999421, 0.751784599999155, 0.7528268000005482, 0.7509411999999429, 0.756697400000121, 0.753324799999973, 0.7520139000007475, 0.752586099999462, 0.7529214000005595, 0.7525079000006372, 0.7523209999999381, 0.7529696000001422, 0.752453000000969, 0.7509262999992643, 0.7532971000000543, 0.7517196999997395, 0.7530229000003601, 0.7529002999999648, 0.7523173999998107, 0.7525055999994947, 0.7528624999995372, 0.753122500000245, 0.7531791000001249, 0.752954999999929, 0.752217400000518, 0.7755710999990697, 0.7535157000002073, 0.7542019000011351, 0.7536423999990802, 0.7529742999995506, 0.7532185000000027, 0.7552255000009609, 0.7544971999996051, 0.7520313000004535, 0.7532185000000027, 0.7517659000004642, 0.7524671999999555, 0.7521683000013581, 0.7522965999996813, 0.7515273999997589, 0.7564373999994132, 0.7636999999995169, 0.7527611999994406, 0.7547512000001007, 0.7546890000012354, 0.7535970000008092, 0.7524379000005865, 0.7530915999996068, 0.7540435000009893, 0.7534983000005013]}, "cpython": {"warmup": [0.7895494999993389, 0.7850493000005372, 0.7835455000004004, 0.7811861999998655, 0.7836246000006213, 0.7950213999993139, 0.7881210000014107, 0.7802400000000489, 1.088265099999262, 0.7817337999986194, 0.7791268000000855, 0.7794309999990219, 0.7827701999995043, 0.7825059999995574, 0.803348499999629, 0.7825433000016346, 0.7841225000011036, 0.7852153000003455, 0.7837359999994078, 0.7833940999989863, 0.7800595999997313, 0.7826098000005004, 0.7839344000003621, 0.7800738000005367, 0.7809188000010181, 0.7862731000004715, 0.7877531999984058, 0.7782401000004029, 0.7926652000005561, 0.7891865999990841, 0.7826810000005935, 0.7828245000000607, 0.7790335000008781, 0.7822256999988895, 0.7818492999995215, 0.7872849000013957, 0.7895516999997199, 0.7840581000000384, 0.7833239999999932, 0.7824505000007775, 0.7989486999995279, 0.7887535999998363, 0.7840652999984741, 0.7819650000001275, 0.7807505000000674, 0.7865249999995285, 0.7868304999992688, 0.8011688000005961, 0.7827056999994966, 0.7792049999989104, 0.7874926000004052, 0.7812668999995367, 0.8580108000005566, 0.7894505999993271, 0.7837433000004239, 0.7831389000002673, 0.7882745000006253, 0.7951298000007228, 0.7794098000013037, 0.7834719000002224, 0.7968667999994068, 0.7815219999993133, 0.7828703000013775, 0.7825131000008696, 0.781107200000406, 0.7828191999997216, 0.8011565999986487, 0.7830018000004202, 0.7872361999998247, 0.7826509999995324, 0.7815546000001632, 0.7803055000003951, 0.782514500000616, 0.7887430999999197, 0.7865784999994503, 0.7908652000005532, 0.7814213000001473, 0.7875617999998212, 0.7866386999994575, 0.7827992000002268, 0.7803018999984488, 0.7866765999988274, 0.782049299999926, 0.7879202000003716, 0.7832827000001998, 0.7862061999985599, 0.7836576999998215, 0.7891292000003887, 0.7885906999999861, 0.7852652000001399, 0.7823709000003873, 0.7835630999998102, 0.7825303999998141, 0.7839401000001089, 0.778233299999556, 0.7814884999988863, 0.786800799998673, 0.7833117999998649, 0.7807096000015008, 0.7819999999992433],