{"nuitka": {"warmup": [2.507479300009436, 1.4776044000027468, 1.4829313999944134, 1.4513422000018181, 1.4528453999955673, 1.4554755999997724, 1.440664599998854, 1.4775775999878533, 1.445052700000815, 1.446938399996725, 1.4738773000135552, 1.433026200000313, 1.4480163999978686, 1.445242399990093, 1.4395790999988094, 1.482894100001431, 1.4454852000053506, 1.4750961999961874, 1.450220900005661, 1.4495160999940708, 1.4462817999883555, 1.4757229999959236, 1.4679996999911964, 1.4306488000001991, 1.488421100002597, 1.4879165000020294, 1.488450799995917, 1.4360531999991508, 1.4642197999928612, 1.4520513999887044, 1.4751688999967882, 1.4295568000088679, 1.4545499999949243, 1.4530383000092115, 1.4319347999989986, 1.4726763000071514, 1.4786042999912752, 1.4879955999931553, 1.4327082999952836, 1.4385905999952229, 1.442678999999771, 1.4901805999979842, 1.4636330000066664, 1.4393339000089327, 1.4386219000007259, 1.4861966999887954, 1.486279700009618, 1.4874967000068864, 1.4593484999932116, 1.4416784000059124, 1.4428967999992892, 1.4508767999941483, 1.441246799993678, 1.441029300010996, 1.449726599996211, 1.447867299997597, 1.4823370999947656, 1.4515856999933021, 1.4537587000086205, 1.4494884999876376, 1.4351161000085995, 1.4941162999894004, 1.4504448999941815, 1.4483104999962961, 1.4525015000108397, 1.4708295999880647, 1.4914371000049869, 1.487753099994734, 1.4476340999972308, 1.4479914999974426, 1.4939512999990257, 1.4530333000002429, 1.463387399999192, 1.4427845000027446, 1.4933640999952331, 1.4878751000069315, 1.4320262999972329, 1.4511215999955311, 1.4891532000037841, 1.4509888000029605, 1.4994300000107614, 1.4879374000011012, 1.4869846999936271, 1.4964499000052456, 1.4625985000020592, 1.48014929999772, 1.4864274999999907, 1.4415997999894898, 1.4504052000120282, 1.439482499990845, 1.4495397999999113, 1.4874539000011282, 1.4818168000056176, 1.4785668999975314, 1.477124899989576, 1.4533516000083182, 1.457288099991274, 1.4484690999961458, 1.4406896000000415, 1.4569803999911528], "benchmark": [1.4548756000003777, 1.4926153999986127, 1.4619489000033354, 1.4569153000047663, 1.4931302000040887, 1.4869825999921886, 1.4485381999984384, 1.4417146000050707, 1.4276146999909543, 1.4794740000070306, 1.4852353000023868, 1.4810790000046836, 1.4389601000002585, 1.4487535999942338, 1.4825478999991901, 1.483725099998992, 1.4829843000043184, 1.4497122000029776, 1.444559700001264, 1.4831651999993483, 1.48577660000592, 1.4837150999956066, 1.4758276999928057, 1.448788900001091, 1.4418472999968799, 1.4490510000032373, 1.4428570000018226, 1.4365320000069914, 1.4728697999962606, 1.4412072000122862, 1.4498633000039263, 1.4484703000052832, 1.4889000999974087, 1.4831870000052731, 1.489342700006091, 1.4867293999996036, 1.45425090000208, 1.4502781000046525, 1.4787221000005957, 1.4793512000032933, 1.4841231999889715, 1.4491731000016443, 1.4897924999968382, 1.4848426000098698, 1.4958468999975594, 1.4935266000102274, 1.486559600001783, 1.466624499997124, 1.4857948999997461, 1.4472889000026044, 1.4761337000090862, 1.4828348999872105, 1.4301176000008127, 1.4760861999966437, 1.4879458999930648, 1.4769784000091022, 1.4382411999977194, 1.4457893000071635, 1.4743922000052407, 1.4515262999921106, 1.441711800012854, 1.4418013999966206, 1.4375093999988167, 1.443358199991053, 1.4437470999982907, 1.474800400013919, 1.4528259000071557, 1.4878269000037108, 1.4445088999927975, 1.444821299999603, 1.485889000003226, 1.448759799997788, 1.4494432999927085, 1.441977800001041, 1.4899982000060845, 1.436797900008969, 1.4879703000042355, 1.4820781000016723, 1.4871008999907644, 1.439894600000116, 1.4744390999985626, 1.461270899992087, 1.4396697000047425, 1.4861417000065558, 1.439804900001036, 1.4446484000072815, 1.4478958999970928, 1.4461590999999316, 1.4527235999994446, 1.4471827000088524, 1.4402128999936394, 1.4422957000060705, 1.4526929000130622, 1.480469300004188, 1.4802448999980697, 1.4782914000097662, 1.4464221999951405, 1.4778397000045516, 1.4478297000023304, 1.4528571999981068]}, "cpython": {"warmup": [1.5955212999979267, 3.0616167999978643, 1.5772346999874571, 1.5751359999994747, 1.5875257000006968, 1.573902400006773, 1.5841558999964036, 1.5773908999981359, 1.5494881000049645, 1.586350700003095, 1.571028699996532, 1.5769547000090824, 1.5519674999959534, 1.5738497999991523, 1.5499160000035772, 1.5769122000056086, 1.5062936000031186, 1.5807384000072489, 1.5437135999964084, 1.5721807000081753, 1.5452959000103874, 1.5192998999991687, 1.5780842999956803, 1.5450868000043556, 1.6022790999995777, 1.546186099993065, 1.575910700004897, 1.5501560999982757, 2.4932829000026686, 1.5628247999993619, 1.5819113000034122, 1.5853943999973126, 1.578122999999323, 1.5798242000018945, 1.5498664000042481, 1.5828938000049675, 1.5808866000006674, 1.5944383999885758, 1.5599471999885282, 1.616025700001046, 1.5866931999917142, 1.564007400011178, 1.5763338999968255, 1.5720975000003818, 1.503369099998963, 1.5767357000004267, 1.5876407000032486, 1.5826025999995181, 1.5769084000057774, 1.5837383999896701, 1.5838319000031333, 1.5125348000001395, 1.5044581999973161, 1.573200500002713, 1.5810693000094034, 1.573476399993524, 1.5821954999992158, 1.5859208000038052, 1.5555769000056898, 1.57326109999849, 1.5756734000024153, 1.5622758000099566, 1.579670699997223, 1.5493432999937795, 1.5547756000014488, 1.5727430999977514, 1.547490500001004, 1.5769810999918263, 1.5798458000062965, 1.5736684000003152, 1.574148100000457, 1.5615267999965, 1.542523699987214, 1.5810347000078764, 1.5732280999945942, 1.5529402000101982, 1.532064300001366, 1.5399592999892775, 1.5871609000023454, 1.574525399992126, 1.5765787000127602, 1.5459830000036163, 1.5725291999988258, 1.541545700005372, 1.5045304000086617, 1.5548615000006976, 1.5583569000009447, 1.554563199999393, 1.5713294000015594, 1.5738807000016095, 1.5732717999926535, 1.5747833000059472, 1.5445764000032796, 1.580395099997986, 1.5968671000009635, 1.5517472999927122, 1.587804499999038, 1.5452000000077533, 1.5566619000019273, 1.5057328999973834], "benchmark": [1.549149700003909, 1.5330953000084264, 1.5428085000021383, 1.5825012999994215, 1.5861996000021463, 1.5765060999983689, 1.5936029000004055, 1.555953100003535, 1.5125429000036092, 1.5792236999986926, 1.5491175999923144, 1.5852139000053285, 1.583630399996764, 1.5548115999990841, 1.5538976000098046, 1.5584469999885187, 1.5821842000004835, 1.5533350999903632, 1.585118999995757, 1.5822282000008272, 1.57629719999386, 1.5136288000066997, 1.5783954999933485, 1.5861751000047661, 1.5796384000132093, 1.5857586999918567, 1.5735851000063121, 1.5789618999988306, 1.5488443999929586, 1.5785852000117302, 1.5749610999919241, 1.5766545999940718, 1.5171389000024647, 1.5706753999984358, 1.5966692000074545, 1.596684299991466, 1.5437228000082541, 1.5789916000067024, 1.5802409000025364, 1.5872315000015078, 1.5887928000011016, 1.5158355000021402, 1.5085118999995757, 1.5485229000041727, 1.5699874999991152, 1.5784435999958077, 1.562876199997845, 1.5966392999980599, 1.5438288000004832, 1.5854025000007823, 1.574498100002529, 1.508101599989459, 1.5092730000033043, 1.5732563999918057, 1.58204609999666, 1.593781500007026, 1.571749999988242, 1.58071620001283, 1.5851129000075161, 1.577796400000807, 1.607940600006259, 1.5933837000047788, 1.5710115999972913, 1.5806024999910733, 1.5814729000121588, 1.5572748000122374, 1.5766230000008363, 1.583167200005846, 1.5713584999903105, 1.5437980999995489, 1.5767995999922277, 1.5755264000035822, 1.5823673000122653, 1.5775071999960346, 1.5445391000102973, 1.5442192999908002, 1.542336600003182, 1.5964473999920301, 1.5941633000038564, 1.5772398999979487, 1.5847435999894515, 1.5868066999973962, 1.5807329999952344, 1.575453199999174, 1.5736539000063203, 1.5450287999992725, 1.5108391000103438, 1.5956716000073357, 1.5744080000004033, 1.5671730000030948, 1.5259687999932794, 1.5822194000065792, 1.5884712999977637, 1.572093800001312, 1.4964615999924717, 1.5923137000063434, 1.5736269000044558, 1.576258199987933, 1.5715090000012424, 1.5679454999917652]}}