{"nuitka": {"warmup": [1.5530525000067428, 1.445152300002519, 1.4458516999875428, 1.4474498000054155, 1.4442808000021614, 1.4435015000053681, 1.4488723999966169, 1.4439816000085557, 1.4481040999962715, 1.4478843999968376, 1.4457510000065668, 1.445307199988747, 1.4498013999982504, 1.4448662000067998, 1.4554504999978235, 1.442351099991356, 1.4482532999973046, 1.444615899992641, 1.4428252999932738, 1.4430948999943212, 1.4472588999924483, 1.4492642999975942, 1.4465242000005674, 1.4458796999970218, 1.4414651000115555, 1.4477084999962244, 1.4450540999969235, 1.4450988000025973, 1.4459481000085361, 1.4517179999966174, 1.4443138000060571, 1.4438145000021905, 1.4456156000087503, 1.4389530000044033, 1.445047599991085, 1.4461241000099108, 1.4442100000014761, 1.4443267000024207, 1.4440183000115212, 1.4441643999889493, 1.4424708000005921, 1.446760599996196, 1.4385925999959, 1.4411756000044988, 1.4472389000002295, 1.444664399998146, 1.4433313000045018, 1.4472911000048043, 1.4525706999993417, 1.4451324999972712, 1.4491921000008006, 1.4433136000006925, 1.4451703999948222, 1.4528062000026694, 1.4526571000023978, 1.4483558999927482, 1.4477598000084981, 1.4477101999946171, 1.4562910000095144, 1.4629278000065824, 1.4595418000099016, 1.442881100010709, 1.4414226000080816, 1.4468114000046626, 1.4481137999973726, 1.4582747000094969, 1.461932300007902, 1.444172699993942, 1.443560299987439, 1.4434189000021433, 1.4417222000047332, 1.4407594999938738, 1.4603453999880003, 1.44786309999472, 1.4432778999907896, 1.4437731000070926, 1.4441732999985106, 1.4442621000052895, 1.4481568000046536, 1.4481726000085473, 1.44865690000006, 1.4518212999973912, 1.4434333999961382, 1.4457044000009773, 1.456583799998043, 1.4447394000017084, 1.4483580999949481, 1.4444223000027705, 1.4525093999982346, 1.4401017999916803, 1.459664599999087, 1.4446758999984013, 1.4529059000051348, 1.4463567999919178, 1.4441528000024846, 1.4479332999908365, 1.4456592000060482, 1.4478428000002168, 1.440122700005304, 1.4431143999972846], "benchmark": [1.449709200009238, 1.4459275000117486, 1.4527059000101872, 1.4433893999957945, 1.4467334999935701, 1.4465205000014976, 1.4450939999951515, 1.4426188000070397, 1.4434942999941995, 1.4464004000037676, 1.4414209999958985, 1.4445852000062587, 1.4431844000064302, 1.4703716000076383, 1.444322800001828, 1.461855999994441, 1.442527599996538, 1.4541858000011416, 1.4465458000049694, 1.4426143000018783, 1.443732400002773, 1.4465860000054818, 1.4607210000103805, 1.4529642999987118, 1.4445957999996608, 1.4428676999959862, 1.4450346999947214, 1.445285599998897, 1.443858899991028, 1.4422465999959968, 1.4482897999987472, 1.4432025000132853, 1.4438252999971155, 1.440140100006829, 1.4419332000106806, 1.45811780000804, 1.4410154999932274, 1.4448864000005415, 1.4412757999962196, 1.4466400000092108, 1.447402100006002, 1.442731699993601, 1.4441672999964794, 1.4416988999873865, 1.45789920000243, 1.4421181000070646, 1.4446998000057647, 1.4514638000109699, 1.441523400004371, 1.4429839000076754, 1.4452471999975387, 1.441965000005439, 1.4382125999982236, 1.4503575999988243, 1.4412171000003582, 1.4542856000043685, 1.4406513000139967, 1.4402690999995684, 1.4422187000018312, 1.4415489000093658, 1.442662500005099, 1.4417736000032164, 1.4485150999971665, 1.4426586000045063, 1.4421988000103738, 1.4412578000046778, 1.4446064999938244, 1.4472474999929545, 1.444498900003964, 1.4442609999969136, 1.4527961000130745, 1.442689599993173, 1.4750667000043904, 1.44607590000669, 1.445851099997526, 1.4434161000099266, 1.4522989999968559, 1.4382418999884976, 1.444115000005695, 1.4442477999982657, 1.446229499997571, 1.4449424000049476, 1.4446675000071991, 1.4474642999994103, 1.4430228999990504, 1.4514010999992024, 1.4883558000001358, 1.4443184999981895, 1.4648710000037681, 1.447640300000785, 1.4439538000005996, 1.4476599000045098, 1.443348100001458, 1.4476571999985026, 1.4480634999927133, 1.4454804999986663, 1.4449548999982653, 1.443358199991053, 1.446393199992599, 1.4521032000047853]}, "cpython": {"warmup": [1.5346530000097118, 1.5233471000101417, 1.5279002000024775, 1.5215813999966485, 1.5203324000030989, 1.5344707000040216, 1.5246046999964165, 1.518948700002511, 1.5155208000069251, 1.5153356000082567, 1.5194492000009632, 1.5184017999999924, 1.5199751000036485, 1.5202892999950564, 1.5123943999933545, 1.5373796000058064, 1.5159123999910662, 1.5194977000064682, 1.5178777999972226, 1.522369800004526, 1.5204989000048954, 1.5173674000106985, 1.5156522000033874, 1.519123899997794, 1.513355600007344, 1.5234227999899304, 1.5128407000011066, 1.5230007000063779, 1.5187771999917459, 1.5183246999949915, 1.5140331000002334, 1.5200971000012942, 1.516661200003, 1.517444199998863, 1.5136439999914728, 1.523050100004184, 1.5196695999911753, 1.5171526000049198, 1.5186329999996815, 1.5251813000068069, 1.5143733000004431, 1.518159300001571, 1.5173597000102745, 1.5186029999895254, 1.5332612000056542, 1.5181659999943804, 1.519763000003877, 1.5172881000034977, 1.5213079000095604, 1.512064399998053, 1.5210691999964183, 1.5200754999968922, 1.5159940000012284, 1.518199199999799, 1.5200268000044161, 1.5230497000011383, 1.5193266999995103, 1.524589400010882, 1.523567500000354, 1.5213971000048332, 1.5230564000084996, 1.5248309000016889, 1.5198631999955978, 1.519627899993793, 1.5229385999991791, 1.5170031000016024, 1.5229720999923302, 1.5246689999912633, 1.5194247999897925, 1.5196812999929534, 1.5183921999996528, 1.522426399998949, 1.5193051999958698, 1.5183184999914374, 1.521551300000283, 1.5265518999949563, 1.5129894999990938, 1.5194402000051923, 1.5170808999973815, 1.5303003000008175, 1.5232208000088576, 1.5244670999964, 1.5202129999961471, 1.522064800010412, 1.51991590000398, 1.5243412999989232, 1.5157188000011956, 1.5343255000043428, 1.520964900002582, 1.5225542999978643, 1.5253780000057304, 1.5219921999960206, 1.5207861999952001, 1.5184917000005953, 1.522881899989443, 1.5203909000119893, 1.5180059999984223, 1.5140278999897419, 1.5237020000058692, 1.5206040000048233], "benchmark": [1.5246390999964206, 1.518150500007323, 1.523117300006561, 1.51902359999076, 1.5219770999974571, 1.5146264000068186, 1.5185059999930672, 1.5154267000034451, 1.5225477999920258, 1.521400800003903, 1.5209049999975832, 1.5217196000012336, 1.5173190000059549, 1.5247590000071796, 1.51942599999893, 1.5244869000016479, 1.5178568999981508, 1.5230251000029966, 1.5192609999940032, 1.523500300012529, 1.5144860000000335, 1.516411299991887, 1.519858200001181, 1.519892099997378, 1.518759400001727, 1.517342599996482, 1.5213373000005959, 1.5227848999929847, 1.5207052000041585, 1.520310799998697, 1.521434299997054, 1.5228883999952814, 1.5226935999962734, 1.5202296000061324, 1.524845699997968, 1.5187569999980042, 1.5205948000075296, 1.5135706000000937, 1.5219328999955906, 1.5201835000043502, 1.5227382000011858, 1.5180839999957243, 1.5209223999991082, 1.5195857000071555, 1.5248207000113325, 1.5192322000075364, 1.5234140999964438, 1.521860499997274, 1.52107070000784, 1.5240045999962604, 1.5210260000021663, 1.5208530999952927, 1.5229179000016302, 1.5226029000041308, 1.5255093000014313, 1.5208550999959698, 1.5184086999943247, 1.5215135000034934, 1.5149670000100741, 1.5413223999930779, 1.5198581000004197, 1.513948599997093, 1.5201843000104418, 1.5201737000024877, 1.520915299988701, 1.521039799990831, 1.5121748000092339, 1.5197105000115698, 1.5210240000014892, 1.523300200002268, 1.5205553000123473, 1.5155583000014303, 1.523386800006847, 1.5207266000070376, 1.524862000005669, 1.5226125999906799, 1.5209413999982644, 1.5348209999938263, 1.5287631999963196, 1.5198915999935707, 1.5242315999930725, 1.545463500006008, 1.514636399995652, 1.5203321000008145, 1.5214492999948561, 1.5188065999973333, 1.5227818000130355, 1.517295199999353, 1.5212737999972887, 1.5532810000004247, 1.561464700003853, 1.5150705999985803, 1.5283173999923747, 1.5194088999996893, 1.5526750999997603, 1.5235748999984935, 1.5380769999901531, 1.5184563999937382, 1.5247295000008307, 1.5331683999975212]}}