{"nuitka": {"warmup": [1.5660669999924721, 1.3368939000065438, 1.3398541000060504, 1.3366716000018641, 1.335601200000383, 1.3916086999961408, 1.3899253999989014, 1.3471468999923673, 1.333607699998538, 1.39226239999698, 1.4082522000098834, 1.361087299999781, 1.3344901999953436, 1.3489138999866555, 1.3849881999922218, 1.347652399999788, 1.381852299993625, 1.3443514999962645, 1.3835850000032224, 1.3380877999879885, 1.3367915999988327, 1.3368748000066262, 1.3387177999975393, 1.3822887999995146, 1.3352229000010993, 1.3443095999973593, 1.3960068000014871, 1.3838383999973303, 1.355219400007627, 1.3365827999950852, 1.3383653999917442, 1.350884400002542, 1.3684987000015099, 1.3300377999985358, 1.3865729999961331, 1.3358255999919493, 1.3351085000031162, 1.3611586000042735, 1.4120478999975603, 1.3326207000063732, 1.3459099999890896, 1.3311684000073, 1.3366206999926362, 1.3441385000041919, 1.3425813999929233, 1.3366577999986475, 1.3345651999989059, 1.34107640000002, 1.3841228999954183, 1.3665065000095638, 1.3294334999955026, 1.3840656999964267, 1.3891942000045674, 1.377026800008025, 1.3612726999999722, 1.3754793999978574, 1.3341620999999577, 1.340749399998458, 1.3870177999924636, 1.3788695999974152, 1.3594912999978988, 1.4110402999940561, 1.3834806000086246, 1.3344412999867927, 1.340053199994145, 1.3421841999952449, 1.4144642999890493, 1.4257212999946205, 1.3435332000080962, 1.334474900009809, 1.382097200010321, 1.3367224000103306, 1.37357239999983, 1.334202500001993, 1.3367334000067785, 1.383926700000302, 1.3398532000137493, 1.3875799000088591, 1.349871999991592, 1.3794580000103451, 1.3805568999960087, 1.3501567999919644, 1.3429667000018526, 1.345773700013524, 1.3826146999927005, 1.341522899994743, 1.414575300004799, 1.3883973999909358, 1.3376838999975007, 1.3455371000018204, 1.3383633000048576, 1.3776356000016676, 1.3774236000026576, 1.3409901999984868, 1.3436174999951618, 1.3506630000047153, 1.419973600000958, 1.3448915999906603, 1.3453694000054384, 1.3882081000047037], "benchmark": [1.3440191999980016, 1.349916300008772, 1.348015999989002, 1.4216011999960756, 1.341100000005099, 1.3421915999933844, 1.3866134000127204, 1.3733336000004783, 1.3428330999886384, 1.3530114000022877, 1.3541295000031823, 1.3970581000030506, 1.3435956000030274, 1.3481399000011152, 1.4226617999956943, 1.3918123000039486, 1.346776400008821, 1.4187018999946304, 1.345184000005247, 1.3371080000069924, 1.3806879000039771, 1.3814354999922216, 1.3392071000125725, 1.375890099996468, 1.3401038000010885, 1.3369916000083322, 1.3365230000053998, 1.3729420000017853, 1.3752494000073057, 1.3900910999946063, 1.3684702000027755, 1.3617948000028264, 1.3949701999954414, 1.3392812999954913, 1.3319042999937665, 1.333733099992969, 1.376750199997332, 1.3757176999934018, 1.3858795999985887, 1.339964200000395, 1.3647022999939509, 1.340662099988549, 1.3827590000000782, 1.382472700002836, 1.391445700006443, 1.3385932000091998, 1.3455545999895548, 1.382466499999282, 1.3553591000090819, 1.343589099997189, 1.3398247999866726, 1.396626000001561, 1.3472429000103148, 1.3378930000035325, 1.3385866000025999, 1.3660517999960575, 1.3414476000034483, 1.3791947999998229, 1.415808100005961, 1.4240710000012768, 1.362988900000346, 1.380396099993959, 1.3420467999967514, 1.3835623000049964, 1.333229299998493, 1.393271699998877, 1.389211299989256, 1.3393675000115763, 1.4128010999993421, 1.3330603999929735, 1.3327707999997074, 1.4153930000029504, 1.3356599000107963, 1.3808694999897853, 1.3991648000082932, 1.3595669999922393, 1.3703688999958104, 1.4023752000066452, 1.3879613000026438, 1.3364907999930438, 1.3682007000024896, 1.3362227000034181, 1.3898557999928016, 1.3867445999931078, 1.3696202000137419, 1.3973057999974117, 1.3494963999983156, 1.359500399994431, 1.3804682000045432, 1.394075200005318, 1.3361682999966433, 1.4260925999988103, 1.3422338999953354, 1.3976733000017703, 1.3915870000055293, 1.3949659999925643, 1.3385847000026843, 1.3381777000031434, 1.3854778999957489, 1.390193500003079]}, "cpython": {"warmup": [1.4760225000063656, 1.43912020001153, 1.4179314999928465, 1.4826163000107044, 1.4335483000031672, 1.438422699997318, 1.479149899998447, 1.433569400003762, 1.4799663000012515, 1.4359472000069218, 1.4793330999964382, 1.449772899999516, 1.426561500004027, 1.4779951000091387, 1.4340521999984048, 1.4606818000029307, 1.4227914999937639, 1.4790197999973316, 1.4644733000022825, 1.4349150999914855, 1.482983099995181, 1.4795088000100804, 1.4310014999937266, 1.4920220999920275, 1.4828599000029499, 1.4830666000052588, 1.4591705999919213, 1.4260213999950793, 1.4436712000024272, 1.4346556999953464, 1.4245720999897458, 1.4366788000043016, 1.4250080999918282, 1.4278014000010444, 1.4290184999990743, 1.4330030999990413, 1.4438267999939853, 1.4264819999953033, 1.4340879000083078, 1.4291211999952793, 1.4284600000100909, 1.4808431000128621, 1.4859294000052614, 1.4795256999932462, 1.4330802000040421, 1.4894437000039034, 1.4426586999907158, 1.4396799999958603, 1.4483220999973128, 1.4282817999919644, 1.4274205999972764, 1.4264150999952108, 1.4294632000091951, 1.4338526999927126, 1.4320759999973234, 1.4832726000022376, 1.4862730999884661, 1.482535299990559, 1.4787240000005113, 1.4557038000057219, 1.4260756000003312, 1.4483648000023095, 1.4233781999937491, 1.4310779999941587, 1.4714097999967635, 1.4880919999995967, 1.4708626000065124, 1.4508321000030264, 1.4729143000004115, 1.4415607999981148, 1.423292199993739, 1.432599300009315, 1.4736275000032037, 1.424444600008428, 1.47854080000252, 1.4422541999956593, 1.4839826999959769, 1.4332771000044886, 1.4398899000079837, 1.4364232000079937, 1.4979934000002686, 1.4825512999959756, 1.4353506000043126, 1.423854599997867, 1.422288000001572, 1.4257941999967443, 1.4214770999969915, 1.4296880000038072, 1.4766229999950156, 1.447870799995144, 1.4245158000121592, 1.4530115999950795, 1.4719704999879468, 1.4654684999986785, 1.423443199993926, 1.4230121000000509, 1.467119900000398, 1.4765844999928959, 1.4602013999974588, 1.4698667000047863], "benchmark": [1.4306084000127157, 1.4338965999922948, 1.433475099998759, 1.4337266000075033, 1.4759760000015376, 1.4424880000005942, 1.4487005999981193, 1.4662154999969061, 1.4288775000022724, 1.4714383999962592, 1.4248350999987451, 1.4257182000001194, 1.4265986000100384, 1.4784929000015836, 1.4288710000109859, 1.4714414000045508, 1.423438800004078, 1.4199886999995215, 1.4825281999947038, 1.4782892999937758, 1.4271652000024915, 1.4798993000003975, 1.4388361000019358, 1.4708315999887418, 1.479090199994971, 1.4734372999955667, 1.487379799989867, 1.4445274000026984, 1.4280252999888035, 1.4417771000007633, 1.4272575999930268, 1.429757999998401, 1.4224181000026874, 1.4752291000040714, 1.4289685000112513, 1.4261297000048216, 1.4381101000035414, 1.4447564000001876, 1.4380092999927, 1.4262139000056777, 1.427368699994986, 1.4305668999877525, 1.4263662000012118, 1.4302223000122467, 1.4326367000030586, 1.4251150000054622, 1.431491700001061, 1.4278064999962226, 1.4328411000024062, 1.4273068999900715, 1.424425400007749, 1.417676400000346, 1.475004899999476, 1.4302230999892345, 1.4625115000089863, 1.4249204000079772, 1.428878500009887, 1.4231271000026027, 1.4717861999961315, 1.435481799999252, 1.4330066999973496, 1.4712427000049502, 1.4249341999966418, 1.4746951999986777, 1.428275800004485, 1.4113925999990897, 1.4302735999954166, 1.422651400003815, 1.4414565000042785, 1.4378572999994503, 1.4198328999918886, 1.4691886000073282, 1.434058200000436, 1.472076100006234, 1.473264799991739, 1.4799991000036243, 1.4714013000047999, 1.4656019999965793, 1.4743566999968607, 1.4328056999947876, 1.429889599996386, 1.425718099999358, 1.4230705999943893, 1.4279347999981837, 1.4930332000076305, 1.465879200011841, 1.4332068999938201, 1.424890399997821, 1.4422295999975177, 1.4249810000037542, 1.4791221000050427, 1.4283616000029724, 1.4317244999983814, 1.4822022000007564, 1.4794660000043223, 1.4790194999950472, 1.423641299988958, 1.4716460000054212, 1.48021590001008, 1.4325793999887537]}}