{"nuitka": {"warmup": [1.0917931000003591, 1.0767780000023777, 1.0749283999903128, 1.078100099999574, 1.0766045000054874, 1.092843600010383, 1.0720481000025757, 1.071705899987137, 1.0735628999973414, 1.0787450000061654, 1.0752246000047307, 1.0785302000003867, 1.0748359999997774, 1.0718845999945188, 1.0848420999973314, 1.0736264000006486, 1.075604600002407, 1.068289000002551, 1.06751880000229, 1.0780858999933116, 1.0681737999984762, 1.0706005999963963, 1.0763739999965765, 1.0770604999997886, 1.0780555000092136, 1.0734325000084937, 1.07277410000097, 1.0708659999945667, 1.077342700009467, 1.0737874000042211, 1.068407799990382, 1.0793515000113985, 1.0764389999967534, 1.0762146999913966, 1.0837644999992335, 1.0751759999984642, 1.0735679999925196, 1.0689888000051724, 1.0760951999982353, 1.0762070000055246, 1.0749842999939574, 1.069684200003394, 1.0669624999864027, 1.0758414000010816, 1.0722380999941379, 1.0843358999991324, 1.0747009000042453, 1.0715233999944758, 1.072828300006222, 1.07614449999528, 1.0794909999967786, 1.0709532999899238, 1.0771043000131613, 1.0762325000105193, 1.0746010999864666, 1.0703935000055935, 1.0740979999973206, 1.0744382999982918, 1.0778458999993745, 1.0772396999964258, 1.074257000000216, 1.0784409000043524, 1.070606900000712, 1.0756043000001227, 1.0755142999987584, 1.0747141000028932, 1.069175600001472, 1.0728548000042792, 1.0779074000020046, 1.0689686999976402, 1.0674041000020225, 1.0784911999944597, 1.073552899993956, 1.0812027000065427, 1.072163200005889, 1.0744962000026135, 1.0743761000048835, 1.0716388000000734, 1.0746553000062704, 1.074603200002457, 1.0750911999930395, 1.0760416999983136, 1.0737967000022763, 1.0701470999920275, 1.0756496999965748, 1.077641500000027, 1.0750229999976, 1.0802665000082925, 1.0764741000020877, 1.0683396000094945, 1.073295499998494, 1.0738117000000784, 1.0745337000116706, 1.0751021000032779, 1.0717580999917118, 1.072221399997943, 1.075788999994984, 1.0705784000019776, 1.0752874000027077, 1.0685686000069836], "benchmark": [1.074449799998547, 1.0752381999918725, 1.0703183000005083, 1.0781258000060916, 1.0742200999957277, 1.0719950000056997, 1.0732324999989942, 1.0720469999941997, 1.0742266000015661, 1.07250059999933, 1.0690011999977287, 1.0727196999941953, 1.0684172999899602, 1.076836699998239, 1.0728701999905752, 1.0700043000106234, 1.0681325000041397, 1.0731330999988131, 1.0802524000027915, 1.0817113000084646, 1.077843599996413, 1.076505500008352, 1.069662200010498, 1.074857500003418, 1.0707131000090158, 1.0737369999988005, 1.0758887999982107, 1.0735621000058018, 1.0738832000060938, 1.0690299999987474, 1.0750190000107978, 1.074650800001109, 1.0706422999937786, 1.0687923999939812, 1.0734916999936104, 1.0752259000000777, 1.0871557000064058, 1.0746110000036424, 1.073185300003388, 1.073806100001093, 1.075755099998787, 1.0741371999902185, 1.0769141999917338, 1.0812702999974135, 1.0762964000023203, 1.0750125000049593, 1.0788044999935664, 1.077054399996996, 1.0705941999913193, 1.075033600005554, 1.0687793999968562, 1.0767289999930654, 1.0722518999973545, 1.0744264999957522, 1.0720321999979205, 1.0775252999883378, 1.0771806000120705, 1.0690728000045056, 1.0798532999906456, 1.07483990000037, 1.0687674999935552, 1.0804452000011224, 1.070449099992402, 1.0810369000100764, 1.0783222000027308, 1.0713590999948792, 1.0708589999994729, 1.0764371999975992, 1.07062590001442, 1.0819990000018151, 1.075871900000493, 1.0764888999983668, 1.0718224000011105, 1.0731297000020277, 1.0787066000048071, 1.0801188000041293, 1.0805354000040097, 1.0752810999983922, 1.0741765999991912, 1.07368800000404, 1.0744785999995656, 1.0744266999972751, 1.0733318999991752, 1.073627599995234, 1.074655900010839, 1.0742030999972485, 1.0766733000054955, 1.073088999997708, 1.078726399995503, 1.077270200010389, 1.0737242000031983, 1.080954399993061, 1.0744392000051448, 1.0690373000106774, 1.0706387000100221, 1.0771249999961583, 1.0760653999896022, 1.0731028000009246, 1.0713111000077333, 1.0826650000090012]}, "cpython": {"warmup": [1.1403276000055484, 1.1143296999944141, 1.1145338999922387, 1.124290599997039, 1.1146443000034196, 1.1245303000032436, 1.1328310999961104, 1.1125063999934355, 1.1131750000058673, 1.1175532000052044, 1.117050000000745, 1.1153007999964757, 1.114161299992702, 1.115518599995994, 1.1151512000069488, 1.117261800012784, 1.1111741999920923, 1.1136795999918832, 1.1145534000097541, 1.1202976000058698, 1.1313731999980519, 1.1117287000088254, 1.1161682999954792, 1.1168000000034226, 1.1190563999989536, 1.116142899991246, 1.124163000000408, 1.1201298000087263, 1.1134178999927826, 1.1178268999938155, 1.3394346999994013, 1.1353535999951418, 1.1128035000001546, 1.1122556000045734, 1.1096265000087442, 1.1157032000046456, 1.1172252999967895, 1.1118171000125585, 1.1130757999926573, 1.1166554000083124, 1.1134411000093678, 1.1161726999998791, 1.1109155000012834, 1.1112242999952286, 1.1144223000010243, 1.124995799997123, 1.1377756000001682, 1.1310162000008859, 1.1197308999981033, 1.1157601000013528, 1.117676499998197, 1.1119948999985354, 1.1166682000039145, 1.1161732000036864, 1.1153211999917403, 1.106852800003253, 1.1291017000039574, 1.1145429000025615, 1.1279175999952713, 1.1138887999986764, 1.1329851000045892, 1.1441083999961847, 1.1123351999995066, 1.1191902999999002, 1.1135884999966947, 1.1161222999944584, 1.1317576000001281, 1.110919400001876, 1.1162448999966728, 1.1314950000087265, 1.1129503999982262, 1.117564800006221, 1.112306399998488, 1.113362900010543, 1.1100926000071922, 1.1186317000101553, 1.1153677999973297, 1.1237792000029003, 1.118495900009293, 1.1138621999998577, 1.1149349000043003, 1.1091531999991275, 1.1152652000018861, 1.120821699994849, 1.1212957000097958, 1.1208429000107571, 1.1149889999942388, 1.1318774999963352, 1.1123184000025503, 1.1304300000047078, 1.1291994999919552, 1.1131328000046778, 1.1158470000082161, 1.1289611999964109, 1.1123099000105867, 1.1368447999993805, 1.1121983999910299, 1.108812400008901, 1.1307284000067739, 1.1118450000067241], "benchmark": [1.1374396000028355, 1.1159931000001961, 1.1186391999945045, 1.1394698999938555, 1.1176604000065709, 1.126668900004006, 1.1143656999920495, 1.1368255999987014, 1.1162652999919374, 1.1372035999957006, 1.1121022000006633, 1.1986366000055568, 1.131409800000256, 1.1150256999972044, 1.1161556000006385, 1.124007199992775, 1.1122062999929767, 1.1158304999989923, 1.113889800006291, 1.1095709999935934, 1.1313149000052363, 1.1145874000067124, 1.1126420000073267, 1.1255212999967625, 1.1124661000067135, 1.1166192999953637, 1.1908773000031943, 1.1162998000072548, 1.147605799997109, 1.1229668000014499, 1.1224524999997811, 1.1131771999935154, 1.1185002999991411, 1.1189922000048682, 1.122122799992212, 1.1345020000007935, 1.118796900002053, 1.1144452000007732, 1.115837899997132, 1.114982200000668, 1.1197095999959856, 1.1334843000076944, 1.1120522999990499, 1.1140245999995386, 1.112948599999072, 1.1192429999937303, 1.1296516000002157, 1.1141605000011623, 1.2006022999994457, 1.1589729999977862, 1.3617217999999411, 1.1163688999949954, 1.1140878000005614, 1.131696099997498, 1.1207089999952586, 1.1151441000110935, 1.144511099992087, 1.1140937000018312, 1.1219883000012487, 1.124009399994975, 1.1181536999938544, 1.1135417999903439, 1.112548599994625, 1.1177788999921177, 1.1153558999940287, 1.1227421999938088, 1.1281396999984281, 1.1177829999942333, 1.1155911999958334, 1.1183507999958238, 1.1187876000039978, 1.1116945000103442, 1.1183337999973446, 1.1235218999936478, 1.1230520000099204, 1.1182016000093427, 1.1190707000059774, 1.1252549000055296, 1.1163130999921123, 1.1199387999949977, 1.1283552999957465, 1.1151397000066936, 1.1148568000062369, 1.114867799988133, 1.1242338000010932, 1.125201199989533, 1.1160776000033366, 1.1241678999940632, 1.1296009999932721, 1.10934239999915, 1.118807899998501, 1.1147947999997996, 1.1228858999966178, 1.119151700011571, 1.1182490000064718, 1.1186102999927243, 1.126462200001697, 1.1200306999962777, 1.133043000008911, 1.1143306000012672]}}