{"nuitka": {"warmup": [1.25386250000156, 1.244517300001462, 1.239175200000318, 1.244016600001487, 1.2451963999992586, 1.2831012999995437, 1.307021699998586, 1.2411843000008957, 1.2477777999993123, 1.2561046999981045, 1.2402317999985826, 1.2539844999992056, 1.243770900000527, 1.2508624000001873, 1.2428040000013425, 1.2964892000018153, 1.2411735999994562, 1.2419147999971756, 1.2424743000010494, 1.2438207999985025, 1.246418700000504, 1.2445941000005405, 1.2405481999994663, 1.2425991999989492, 1.2516610000020592, 1.3020556000010401, 1.246352599999227, 1.2864833000021463, 1.2953385000000708, 1.308062300002348, 1.3229515999992145, 1.2501259000018763, 1.306519899997511, 1.2535166999987268, 1.2571295000016107, 1.2420378999995592, 1.287737400001788, 1.2424088000007032, 1.2432601000000432, 1.2479138999988209, 1.2479148999991594, 1.2874368999982835, 1.2421439999998256, 1.2910135999991326, 1.244036899999628, 1.2468927999980224, 1.3077610000000277, 1.2564235999998346, 1.2451504999989993, 1.2435760000007576, 1.2422576999997545, 1.2528722999995807, 1.3247999000013806, 1.2448254999981145, 1.2380802000006952, 1.2452455999991798, 1.2412645999975211, 1.2498641000020143, 1.3545362000004388, 1.2408381000022928, 1.2489817999994557, 1.2375457999987702, 1.2427210999994713, 1.242023999999219, 1.241887799998949, 1.2900743999998667, 1.2429428000032203, 1.2395228000023053, 1.2906944999995176, 1.255045900001278, 1.241577299999335, 1.2563233000000764, 1.2398033000026771, 1.240843199997471, 1.2400791000000027, 1.2479773000013665, 1.2395790999980818, 1.2422612000009394, 1.238501499999984, 1.2950201999992714, 1.2467136999985087, 1.2414147000017692, 1.286442700002226, 1.2477671999986342, 1.2421366999988095, 1.3212290000010398, 1.2449538000000757, 1.2526201999971818, 1.245753399998648, 1.2817513000009058, 1.2545746000032523, 1.3214846000009857, 1.2443813999998383, 1.2390573999982735, 1.2428772999992361, 1.2375678999997035, 1.2483199999987846, 1.2858562000001257, 1.2463264999969397, 1.2500891999989108], "benchmark": [1.3053136999988055, 1.243667100003222, 1.249782700000651, 1.2939063000012538, 1.2467361000017263, 1.2407621999991534, 1.2393578000010166, 1.2375871000003826, 1.2817871999977797, 1.241222500000731, 1.2542969000023731, 1.247460400001728, 1.2409437999995134, 1.2455379000020912, 1.3341091000002052, 1.2395931999999448, 1.2460919999975886, 1.3249574000001303, 1.3260424000000057, 1.2439401000010548, 1.2417819000002055, 1.239296400002786, 1.2386874000003445, 1.2388864000022295, 1.2622054999992542, 1.2392514999992272, 1.2416166000002704, 1.2466887000009592, 1.2495645999988483, 1.2421467999993183, 1.2392698999974527, 1.2519939000012528, 1.308306499999162, 1.2403864999978396, 1.2416899999989255, 1.252838199998223, 1.2383233000000473, 1.2403238999977475, 1.2430967000000237, 1.2426827999988745, 1.2453826000019035, 1.2463906000011775, 1.2441343999998935, 1.262743400002364, 1.2424195999992662, 1.2567049999997835, 1.2875327999972797, 1.2409341000020504, 1.238114300002053, 1.2496529999989434, 1.2492793999990681, 1.2995655999984592, 1.2442635999977938, 1.2367267999979958, 1.2416784999986703, 1.2409818000014639, 1.2435888999971212, 1.2439187999989372, 1.2479917999989993, 1.2449573000012606, 1.288056500001403, 1.240890400000353, 1.255935799999861, 1.2403251999967324, 1.240084900000511, 1.2469510000009905, 1.2388051000016276, 1.239249700000073, 1.2426874000011594, 1.241931000000477, 1.2448129000003973, 1.2467966999975033, 1.2446584999997867, 1.238541200000327, 1.2860231999984535, 1.2501993000005314, 1.2636525000016263, 1.2400505000005069, 1.2475524000001315, 1.2430519999979879, 1.2450217000005068, 1.240539099999296, 1.2392512000005809, 1.2409623000021384, 1.2413078999998106, 1.240107400000852, 1.2479175000007672, 1.252237900000182, 1.2485454999987269, 1.2420205999987957, 1.249469800000952, 1.2423080999978993, 1.292716299998574, 1.247882199997548, 1.2450967000004312, 1.2453072999996948, 1.2873549999967508, 1.239588399999775, 1.2412182000007306, 1.2384932000022673]}, "cpython": {"warmup": [1.2627614999983052, 1.30742630000168, 1.3146261000001687, 1.324503600000753, 1.2747469999994792, 1.269856399998389, 1.2586749999973108, 1.2652918999992835, 1.2597602000023471, 1.293598899999779, 1.256244100000913, 1.2703933000011602, 1.2631918999977643, 1.2989493000022776, 1.256107000001066, 1.2600992000006954, 1.2581583999999566, 1.263945299997431, 1.2595930999996199, 1.2610555000028398, 1.2986989999990328, 1.275486099999398, 1.2954684999967867, 1.2574766999969142, 1.257380800001556, 1.3195890999995754, 1.3109021999989636, 1.2567140999999538, 1.297110799998336, 1.2553661999991164, 1.262732600000163, 1.2588518999982625, 1.2548406999994768, 1.2567932000019937, 1.2848274000025413, 1.255270699999528, 1.258019000000786, 1.2556273000009242, 1.2674498000014864, 1.2546967000016593, 1.2565561999981583, 1.2570620000005874, 1.3042729000007967, 1.263485600000422, 1.2605435000004945, 1.2639468999987002, 1.2562722000002395, 1.2634570000009262, 1.2603945999981079, 1.2590517999997246, 1.259258400001272, 1.2546638999992865, 1.2628382000002603, 1.2837233999998716, 1.2553331000017351, 1.2646133000016562, 1.2567163999992772, 1.2608838999985892, 1.2602880999984336, 1.2587179000001925, 1.274587200001406, 1.3322149000014178, 1.2967186999994738, 1.2974936999999045, 1.2700952000013785, 1.2599101000014343, 1.2604695999980322, 1.3076265999989118, 1.2608555999977398, 1.255786599998828, 1.2532365000006394, 1.3127155000001949, 1.2541448999982094, 1.2988021999990451, 1.2586633999999322, 1.2580964999979187, 1.261317100001179, 1.260568499998044, 1.2587628000001132, 1.26799469999969, 1.268020899999101, 1.25772500000312, 1.2586950000004435, 1.3335549000003084, 1.3109767000023567, 1.3007509999988542, 1.2525552000006428, 1.2644676999989315, 1.2610004000016488, 1.2904586000004201, 1.261053999998694, 1.2561248999991221, 1.2608996999988449, 1.303570000000036, 1.255905400001211, 1.2602705999997852, 1.2629710999972303, 1.2584274000000732, 1.259973699998227, 1.2591500000016822], "benchmark": [1.2749336000015319, 1.255327800001396, 1.2553684000013163, 1.2545231000003696, 1.3327830999987782, 1.260086299997056, 1.2565380999985791, 1.2754558000015095, 1.2807315999998536, 1.2560252000002947, 1.2858344999986002, 1.25612529999853, 1.2610726000020804, 1.2652315999985149, 1.2574041000007128, 1.26382829999784, 1.2548825000012584, 1.2544338000006974, 1.2565649999996822, 1.260069799998746, 1.256954799999221, 1.2700091000006068, 1.255721800000174, 1.2546836999972584, 1.2873203000017384, 1.2680767000019841, 1.2619164999996428, 1.374246300001687, 1.2555654999996477, 1.2577479000028688, 1.2578982000013639, 1.2625178000016604, 1.2585644999999204, 1.258250400001998, 1.2544763000005332, 1.267108799998823, 1.2590406999988772, 1.2567014000014751, 1.259004499999719, 1.261667300001136, 1.2683723000009195, 1.2588192000002891, 1.2687149000012141, 1.256507900001452, 1.2644431000007899, 1.26927109999815, 1.256781599997339, 1.2753842000020086, 1.2594658000016352, 1.2571758999984013, 1.254014999998617, 1.264449300000706, 1.2674912000002223, 1.2969780999992508, 1.2557568000011088, 1.2679776000004495, 1.2591119999997318, 1.2705702999992354, 1.2573899000017263, 1.2822622999992745, 1.256444400001783, 1.2555931999995664, 1.2685934999972233, 1.2534605999971973, 1.2877786999997625, 1.2545556999975815, 1.26139929999772, 1.2655589999994845, 1.2566003000029013, 1.2664539999968838, 1.2601274000007834, 1.2608822000001965, 1.2566877999997814, 1.266313000000082, 1.2601008999990881, 1.256001000001561, 1.2668850000009115, 1.2706379000010202, 1.2576010000011593, 1.2987302000001364, 1.3020314000023063, 1.3157805999981065, 1.2602857999991102, 1.257378800000879, 1.2601863000018056, 1.2610614000004716, 1.264201800000592, 1.298747299999377, 1.256908299998031, 1.257424399998854, 1.3469909999985248, 1.2599367999973765, 1.2680179000017233, 1.2578441000005114, 1.2551684999998542, 1.2701332999968145, 1.2585837000005995, 1.2546875000007276, 1.2667021000015666, 1.2626257999982045]}}