{"nuitka": {"warmup": [1.1451530000049388, 1.1472231999941869, 1.1345296999934362, 1.1755263000086416, 1.145454699988477, 1.1223643999983324, 1.1392311999952653, 1.1224886999989394, 1.1139855999936117, 1.1232099999906495, 1.1239169000036782, 1.117044700004044, 1.1140218000073219, 1.1300954000034835, 1.1417375000019092, 1.1225609999964945, 1.1195676999923307, 1.119286999994074, 1.148933799995575, 1.1460551000054693, 1.1231995999987703, 1.1182554999977583, 1.118958000006387, 1.1148677000019234, 1.115798500002711, 1.1250003000022843, 1.1164266999985557, 1.1187187999894377, 1.1179762000101618, 1.1429624000011245, 1.1197906999877887, 1.1173070999939227, 1.1446866000042064, 1.1337473000021419, 1.1172213999961969, 1.112298500011093, 1.1836270999920089, 1.1317222000070615, 1.120631699988735, 1.116150399990147, 1.1209562000003643, 1.118122100000619, 1.1212039999954868, 1.1242638000112493, 1.1173198000033153, 1.1128036999871256, 1.116681300001801, 1.1222456999967108, 1.1194772999879206, 1.1476437999954214, 1.1173968000075547, 1.1320832000055816, 1.1567313999985345, 1.174233900004765, 1.1226374999969266, 1.1143843000027118, 1.1172819999919739, 1.1154727999964962, 1.1232436999998754, 1.1162502999941353, 1.139169399990351, 1.1160600000002887, 1.1197333000018261, 1.1234860999975353, 1.1131894999998622, 1.116003199989791, 1.143226300002425, 1.1214447999955155, 1.1487833999999566, 1.1144111000030534, 1.147154699996463, 1.116473699992639, 1.1238163000089116, 1.1159498999913922, 1.1123919000092428, 1.1150616000086302, 1.1230718000006163, 1.1284606999979587, 1.1243036999949254, 1.1189143999945372, 1.1238866999919992, 1.1143797999975504, 1.1208927999978187, 1.182035599995288, 1.1215107000025455, 1.1183299999975134, 1.120297399989795, 1.1228927999909502, 1.122319999994943, 1.1149012999958359, 1.1214227000018582, 1.1555841000081273, 1.1136265999957686, 1.1957923000009032, 1.1173022000002675, 1.1168171000026632, 1.1206516999955056, 1.117160399997374, 1.1147373999992851, 1.1485123000020394], "benchmark": [1.1248017999896547, 1.1243918999971356, 1.11390460000257, 1.117011399997864, 1.1153839999897173, 1.1426274000114063, 1.1167301000095904, 1.1162284000020009, 1.19336679999833, 1.115760800006683, 1.1170563000050606, 1.1178737000009278, 1.1187099999951897, 1.1143950999976369, 1.1163319000042975, 1.1167903999885311, 1.1343952999886824, 1.1143598999915412, 1.1287225999985822, 1.1174239000101807, 1.1554738999984693, 1.116222500000731, 1.1162859000032768, 1.1078618000028655, 1.125228100005188, 1.1162519000063185, 1.1182839999964926, 1.1140015999990283, 1.1200509000045713, 1.1158513000118546, 1.1182307999988552, 1.1377515999920433, 1.1141319000016665, 1.121020899998257, 1.1344439000095008, 1.1097994000010658, 1.1201992999995127, 1.120274699991569, 1.113628000006429, 1.1174381000018911, 1.1203055000078166, 1.1206065000005765, 1.1234278999909293, 1.130242899991572, 1.1186092999996617, 1.1450333999964641, 1.1339907999936258, 1.1208971000014571, 1.1203354000026593, 1.1193402999924729, 1.1120762999926228, 1.1172439000074519, 1.116739899996901, 1.1188015000079758, 1.1624134000012418, 1.118423799998709, 1.120594500011066, 1.1221722999907797, 1.1088739999977406, 1.1151199000014458, 1.1162921000068309, 1.1107435000012629, 1.1214168000005884, 1.1272234999923967, 1.14381670000148, 1.117414699998335, 1.118629200005671, 1.1133173999987775, 1.1252372000017203, 1.115699300004053, 1.1156063999951584, 1.111368300000322, 1.1157095999951707, 1.1470998000004329, 1.1263070999993943, 1.1129900999949314, 1.137659400003031, 1.117765100003453, 1.1161389000044437, 1.1235488999955123, 1.130597499999567, 1.1523621000087587, 1.144227900003898, 1.134293399998569, 1.1157622000027914, 1.1182769000006374, 1.1144580999971367, 1.1394257999927504, 1.1181695999985095, 1.114118999990751, 1.1230243000027258, 1.1206600000004983, 1.116130800000974, 1.1161259999935282, 1.1522807000001194, 1.1182989000080852, 1.1374062999966554, 1.1213394000078551, 1.1406483000027947, 1.1492289000016171]}, "cpython": {"warmup": [1.1261475999926915, 1.2209097000013571, 1.1918710000027204, 1.1230715999990935, 1.1170229999988806, 1.1229296999954386, 1.1174976999900537, 1.1241374000092037, 1.1291708999924595, 1.130176799997571, 1.1212201000016648, 1.1164771000039764, 1.1748493000050075, 1.1178708000079496, 1.149135200001183, 1.1561729999957606, 1.124192999996012, 1.1168690000049537, 1.1239495999907376, 1.1210932999965735, 1.1246554999961518, 1.1308079000009457, 1.2125323000072967, 1.1692330999940168, 1.2079138999979477, 1.1306142999965232, 1.1150162999983877, 1.1194089999917196, 1.1208421000046656, 1.1225253000011435, 1.1230763000057777, 1.1564845999964746, 1.1301050999900326, 1.1574284000089392, 1.1506078999955207, 1.1499403000052553, 1.1187168000033125, 1.1546891999896616, 1.1168006000079913, 1.1202766000060365, 1.1204276000062237, 1.1455975999997463, 1.1234569000080228, 1.1614101000013761, 1.119071499997517, 1.2100122999981977, 1.2128739000036148, 1.125808800003142, 1.1470891999924788, 1.1220639999955893, 1.1163596000114921, 1.128140800006804, 1.1312222999986261, 1.152258799993433, 1.121373300004052, 1.1308028000057675, 1.1357362999988254, 1.1263859000027878, 1.126991299999645, 1.181210299997474, 1.1213026999903377, 1.2069024000084028, 1.2295119000045815, 1.1278643000114243, 1.1236636999965413, 1.1199875000020256, 1.1229413999972166, 1.1199562000110745, 1.1259491999953752, 1.1252983000013046, 1.1597270999918692, 1.1488545000029262, 1.1316835000034189, 1.123599300000933, 1.1519467000034638, 1.123143799995887, 1.1171457000018563, 1.1190546000143513, 1.1340473000018392, 1.1181746000074781, 1.1234395999927074, 1.126224399995408, 1.1180268000025535, 1.1200087999895914, 1.1146979000041028, 1.122262499993667, 1.136511300006532, 1.1756620999949519, 1.1266376999992644, 1.1222356999933254, 1.1319499999954132, 1.1355946999974549, 1.1207001000002492, 1.1344553000089945, 1.125412299996242, 1.116477900010068, 1.1198067999939667, 1.120778299999074, 1.209830099993269, 1.1175498999946285], "benchmark": [1.124394200000097, 1.1223801000014646, 1.1408959999971557, 1.1192799999989802, 1.1179303000099026, 1.1198296999937156, 1.1201081999897724, 1.1169624000031035, 1.1172837000049185, 1.1172666999918874, 1.1222760999953607, 1.1194642999907956, 1.123459599999478, 1.1223420999886002, 1.1292118999990635, 1.1223147999990033, 1.1233674999966752, 1.1377800000045681, 1.1183976999891456, 1.2125976999959676, 1.1218759000039427, 1.1697791999904439, 1.1134868000081042, 1.1202750999946147, 1.11859570001252, 1.1991407000023173, 1.1187290999951074, 1.1667135000025155, 1.1317116999998689, 1.1313598999986425, 1.1363714000035543, 1.385187699997914, 1.117790000003879, 1.1256438999989768, 1.119089999992866, 1.1420905999984825, 1.1180074000003515, 1.1326289999997243, 1.1320568999944953, 1.1191722999938065, 1.1390334000025177, 1.1795293000031961, 1.1213921999878949, 1.126953200000571, 1.1929738000035286, 1.1147660999995423, 1.1238890000095125, 1.1328509000013582, 1.1484342999901855, 1.117984600001364, 1.118457499993383, 1.1229310000053374, 1.1482939999987138, 1.1899254000018118, 1.1286522999871522, 1.1221158999978798, 1.121871999988798, 1.1239815999870189, 1.1159896000026492, 1.1222416999953566, 1.1231234000006225, 1.1618521999916993, 1.1217976000043564, 1.1481061999947997, 1.1230073000042466, 1.1181282000034116, 1.1237083000014536, 1.1202196999947773, 1.1279377000028035, 1.1602172999992035, 1.120603299990762, 1.152748699998483, 1.1210354000068037, 1.1181899000075646, 1.1186719999968773, 1.130800500002806, 1.1196006999962265, 1.1293281999969622, 1.155785900002229, 1.1235985999956029, 1.1193070000008447, 1.1181960999965668, 1.1327439000015147, 1.1273842999944463, 1.1664458000013838, 1.1490256000106456, 1.1572901000035927, 1.178919500001939, 1.1379016999999294, 1.1261663999903249, 1.1253753999917535, 1.111316300011822, 1.1270342999923741, 1.1216000999993412, 1.1229101000062656, 1.1256171999993967, 1.1230851000000257, 1.1169200000003912, 1.1242952000029618, 1.1485930000053486]}}