{"nuitka": {"warmup": [1.0258619000014733, 1.020773399999598, 1.015639099998225, 1.0222794000001159, 1.0227640000011888, 1.011293299998215, 1.0227359999989858, 1.0323384000002989, 1.011760299999878, 1.0186996999982512, 1.0168000000012398, 1.0362410999987333, 1.008201000000554, 1.0262920999994094, 1.0141419999999925, 1.0196795999981987, 1.0135691000032239, 1.014355399998749, 1.0215004999990924, 1.0132620000003953, 1.0242872999988322, 1.0152269000027445, 1.0104791999983718, 1.0183405999996467, 1.0127041999985522, 1.043616300001304, 1.0346375000008265, 1.0161803999981203, 1.013297199999215, 1.0283866000027047, 1.0126043999989633, 1.0287472999989404, 1.034359500001301, 1.0237907999980962, 1.0131833999985247, 1.0154255000015837, 1.0196548000021721, 1.047506400002021, 1.0137570000006235, 1.0113770000025397, 1.0177603000011004, 1.0449999000011303, 1.0293176999985008, 1.0261566000008315, 1.011908799999219, 1.0152543000003789, 1.0144930999995267, 1.0227011999995739, 1.0290439000018523, 1.0112627999988035, 1.0138073000016448, 1.0222785000005388, 1.0115231000017957, 1.0125339000005624, 1.0168727000018407, 1.0086910999998508, 1.0169945000016014, 1.0255191000032937, 1.0112101999984588, 1.0216087000007974, 1.0239853999992192, 1.0231529000011506, 1.0139052999984415, 1.023249300000316, 1.0193322000013723, 1.0262101999978768, 1.0677711999996973, 1.0159738999973342, 1.0080874000013864, 1.0236426999981632, 1.0214387999985775, 1.0387833999993745, 1.0245189999986906, 1.0123940000012226, 1.0164169999989099, 1.0246341000020038, 1.0158482000006188, 1.020034699999087, 1.052463700001681, 1.023813700001483, 1.0134988999998313, 1.013846800000465, 1.0151215999976557, 1.0213315000000875, 1.0141078000015114, 1.0100326000028872, 1.010936300001049, 1.02142989999993, 1.0188619999971706, 1.0099144999985583, 1.0104857000005723, 1.01487989999805, 1.0273978000004718, 1.0147805999986304, 1.0134352999994007, 1.0190918999978749, 1.0182241999973485, 1.0119215000013355, 1.010224499998003, 1.0120344000024488], "benchmark": [1.0251112000005378, 1.0280566000001272, 1.0061038999992888, 1.0123802999987674, 1.031520600001386, 1.0297237999984645, 1.0373185999997077, 1.0089068000015686, 1.011959499999648, 1.0214559999985795, 1.0177723000015249, 1.0165794999993523, 1.032425699999294, 1.0303674999995565, 1.025492300002952, 1.013074599999527, 1.0255405999996583, 1.0093889000017953, 1.0110993000016606, 1.0224978999976884, 1.0126236000032804, 1.015675900001952, 1.0170011000009254, 1.0088106999974116, 1.0254876999970293, 1.0527218999995966, 1.013154399999621, 1.014093400001002, 1.0316137000008894, 1.0175421000021743, 1.0259439999972528, 1.0290881000000809, 1.0264748000008694, 1.013533000001189, 1.0303248000018357, 1.0200268000007782, 1.0167470999986108, 1.0295342000026722, 1.0128718999985722, 1.0194372000005387, 1.0459010999984457, 1.0086650999983249, 1.0239055999991251, 1.0579927999970096, 1.0217669000012393, 1.0149061999982223, 1.0320592999996734, 1.0288009000032616, 1.0110216999964905, 1.0123615999982576, 1.012259199997061, 1.0169394000004104, 1.0115709000019706, 1.0241365000001679, 1.0157794000006106, 1.0158763999970688, 1.0080307999996876, 1.029663099998288, 1.0289187999987917, 1.0150438999990001, 1.0131388999980118, 1.0306891000000178, 1.033337400000164, 1.0283980999993219, 1.0171962999993411, 1.0174936999974307, 1.0104007000009005, 1.0214784000017971, 1.0322183999996923, 1.0094876000002841, 1.0111888000028557, 1.0121155999986513, 1.0153164000003017, 1.0194857999995293, 1.0269174000022758, 1.015468300000066, 1.0147191999967617, 1.0150372000025527, 1.014854799999739, 1.0140060000012454, 1.019976100000349, 1.0165922000014689, 1.0550461999991967, 1.0138771000019915, 1.020206599998346, 1.0177921000031347, 1.0125161000032676, 1.0298449999972945, 1.0170187000003352, 1.0134761000008439, 1.0372415999991063, 1.0101934999984223, 1.0085100999967835, 1.0333996999979718, 1.0151236000019708, 1.0249519999997574, 1.0140075000017532, 1.0296812999986287, 1.0107558000017889, 1.0324264999981096]}, "cpython": {"warmup": [1.102125999997952, 1.103539499999897, 1.102890699999989, 1.0935697999993863, 1.1089905000008002, 1.093740299998899, 1.0937221999993199, 1.0991424000021652, 1.1444792000002053, 1.1200356999979704, 1.094215200002509, 1.1021689000008337, 1.096977400000469, 1.0925595999979123, 1.0941712000021653, 1.104736099998263, 1.096720000001369, 1.0917665999986639, 1.1054303999990225, 1.097308399999747, 1.1017868000017188, 1.113633100001607, 1.102960100000928, 1.0926718000009714, 1.0919409000016458, 1.1041671999992104, 1.09496670000226, 1.107814300001337, 1.0974487999992562, 1.0957259999995586, 1.094939599999634, 1.1028460999987146, 1.105219599998236, 1.0988547999986622, 1.1005353000000468, 1.096609800002625, 1.0952723000009428, 1.095639699997264, 1.096249700000044, 1.110673899998801, 1.09505789999821, 1.0946985999980825, 1.0936170000022685, 1.1069416999998793, 1.093276200001128, 1.0935733999976947, 1.1039382000017213, 1.0937664000011864, 1.0953774000008707, 1.0998024000000441, 1.0957084000001487, 1.098869100002048, 1.1129860999972152, 1.0924427000027208, 1.102660199998354, 1.0923965000001772, 1.097243600001093, 1.107860599997366, 1.09821920000104, 1.0991463999998814, 1.0988780000006955, 1.092922700001509, 1.0951500999981363, 1.1127687999978662, 1.092902000000322, 1.110460799998691, 1.1046384000001126, 1.0975835999997798, 1.0933680000016466, 1.094769900002575, 1.094481000000087, 1.0935022000012395, 1.0941615000010643, 1.102526200000284, 1.0955409000016516, 1.0929833999980474, 1.112304000002041, 1.0936604000016814, 1.1052651000027254, 1.0956055999995442, 1.1145230000001902, 1.0963338000001386, 1.093872099998407, 1.0925792999987607, 1.0937522000022, 1.1134337999974377, 1.1122660000000906, 1.1058383000017784, 1.0953092999989167, 1.0980450000024575, 1.0956433999999717, 1.0954485999973258, 1.1146114999974088, 1.115174600003229, 1.1225245999994513, 1.1105435999998008, 1.0990935000008903, 1.1034355000010692, 1.0948038999995333, 1.1978583999989496], "benchmark": [1.0973845999978948, 1.0964674999995623, 1.0987003999980516, 1.094101499998942, 1.0940090000003693, 1.0915891000004194, 1.0940245000019786, 1.1026966000026732, 1.0924385999969672, 1.0959063000009337, 1.0998876000012388, 1.0948862000004738, 1.0912458000020706, 1.0949418999989575, 1.0971543999985442, 1.095489200000884, 1.10374949999823, 1.1037418999985675, 1.1047226000009687, 1.106183099996997, 1.0958934000009322, 1.1063591999991331, 1.095926199999667, 1.098603300000832, 1.0955274000007194, 1.1076505999990331, 1.1004075999990164, 1.1061550000013085, 1.122523199999705, 1.117403699998249, 1.092302799999743, 1.1048383999986982, 1.1013423000003968, 1.113927500002319, 1.0999516999982006, 1.1048899000015808, 1.095380999999179, 1.1086881999981415, 1.1045329999979003, 1.1143669000011869, 1.0953554000006989, 1.0941342000005534, 1.094482099997549, 1.0941708000027575, 1.1049978000010015, 1.093725999999151, 1.0926600000020699, 1.0943434999971942, 1.1004596999991918, 1.1096063000004506, 1.0961973999983456, 1.10105939999994, 1.1002721000004385, 1.0955743999984406, 1.094349400002102, 1.0920553999967524, 1.1041556999989552, 1.108410400000139, 1.092259599998215, 1.1168341000011424, 1.0954848999972455, 1.1174829000010504, 1.093139799999335, 1.0925451000002795, 1.0926224000031652, 1.1044607999974687, 1.1133246999997937, 1.0924612999988312, 1.094913800003269, 1.1111081999988528, 1.1036187000026985, 1.0931567000006908, 1.1106948999986344, 1.0972767000021122, 1.092227000001003, 1.0940970000010566, 1.0951186999991478, 1.1029736999989836, 1.1165270999990753, 1.0971351999978651, 1.0951062999993155, 1.099422200000845, 1.1136981999989075, 1.2660427999981039, 1.0928072000024258, 1.1132491999997, 1.094787099998939, 1.0911030999996, 1.0941345999999612, 1.0923497000003408, 1.110782100000506, 1.105540900000051, 1.095043400000577, 1.0962273000004643, 1.0988830999995116, 1.0971485000009125, 1.093859100001282, 1.0941773999984434, 1.0944264000027033, 1.1123019000006025]}}