{"nuitka": {"warmup": [1.496167699995567, 1.2065648999996483, 1.2217402999958722, 1.2697119999938877, 1.218359699996654, 1.2416718999884324, 1.2123946999927284, 1.2288636000012048, 1.206720599991968, 1.207182300000568, 1.2170558999932837, 1.2270752000040375, 1.2184102999890456, 1.2085767999960808, 1.2441340000077616, 1.2229290999966906, 1.216903699998511, 1.2105482000042684, 1.2151471999968635, 1.222509799990803, 1.209466699991026, 1.2260849000012968, 1.2283955999882892, 1.2048951000033412, 1.2282829000032507, 1.2175439999991795, 1.2192574000073364, 1.2017594000062672, 1.2233271000004606, 1.2232694999984233, 1.2144696000032127, 1.2197847999923397, 1.2117506999929901, 1.2010479999880772, 1.214949200002593, 1.205755599992699, 1.2156506999890553, 1.2068501000030665, 1.2139587999990908, 1.2130680000118446, 1.2044967999972869, 1.2098340000084136, 1.2125228000077186, 1.2127582999964943, 1.2042766000085976, 1.2025072000105865, 1.2069163999985904, 1.2933743000030518, 1.2136969999992289, 1.2110068000038154, 1.2045564000000013, 1.2050251000036951, 1.2135877999971854, 1.2098128000070574, 1.216312900010962, 1.2093166999984533, 1.2073880999960238, 1.253376599997864, 1.2244890999863856, 1.2034107000072254, 1.209308500008774, 1.2207476000039605, 1.2216149000014411, 1.2141593000123976, 1.2123484000039753, 1.2171747000102187, 1.2093488000100479, 1.2054825000086566, 1.2032196999934968, 1.206112200001371, 1.2086023000010755, 1.2071563999925274, 1.2119233000121312, 1.216875700003584, 1.2140442999952938, 1.207753099995898, 1.207093699995312, 1.2134176999970805, 1.2137686000060057, 1.216251200006809, 1.2168088000034913, 1.2165420999954222, 1.221667299992987, 1.2167940000072122, 1.2227274000033503, 1.2075384000054328, 1.2111327000020538, 1.2064523000008194, 1.2185200999956578, 1.209332499987795, 1.20947069999238, 1.2158742000028724, 1.2143505999993067, 1.212901899998542, 1.2048140999977477, 1.2164468999981182, 1.2044592000020202, 1.2362334999925224, 1.2048776000010548, 1.2104471000056947], "benchmark": [1.2144862999994075, 1.213971400007722, 1.1983886000089115, 1.2202112000086345, 1.205533500004094, 1.2221033999958308, 1.2134624000027543, 1.2092204000073252, 1.219118900000467, 1.22011829999974, 1.2149390999984462, 1.2113154999969993, 1.2130829999950947, 1.2107484999869484, 1.2195652999944286, 1.2221759999956703, 1.2014683999877889, 1.207149499998195, 1.2298382999870228, 1.2070801000081701, 1.2027481999975862, 1.207288999998127, 1.2092415999941295, 1.2062548999965657, 1.2020156000071438, 1.2089304999972228, 1.2144584000052419, 1.2044789000065066, 1.2078015000006417, 1.2088147999893408, 1.210883500010823, 1.217845799998031, 1.2285899000125937, 1.211798500007717, 1.2182100000063656, 1.2149844000086887, 1.2081512000004295, 1.2031959000014467, 1.2174430000013672, 1.208541799991508, 1.2093858000007458, 1.2293980999966152, 1.1986336999980267, 1.2008422000071732, 1.2123652000009315, 1.2132054999965476, 1.2131509000028018, 1.2036058999947272, 1.2009453999926336, 1.2152581999980612, 1.2078870999976061, 1.2137699000013527, 1.208615199997439, 1.2122654000122566, 1.2165413000038825, 1.2128732999990461, 1.2098991999955615, 1.208128799989936, 1.2025449999928242, 1.2121664000005694, 1.212948000000324, 1.2111910999956308, 1.2152295999985654, 1.2051080000092043, 1.2245158000005176, 1.2148156999901403, 1.2111762999993516, 1.2144437000097241, 1.210260499996366, 1.2062909999949625, 1.2204922000091756, 1.219151499986765, 1.2095565000054194, 1.1990398000052664, 1.2300416999933077, 1.2089062000013655, 1.2091913000040222, 1.2225959999923361, 1.204802699998254, 1.2303402999968966, 1.2016760999977123, 1.223557699995581, 1.2131184000027133, 1.2047416999994311, 1.2334662999928696, 1.2084531000000425, 1.210387900006026, 1.2040835000079824, 1.207670000003418, 1.2154166999971494, 1.2272192000091309, 1.20664809999289, 1.2175623000075575, 1.2090412999968976, 1.2174257000006037, 1.2043853000068339, 1.205235299988999, 1.204907200008165, 1.2115049999993062, 1.2095369000016944]}, "cpython": {"warmup": [1.7257843000115827, 1.7186349999974482, 1.7284278000006452, 1.7312791000003926, 1.7191193999897223, 1.7400388999958523, 1.7349659000028623, 1.7208507000032114, 1.7268240000121295, 1.7381177000061143, 1.7332307000033325, 1.7529031000012765, 1.7308562999969581, 1.7340890000050422, 1.7235938000085298, 1.7242295000032755, 1.7348820000042906, 1.7407912999915425, 1.7311716000112938, 1.719920399991679, 1.7210527999995975, 1.7381473999994341, 1.7170460000052117, 1.7303283000073861, 1.7367564999876777, 1.716345300010289, 1.736564000006183, 1.7442975000012666, 1.719409800003632, 1.7229664000042249, 1.741435999996611, 1.7260815000045113, 1.717326400001184, 1.7238591999921482, 1.7208664000063436, 1.717747299990151, 1.72829840000486, 1.7267369000037434, 1.727189700002782, 1.7238040999945952, 1.733703100006096, 1.7342728000076022, 1.7163127999956487, 1.7240393999963999, 1.7253192999924067, 1.7359729000017978, 1.730157700003474, 1.725170399993658, 1.7304074999992736, 1.7271622999978717, 1.7170936000038637, 1.7567357000079937, 1.7305739000003086, 1.7222622999979649, 1.734159700004966, 1.7524872000067262, 1.7233109999942826, 1.7254018999956315, 1.7224282000097446, 1.7300912000064272, 1.7814852000010433, 1.72652769999695, 1.7393140000058338, 1.728715999997803, 1.7432306999980938, 1.725301500002388, 1.7379073000047356, 1.725591299997177, 1.7270477000129176, 1.7309297000028891, 1.7268345000047702, 1.729074800008675, 1.7236112999962643, 1.736061299990979, 1.7256349999952363, 1.7328161000041291, 1.7274018000025535, 1.7219746000046143, 1.7269448000006378, 1.7220922999986215, 1.7307844000024488, 1.723991599996225, 1.7206116000015754, 1.716460099996766, 1.769059100013692, 1.7160000000003492, 1.7176073000009637, 1.7462245999922743, 1.7288523000024725, 1.7386751000012737, 1.7188415000127861, 1.7345870999997715, 1.7425733999989461, 1.7294983000028878, 1.732116600003792, 1.7355144000030123, 1.7246855999983381, 1.7211985000030836, 1.7338194000039948, 1.7315409000002546], "benchmark": [1.7217800000071293, 1.7226520999975037, 1.7246548000111943, 1.720805000004475, 1.7362258000066504, 1.7292376000114018, 1.7188489999971353, 1.714707899998757, 1.7325257000047714, 1.7179457000020193, 1.7319888999918476, 1.7239553999970667, 1.7410897000081604, 1.7357887999969535, 1.7290807999961544, 1.7293963999982225, 1.7306463999993866, 1.7312260000035167, 1.716520699992543, 1.7198192000068957, 1.7331864000007045, 1.730513400005293, 1.730074399994919, 1.7247080000088317, 1.7243617999920389, 1.7196007000020472, 1.723781599997892, 1.7336586000019452, 1.7175951999961399, 1.7263940000120783, 1.7215895999979693, 1.7158671000070171, 1.7233441999997012, 1.7235030000010738, 1.7244838000042364, 1.7309835000050953, 1.7403088999999454, 1.7417153999995207, 1.7177610999933677, 1.723332699999446, 1.724860999995144, 1.7303766999975778, 1.7379144000005908, 1.723909000007552, 1.7399252999894088, 1.7377529999939725, 1.7264494000119157, 1.711463300001924, 1.720136799995089, 1.732920099995681, 1.734794799995143, 1.730128399998648, 1.7220259000023361, 1.7165870000026189, 1.7298088000097778, 1.7321100999979535, 1.7235801999922842, 1.7189720000023954, 1.735809199992218, 1.7334603999915998, 1.727538999999524, 1.7301670000015292, 1.7336390999989817, 1.7243269000027794, 1.7581065999984276, 1.7225769000069704, 1.7259822999913013, 1.7293070000014268, 1.7336746999935713, 1.7235862000088673, 1.7218890999938594, 1.739678300000378, 1.7355017000081716, 1.742374800000107, 1.7324909000017215, 1.7320375999988755, 1.7197363000013866, 1.7325051999941934, 1.7318278000020655, 1.7266184000036446, 1.7238777999882586, 1.7390683999983594, 1.7218752000044333, 1.7262564999982715, 1.7226513999921735, 1.7338282999990042, 1.7134860000078334, 1.720576899999287, 1.741947499991511, 1.7244365000078687, 1.7215097000007518, 1.7300281999923754, 1.733652799986885, 1.7262713000091026, 1.7213995999918552, 1.7268163000117056, 1.7274844000057783, 1.7236250999994809, 1.7230825000006007, 1.720496699999785]}}