{"nuitka": {"warmup": [1.6508784999896307, 1.3611365000106161, 1.3421201999881305, 1.336297600006219, 1.3364225000113947, 1.3340520999918226, 1.336599300004309, 1.3274569999921368, 1.3487626999994973, 1.3635483999969438, 1.3561783000041032, 1.3229778000095394, 1.325742100001662, 1.3386008999950718, 1.3421575999964261, 1.3771942999883322, 1.3313878000044497, 1.3206525999994483, 1.3756979000027059, 1.3348240000050282, 1.3282197000080487, 1.332648199997493, 1.3434544000047026, 1.3352390999934869, 1.3377547999989474, 1.335575399993104, 1.333237700004247, 1.354904500010889, 1.3476238000002922, 1.3362595999933546, 1.3472654000070179, 1.329031200002646, 1.3332193000096595, 1.3564995999913663, 1.378888500010362, 1.3528392000007443, 1.3249358000030043, 1.342979799999739, 1.3309314999933122, 1.3268435000063619, 1.3260770000051707, 1.3471511999960057, 1.372923400005675, 1.3520141000044532, 1.3294615999911912, 1.3276219999970635, 1.3759924999903888, 1.3385375999932876, 1.3450516000011703, 1.3341599999985192, 1.3488833000010345, 1.3352319999976316, 1.3199748999904841, 1.3555826999945566, 1.333242299995618, 1.3204809000017121, 1.3497609000041848, 1.3334019000030821, 1.3302499999990687, 1.3520066999917617, 1.3171170999994501, 1.334693500000867, 1.3487839000008535, 1.3362712000089232, 1.3321058000001358, 1.3531517999945208, 1.3413583999936236, 1.3399406999960775, 1.335745999997016, 1.3427789999986999, 1.3632549999892944, 1.329593799993745, 1.3552263000019593, 1.3355862000025809, 1.3415144000027794, 1.3214684999984456, 1.3420316999981878, 1.3405539999948815, 1.3444300999981351, 1.3235335999925155, 1.3392536000028485, 1.316496700004791, 1.3838867000013124, 1.3384948000020813, 1.3422269000002416, 1.3309898000006797, 1.3297968999977456, 1.3376021000003675, 1.3455935999954818, 1.3380862999911187, 1.3340169000002788, 1.3725677000038559, 1.328083800006425, 1.3171236000052886, 1.3332005999982357, 1.3391499999997905, 1.3469164999987697, 1.356101800003671, 1.3333746999996947, 1.3345960000006016], "benchmark": [1.3351057000108995, 1.333410899998853, 1.330440700010513, 1.3462293000047794, 1.35226220000186, 1.339727500002482, 1.3320939999975963, 1.3380949000129476, 1.339657199991052, 1.333719900008873, 1.3282543000095757, 1.3272435999970185, 1.3330110999959288, 1.360047599999234, 1.3273165999999037, 1.3210345999978017, 1.3260611000005156, 1.331168600008823, 1.329275800002506, 1.332819200004451, 1.3430087000015192, 1.328742500001681, 1.3367938999872422, 1.324884799993015, 1.3916704000002937, 1.3275703999970574, 1.337261299995589, 1.3411199999973178, 1.3449361999955727, 1.3309659999940777, 1.341191700004856, 1.317634300008649, 1.3893405999988317, 1.3259977999987314, 1.3335397000046214, 1.3357567000057315, 1.3395992000005208, 1.3427182000014, 1.3268338999914704, 1.3336331000027712, 1.3576745000027586, 1.332926100003533, 1.3484678999957396, 1.3269891000090865, 1.3485422999947332, 1.3368286000040825, 1.3318494999984978, 1.3329486000002362, 1.3418252999981632, 1.334564600008889, 1.3548432000097819, 1.326835600004415, 1.347884900009376, 1.335883100007777, 1.3550577999994857, 1.3637238999945112, 1.3454038000054425, 1.3494643999874825, 1.3257159000058891, 1.33310609999171, 1.3552859000046737, 1.3338385999959428, 1.3631647000001976, 1.3404265999997733, 1.3252627999900142, 1.3878304999961983, 1.3343431999965105, 1.3376285999984248, 1.3346397999994224, 1.336406199989142, 1.3273664000007557, 1.325946800003294, 1.3395234000054188, 1.3393463000102201, 1.3697676000010688, 1.3180886000045575, 1.3356414000008954, 1.3342021999997087, 1.3199562999943737, 1.3507746999966912, 1.3373365000006743, 1.3510154999967199, 1.348065800004406, 1.3478394000121625, 1.3384905999992043, 1.3267315999983111, 1.37922570000228, 1.3334170999878552, 1.3364985999942292, 1.3268914000072982, 1.334023999996134, 1.328906199996709, 1.3459565000084694, 1.330020199995488, 1.3456079000025056, 1.3163812999991933, 1.3417972000024747, 1.3236927000107244, 1.338203200008138, 1.3187288000044646]}, "cpython": {"warmup": [1.1989030999975512, 1.223333800007822, 1.200042599986773, 1.1996387999970466, 1.2109921999945072, 1.200156999999308, 1.2336129000032088, 1.2350701999966986, 1.19358099999954, 1.2064946999889798, 1.2258040000015171, 1.2232732999982545, 1.2096479000028921, 1.2027785999962362, 1.2389052000071388, 1.200736999991932, 1.2051929000008386, 1.2209103000059258, 1.2476994000026025, 1.2022303999983706, 1.2159995999973034, 1.2302717999991728, 1.227371700006188, 1.2343670999980532, 1.2050200999947265, 1.2245580999879166, 1.2112605000002077, 1.2043282000086037, 1.1931445999944117, 1.231348400004208, 1.2154042999900412, 1.2156806999992114, 1.2013146999961464, 1.2297322000085842, 1.203592399993795, 1.2323291999928188, 1.2035453999997117, 1.2213878000038676, 1.2019021000014618, 1.2165018999949098, 1.2156104000023333, 1.2405906000058167, 1.2080265999975381, 1.235774799992214, 1.2118500000069616, 1.235022699998808, 1.2088269000087166, 1.2196485000022221, 1.1996304000058444, 1.2063987000001362, 1.2025377999962075, 1.2501539000077173, 1.2285222000064095, 1.1960125000041444, 1.2244030000001658, 1.2612744999933057, 1.2351992999901995, 1.2059811000071932, 1.2508509000035701, 1.1987375000026077, 1.1985942000028444, 1.1935040000098525, 1.2008229999919422, 1.211560699986876, 1.1999867999984417, 1.2125459999952, 1.2033287999947788, 1.2080143000057433, 1.1983557000057772, 1.2259740000008605, 1.222305100003723, 1.198153799996362, 1.2265901999926427, 1.2276942000025883, 1.200981000001775, 1.2288106000050902, 1.2159671999979764, 1.1977454000007128, 1.1941288000089116, 1.2031612999999197, 1.2074963999912143, 1.2274107999983244, 1.2368678000057116, 1.2381019000022206, 1.229839699997683, 1.2485698999953456, 1.2245324999967124, 1.2024612999957753, 1.2051210999925388, 1.2048967000009725, 1.2236245999956736, 1.2382523999986006, 1.2424427999940235, 1.2286124999955064, 1.2249147999973502, 1.2355722000065725, 1.2095230999984778, 1.227206900002784, 1.204008700005943, 1.2214328999980353], "benchmark": [1.2178129000094486, 1.2003350000013597, 1.2106384000071557, 1.2585591999959433, 1.2233038999984274, 1.2033176999975694, 1.2328304999973625, 1.2305382999911672, 1.204687000004924, 1.2339420000062091, 1.205782699995325, 1.2054551000037463, 1.2131872000027215, 1.2322166999947513, 1.2401994000101695, 1.2121751000086078, 1.2008115999924485, 1.2432746999984374, 1.1971196999948006, 1.2019387000036659, 1.2041002000041772, 1.2029580999951577, 1.227675200003432, 1.2163017999992007, 1.1987703000049805, 1.2069966999988537, 1.1992143999959808, 1.2035345999902347, 1.2147611000109464, 1.204713700004504, 1.2021689000102924, 1.2043720000074245, 1.2118510000000242, 1.2225461999914842, 1.1937752999947406, 1.2048556999943685, 1.2257201000029454, 1.2052997999999207, 1.2152287999924738, 1.2089258999913, 1.2338588000129675, 2.5933376000029966, 1.300906100004795, 1.240265400003409, 1.2459715999866603, 1.470948000001954, 1.3383099999919068, 1.6567247999919346, 2.395772899995791, 3.077698100009002, 2.268793099996401, 2.3361119000037434, 2.572768099998939, 2.2202319000061834, 1.815962099994067, 1.5486723000067286, 2.174621300000581, 2.287801700003911, 2.8020795000047656, 2.706749699995271, 2.2184772999898996, 2.180524900002638, 2.102574500007904, 2.195472699997481, 2.1334526000136975, 1.9454087000049185, 1.6981557000108296, 1.705114299998968, 2.3994911999907345, 2.4629186000092886, 3.0949327999987872, 2.3927231000125175, 2.3393951000034576, 2.6239342000044417, 2.213334100000793, 1.4204293999937363, 1.927831500011962, 1.6673375999962445, 1.2932227999990573, 1.672589900001185, 1.6728731999901356, 1.5115208000061102, 1.734687300006044, 2.2924733999971068, 2.8383808999933535, 2.332875399995828, 2.4859646999975666, 2.386921600002097, 2.62129019999702, 2.458154799998738, 2.153334500006167, 1.5849715000076685, 2.858324499989976, 1.4560797000012826, 1.4186748000065563, 1.9416323000041302, 1.3003750999923795, 1.4399924000026658, 2.139988099996117, 1.7785729999886826]}}