{"nuitka": {"warmup": [1.3547793999896385, 1.338553999987198, 1.3461630000092555, 1.331283000006806, 1.3250350000162143, 1.3381982000137214, 1.331595900002867, 1.3266252999892458, 1.325258200027747, 1.3382055000110995, 1.334678699990036, 1.3235474999819417, 1.3537059999944177, 1.3268679000029806, 1.3269937000004575, 1.3530945999955293, 1.3321621000068262, 1.3444695000071079, 1.3442568999889772, 1.33532019998529, 1.3647827999957372, 1.3514059000008274, 1.3352490999968722, 1.340307499980554, 1.3678800000052433, 1.3456724999996368, 1.3973729999852367, 1.3443660000048112, 1.3284412999928463, 1.3326443000114523, 1.3449530999932904, 1.3427318999893032, 1.3570975000038743, 1.326453899993794, 1.3312966999947093, 1.3446611999825109, 1.3304213999945205, 1.3313904000096954, 1.3581544999906328, 1.347651499992935, 1.3412216999859083, 1.335045399988303, 1.3447268000163604, 1.328167100000428, 1.3432030000258237, 1.3464761000068393, 1.341517599998042, 1.3289930000028107, 1.3882419999863487, 1.3543720000016037, 1.3555506000120658, 1.3451949000009336, 1.3434954000113066, 1.347877399995923, 1.3580398999911267, 1.3457224000012502, 1.3476686000067275, 1.3522974999796133, 1.344555699994089, 1.3426619000092614, 1.3354132999957073, 1.3353889999852981, 1.3536213000188582, 1.388405400008196, 1.3350394000008237, 1.3650328999792691, 1.3521721999859437, 1.329812399984803, 1.3276545999979135, 1.3471410000056494, 1.3344063999829814, 1.3355104999791365, 1.341972700000042, 1.3334180999954697, 1.3224774000118487, 1.3322528999997303, 1.34399019999546, 1.3322607000009157, 1.3406812000030186, 1.3234986000170466, 1.3420139999943785, 1.3463942999951541, 1.3428689000138547, 1.3224804000055883, 1.3574916000070516, 1.3907109000138007, 1.3548742999846581, 1.3533588999998756, 1.3736945999844465, 1.3416892000241205, 1.3517750000173692, 1.3496926000225358, 1.3501421999826562, 1.3367740999965463, 1.3630635000008624, 1.3470191000087652, 1.327947599987965, 1.3485441000084393, 1.3459351000201423, 1.3516419000225142], "benchmark": [1.3412877999944612, 1.3474034999962896, 1.3275168999971356, 1.3786606999929063, 1.3365236000099685, 1.3356374999857508, 1.3359914000029676, 1.3503474000026472, 1.3386576999910176, 1.3423215000075288, 1.337448599981144, 1.3421764000086114, 1.3373917999851983, 1.3393872000160627, 1.3324188999831676, 1.3343727000174113, 1.329945100005716, 1.3221215000085067, 1.3328004000068177, 1.3458510000200476, 1.348523299995577, 1.3438337999978103, 1.3391931999940425, 1.358480499999132, 1.3281108000082895, 1.3343607999850065, 1.3394412999914493, 1.3346890000102576, 1.3475352999812458, 1.3315511999826413, 1.3327674999891315, 1.3210866999870632, 1.3388042000005953, 1.333744499977911, 1.3624072000093292, 1.3254708999884315, 1.339796899992507, 1.3331538000202272, 1.3411089000001084, 1.330126000015298, 1.3240021000092383, 1.3319261000142433, 1.336757699988084, 1.3354915000090841, 1.3520132999983616, 1.3480497000273317, 1.348538499994902, 1.3399307999934535, 1.3389766000036616, 1.358211200014921, 1.3394273000012618, 1.3545649999869056, 1.372555799986003, 1.3531935999926645, 1.3392510999983642, 1.337557899998501, 1.3484307000180706, 1.3499590999854263, 1.3407800999993924, 1.331467000010889, 1.3491783000063151, 1.3442732999974396, 1.3285604999982752, 1.343190899991896, 1.3363035999936983, 1.3342626000230666, 1.3566579999751411, 1.3535802999977022, 1.344158799998695, 1.3617312000133097, 1.3472589000011794, 1.3473473000049125, 1.3442707000067458, 1.342242000013357, 1.3429836000141222, 1.330037000006996, 1.3415470000181813, 1.3321102000190876, 1.340744499990251, 1.3475219999963883, 1.35265580000123, 1.3434507000201847, 1.3624717999773566, 1.3259850000031292, 1.3456988999969326, 1.333695400011493, 1.3562378000060562, 1.3606571000127587, 1.3560166000097524, 1.3691198000160512, 1.3411388999957126, 1.3416609000123572, 1.34958199999528, 1.323684700008016, 1.3476067000010516, 1.330416900018463, 1.3494365999940783, 1.3311838999798056, 1.328875799983507, 1.328138199984096]}, "cpython": {"warmup": [1.2418763000168838, 1.2221253000025172, 1.2067438999947626, 1.196621300012339, 1.2509040999866556, 1.2109202000137884, 1.224697900004685, 1.2083621000056155, 1.231602500018198, 1.2227524000045378, 1.2193640999903437, 1.2234217000077479, 1.233750899991719, 1.206626300001517, 1.2049393999914173, 1.2318146000034176, 1.2062010999943595, 1.2100194999948144, 1.2126633999869227, 1.1990189999924041, 1.2415248999895994, 1.2151458999724127, 1.2048968999879435, 1.2068090999964625, 1.2241406999819446, 1.2204409000114538, 1.2330123000137974, 1.2140476000204217, 1.2561476999835577, 1.2244750000245403, 1.232362299982924, 1.2218970999820158, 1.2233258000051137, 1.1987545999872964, 1.2280125000106636, 1.2107268999970984, 1.2374939000001177, 1.2083492999954615, 1.2016741000115871, 1.2036014999903273, 1.2118933000019751, 1.238540299993474, 1.2463935000123456, 1.1953098000085447, 1.225897399999667, 1.2182841000030749, 1.198180000006687, 1.2208664999925531, 1.2078853000130039, 1.216906099987682, 1.2320834999845829, 1.2474592000071425, 1.2022536000004038, 1.197231300000567, 1.2549264999979641, 1.196241400000872, 1.196032500010915, 1.2193119000003207, 1.195390100008808, 1.2197111000132281, 1.227386899990961, 1.2235834999883082, 1.2396710999892093, 1.2097243000171147, 1.2341624000109732, 1.2137384000234306, 1.201372400013497, 1.2099579999921843, 1.2184499999857508, 1.2171063000278082, 1.2366774999827612, 1.2400702000013553, 1.2033130999770947, 1.1969984000024851, 1.2091959999816027, 1.2133402999897953, 1.2119187000207603, 1.1994658000185154, 1.1994147000077646, 1.1944514000206254, 1.2279181999911088, 1.2238203000160865, 1.2319019999995362, 1.2080849999911152, 1.1992437999870162, 1.2247441000072286, 1.2220570999779738, 1.2376830999855883, 1.2537690000026487, 1.2040223999938462, 1.212373500020476, 1.2014104999834672, 1.2279587999801151, 1.2337986000056844, 1.2036813000158872, 1.2076605000183918, 1.2013374000089243, 1.2403231000062078, 1.2174331999849528, 1.2173424999928102], "benchmark": [1.2176865999936126, 1.2276536999852397, 1.2103746000211686, 1.2052293999877293, 1.2075646999874152, 1.2109675999963656, 1.20974789999309, 1.2221071000094526, 1.2388135000073817, 1.1987196000118274, 1.2278889000008348, 1.2071963000053074, 1.2060034000023734, 1.224216200003866, 1.2102737000095658, 1.2239933999953791, 1.2071149999974295, 1.2120586999808438, 1.2478879000118468, 1.2159567000053357, 1.2378575000038836, 1.1963933999941219, 1.2292625000118278, 1.23270059999777, 1.197378300013952, 1.235235100000864, 1.1966796000197064, 1.231789099983871, 1.2273017000115942, 1.2222462999925483, 1.2248713999870233, 1.2431496000208426, 1.199736300011864, 1.1974253999942448, 1.223356700007571, 1.2241554000065662, 1.2283354999963194, 1.2497840999858454, 1.2020696000254247, 1.256760399992345, 1.2243736000091303, 1.2120722999970894, 1.2197412000095937, 1.2399265999847557, 1.20077689999016, 1.203700599988224, 1.2328042000008281, 1.2173249000043143, 1.2149055999761913, 1.19552670000121, 1.2006671999988612, 1.2417478999996092, 1.1904766999941785, 1.2046537999995053, 1.227555100020254, 1.2296738000004552, 1.2023566999996547, 1.2005732000106946, 1.1978104000154417, 1.2143151999916881, 1.201492699998198, 1.2270679000066593, 1.1954700000060257, 1.2226955000078306, 1.221999000001233, 1.2171545999881346, 1.2240361000003759, 1.2018159999861382, 1.2063886999967508, 1.2138919999997597, 1.2218374999938533, 1.1923175000119954, 1.1959632000070997, 1.2208555999968667, 1.198422000015853, 1.1993666000198573, 1.2518330999882892, 1.1947036000201479, 1.226295400003437, 1.219779099978041, 1.2029699000122491, 1.2344870999804698, 1.2275660000159405, 1.2121726000041235, 1.242386300000362, 1.1979672999877948, 1.2185851999965962, 1.222418400022434, 1.216854299971601, 1.1944669999938924, 1.2159935999952722, 1.2082788000116125, 1.2057883999950718, 1.2462488999881316, 1.2186494000197854, 1.228531800006749, 1.1930440999858547, 1.211001199990278, 1.1928587000002153, 1.1997573999979068]}}