{"nuitka": {"warmup": [0.7604824000009103, 0.7459264999997686, 0.7412835000031919, 0.7485493999993196, 0.749659299999621, 0.741953899996588, 0.7627084000014293, 0.7541349999992235, 0.7387938000028953, 0.747350000001461, 0.7576788999976998, 0.737964899999497, 0.7397788999987824, 0.7423353999984101, 0.7412279999989551, 0.7468121999991126, 0.7425521000004665, 0.7420950000014273, 0.7576237000030233, 0.7395872000015515, 0.7412958000022627, 0.7476965999994718, 0.7398917999998957, 0.740228800001205, 0.7563990999988164, 0.7395920000017213, 0.760421300001326, 0.7482435000019905, 0.7427091999998083, 0.7428427000013471, 0.7465650000012829, 0.7404951999997138, 0.7389928000011423, 0.7487755000001926, 0.7388563999993494, 0.7392497000000731, 0.7487111000009463, 0.7399219999970228, 0.7495611999984249, 0.7437275000011141, 0.7458794999984093, 0.7389829000021564, 0.7413375999967684, 0.7467176999998628, 0.7535361000009289, 0.7467782999992778, 0.7460174999978335, 0.7393035999994026, 0.7419068999988667, 0.7458057000003464, 0.7419413000025088, 0.7401978999987477, 0.7388850000024831, 0.7402084000023024, 0.7409063999984937, 0.7414204000015161, 0.7553509000026679, 0.7482042000010551, 0.7406185999971058, 0.7407548999981373, 0.7389919999986887, 0.7464140000010957, 0.7384848000001512, 0.7539322000011452, 0.7408476999989944, 0.7392937999975402, 0.7399893000001612, 0.7452064999997674, 0.7393516999982239, 0.7458588000008604, 0.7403015999989293, 0.7535127000010107, 0.7508606000010332, 0.7400329999982205, 0.7393294000030437, 0.7414227000008395, 0.7417586999981722, 0.7457348999996611, 0.7396201999981713, 0.7476562000010745, 0.7401193000005151, 0.7476967000002332, 0.7448889000006602, 0.7479549000017869, 0.7484426000009989, 0.7412474999982805, 0.7494804999987537, 0.7394347000008565, 0.749475500000699, 0.745499500000733, 0.7396674999981769, 0.7487389000016265, 0.7428270999989763, 0.7400486000005913, 0.7394653000010294, 0.7470106000000669, 0.7500169000013557, 0.7406246999998984, 0.7395519999990938, 0.7471253000003344], "benchmark": [0.7393460999992385, 0.7438346999988426, 0.7426172000014049, 0.7391943999973591, 0.7394803999995929, 0.7406307999990531, 0.746812500001397, 0.7483782999988762, 0.7389016000015545, 0.7399211000010837, 0.7420659000017622, 0.7394958000004408, 0.7403809999996156, 0.7414601999989827, 0.7399385999997321, 0.7501522000020486, 0.7392424999998184, 0.7400755999988178, 0.7727173999992374, 0.7463287999999011, 0.7386033000002499, 0.7484929999991436, 0.7492271000010078, 0.749445099998411, 0.7540188999992097, 0.7392707999970298, 0.7572400999997626, 0.7414395999985572, 0.7469751000026008, 0.741705100001127, 0.7544736999989254, 0.7474775000009686, 0.7404142999985197, 0.7434446000006574, 0.744580099999439, 0.7389775000010559, 0.7499375000006694, 0.7454920999989554, 0.754882400000497, 0.7485603999994055, 0.7391013000014937, 0.7572279000014532, 0.748859999999695, 0.7413464999990538, 0.7409124000005249, 0.7542780000003404, 0.7408997999991698, 0.7544098999969719, 0.7400721999983944, 0.7542351999982202, 0.7392610999995668, 0.7410721000014746, 0.7389469999980065, 0.7487062000000151, 0.7413680999998178, 0.7518204000007245, 0.7409351999995124, 0.7488164000023971, 0.7470451000008325, 0.7405800999986241, 0.7400727999993251, 0.7448681999994733, 0.7532747999975982, 0.7389197000011336, 0.7417078999969817, 0.7395716999999422, 0.7429513999995834, 0.7523603000008734, 0.7465080000001763, 0.748806900002819, 0.7414828000000853, 0.7458609999994223, 0.7452991000027396, 0.7404530999992858, 0.7389874000000418, 0.7392209000026924, 0.7398142999991251, 0.7404802999990352, 0.7394679999997607, 0.7405448000026809, 0.7447999000032723, 0.7473633000008704, 0.7409268999981578, 0.7449731999986398, 0.7404471000008925, 0.7393962999994983, 0.7391309999984514, 0.7471788000002562, 0.7399394999993092, 0.7400379999999132, 0.7413778999980423, 0.7394147999984853, 0.746092100001988, 0.7490585000014107, 0.7539080999995349, 0.7404951999997138, 0.7454144000002998, 0.7599246999998286, 0.7480482999999367, 0.7395890999978292]}, "cpython": {"warmup": [0.771900400002778, 0.7686674999968091, 0.7613650000021153, 0.7629562000001897, 0.7656747000000905, 0.7734172999989823, 0.7681042999975034, 0.7700033000000985, 0.7632218999970064, 0.7679110999997647, 0.7654753999995592, 0.7682022000008146, 0.7674685000019963, 0.7696658999993815, 0.7678371000001789, 0.7666707000025781, 0.7756053000011889, 0.7736791999996058, 0.7643231000001833, 0.7673088000010466, 0.7895377999993798, 0.7676695000009204, 0.7644392999973206, 0.7672926000013831, 0.7721195999984047, 0.766197100001591, 0.7676864000022761, 0.7685132000005979, 0.7661756000015885, 0.7685732999998436, 0.7650835000022198, 0.7653312000002188, 0.7650716999996803, 0.7654966000009154, 0.783053099999961, 0.7604653000016697, 0.7628076000000874, 0.7676242999987153, 0.7731323000007251, 0.7569770999980392, 0.7682468999992125, 0.8232098000007682, 0.7685243999985687, 0.7720326000016939, 0.7647776999983762, 0.7707288000019616, 0.7692545999998401, 0.7675935000006575, 0.7678274999998393, 0.7664645000004384, 0.7844963000025018, 0.7684283999988111, 0.764122699998552, 0.7798297000008461, 0.7694688000010501, 0.7637995000004594, 0.7670765000002575, 0.7608001000007789, 0.7710326000014902, 0.769146800001181, 0.7867233999968448, 0.7702457000013965, 0.7650128999994195, 0.7968944999993255, 0.7748642999977164, 0.764653800000815, 0.766706599999452, 0.775977099998272, 0.766343200000847, 0.7687035999988439, 0.7652653000004648, 0.7676699000003282, 0.768950900001073, 0.7700598000010359, 0.7723412999985158, 0.7656094000012672, 0.7669849000012618, 0.7679076999993413, 0.7765474000007089, 0.7670860999969591, 0.7732171000025119, 0.7642085000006773, 0.770406899999216, 0.7689147000019148, 0.7677019000002474, 0.7643566000006103, 0.7657489999983227, 0.7724485999970057, 0.7690318000022671, 0.7629787000005308, 0.7693678999967233, 0.7676499000008334, 0.7654791999993904, 0.7634390000021085, 0.768203599996923, 0.7667078999984369, 0.7666407999968214, 0.7653256999983569, 0.7716977999989467, 0.7666485000008834],