{"nuitka": {"warmup": [0.9140230000048177, 0.8394627000088803, 0.8404329000040889, 0.8361455000122078, 0.8351303999952506, 0.8401744999864604, 0.8457393999997294, 0.8390303000051063, 0.837909399997443, 0.8377749000064796, 0.8339769000012893, 0.8358695000060834, 0.8413607999973465, 0.8397476999962237, 0.8355327000026591, 0.8380712000071071, 0.8346529999980703, 0.8345360999956029, 0.8369625000050291, 0.835392299995874, 0.8409240000037244, 0.8345638000027975, 0.8352211000019452, 0.838820000004489, 0.8383838000008836, 0.8361796999961371, 0.835900699996273, 0.8376250000001164, 0.8380041000054916, 0.8352992000000086, 0.8387179999990622, 0.8371765999909258, 0.8337890999973752, 0.8999447999958647, 0.8372639000008348, 0.8392885000066599, 0.8350797000020975, 0.8377019000035943, 0.837896400000318, 0.8356977999937953, 0.8370213999878615, 0.8362024999951245, 0.8405341999896336, 0.8837941999954637, 0.8349139000056311, 0.8406146999914199, 0.835359899996547, 0.8352965000085533, 0.8341103999991901, 0.8406552000087686, 0.8351618000015151, 0.8412360999936936, 0.8399376000015764, 0.8353900000074646, 0.8424680000025546, 0.8367451000085566, 0.8400338000064949, 0.835611999995308, 0.8371470999991288, 0.8378628000064055, 0.8364418999990448, 0.8415284999937285, 0.8392670000030193, 0.8343132000009064, 0.8370154000003822, 0.8345990999951027, 0.8364986999949906, 0.8361917000001995, 0.8347011000005296, 0.8355718000093475, 0.835634699993534, 0.835292700008722, 0.8342640000046231, 0.8365451999998186, 0.840745200010133, 0.8354091000073822, 0.8388782999973046, 0.840217400007532, 0.8342808000015793, 0.8423695999954361, 0.8342033000080846, 0.8380055000016, 0.8460790999961318, 0.8430377999902703, 0.8373066999920411, 0.839958900003694, 0.8416899000003468, 0.8347454999893671, 0.8362942000094336, 0.8948622000025352, 0.8373610999988159, 0.8360323000088101, 0.8347350000112783, 0.8358005000045523, 0.8351529000065057, 0.8357102000009036, 0.8343049000104656, 0.835156699991785, 0.8362861000059638, 0.8358538000029512], "benchmark": [0.8350081000098726, 0.8357097999978578, 0.8367742000118596, 0.8400939000130165, 0.8422966999933124, 0.8386953000008361, 0.8391493999952218, 0.8351218000025256, 0.8421318999899086, 0.8363468000025023, 0.847325800001272, 0.83681589999469, 0.8385808000020916, 0.8358169999992242, 0.8374575000052573, 0.8342816000076709, 0.8373487999924691, 0.8406400999956531, 0.8344810000126017, 0.8382123999908799, 0.849125599997933, 0.8396391000133008, 0.8350023000093643, 0.835100299998885, 0.8353095999918878, 0.8366377999918768, 0.835323299994343, 0.8351433999923756, 0.8369364000100177, 0.8386898000026122, 0.8870591000013519, 0.8345197000016924, 0.8371172000042861, 0.8386035000003176, 0.8350449999998091, 0.8365109000005759, 0.8368216000089888, 0.8404902000038419, 0.8369742000068072, 0.8367891999951098, 0.8336255000031088, 0.8343382000020938, 0.8396533999912208, 0.83949169999687, 0.8376350000035018, 0.8393419999920297, 0.8335727000085171, 0.8344291999965208, 0.8409209999954328, 0.8404172000009567, 0.8354755000036675, 0.8391425000008894, 0.8368946999980835, 0.8388263999950141, 0.8377684000006411, 0.8344749999960186, 0.836039299989352, 0.8377342000021599, 0.834042699993006, 0.8367589999979828, 0.8376182000065455, 0.8383389000082389, 0.8345796000066912, 0.8358036999998149, 0.8375927000015508, 0.836790999994264, 0.8413419999997132, 0.8344676999986405, 0.8377007999952184, 0.8351236000016797, 0.8398912999982713, 0.8363797000056366, 0.8379080000013346, 0.8835986000049161, 0.8377828000084264, 0.8373719000082929, 0.8347982999985106, 0.8342495000106283, 0.8340423000045121, 0.8353384999936679, 0.8356556000071578, 0.840766799999983, 0.8347053000034066, 0.8345297999912873, 0.8344039999938104, 0.8349769999913406, 0.8513471000042045, 0.8388455000094837, 0.8357728999981191, 0.8343458000017563, 0.835573900010786, 0.8551071999972919, 0.8377604999986943, 0.8345134000119288, 0.8351702999934787, 0.83669359999476, 0.8379675999894971, 0.8376707999996142, 0.8380230000038864, 0.8370163999934448]}, "cpython": {"warmup": [0.8020140000007814, 0.7975682000105735, 0.7914025999925798, 0.8085874999960652, 0.7922446000011405, 0.794805900004576, 0.792319200001657, 0.7927533000038238, 0.7943058000091696, 0.797610599998734, 0.7917083000065759, 0.7930210000049556, 0.8002942000020994, 0.794517000002088, 0.7976602999988245, 0.7916993999970146, 0.7902893999998923, 1.1189041000034194, 0.7946010000014212, 0.8047989000042435, 0.7929257999930996, 0.7911097000032896, 0.7921642000001157, 0.7982375999999931, 0.792981200007489, 0.7960585000109859, 0.7935951999970712, 0.7932621999934781, 0.8225335000024643, 0.7921511000022292, 0.7954356999980519, 0.796497500006808, 0.7987964000058128, 0.7920546999957878, 0.8015594000025885, 0.7945988999999827, 0.792523700001766, 0.8013154999935068, 0.7940339000051608, 0.7932747000013478, 0.8035501000122167, 0.8078539999987697, 0.7926226999989012, 0.8365103999967687, 0.7929052999970736, 0.790044699999271, 0.8193927000102121, 0.793437799991807, 0.7987976000003982, 0.789875899994513, 0.7947533000115072, 0.7917739999975311, 0.791353300010087, 0.7997659999964526, 0.8878917999973055, 0.8181088999990607, 0.7934705000079703, 0.7944387000025017, 0.7969200999941677, 0.7921727000066312, 0.7927041000075405, 0.809539500012761, 0.7897396000043955, 0.7915895000041928, 0.8072069000045303, 0.7945748000056483, 0.7966696000075899, 0.7999161000043387, 0.7914796000113711, 0.8092443000059575, 0.7871115000016289, 0.7913684000086505, 0.7996070999943186, 0.827382800009218, 0.7996971999964444, 0.7929663000104483, 0.7927879999915604, 0.7963056000007782, 0.7963002999895252, 0.7948089999990771, 0.7997326999902725, 0.7909564999863505, 0.7889442000014242, 0.7996104000048945, 0.7898751999891829, 0.7971720999921672, 0.7976611000049161, 0.8002875999954995, 0.8041129000048386, 0.7932308000017656, 0.8047098999959417, 0.8011204000067664, 0.79650299999048, 0.7922981000010623, 0.7956726999982493, 0.7955156999960309, 0.7926389999920502, 0.8048210999986622, 0.7965707999974256, 0.7919092000083765],