{"nuitka": {"warmup": [0.8162699000022258, 0.8050890999984404, 0.8068830000011076, 0.8063966000008804, 0.8091492999992624, 0.8055597999991733, 0.8062572999988333, 0.8017944999992324, 0.8065507999999681, 0.8089632999981404, 0.8077838999997766, 0.8171582000031776, 0.8033878000023833, 0.8131323000015982, 0.8153883999984828, 0.8052843999976176, 0.8077928999991855, 0.8037473000003956, 0.8059799000002386, 0.8068294000004244, 0.8087016999998013, 0.8135634999998729, 0.8136365999998816, 0.8098947999969823, 0.8130842999999004, 0.8044526000012411, 0.8138483000002452, 0.8045500999978685, 0.813868100001855, 0.8064403000025777, 0.8182277999985672, 0.8044248000005609, 0.8115276000025915, 0.8117259000027843, 0.8078256999979203, 0.8090221999991627, 0.8133107000030577, 0.8093176999973366, 0.8063219999967259, 0.8084820000003674, 0.8087159999995492, 0.8068932999995013, 0.8048223000005237, 0.805688000000373, 0.8058562000005622, 0.8074073999996472, 0.8091921000013826, 0.8013535999998567, 0.8114764999991166, 0.8057216000015615, 0.8072692999994615, 0.805182899999636, 0.8051822999987053, 0.8102376999995613, 0.8148879999971541, 0.7971374000007927, 0.8049285000015516, 0.8120469999994384, 0.807032500000787, 0.8063978999998653, 0.8124592999993183, 0.8092391000027419, 0.8085805999980948, 0.805492300001788, 0.8068770999998378, 0.8079634999994596, 0.8043244000000414, 0.8061194000001706, 0.8087569000017538, 0.8056374000007054, 0.8215072999992117, 0.8061290000005101, 0.8044627999988734, 0.8079241000014008, 0.8078475000002072, 0.8087785000025178, 0.8040815999993356, 0.8075222000006761, 0.8057920000028389, 0.8003759999992326, 0.8079309999993711, 0.8149236000026576, 0.8074075000004086, 0.8019739000010304, 0.8028847999994468, 0.8053087000007508, 0.8023799999973562, 0.8079725999996299, 0.8131011000004946, 0.8071596999980102, 0.8073412999983702, 0.8033108999989054, 0.8111783000022115, 0.8005178999992495, 0.8061127000000852, 0.8057024000008823, 0.808782500000234, 0.8160233000016888, 0.8073757999991358, 0.8025928999995813], "benchmark": [0.8056352000021434, 0.8044893000005686, 0.8059576999985438, 0.8054636000015307, 0.8097447999971337, 0.8026280000012775, 0.8068540999993274, 0.8062409999984084, 0.7989907000010135, 0.8064947000020766, 0.8099691999996139, 0.8134653999986767, 0.8083820000028936, 0.8137567000012496, 0.8061118999976316, 0.8007916000024125, 0.8012052999984007, 0.8112586999995983, 0.7988401000002341, 0.8148684000007052, 0.8049467999990156, 0.8099070999996911, 0.8080872999998974, 0.8176071999987471, 0.8032495999977982, 0.8053333000025305, 0.8051567000002251, 0.8073111000012432, 0.812854800002242, 0.8046278000001621, 0.8106982999997854, 0.8082056999992346, 0.8001714999991236, 0.8194535000002361, 0.8070843999994395, 0.8067018000001553, 0.8078401999991911, 0.8089828999982274, 0.8072358000026725, 0.8035627999997814, 0.8031482000005781, 0.8051219999979367, 0.8056801999991876, 0.8131690999980492, 0.8057072000010521, 0.8024351999993087, 0.8054068999990704, 0.8057998000003863, 0.8062437000007776, 0.8092409000018961, 0.8020842999976594, 0.810342099997797, 0.8047707000005175, 0.8066500999993877, 0.8058751999997185, 0.8097626000017044, 0.8066779000000679, 0.8071036999972421, 0.8020990000004531, 0.8108730999992986, 0.8094089999976859, 0.8062778999992588, 0.805300799998804, 0.8014311999977508, 0.8055324999986624, 0.8044861000016681, 0.8081233000011707, 0.8044903000009072, 0.8096010000008391, 0.8025718000026245, 0.8060063000011723, 0.8076796000023023, 0.7996473000021069, 0.8047712000006868, 0.8180094000017561, 0.8004457999995793, 0.8085546000002068, 0.8145664000003308, 0.8039257999989786, 0.8061350999996648, 0.8155262000000221, 0.8083628000022145, 0.8043070000021544, 0.803482499999518, 0.8182658999976411, 0.8071116999999504, 0.8079090000028373, 0.815320799996698, 0.8089266999995743, 0.8091861000029894, 0.8092403999980888, 0.8114829999976791, 0.8067473000010068, 0.805578700001206, 0.8141045000011218, 0.8140956999995979, 0.8064621000012266, 0.8068055000003369, 0.8107032000007166, 0.8062543999985792]}, "cpython": {"warmup": [0.9584442000013951, 0.9465382999987924, 0.9475523000000976, 0.9510718999990786, 0.9483978999996907, 0.9503141999994114, 0.9513430999977572, 0.9490117999994254, 0.9509366999991471, 0.9439687999984017, 0.9469320999996853, 0.9460405999998329, 0.9459304000010889, 0.9440537999980734, 0.9483112000016263, 0.9484827000014775, 0.951438700001745, 0.9531868999983999, 0.9503417999985686, 0.957363900000928, 0.9455127999972319, 0.9511257999984082, 0.9449796000008064, 0.9523767999999109, 0.9466194999986328, 0.9559771999993245, 0.9446792000017012, 0.9546803000012005, 0.9538339999999152, 0.945465000000695, 0.9473443999995652, 0.950472799999261, 0.9552772999995796, 0.9440878000023076, 0.9455855999985943, 0.9516576999994868, 0.9473002999984601, 0.944297899997764, 0.9514706000009028, 0.9491226999998617, 0.9497304999968037, 0.9472423999977764, 0.9459887999983039, 0.9544840999988082, 0.9472206999998889, 0.9455812000014703, 0.9472468999992998, 0.9447760000002745, 0.9417035999977088, 0.9464436000016576, 0.9459519999982149, 0.9578985000007378, 0.954545100001269, 0.9429089000004751, 0.9527949000002991, 0.9459781000005023, 0.9514125999994576, 0.9495016999971995, 0.946310799998173, 0.9431350000013481, 0.9470433000024059, 0.9438713000017742, 0.9475579999998445, 0.9500454000008176, 0.9554098000007798, 0.9459969999988971, 0.9461828000021342, 0.9482907000019623, 0.9486466999987897, 0.951076400000602, 0.9447148999970523, 0.9476918000000296, 0.9483387000000221, 0.9546149000016158, 0.9520926000004692, 0.9526384999990114, 0.9460488000004261, 0.9455961999992724, 0.9555308999988483, 0.9481334000010975, 0.9539007000021229, 0.9522408999982872, 0.9513321000013093, 0.9523079999999027, 0.9550812000015867, 0.9473094999993918, 0.9488442000001669, 0.9464583000008133, 0.9518352000013692, 0.9791268000008131, 0.9502335000033781, 0.9553983000005246, 0.9494883000006666, 0.947177099998953, 0.9511612000023888, 0.9455543000003672, 0.9474512000015238, 0.9518527000000176, 0.9520451999997022, 0.9487598000014259],