{"nuitka": {"warmup": [1.7195043000101577, 1.3884633999987273, 1.3587602999905357, 1.3449552000092808, 1.3552181999984896, 1.347508699996979, 1.3594892000110121, 1.3599900999979582, 1.3482225999905495, 1.394438800009084, 1.3459915999992518, 1.3491655999969225, 1.3451479000068503, 1.3577082000119844, 1.360970300011104, 1.3429879000032088, 1.3436523999989731, 1.3600350000051549, 1.3624419999978272, 1.3599020999972709, 1.360845800008974, 1.3472227000020212, 1.3800995999918086, 1.3470906000002287, 1.345389800000703, 1.346703899995191, 1.3454322000034153, 1.346077599999262, 1.3455770000000484, 1.3581320000084816, 1.3499999999912689, 1.3638036000047578, 1.3436824999953387, 1.36096190000535, 1.34442590000981, 1.3941537000064272, 1.3571962999994867, 1.3499853999965126, 1.3391419999970822, 1.3643765000015264, 1.3479883999971207, 1.3451070999872172, 1.347639600004186, 1.3539519000041764, 1.360817099994165, 1.3476539000112098, 1.36442420000094, 1.3496799999993527, 1.3445814000006067, 1.3453534000000218, 1.3553242000052705, 1.34204740000132, 1.3470259999885457, 1.3961801000114065, 1.3465942999901017, 1.360103800005163, 1.338775500000338, 1.3609282999968855, 1.375726999991457, 1.3602889999892795, 1.3456240999948932, 1.3778746000025421, 1.353247499995632, 1.3473560999991605, 1.3474748000007821, 1.346195499994792, 1.3545199999934994, 1.3480643999937456, 1.3516231999965385, 1.3484331000072416, 1.347350899988669, 1.34776079999574, 1.342890100000659, 1.345165899998392, 1.3454305000050226, 1.3475968999991892, 1.347245800003293, 1.3594309999898542, 1.345505699995556, 1.3848383000004105, 1.3491263999894727, 1.3500424000085331, 1.3637500000040745, 1.3409569000068586, 1.347559600006207, 1.3506223000003956, 1.3464741999923717, 1.356343499996001, 1.3444634000043152, 1.3753642999945441, 1.3603101000044262, 1.348292999988189, 1.341895999998087, 1.3949262999958592, 1.3443949999928009, 1.3465173000004143, 1.361140199995134, 1.3428390999906696, 1.3466178999951808, 1.3449503000010736], "benchmark": [1.356539000000339, 1.386985300006927, 1.3438438999874052, 1.3457486999977846, 1.3457925000111572, 1.3761596000113059, 1.345655800003442, 1.3980063000053633, 1.342885699996259, 1.3584859000111464, 1.3462121000047773, 1.3551817999978084, 1.3449579000007361, 1.3435777999984566, 1.3477945000049658, 1.3472562999959337, 1.3614038999949116, 1.3503200999984983, 1.3503066999983275, 1.3596474999940256, 1.359240999998292, 1.3587840999971377, 1.390826199989533, 1.3467680000030668, 1.3561218999966513, 1.350165100011509, 1.3508188999985578, 1.3512040000059642, 1.3500269999931334, 1.3461638000007952, 1.3593936000106623, 1.3453499999886844, 1.3892936000047484, 1.3592940000089584, 1.346901800003252, 1.3419342999986839, 1.3438337999978103, 1.344570700006443, 1.3483350000024075, 1.3484837000141852, 1.3503375000000233, 1.407257800005027, 1.3435116000036942, 1.391002499993192, 1.3473166000039782, 1.3447187999991002, 1.3452603999903658, 1.3443517000123393, 1.3440537999995286, 1.348911399996723, 1.3457966999994824, 1.3455969999922672, 1.3577598999982001, 1.3501382000104059, 1.3586534000060055, 1.3575982000038493, 1.3461255000001984, 1.3480758000077913, 1.3798031000042101, 1.3611123000009684, 1.3487284000002546, 1.3429099999921164, 1.3437092999956803, 1.3442330999969272, 1.3437919999996666, 1.3603383000008762, 1.3582660999963991, 1.3660066000011284, 1.3523744999984046, 1.363260199999786, 1.363434500002768, 1.3592436000035377, 1.344651999999769, 1.348517799997353, 1.3658012000087183, 1.3817497999989428, 1.4109740999992937, 1.345081699997536, 1.3855375999992248, 1.350795599995763, 1.3608130000066012, 1.3449640000035288, 1.3483253000013065, 1.348996000000625, 1.3823665999952937, 1.4173251000029268, 1.3514315000065835, 1.3574492000043392, 1.3477940000011586, 1.3480991999967955, 1.3461133999953745, 1.3462219000066398, 1.3512510000000475, 1.3970237000030465, 1.3642335000040475, 1.3450402000016766, 1.4088582999975188, 1.3792180000018561, 1.3473262000043178, 1.3464897999947425]}, "cpython": {"warmup": [1.4626070000085747, 1.422605300002033, 1.4337102999998024, 1.434582899993984, 1.4354515000013635, 1.430841400011559, 1.43946949999372, 1.4326329000032274, 1.434005300005083, 1.4379871000128333, 1.4339280999993207, 1.460865200002445, 1.433650300008594, 1.4380794999888167, 1.4348293999937596, 1.440852100000484, 1.4241683000000194, 1.4366331999917747, 1.4313764999969862, 1.4266267999919364, 1.433425700000953, 1.4391900999908103, 1.4310733000020264, 1.419166400009999, 1.4328755000024103, 1.4525037999992492, 1.436373199991067, 1.4413714000111213, 1.424595100004808, 1.4382447000098182, 1.4421193000016501, 1.4408432000054745, 1.4375805999879958, 1.4306635000102688, 1.440262200005236, 1.4332403000007616, 1.4345667000015965, 1.4362151000095764, 1.4392352999857394, 1.4385855000000447, 1.432393899987801, 1.4370567000005394, 1.4314748000033433, 1.443711500003701, 1.4344385000003967, 1.475991300001624, 1.4339194000058342, 1.4398913999903016, 1.4727577999874484, 1.4332887999917148, 1.4305209000012837, 1.4102235000027576, 1.4404060999950161, 1.4369014999974752, 1.4266972000041278, 1.4399243999941973, 1.474904599992442, 1.427518800002872, 1.4302351000078488, 1.4301097999996273, 1.4420024999999441, 1.4337713999993866, 1.4316089000058128, 1.4312422999937553, 1.4379984000115655, 1.4318752999970457, 1.4360763000004226, 1.4742060999997193, 1.4346248999936506, 1.4267723000084516, 1.4338359000103083, 1.4182395999960136, 1.4367236999969464, 1.4346477999933995, 1.418889600012335, 1.4376154999918072, 1.4281808999949135, 1.4259675999928731, 1.4737313000077847, 1.4450922999967588, 1.4532813999976497, 1.4300084999995306, 1.450409099998069, 1.4316021999984514, 1.4393482000014046, 1.4318363000056706, 1.4326566999952774, 1.4315864999953192, 1.4335717000067234, 1.4262462000042433, 1.4282450000027893, 1.429495999997016, 1.432786400007899, 1.4232154999917839, 1.4307078999991063, 1.4741209000058006, 1.4342461000051117, 1.4391170000017155, 1.4237875999970129, 1.4273266999953194], "benchmark": [1.4376622999989195, 1.4276772999874083, 1.4478092000063043, 1.431927799989353, 1.433626699988963, 1.4228794000082416, 1.4241511000000173, 1.4324634000076912, 1.4272972000035224, 1.43819749999966, 1.4301693000015803, 1.4393869999912567, 1.4301785999996355, 1.4377425999991829, 1.4319244000071194, 1.4340913000050932, 1.439590699999826, 1.4395977000094717, 1.4373172000050545, 1.4378183999942848, 1.425047299999278, 1.4182091999973636, 1.4304151999967871, 1.4326428999920608, 1.4330509999999776, 1.4323661000089487, 1.419608000011067, 1.4373292999953264, 1.4233864999987418, 1.4299794000107795, 1.4387596999877132, 1.433188800001517, 1.47607920000155, 1.4394223000126658, 1.426150500003132, 1.4229888999980176, 1.4384837999969022, 1.4391665000002831, 1.424517300009029, 1.4200468999915756, 1.4368603000039002, 1.4374518999975407, 1.4334175999974832, 1.43935380000039, 1.4378918000002159, 1.4392535000079079, 1.4278826000081608, 1.439786400005687, 1.4253552000009222, 1.4403555000026245, 1.4284133999899495, 1.4206599999888567, 1.432392799993977, 1.476189599998179, 1.473606400002609, 1.4358424999954877, 1.43978220000281, 1.4374950000055833, 1.4345377000136068, 1.4347502000018721, 1.4387021000002278, 1.4312111999897752, 1.421432699993602, 1.4191465000039898, 1.4400331000069855, 1.4410495000047376, 1.4310294999886537, 1.43035830000008, 1.473631500004558, 1.4384707999997772, 1.4372548000101233, 1.430724599995301, 1.4375017999991542, 1.4413090000016382, 1.4376693000085652, 1.4298953999968944, 1.4340634999971371, 1.419122499995865, 1.434897599989199, 1.4239563000010094, 1.4343121999991126, 1.4432892999902833, 1.4303405999962706, 1.4361591000051703, 1.4364318000007188, 1.4417052999924636, 1.4312339000025531, 1.435930300009204, 1.4494541000021854, 1.4412343999865698, 1.4216623999964213, 1.4218691999994917, 1.441057299991371, 1.4313553999963915, 1.4289914999972098, 1.4321123999980045, 1.433008299994981, 1.4397613999899477, 1.4733205999946222, 1.432706200008397]}}