{"nuitka": {"warmup": [1.5803752999927383, 1.4470682999963174, 1.4471091000013985, 1.4432665999920573, 1.4656854000058956, 1.457872099999804, 1.4416102999966824, 1.4441590000060387, 1.4458883999905083, 1.4559099999896716, 1.4487005999981193, 1.4435487000009743, 1.4445261000073515, 1.4501486999943154, 1.456912599998759, 1.4510184999962803, 1.4445077999989735, 1.4502397999895038, 1.441203599999426, 1.4556689000019105, 1.4412727000017185, 1.4481448000005912, 1.4541042000055313, 1.4416500000079395, 1.4520238999975845, 1.446414400008507, 1.4820813999976963, 1.470992100003059, 1.453539299996919, 1.454570199988666, 1.4507882000034442, 1.4432008000003407, 1.4624015000008512, 1.4444533999921987, 1.4468038999912096, 1.454687899997225, 1.4527387999987695, 1.4518526000028942, 1.4475149999925634, 1.4488003000005847, 1.4599204999976791, 1.465762799998629, 1.4506991999951424, 1.4468095999909565, 1.4653562000021338, 1.4540797999943607, 1.4605906999931904, 1.4503912000072887, 1.4707466999971075, 1.4484229999943636, 1.4453433000016958, 1.465601699994295, 1.4534574999997858, 1.4491158000018913, 1.4543001999991247, 1.4524918999959482, 1.466002999994089, 1.4548959999956423, 1.443102999997791, 1.448617899994133, 1.4562939999887021, 1.446165799992741, 1.4497938000131398, 1.4473142999922857, 1.4457238000031793, 1.441172299993923, 1.4524496999947587, 1.4528074999980163, 1.4545683000033023, 1.4513448999932734, 1.4564870000031078, 1.4674003000109224, 1.4508634000085294, 1.4540916999976616, 1.4536035000055563, 1.4545152000064263, 1.4520128000003751, 1.4539115000079619, 1.4481680000026245, 1.4458671000029426, 1.4487918999948306, 1.4517496999906143, 1.4483132999885129, 1.4509609999950044, 1.4456602999998722, 1.4447276000137208, 1.457185399995069, 1.4427010999934282, 1.4572731999942334, 1.4408050000056392, 1.4502992000052473, 1.440930800003116, 1.4484031000029063, 1.4465300999872852, 1.4478972999932012, 1.4418934999994235, 1.443751999991946, 1.4476274000044214, 1.4450110000034329, 1.4483708000043407], "benchmark": [1.4451698000048054, 1.4410926999989897, 1.4413551000034204, 1.4445396000082837, 1.451017100000172, 1.443074799986789, 1.4424270000017714, 1.4615399000031175, 1.4450728999945568, 1.439257500009262, 1.440684400004102, 1.443873700001859, 1.446255699993344, 1.4503952999948524, 1.4496158999972977, 1.447617600002559, 1.4628057000081753, 1.4499720000021625, 1.4513979000039399, 1.452380800008541, 1.4407618999975966, 1.4558078999980353, 1.4416745000053197, 1.45358380000107, 1.4528035999974236, 1.4466800999944098, 1.4530416000052355, 1.4563564999989467, 1.451402299993788, 1.4405270000133896, 1.4468285000039032, 1.4446679999964545, 1.4414320000068983, 1.4412909999955446, 1.443459799993434, 1.46348589999252, 1.4460547000053339, 1.449504700009129, 1.4474470999994082, 1.447133900001063, 1.4465200999984518, 1.4531644999951823, 1.444386500006658, 1.4457357000064803, 1.4438752999994904, 1.4473778999963542, 1.442554100009147, 1.44683129999612, 1.453156500007026, 1.457738299999619, 1.4426582000014605, 1.4515812000026926, 1.443888199995854, 1.456588200002443, 1.4429671999969287, 1.4464490999962436, 1.4585898000077577, 1.4572407000086969, 1.4431737000122666, 1.454014399991138, 1.4425381000037305, 1.4504939000034938, 1.4441259000013815, 1.4474977999925613, 1.4462984999991022, 1.4401838000048883, 1.4452069999970263, 1.4472703999927035, 1.4532028999965405, 1.4416344999917783, 1.4440520000061952, 1.4489033999998355, 1.44935660000192, 1.456579599995166, 1.4469233999989228, 1.447789500001818, 1.4431075000029523, 1.4473494999983814, 1.444006999998237, 1.4411306000110926, 1.4469991999940248, 1.45749459999206, 1.4523477000038838, 1.443825199996354, 1.4495067999960156, 1.4546334000042407, 1.4523077000048943, 1.4455312000063714, 1.4502463999961037, 1.4471759000007296, 1.4491069999930914, 1.4480298999988008, 1.456785399990622, 1.463008999999147, 1.4492661999975098, 1.4484993999940343, 1.4815418999933172, 1.4513138000038452, 1.463986400005524, 1.4491842999996152]}, "cpython": {"warmup": [1.532540300002438, 1.5175822000019252, 1.5184745999868028, 1.5186885000002803, 1.5211561000032816, 1.5141106999944896, 1.5136000999918906, 1.524153699996532, 1.5246215000079246, 1.5239377999969292, 1.5149907000013627, 1.522270599991316, 1.5168162999907508, 1.5190144000080181, 1.5226377999933902, 1.5286266000039177, 1.5203654000069946, 1.5222765000071377, 1.522932399995625, 1.5217049999919254, 1.5319747000030475, 1.514822799988906, 1.5191972000029637, 1.5165532999963034, 1.519751299987547, 1.5135811999934958, 1.525005899995449, 1.5296089000039501, 1.521566100011114, 1.5276023000042187, 1.521765499986941, 1.524379800001043, 1.521515600004932, 1.5370569999940926, 1.5145764999906532, 1.5116222999931779, 1.5182578000094509, 1.5162677000043914, 1.51437019999139, 1.516256400005659, 1.5129213000036543, 1.5161979000113206, 1.5147464000037871, 1.5254596000013407, 1.516868999999133, 1.515409900006489, 1.5109215999982553, 1.5169539000053192, 1.522450000004028, 1.5456874999945285, 1.5125852000055602, 1.5128620000032242, 1.5192989000061061, 1.5190411999938078, 1.510104400003911, 1.5157198999950197, 1.5144558000029065, 1.5118671999953222, 1.5070410000043921, 1.514699199993629, 1.5139864000084344, 1.5178097000025446, 1.5140800999943167, 1.5243020000052638, 1.5221976000029827, 1.5261159999936353, 1.5118984000000637, 1.5130281999881845, 1.5144149999978254, 1.5191156999935629, 1.5180727999977535, 1.5361103999894112, 1.5211796999938088, 1.5273457000002963, 1.5234347999939928, 1.5219340000039665, 1.5193257999926573, 1.5167119999969145, 1.5249880999908783, 1.538331299991114, 1.5311031000019284, 1.522931100000278, 1.5205900000000838, 1.521057900012238, 1.5170066999999108, 1.5247347000113223, 1.523836599997594, 1.5262756000010995, 1.5255051999993157, 1.5288112999987788, 1.5127350999973714, 1.524397000001045, 1.5175994000019273, 1.5151703000010457, 1.5155251000105636, 1.519828399992548, 1.5321505000028992, 1.5250836000050185, 1.527426300002844, 1.5245801999990363], "benchmark": [1.52431149999029, 1.5191952999884961, 1.525651600008132, 1.5352459999994608, 1.5155684999917867, 1.5147681000089506, 1.5188301999878604, 1.5316208000003826, 1.5113467000046512, 1.5172057000017958, 1.509013299990329, 1.5162322999967728, 1.5130419000051916, 1.5143539999990026, 1.515794500010088, 1.5169591000012588, 1.513331099995412, 1.5206663999997545, 1.5267519000044558, 1.512063299989677, 1.5095004999893717, 1.514843999990262, 1.5214852999924915, 1.5214580000028946, 1.5151820000028238, 1.5156185000087135, 1.5227130999992369, 1.5144193999876734, 1.5123636000062106, 1.516234099995927, 1.505488199996762, 1.5190454999974463, 1.5139985999994678, 1.5147700999950757, 1.5100820000079693, 1.523200399999041, 1.5226855999935651, 1.5102713999949628, 1.520774300006451, 1.5156702999956906, 1.5171732000017073, 1.523073000003933, 1.5207376000034856, 1.5238600000011502, 1.5229409000021406, 1.5162494999967748, 1.519297100006952, 1.5168976999993902, 1.5275775000045542, 1.5290950000053272, 1.5191731999948388, 1.5207247999933315, 1.5245964000059757, 1.5254509000078542, 1.5244788999989396, 1.521710200002417, 1.5236850999935996, 1.5202422999864211, 1.5244988000049489, 1.5480589999933727, 1.525217899994459, 1.52125600000727, 1.5226657000021078, 1.5169652000040514, 1.5167175999959, 1.5176692999957595, 1.5180540000001201, 1.5182607999886386, 1.513610800000606, 1.527552999992622, 1.5177587999933166, 1.5335022999934154, 1.519715400005225, 1.5192031000042334, 1.521562099995208, 1.5284504000010202, 1.5135299999965355, 1.515911700000288, 1.515816500002984, 1.5219030000007479, 1.5148016000021016, 1.5176016999903368, 1.517982999997912, 1.5223721000074875, 1.5118666000053054, 1.5135485000064364, 1.5117826000059722, 1.5203781000018353, 1.5466911000112304, 1.5341347999928985, 1.5220234000007622, 1.5339424999983748, 1.5172221999964677, 1.5201077000092482, 1.518608000013046, 1.516075000006822, 1.5195571999938693, 1.5131087000045227, 1.5160662999987835, 1.5189658000017516]}}