{"nuitka": {"warmup": [1.4544645999994827, 1.3334100000065519, 1.3306876999995438, 1.3287272000015946, 1.3256765999976778, 1.3652249000006123, 1.3721570000052452, 1.359653099993011, 1.3782600999984425, 1.3773075000062818, 1.3272246000124142, 1.3261053000023821, 1.3478411999967648, 1.3735526999953436, 1.3674775999970734, 1.3435480000043754, 1.3583772000129102, 1.3283665000053588, 1.3741036999999778, 1.3672462000104133, 1.3274536999961128, 1.3623204000032274, 1.3710865000030026, 1.362345200002892, 1.3279536999907577, 1.403420399990864, 1.3710123999917414, 1.3292206000041915, 1.3848130999977002, 1.353455300006317, 1.3285573999892222, 1.368686699992395, 1.3262536999973236, 1.4016617000015685, 1.3789546000043629, 1.3748190999904182, 1.3285755999968387, 1.3259496000100626, 1.3288850999961141, 1.3278780999971787, 1.3300439000013284, 1.3680893999990076, 1.3642323999956716, 1.3265143000026, 1.3547843999986071, 1.4056057999987388, 1.3615704999974696, 1.3699016000027768, 1.3620807000115747, 1.324804599993513, 1.326453900008346, 1.3258770999964327, 1.3734696000028634, 1.3706429000012577, 1.3280733999999939, 1.3616168999869842, 1.3270592999906512, 1.3576580000080867, 1.3278131999977631, 1.3271069000038551, 1.3270548000000417, 1.3627878999977838, 1.3295791999989888, 1.3282159000082174, 1.3843785999924876, 1.408752999996068, 1.3728351000027033, 1.368350399992778, 1.3263918000011472, 1.3307488999998895, 1.3260712000046624, 1.3278581000049599, 1.3691347999993013, 1.331810099989525, 1.368757000003825, 1.324106700005359, 1.3410519000026397, 1.373833999998169, 1.375405500002671, 1.3269530999968993, 1.3254349999915576, 1.3771641999919666, 1.3301921999955084, 1.3683223999978509, 1.3725166999938665, 1.3688733000017237, 1.3630281000077957, 1.3282119000068633, 1.3643636000051629, 1.3679493999952683, 1.3742229999916162, 1.329146200005198, 1.3266770000045653, 1.3259107999911066, 1.3249814000009792, 1.370150900009321, 1.3263393999950495, 1.3246397999901092, 1.3678330999973696, 1.3250338999932865], "benchmark": [1.325831800000742, 1.3258159999968484, 1.3257493999990402, 1.3317102000000887, 1.3235516999993706, 1.324995899994974, 1.35016529999848, 1.3602202000038233, 1.3290644999942742, 1.3274584000027971, 1.3262491000059526, 1.3266628000128549, 1.3663540999987163, 1.3274360000068555, 1.382028000007267, 1.327233999996679, 1.3253704999951879, 1.3264762000035262, 1.3277471000037622, 1.3298183000006247, 1.3801327999972273, 1.3710917999997037, 1.4055934000061825, 1.3656225000013364, 1.3225627000065288, 1.3802119000029052, 1.357279700008803, 1.3263686999998754, 1.3285555000038585, 1.3270358000008855, 1.399700900001335, 1.3498677000025054, 1.3678968999884091, 1.363158599997405, 1.334820199990645, 1.3678964999999152, 1.3280757000029553, 1.326119400007883, 1.3637335999956122, 1.3270578999945428, 1.368674799989094, 1.3676828000025125, 1.3262490000051912, 1.3253416999941692, 1.4048201000114204, 1.3268288999970537, 1.326392400005716, 1.4015465999982553, 1.355749200010905, 1.3304802000056952, 1.367667700003949, 1.3263506999937817, 1.3792784999968717, 1.3527308000047924, 1.3736200999992434, 1.3256381999963196, 1.3582991000002949, 1.3700272999994922, 1.390270000003511, 1.406125500012422, 1.3744163999945158, 1.355822800003807, 1.3331171999889193, 1.3724314999999478, 1.3254883000045083, 1.3284431000065524, 1.4055819000059273, 1.3260642000095686, 1.3258529000013368, 1.3251577999908477, 1.3247508000058588, 1.32505559999845, 1.3603564999939408, 1.3707388999901013, 1.3648532000079285, 1.3303668000007747, 1.3565142000006745, 1.368674800003646, 1.3418643999902997, 1.3254397999990033, 1.3263259999948787, 1.324877999999444, 1.3273067999980412, 1.3255207000038354, 1.3438759999989998, 1.3623550000047544, 1.4071687999967253, 1.3698201999941375, 1.32794339999964, 1.3676248999981908, 1.3418194000114454, 1.3840511000016704, 1.3699124000122538, 1.327146099996753, 1.3640103000070667, 1.3699091000016779, 1.383627700008219, 1.3299673000001349, 1.3701027999923099, 1.331140399997821]}, "cpython": {"warmup": [1.4236808999994537, 1.4224737000040477, 1.4193078999960562, 1.4639957000035793, 1.4192298999987543, 1.4173927000083495, 1.414683499999228, 1.415654700002051, 1.4123531999939587, 1.4223176999948919, 1.4612471000000369, 1.4652129000023706, 1.4597593999933451, 1.4151048999920022, 1.4648371000075713, 1.4646464999968885, 1.4186286999902222, 1.4663577000028454, 1.4524648999940837, 1.414595800000825, 1.460481100002653, 1.4075562999933027, 1.474034600003506, 1.4261010000045644, 1.4647234000003664, 1.4143082999944454, 1.4127180999930715, 1.4253855999995722, 1.404918300002464, 1.4093842000002041, 1.4647548000066308, 1.4105973000114318, 1.4652020999928936, 1.4642500999907497, 1.4654399999999441, 1.4273539999994682, 1.4128949000005377, 1.4352495000057388, 1.4148437999974703, 1.4172422000119695, 1.415613500008476, 1.4174902999948245, 1.4195485999953235, 1.4159756000008201, 1.4674762999929953, 1.4147814000025392, 1.465190299990354, 1.423983100001351, 1.4178323999949498, 1.410557900002459, 1.422557500001858, 1.4145072999963304, 1.4222099000035087, 1.4129165000049397, 1.4640394000016386, 1.4223045999970054, 1.420831099996576, 1.41537440000684, 1.4133308000018587, 1.4101550999912433, 1.4657827999908477, 1.4128117999935057, 1.4127305000001797, 1.4757519999984652, 1.4141774000017904, 1.4140574999910314, 1.4075183000095421, 1.4645190000010189, 1.4127608999988297, 1.4118413999967743, 1.4749444000044605, 1.4145025000034366, 1.4691126999969129, 1.4232227000029525, 1.4128841000056127, 1.4207596000051126, 1.422002600011183, 1.4142276000056881, 1.4173273999913363, 1.4683783999935258, 1.4157636000018101, 1.4675792000052752, 1.4203156000003219, 1.4609296999988146, 1.4149976000044262, 1.4672959000017727, 1.4592761999956565, 1.4178889000031631, 1.4101932000048691, 1.422772600009921, 1.4140184999996563, 1.4108672000002116, 1.4215935000102036, 1.4148814999934984, 1.4146155999915209, 1.4168156000087038, 1.4651079000032041, 1.4637170000059996, 1.4592039999988629, 1.4644106999912765],