{"nuitka": {"warmup": [1.153340400021989, 1.0735994999995455, 1.0733085999963805, 1.0768641000031494, 1.0695015999954194, 1.0722926000016741, 1.07754759999807, 1.0774366999976337, 1.070753199979663, 1.0742768000054639, 1.0714470999955665, 1.0672582999977749, 1.0656219999946188, 1.0732220000063535, 1.0755720000015572, 1.064088199986145, 1.072677800024394, 1.0636664000048768, 1.0704502000007778, 1.0685566999891307, 1.0797707999881823, 1.0753885999729391, 1.0700291999964975, 1.072285300004296, 1.0754055000143126, 1.0633401999948546, 1.0725692000123672, 1.069934099999955, 1.0698845000006258, 1.0690951999858953, 1.0727076999901328, 1.0726577999885194, 1.0722845999989659, 1.0679084000003058, 1.0789193999953568, 1.0708213000034448, 1.0621352999878582, 1.0807172000058927, 1.0720103000057861, 1.0664151999808382, 1.0700440999935381, 1.0691442000097595, 1.066481100016972, 1.072936499986099, 1.078637800004799, 1.0640260000072885, 1.0682774000160862, 1.0717384000017773, 1.067965299997013, 1.0720387999899685, 1.0700050999876112, 1.0639585000171792, 1.0739722000143956, 1.0643196000019088, 1.0738490000076126, 1.0702863999758847, 1.0721650999912526, 1.0713721999782138, 1.0710865000146441, 1.0755521999963094, 1.075459800020326, 1.0744972999964375, 1.0767726000049151, 1.0645360999915283, 1.0717416999978013, 1.0646609000104945, 1.0659493999846745, 1.0707109999784734, 1.0682879999803845, 1.0676837000064552, 1.0708196999912616, 1.07617049998953, 1.074885500012897, 1.060070999985328, 1.068777999986196, 1.0746126000012737, 1.0743604999734089, 1.0675287000194658, 1.0632422000053339, 1.0692182999919169, 1.0761028999986593, 1.0763494000129867, 1.0676461999828462, 1.0730313999811187, 1.0806991000135895, 1.073984200018458, 1.0705839000002015, 1.0716172000102233, 1.0782079999917187, 1.068728899990674, 1.0731464000127744, 1.0764722999883816, 1.0691155000240542, 1.066174300009152, 1.0751838000142016, 1.0642298999882769, 1.0739922000211664, 1.0752508000005037, 1.070263800007524, 1.0694347000098787], "benchmark": [1.0736699999833945, 1.0719256000011228, 1.0719929999904707, 1.0746274999983143, 1.0640493999817409, 1.0719333000015467, 1.0741817000089213, 1.0658755999756977, 1.0672758999862708, 1.063004900002852, 1.0754268000018783, 1.0715209000045434, 1.077166800008854, 1.0709601000125986, 1.0692856000096072, 1.0638630999892484, 1.070983100013109, 1.0801090000022668, 1.0731087000167463, 1.0662586000107694, 1.0698087000055239, 1.079879199998686, 1.0673606999916956, 1.0752948999870569, 1.0640839999832679, 1.0674279000086244, 1.068735899985768, 1.0691652000241447, 1.071201899991138, 1.0725620999874081, 1.0752809999976307, 1.0704369000159204, 1.0697116999945138, 1.065898600005312, 1.0661510999780148, 1.0680978999880608, 1.0735094999836292, 1.0693370999943, 1.0752975999785122, 1.0721387999947183, 1.0760112999996636, 1.0683832000067923, 1.0709870999853592, 1.073160400002962, 1.0717208000132814, 1.0675697999831755, 1.0640476999979, 1.0744727999845054, 1.0737575000093784, 1.0657750999962445, 1.0777527999889571, 1.0726014000247233, 1.0720100000035018, 1.0608540000102948, 1.072546900017187, 1.0766329999896698, 1.0657498000073247, 1.0716526999894995, 1.0759482000139542, 1.0692298999929335, 1.072041099978378, 1.068441499985056, 1.0709634999802802, 1.070593899989035, 1.0656972999859136, 1.0751314999943133, 1.0652523999742698, 1.0744525000045542, 1.0754702000122052, 1.0678408999810927, 1.0687072999717202, 1.0633284999930765, 1.0663595999940298, 1.079450999997789, 1.0712340000027325, 1.0733573000179604, 1.0744708999991417, 1.0699515000160318, 1.0701046999893151, 1.0752671000082046, 1.071747799986042, 1.0666878999909386, 1.075461100001121, 1.0713906000019051, 1.072032299998682, 1.0718414000002667, 1.0695588999951724, 1.0703949999879114, 1.070761400012998, 1.0737220000009984, 1.070276600017678, 1.0733807999931742, 1.0742979999922682, 1.064988700003596, 1.0649834999931045, 1.0722207999788225, 1.0653827000060119, 1.0694304000062402, 1.0811684999789577, 1.0685901999822818]}, "cpython": {"warmup": [1.0982923000119627, 1.0921008000150323, 1.09792080000625, 1.0972347999922931, 1.0892934999719728, 1.0947544999944512, 1.0889360000146553, 1.0964680000033695, 1.104524099995615, 1.0951531000027899, 1.085483300004853, 1.0962187000259291, 1.094188299990492, 1.0905795999860857, 1.08827609999571, 1.1035154999990482, 1.1003642000141554, 1.0959982000058517, 1.1006842000060715, 1.0949289000127465, 1.095795100001851, 1.0958404999983031, 1.0928410999767948, 1.0921738000179175, 1.0948421999928541, 1.0915151000081096, 1.0875970000051893, 1.0858947999950033, 1.0874871000123676, 1.0946150999807287, 1.0859214999945834, 1.0892447000078391, 1.092948300007265, 1.0969499000057112, 1.0945822999929078, 1.103408599999966, 1.0968438000127207, 1.0966564000118524, 1.087521299981745, 1.0854879999824334, 1.094783099979395, 1.0927275999856647, 1.102392599976156, 1.0886485999799334, 1.093258600012632, 1.0932479000184685, 1.0979171000071801, 1.0977916000119876, 1.0898960000195075, 1.087681100005284, 1.098382100026356, 1.0975829999952111, 1.1004474999790546, 1.101869699981762, 1.0847778000170365, 1.1110593000194058, 1.0877617000078317, 1.0829264000058174, 1.0958557999983896, 1.090562299999874, 1.0877990999724716, 1.0889405999914743, 1.0922602000064217, 1.0970428999862634, 1.0903789000003599, 1.1069831000058912, 1.0935502999927849, 1.0892089999979362, 1.0973057999799494, 1.0908467999834102, 1.0960639999830164, 1.0877020999905653, 1.1002750999759883, 1.086961599998176, 1.1019665999920107, 1.094660099974135, 1.0952506999892648, 1.0955735000025015, 1.0908888000121806, 1.088921799993841, 1.0923261000134517, 1.090077700006077, 1.1064512000011746, 1.0867751000041608, 1.0801417999900877, 1.0927994000085164, 1.0908144999993965, 1.0904291000042576, 1.0963218999968376, 1.0951144999999087, 1.0986049999773968, 1.0846702999842819, 1.096792699972866, 1.0909326999972109, 1.0863142000162043, 1.0917201999982353, 1.0949952999944799, 1.0936597000109032, 1.0926350000081584, 1.085215499973856], "benchmark": [1.0848630999971647, 1.089160500006983, 1.091902200016193, 1.089997700008098, 1.0883350999793038, 1.094060300005367, 1.0883068999974057, 1.097819199989317, 1.0967065999866463, 1.0831413000123575, 1.0851397999795154, 1.0938442000187933, 1.0915731000131927, 1.089721800002735, 1.0945300000021234, 1.0918850000016391, 1.0832079999963753, 1.0867610000132117, 1.1071717999875546, 1.1029119000013452, 1.0856725000194274, 1.089611999981571, 1.0908509000146296, 1.0947576999897137, 1.0966427999956068, 1.0945001000072807, 1.0879967999935616, 1.0900604000198655, 1.0952217000012752, 1.0937024999875575, 1.0931439999840222, 1.0930878999934066, 1.094011800014414, 1.0923989999864716, 1.093336999998428, 1.0882298999931663, 1.0999111999990419, 1.0848338000068907, 1.0899890000000596, 1.0912019000097644, 1.091214799991576, 1.097259900008794, 1.095039000007091, 1.096286100015277, 1.0960838999890257, 1.0902708999929018, 1.1021773999964353, 1.0872003000113182, 1.097637400001986, 1.0844040000229143, 1.0918937999813352, 1.0884587000182364, 1.1006230000057258, 1.0892065000080038, 1.0951329999952577, 1.0888611000264063, 1.0923855000000913, 1.0934425999876112, 1.0885736999916844, 1.094881199998781, 1.0859130999888293, 1.1184823000221513, 1.1053116999974009, 1.0959784000006039, 1.0963205000152811, 1.092319600022165, 1.0885936999984551, 1.0912638999870978, 1.0942511000030208, 1.086119100014912, 1.0845286000112537, 1.0964459999813698, 1.0886941999779083, 1.0835228999785613, 1.1238392999803182, 1.0861139000044204, 1.0934052999946289, 1.0897490000061225, 1.0863653999986127, 1.1011506000068039, 1.0884636999981012, 1.0928572999837343, 1.089882200001739, 1.092007300001569, 1.1095353999990039, 1.0901601999939885, 1.088999999978114, 1.0841101999976672, 1.0874982999812346, 1.1004457999952137, 1.0853495000046678, 1.101322499976959, 1.0960256999824196, 1.0874576999922283, 1.0958135999972, 1.0930582000000868, 1.087599799997406, 1.086842799995793, 1.0921234000124969, 1.0942285000055563]}}