{"nuitka": {"warmup": [1.487292999998317, 0.8367832000076305, 0.9449276999948779, 0.8358758999966085, 0.8341034000040963, 0.8335475000058068, 0.8314568999921903, 0.8368945999973221, 0.8329013000038685, 0.9437295000097947, 0.8351319999928819, 0.836163400002988, 0.8392806999909226, 0.8320595000113826, 0.8357844999991357, 0.8346651000028942, 0.8394575999991503, 0.834561700001359, 0.8283980999985943, 0.8340016000001924, 0.8367723999981536, 0.836404700006824, 0.8335268999944674, 0.8281449000060093, 0.8334734999953071, 0.8366799000068568, 0.8338510999892605, 0.8354290000133915, 0.8361380999995163, 0.837276499994914, 0.8301921000092989, 0.8362676999968244, 0.8300582000083523, 0.8317244000063511, 0.8258388999965973, 0.8319524000107776, 0.8213852000044426, 0.8266828000050737, 0.829736600004253, 0.8456268000009004, 0.8368066999973962, 0.8385248999984469, 0.8379753999906825, 0.8284306999994442, 0.8275194000016199, 0.8304511000023922, 0.8275713000039104, 0.8321750999893993, 0.8382190999982413, 0.834751199989114, 0.9311350999923889, 0.9375188999983948, 0.831186900002649, 0.934355699995649, 0.8280263999913586, 0.937911000000895, 0.937221000000136, 0.8435291999921901, 0.8292472000030102, 0.8269214000029024, 0.8451842999929795, 0.8325481000065338, 0.9339214000065112, 0.8257775000092806, 0.9373450999992201, 0.8313934999896446, 0.8261821999913082, 0.8270236999960616, 0.8289473000040743, 0.827334499990684, 0.828143300008378, 0.8280436000059126, 0.8453559000045061, 0.8268131999939214, 0.8474395999946864, 0.8414759000006597, 0.8267321000021184, 0.8433730999968247, 0.8345370000024559, 0.8287993999983883, 0.8360767000121996, 0.8286956999945687, 0.8273150000022724, 0.8447577999904752, 0.8434403999999631, 0.8281775999930687, 0.8283432000025641, 0.832692700001644, 0.8274098999972921, 0.8410852999950293, 0.8424917000083951, 0.8467766999965534, 0.8249548000021605, 0.9372398999985307, 0.8283130000054371, 0.8280661000026157, 0.8288002999906894, 0.8274385000113398, 0.8437842999992426, 0.8450205000117421], "benchmark": [0.8219828000001144, 0.8284349000023212, 0.8340821000019787, 0.8247515999973984, 0.841393299997435, 0.8431500000006054, 0.8275207999977283, 0.8335284000058891, 0.8402878000051714, 0.8331348999927286, 0.9360352999938186, 0.8559562000009464, 0.8329908000014257, 0.9315354999998817, 0.8288455000001704, 0.8325244000006933, 0.8381795000022976, 0.8285627000004752, 0.827837399992859, 0.8280642999889096, 0.828271999998833, 0.8272015999973519, 0.8336794999922859, 0.9355339000030654, 0.8259375999914482, 0.8276755999977468, 0.8352512999990722, 0.8214486000069883, 0.8278684999968391, 0.827907500002766, 0.8279413999989629, 0.8343666000000667, 0.8220137999887811, 0.8284661999932723, 0.827393800005666, 0.8296000999980606, 0.8477541000029305, 0.8227532000018982, 0.8290969000081532, 0.8272526999935508, 0.8288214999920456, 0.8276290000067092, 0.8279506000108086, 0.8281381000124384, 0.8283319000038318, 0.8281875999964541, 0.830513199995039, 0.8254168000130448, 0.8433760999905644, 0.9397456000006059, 0.8264957000064896, 0.8307071000017459, 0.8249403999943752, 0.8283841999946162, 0.828442999991239, 0.8276997000066331, 0.937880600002245, 0.8347272000100929, 0.8246942999976454, 0.8415265999938129, 0.8266036000131862, 0.8464564000023529, 0.82529139998951, 0.8286714999994729, 0.8276974000036716, 0.8321533999987878, 0.8415227999939816, 0.8422624999948312, 0.8303245999995852, 0.8260631000011927, 0.8281576000008499, 0.8286335000011604, 0.8309929999959422, 0.8410522999911336, 0.8272212000010768, 0.845980199999758, 0.8316043000086211, 0.9319849999883445, 0.8296374000055948, 0.8262828000006266, 0.8277013999904739, 0.8286313999997219, 0.8314735000021756, 0.9358891000010772, 0.8264228999905754, 0.8304837000032421, 0.8315436999982921, 0.931460399995558, 0.8299662000063108, 0.8263627000123961, 0.828137800010154, 0.8346930999978213, 0.8372461999970255, 0.8270135000057053, 0.833979700008058, 0.8247100000007777, 0.8267690999928163, 0.8283871000021463, 0.8280297000019345, 0.8275566000083927]}, "cpython": {"warmup": [0.9967259999975795, 0.9698457999911625, 0.8580676999990828, 0.9688065999944229, 0.971932000000379, 0.9657824999885634, 0.9855890000035288, 0.8578394000069238, 0.8748855000012554, 0.9706708999874536, 0.8731270000134828, 0.87520469998708, 0.971165299997665, 0.9664046999969287, 0.9681264999962877, 0.9690030999918235, 0.9692633999948157, 0.9689212999946903, 0.9682363000029, 0.9859569999971427, 0.9678851999924518, 0.9747111000033328, 0.8683514000003925, 0.8604564999986906, 0.8584333000035258, 0.9683693000115454, 0.9717692999984138, 0.9672101999894949, 0.9674765999952797, 0.8590335000044433, 0.875383900012821, 0.8661385000013979, 0.8682791000028374, 0.971021400007885, 0.967948500008788, 0.9841733000066597, 0.9732243000034941, 0.9786996999901021, 0.9680777000030503, 0.9726300999900559, 0.9653825999994297, 0.9673280999995768, 0.9698422999936156, 0.9690664999943692, 0.9686328999960097, 0.984442000000854, 0.9698878999915905, 0.9668212000105996, 0.9693220000044676, 0.9689521999971475, 0.97209219999786, 0.9653828999871621, 0.8654497999959858, 0.8686691999901086, 0.9686264000047231, 0.9687432000064291, 0.969185900001321, 0.9679431000113254, 0.975341400000616, 0.9786607999994885, 0.9718991999980062, 0.9833478999935323, 0.8564671999920392, 0.9693160999886459, 0.9685004000057233, 0.9773233000014443, 0.8677804000035394, 0.8578982000035467, 0.8618940000014845, 0.9823102000082145, 0.9757030000037048, 0.8675610000063898, 0.9691757999971742, 0.9711298999900464, 0.9672045999905095, 0.9674636999989161, 0.9691096000024118, 0.9683322999917436, 0.9687943999888375, 0.954902099998435, 0.8734557999996468, 0.9528145999938715, 0.9689982999989297, 0.9689045999984955, 0.9685450999968452, 0.8750332999916282, 0.9685409999947296, 0.9687662000069395, 0.9689174999948591, 0.9691424000047846, 0.968333699987852, 0.9685358999995515, 0.859816399999545, 0.8593303999950876, 0.8590388000011444, 0.8595823000068776, 0.9689070999884279, 0.8589319000020623, 0.9692608000041218, 0.9684255000029225],