{"nuitka": {"warmup": [1.165015599995968, 1.0361955999978818, 1.0936091000039596, 1.1363102999894181, 1.1096197000006214, 1.1406286999990698, 1.0931595000001835, 1.112268100012443, 1.1036236000072677, 1.1316074000060325, 1.1234808000008343, 1.1276924999983748, 1.0933588000043528, 1.1075871999928495, 1.1232683999987785, 1.3493548999977065, 1.1156240999989677, 1.1089819000044372, 1.1474978000042029, 1.1131751999928383, 1.147904199999175, 1.1274726999981795, 1.1308401999995112, 1.1032905000029132, 1.1367342000012286, 1.1890548999945167, 1.155545900008292, 1.1599330000026384, 1.0971032000088599, 1.1917589000076987, 1.1004630000097677, 1.1095838000037475, 1.0603879999980563, 1.127607899994473, 1.2614764000027208, 1.1263782999885734, 1.1049132000043755, 1.101032499995199, 1.1060634000023128, 1.1156984000117518, 1.1406030000071041, 1.1013698000024306, 1.1449399000121048, 1.1288669999921694, 1.1064303000021027, 1.1310501999978442, 1.1011327000014717, 1.1412501000013435, 1.1426892000017688, 1.1620791999885114, 1.1032948000065517, 1.1675181000027806, 1.1211097999912454, 1.1460917999938829, 1.1147782000043662, 1.1261796000035247, 1.1515901999955531, 1.125358100005542, 1.142249399999855, 1.123657500007539, 1.1351030000078026, 1.1129337000020314, 1.1077270999958273, 1.126414800004568, 1.1269203999981983, 1.1393524000013713, 1.1111300999909872, 1.1238274999923306, 1.1203961999999592, 1.290865599992685, 1.1366953999968246, 1.1563819000002695, 1.1717970999889076, 1.1355890999984695, 1.1342496000143, 1.1360257999913301, 0.9874638999899616, 1.1574031000054674, 1.1388298999954714, 1.1361270000052173, 1.1119418000016594, 1.126888799990411, 1.1321998000057647, 1.099352600009297, 1.167952100004186, 1.103289600010612, 1.1043317000003299, 1.0972497000038857, 1.1205497000046307, 1.13013960000535, 1.1052326000062749, 1.131470200009062, 1.1827664000011282, 1.1336904000054346, 1.1269664999999804, 1.2422179999994114, 1.1175211999943713, 1.1438118999940343, 1.1508202999975765, 1.2560521999985212], "benchmark": [1.2425329999969108, 1.313887899988913, 1.2762057999934768, 1.1200938999973005, 1.2089503000024706, 1.1405663000041386, 1.310375800007023, 1.147939899994526, 1.1620325999974739, 1.126846299986937, 1.0636927000014111, 1.1310606000042753, 1.1235917000012705, 1.1345593000005465, 1.0374620000075083, 1.1961410000076285, 1.166261399994255, 1.1388723999989452, 1.1247301999974297, 1.148579000000609, 1.1371763000061037, 1.0356096999894362, 1.107026900004712, 1.3835492999933194, 1.0803731999912998, 1.1595295000006445, 1.074802400005865, 1.1563318999978947, 1.1447008999966783, 1.143330999999307, 1.0963749999937136, 1.1867955999914557, 1.1181054000044242, 1.3075968999910401, 1.3468583000067156, 1.1343080999940867, 1.2390125000092667, 1.1313238000002457, 1.125531099998625, 1.1227254000114044, 1.1483777999965241, 1.1116066000104183, 1.0572624999913387, 1.1291866999963531, 1.090986299997894, 1.081756800005678, 1.1830304000031902, 1.3250814999919385, 1.332942399996682, 1.1234736000042176, 1.1251933000021381, 1.1508528999984264, 1.284940600002301, 1.127043100001174, 1.2643839000083972, 1.1385778999974718, 1.1305413999943994, 1.12348560000828, 1.3362494000029983, 1.1608228999975836, 1.1126786999957403, 1.1247039000008954, 1.2312073999928543, 1.1224404999957187, 1.0463980000058655, 1.0441133999993326, 1.0632793999975547, 1.1118806000013137, 1.1427636000007624, 1.32666479999898, 1.1391205999971135, 1.0759728999983054, 1.1459949999989476, 1.1562646000093082, 1.1187671999941813, 1.0952350000006845, 1.2473659999959636, 1.0951372999988962, 1.0877655999938725, 1.1698120000073686, 1.1220825999916997, 1.2445734000066295, 1.062601800003904, 1.2081635000067763, 1.164423700000043, 1.1366259999922477, 1.1573647999903187, 1.171207699997467, 1.1381088000052841, 1.0910971000121208, 1.1645625999954063, 1.1687878999946406, 1.1476906000025338, 1.1395952999882866, 1.1691883000021335, 1.1155415999965044, 1.1154553000087617, 1.0267465000069933, 1.088473800002248, 1.0764752999966731]}, "cpython": {"warmup": [1.1549492000049213, 1.2056009999942034, 1.2469010000058915, 1.2950620999909006, 1.2507337999995798, 1.2332583999959752, 1.2526892000023508, 1.2744387999991886, 1.1964431999949738, 1.1720509000006132, 1.1677383999922313, 1.2317820000025677, 1.1496917000040412, 1.189847000001464, 1.169231399995624, 1.2064962000004016, 1.179378100001486, 1.1805079999903683, 1.159545500006061, 1.1669392000039807, 1.1995270000043092, 1.1887932000099681, 1.1958559999911813, 1.1165927999973064, 1.236639099995955, 1.1781895000021905, 1.1541740999964532, 1.1940562999952817, 1.1191926000028616, 1.1949708000029204, 1.215738800005056, 1.2104214999999385, 1.1862862999987556, 1.1725795999955153, 1.301332499991986, 1.222994399999152, 1.25078719999874, 1.1652872999984538, 1.2387570999999298, 1.1807259000052, 1.1951885000016773, 1.190179100012756, 1.1698034000000916, 1.1557720999990124, 1.134191600009217, 1.139301399991382, 1.0924787000112701, 1.2184265999967465, 1.19896590001008, 1.1914523000014015, 1.0770665000018198, 1.2230551000102423, 1.235200300012366, 1.1382280999969225, 1.1967422000016086, 1.1848354999965522, 1.2307109999965178, 1.1435315999988234, 1.1730816999915987, 1.3030119000031846, 1.1773656999866944, 1.2185223999986192, 1.1882390999962809, 1.2383008999895537, 1.1904899999935878, 1.2081120999937411, 1.222371199997724, 1.2201189000043087, 1.1903428000077838, 1.163274199992884, 1.1663924000022234, 1.1932137999974657, 1.212114499998279, 1.1813321000081487, 1.2358668999950169, 1.2796629999938887, 1.1559304999973392, 1.1258491999906255, 1.1924595000018599, 1.1678744000091683, 1.2076243000046816, 1.185233900003368, 1.1882759000000078, 1.182738799994695, 1.1061060000065481, 1.1793914000008954, 1.21431450000091, 1.2080005000025267, 1.1421239000046626, 1.103693099998054, 1.1716459000017494, 1.1692792999965604, 1.1616448999993736, 1.128557300005923, 1.133292500002426, 1.1799294000084046, 1.1377069000009215, 1.1386033999879146, 1.2610295000049518, 1.2055548999924213], "benchmark": [1.1700475999969058, 1.0854645999934291, 1.1825525000022026, 1.1923117999976967, 1.169101799998316, 1.195591700001387, 1.197358000004897, 1.1863713999919128, 1.1982851999928243, 1.1775452000001678, 1.2361535999953048, 1.2012195999996038, 1.1424295999895548, 1.1747138999926392, 1.1611619000032078, 1.1184937000070931, 1.2452709999924991, 1.1202974000043469, 1.2370928999880562, 1.2864215000008699, 1.195819600005052, 1.1936473999958253, 1.1779977999976836, 1.1639811999921221, 1.1657915000105277, 1.1696576999966055, 1.1981105000013486, 1.1874289999977918, 1.2117940000025555, 1.1726977999933297, 1.1645475999976043, 1.2070240000030026, 1.1617070999927819, 1.2648221999988891, 1.2046326999989105, 1.1062504000001354, 1.2284079999953974, 1.2271162000106415, 1.1954022999998415, 1.1792608999967342, 1.2081504999950994, 1.1905942999874242, 1.2300431999901775, 1.1768072999984724, 1.185112699997262, 1.1926888000016334, 1.2121610999893164, 1.2681857999996282, 1.272088600002462, 1.2536517000116874, 1.2628220999904443, 1.1440830000065034, 1.136309199995594, 1.1610756000009133, 1.194724300003145, 1.1953247999917949, 1.2002276999992318, 1.2703610000025947, 1.192832599990652, 1.159575700003188, 1.2430457000009483, 1.3128182999935234, 1.2845509000035236, 1.167322299996158, 1.159497200002079, 1.1861341999901924, 1.185864400002174, 1.1873479999921983, 1.2262971000018297, 1.1697761999967042, 1.1626220000034664, 1.1661282999994, 1.2015515999955824, 1.0630434999911813, 1.1487584999995306, 1.2612979999976233, 1.1447587000002386, 1.184540400005062, 1.1425957000028575, 1.201685499996529, 1.147844699997222, 1.1422812999953749, 1.1479344999970635, 1.201923500004341, 1.1776657000009436, 1.151708100005635, 1.1856562999892049, 1.2149204000015743, 1.0490638000046602, 1.1952332000073511, 1.186265900003491, 1.2226684000052046, 1.1948909999919124, 1.2251066000026185, 1.091527500000666, 1.2434399999910966, 1.2848121999995783, 1.3259225999936461, 1.2582151000096928, 1.281249799998477]}}