{"nuitka": {"warmup": [1.880317200004356, 1.8916392999817617, 1.6813535999972373, 1.7094348999962676, 1.6961231000022963, 1.6926269000105094, 1.6794856999767944, 1.6404634999926202, 1.859360900009051, 1.6465782999875955, 1.741440000012517, 1.526244000007864, 1.620615399995586, 1.5019773000094574, 1.5632179999956861, 1.504543899995042, 1.5630844999977853, 1.6294929000141565, 1.6941629000066314, 1.5569669000105932, 1.5787712000019383, 1.812825500004692, 1.609870399988722, 1.6498941000027116, 1.6150496999907773, 1.8509869999834336, 1.6052248000050895, 1.6253852999943774, 1.6286354000039864, 1.5263803000270855, 1.7084372999961488, 1.852467799995793, 1.8315013999817893, 1.5513416000176221, 1.5264203999831807, 1.5238933000073303, 1.6252912000054494, 1.5262915999919642, 1.6447008000104688, 1.6305228999990504, 1.6216304999834392, 1.538369900023099, 1.5418380000046454, 1.7894321999920066, 1.5272050000203308, 1.6519380000245292, 1.8059671000228263, 1.5855614000174683, 1.8141303000156768, 1.6045452000107616, 1.6300902999937534, 1.6102850000024773, 1.5970385999826249, 1.6221063999983016, 1.6195771000056993, 1.5849483000056352, 1.5455972999916412, 1.5710227999952622, 1.5269599999883212, 1.6602030000067316, 1.623816799983615, 1.5972923000226729, 1.4850437999994028, 1.6787035000161268, 1.62645579999662, 1.4592245999956504, 1.6151313000009395, 1.6409491000231355, 1.8014085000031628, 1.6307318999897689, 1.6183464000059757, 1.6394163999939337, 1.5177083000016864, 1.649680200003786, 1.6207668999850284, 1.664115399995353, 1.6036616000055801, 1.6053936000098474, 1.5116494999965653, 1.7095386000000872, 1.5083034000126645, 1.6083608999906573, 1.8380071999854408, 1.4549600000027567, 1.6222242999938317, 1.593910900002811, 1.6396722000208683, 1.5163049999973737, 1.6226317000109702, 1.5807784000062384, 1.5911730999941938, 1.718865500006359, 1.6022976000094786, 1.8116457000141963, 1.7078256999957375, 1.5599611999932677, 1.5245357000094373, 1.5160160000086762, 1.77340269999695, 1.658009500009939], "benchmark": [1.7090917000023182, 1.686217599984957, 1.6115061000164133, 1.8242309999768622, 1.5888495999970473, 1.5100430000165943, 1.6299121999763884, 1.5204828999994788, 1.6608178000024054, 1.6130770999880042, 1.6809262000024319, 1.6155487000069115, 1.485846900002798, 1.5101067000068724, 1.5224621999950614, 1.6599937999853864, 1.5895043000055011, 1.6213749999878928, 1.5853573000058532, 1.535935799998697, 1.6899982999893837, 1.8303881000028923, 1.7009134000109043, 1.660534099995857, 1.6584264999837615, 1.5996847999922466, 1.5900609999953303, 1.5143078999826685, 1.6075885000173002, 1.6685143999930006, 1.5652424999861978, 1.6030394999834243, 1.6050455000076909, 1.619444600015413, 1.5330718999903183, 1.6876600999967195, 1.5418309999804478, 1.6384382000251208, 1.5988108000019565, 1.6090108000207692, 1.4344619999756105, 1.5424843000073452, 1.818932299996959, 1.6214877000020351, 1.6225027000182308, 1.6356891999894287, 1.644552499987185, 1.6215836000046693, 1.8041092999919783, 1.6353201000019908, 1.6223635000060312, 1.6130207999958657, 1.5275814000051469, 1.613576000003377, 1.6485774999891873, 1.6192504999926314, 1.5201457999937702, 1.7083399999828544, 1.6137325000017881, 1.8015821000153664, 1.6195796999963932, 1.6138440999784507, 1.5724486999970395, 1.815713499992853, 1.486492800002452, 1.6155146999808494, 1.6331996000080835, 1.6420614999951795, 1.4734625999990385, 1.5347397000005003, 1.5045303000079002, 1.5832851000013761, 1.6071767000248656, 1.4372077999869362, 1.7234758000122383, 1.7344965999945998, 1.5301497000036761, 1.5563751999870874, 1.61062099999981, 1.5889461000042502, 1.499434500001371, 1.5701483999728225, 1.8175110000011045, 1.5940241000207607, 1.603575000015553, 1.552484599989839, 1.5430819000175688, 1.6171044999791775, 1.6304082999995444, 1.6851549000130035, 1.6697769000020344, 1.5092946999939159, 1.496198100008769, 1.7053657000069506, 1.5996971999993548, 1.6054055000131484, 1.6602983999764547, 1.5543824999767821, 1.578218900016509, 1.6059453999914695]}, "cpython": {"warmup": [1.6488913999928627, 1.581971000006888, 1.8274584999890067, 1.5270827000204008, 1.6270455999765545, 1.6865973999956623, 1.835890999995172, 1.8404912000114564, 1.7289953000145033, 1.6149818999983836, 1.680926900007762, 1.74496400001226, 1.5453539000009187, 1.766038200003095, 1.5417645999987144, 1.5852673999906983, 1.6555690999957733, 1.8699850999983028, 1.6063665999972727, 1.8194407999981195, 1.6430516999971587, 1.6240494000085164, 1.5269822999835014, 1.595321899978444, 1.8288353999960236, 1.8329716000007465, 1.56448120001005, 1.5966195999935735, 1.464749299979303, 1.6402253999840468, 1.6115221999934874, 1.5267540999921039, 1.8546086999995168, 1.6221906999999192, 1.6513434000080451, 1.6409513999824412, 1.548306999990018, 1.6202165000140667, 1.6435827999957837, 1.7272026000136975, 1.5831002999912016, 1.6552120999840554, 1.5522060000221245, 1.823488099995302, 1.6187454000173602, 1.5870391000062227, 1.6903018000011798, 1.6534432000189554, 1.6027775999973528, 1.6360907000198495, 1.8539847999927588, 1.548407499998575, 1.839554499980295, 1.5961895000073127, 1.6632202999899164, 1.4540053000091575, 1.8571553000074346, 1.7017343000043184, 1.536531499994453, 1.6945428000180982, 1.8512905999959912, 1.658942100009881, 1.6860318999970332, 1.6768423999892548, 1.6676354999945033, 1.5584684999776073, 1.4914336000219919, 1.8603982999920845, 1.6451016999781132, 1.5595379000005778, 1.599488800013205, 1.66393509999034, 1.6423162999853957, 1.6251733000099193, 1.491809800005285, 1.6431498999882024, 1.6268404999864288, 1.6265084000187926, 1.62068019999424, 1.6241622999950778, 1.6479544999892823, 1.6060517999867443, 1.5702155000180937, 1.716946700005792, 1.840752500022063, 1.694045999989612, 1.6447927000117488, 1.8636476999963634, 1.5786405999970157, 1.6380069000006188, 1.6333325999730732, 1.6780872999806888, 1.6032720999792218, 1.6602423999866005, 1.738476999977138, 1.572788599994965, 1.8708095999900252, 1.679139199986821, 1.6139935000101104, 1.841308900009608], "benchmark": [1.6839862999913748, 2.6644652000104543, 1.6876647000026423, 1.688096099998802, 1.5564739000110421, 1.6743603000068106, 1.503718599997228, 1.5730419000028633, 1.7269115000090096, 1.5800158000201918, 1.739942299987888, 1.6700681999791414, 1.7826023999950849, 1.6001829000015277, 1.827936600020621, 1.5944887999794446, 1.5677308999875095, 1.6764712000149302, 1.8347646000038367, 1.5154284000163898, 1.5069980999978725, 1.5677158999897074, 1.6550876999972388, 1.6802210000168998, 1.6728667999850586, 1.5443338000040967, 1.6268362999835517, 1.6397032999957446, 1.5874286000034772, 1.6931258999975398, 1.65446210000664, 1.698343299998669, 1.6433646000223234, 1.5326405999949202, 1.6145865000144113, 1.8511052999820095, 1.6832777000090573, 1.6208196000079624, 1.6435342000040691, 1.6435964000120293, 1.6713866000063717, 1.547749899997143, 1.6497567000042181, 1.7773228000150993, 1.7084202999831177, 1.8725732000020798, 1.9018309999955818, 1.5694928000157233, 1.8011974999972153, 1.6805348999914713, 1.6422385999758262, 1.5946249999979045, 1.6533028999983799, 1.5853391999844462, 1.4990420000103768, 1.647951799997827, 1.701227999990806, 1.6418737000203691, 1.6956100999959745, 1.5445068999833893, 1.6809317000152078, 1.7471978999965359, 1.7043066000042018, 1.6085576000041328, 1.6009213000070304, 1.7460191000136547, 1.9153643999889027, 1.6836608000157867, 1.6682778999966104, 1.6340404000075068, 1.7480948999873362, 1.7840192000148818, 1.839498100016499, 1.8323653000115883, 1.7497032000101171, 1.7760441999998875, 1.6653092000051402, 1.6629336999903899, 1.7876613999833353, 1.6602286000270396, 1.6139903999865055, 1.7750929000030737, 1.8504878999956418, 1.6732817000010982, 1.6837781999784056, 1.9872041000053287, 1.6146146999963094, 1.7816486000083387, 1.60472820000723, 1.8301169999758713, 1.6848545000248123, 1.8778839999868069, 1.8275573000137229, 1.8400335000187624, 1.6596252000017557, 1.9895001999975648, 1.6759555999888107, 1.7504567000141833, 1.7726335000188556, 1.6285016000038013]}}