{"nuitka": {"warmup": [1.7936924999958137, 1.5945401000062702, 1.4928320000035455, 1.482745100001921, 1.5247421999956714, 1.4813888000062434, 1.5290147000050638, 1.5273435000126483, 1.4907180000009248, 1.4623777999950107, 1.4651560000056634, 1.4439014999952633, 1.4574551999976393, 1.4328995000105351, 1.4668195999984164, 1.4287743000022601, 1.4068542999884812, 1.524507200010703, 1.5695966000057524, 1.5447716999915428, 1.422350799999549, 1.4378144999936922, 1.4334555999957956, 1.5382321999932174, 1.4483204999996815, 1.4060383000032743, 1.417997500000638, 1.4011012999981176, 1.502002100009122, 1.4938286999968113, 1.5094613999972353, 1.3933926000026986, 1.4188482999888947, 1.4272660999995423, 1.5088010000035865, 1.399325399994268, 1.3958811999909813, 1.4343916000070749, 1.4181783999956679, 1.4763994000095408, 1.4168757000006735, 1.3616928000119515, 1.401168600001256, 1.489904000001843, 1.492357399998582, 1.4081704999989597, 1.529618799992022, 1.4533755999873392, 1.4352733000123408, 1.5461256999988109, 1.478560000003199, 1.4775872000027448, 1.3884669999970356, 1.4935122000024421, 1.3989791000058176, 1.3979909000045154, 1.4074692000140203, 1.491133899995475, 1.427822700003162, 1.4094467999966582, 1.4655358000018168, 1.4345051999989664, 1.4190602000016952, 1.5069912000035401, 1.3957988000038313, 1.391854700006661, 1.5170440999936545, 1.5184700999961933, 1.3769309999916004, 1.413369000001694, 1.4256850000092527, 1.4822028999915347, 1.4095909999887226, 1.3767194999963976, 1.4292658000049414, 1.526644400000805, 1.450290299995686, 1.4346895000053337, 1.4301487000047928, 1.4327360000024782, 1.3996817000006558, 1.4658999999955995, 1.4123766000120668, 1.4995055999897886, 1.5297417999972822, 1.4552347999997437, 1.5332709999929648, 1.3950093000021297, 1.5442672000062885, 1.4093462000018917, 1.4537949999939883, 1.4867775000020629, 1.3934364000015194, 1.3543145000003278, 1.4182878999999957, 1.499801199999638, 1.4737353000091389, 1.510675799989258, 1.3808793000061996, 1.4050711000018055], "benchmark": [1.3859144000016386, 1.5267075000010664, 1.5031431000097655, 1.4750063999963459, 1.5142605000000913, 1.466524000003119, 1.43205719999969, 1.4143787000066368, 1.4322588999930304, 1.5017331999988528, 1.4012018999928841, 1.4849661999905948, 1.4195529999997234, 1.4627776999986963, 1.5082110000075772, 1.5089567999966675, 1.571802000005846, 1.38938340000459, 1.5595215000066673, 1.3788837000029162, 1.3709975999954622, 1.4129694000002928, 1.4002215999935288, 1.4687966000055894, 1.5322411000088323, 1.522116799998912, 1.500548299998627, 1.481164600001648, 1.4765182999981334, 1.3998702000099001, 1.5033555000118213, 1.486491699994076, 1.4818551000062143, 1.3919610000011744, 1.4736815000069328, 1.4935511999938171, 1.3941511000011815, 1.3836166999972193, 1.3753845999890473, 1.4716042000072775, 1.41540480000549, 1.4202430000004824, 1.5025255999935325, 1.4956352000008337, 1.4242800000065472, 1.3981530999881215, 1.4166759999934584, 1.4211845000099856, 1.4503298000054201, 1.52908349999052, 1.429810899993754, 1.417758600000525, 1.3852922999940347, 1.3968369999929564, 1.4898083000007318, 1.424953199995798, 1.4765902999934042, 1.5198576000111643, 1.5154167000000598, 1.4959793000016361, 1.4292292999889469, 1.4153687999933027, 1.4371000999963144, 1.4066127999976743, 1.4778196999977808, 1.4078506999940146, 1.3963657999993302, 1.4873145000019576, 1.4058202000014717, 1.5585329000023194, 1.385439999998198, 1.4683233999967342, 1.4730481000005966, 1.4337082000129158, 1.4988379000133136, 1.5015113999979803, 1.505534500000067, 1.4274599999916973, 1.4037575999973342, 1.3986177000042517, 1.4160449000046356, 1.508671300005517, 1.4694506999949226, 1.4895506000029854, 1.477792200006661, 1.4988873999973293, 1.3846268999914173, 1.3881894000078319, 1.4169686999957776, 1.4096321999968495, 1.4757662000047276, 1.3946368000033544, 1.418330300002708, 1.4062765999988187, 1.4792126000102144, 1.396620500003337, 1.5276387000048999, 1.4220095999917248, 1.408197000011569, 1.4375601000065217]}, "cpython": {"warmup": [1.597867899996345, 1.5385030000034021, 1.5290508000034606, 1.5597489999927348, 1.5029588999896077, 1.6365037999930792, 1.6183881999895675, 1.444422400003532, 1.5515848999930313, 1.5782462999923155, 1.6428872999968007, 1.6106736000074307, 1.4697079000034137, 1.603535100002773, 1.5415410999994492, 1.5568283000029624, 1.5430301000014879, 1.511005299995304, 1.5263735000044107, 1.6012980999948923, 1.6256485000048997, 1.4365662000054726, 1.60698150000826, 1.622397799990722, 1.574021400010679, 1.5456593000126304, 1.5422538999991957, 1.5448351000086404, 1.5005578999989666, 1.5648179999989225, 1.5429047000070568, 1.5924338000040734, 1.5411194000043906, 1.7131955999939237, 1.5127761000039754, 1.6382223000109661, 1.485369100002572, 1.661650499998359, 1.5396023000066634, 1.5730470999988029, 1.5405509999982314, 1.6168842999904882, 1.5841664999898057, 1.5316534000012325, 1.5253786000102991, 1.4522577000025194, 1.482631399994716, 1.6400102999905357, 1.484047499994631, 1.5575453000055859, 1.5346902999881422, 1.5520468000031542, 1.3903129000100307, 1.7334608000091976, 1.46017629999551, 1.6682099000026938, 1.4922084999998333, 1.7172920999873895, 1.6268467999907443, 1.5340919000009308, 1.5213495999923907, 1.572364400009974, 1.4627939000056358, 1.5475406000041403, 1.6888945000100648, 1.5243038999906275, 1.7730916000000434, 1.5216934999916703, 1.6065360000065994, 1.6433487000031164, 1.6942486999905668, 1.4841947999957483, 1.4645754000084708, 1.5998521000001347, 1.5688758999895072, 1.6017556000006152, 1.6395819000026677, 1.6321258000098169, 1.5849353000085102, 1.5878924999997253, 1.5256794999877457, 1.6217259999975795, 1.5219978999957675, 1.651829499998712, 1.4711956000101054, 1.6020159000036074, 1.6055320000014035, 1.5803336999961175, 1.4580657000042265, 1.5938769999920623, 1.55155509999895, 1.6063590000121621, 1.6828330999996979, 1.606017999991309, 1.6129383999941638, 1.6242463000089629, 1.6052507999993395, 1.5709953000041423, 1.6014170999987982, 1.572996899994905], "benchmark": [1.4674812000012025, 1.580726300002425, 1.5734699000022374, 1.5850364999932935, 1.5703982999984873, 1.4435226999921724, 1.632398400004604, 1.5586586000135867, 1.518137699997169, 1.499797900003614, 1.577842500002589, 1.545408399993903, 1.5565972000040347, 1.5752021999942372, 1.5907883000036236, 1.6566297999961535, 1.461222199999611, 1.6256884000031278, 1.6271398999961093, 1.5875255999999354, 1.5272288999985904, 1.453187799997977, 1.4642415999987861, 1.5913882000022568, 1.604648399996222, 1.5903716999891913, 1.5213558999967063, 1.636061699988204, 1.5259301000041887, 1.5189545000030193, 1.765345099993283, 1.6456948999984888, 1.577996300009545, 1.594973500003107, 1.570207400000072, 1.6642037999990862, 1.6334801000048174, 1.5526021999976365, 1.4829467999952612, 1.5766644999966957, 1.550220699995407, 1.5935999000066658, 1.4858881999971345, 1.5292963000101736, 1.6208132000028854, 1.4800019999966025, 1.673262900003465, 1.538786400007666, 1.545001599995885, 1.4653824999986682, 1.533970299991779, 1.6136655000009341, 1.6327129999990575, 1.4745492999936687, 1.6124278999923263, 1.4404462999955285, 1.5029810999985784, 1.6142599000013433, 1.449245100011467, 1.566787399991881, 1.5466347000037786, 1.5558554000017466, 1.5225043999962509, 1.6264339000044856, 1.6223699999973178, 1.6791248000081396, 1.6341508999903454, 1.6693648999935249, 1.6724866000004113, 1.5984448000090197, 1.5588900000002468, 1.5787551999965217, 1.6109521000034874, 1.58047530001204, 1.5911136000067927, 1.4961764000036055, 1.649440000008326, 1.6392224000010174, 1.4534578999882797, 1.6928438999893842, 1.6271561000030488, 1.5640565000067, 1.5454185999988113, 1.5202696999913314, 1.5342507000023033, 1.7306795000040438, 1.560455999991973, 1.540548500008299, 1.582795399997849, 1.545431999998982, 1.5738998999877367, 1.577308299994911, 1.4659774000028847, 1.5207189999928232, 1.532481000002008, 1.5525453000009293, 1.8525044999987585, 1.6164366000011796, 1.4551332999981241, 1.7366373999975622]}}