{"nuitka": {"warmup": [1.7051054000003205, 1.5534592999997585, 1.5325409000001855, 1.5293796999999358, 1.5296295000002829, 6.3310357000000295, 1.4909268999999767, 1.4968877999999677, 1.501561699999911, 1.5011301000004096, 1.4386477000002742, 1.4188813999999184, 1.403554399999848, 1.4306495000000723, 1.509999699999753, 1.455985999999939, 1.5638176000002204, 1.4299331000001985, 1.4008296999995764, 1.455645000000004, 1.4111011999998482, 1.49584939999977, 1.4696400999996513, 1.4388628000001518, 1.4288970000002337, 1.4259584000001269, 1.4524468999998135, 1.4691907999999785, 1.444756899999902, 1.4611088000001473, 1.435394499999802, 1.4371187000001555, 1.4519337000001542, 1.439695699999902, 1.4416667000000416, 1.4420611999998982, 1.3681552999996711, 1.397582600000078, 1.4562215000000833, 1.4286919000001035, 1.4092781999997896, 1.4268462, 1.4471009000003505, 1.4626604000000043, 1.4572635999998056, 1.436905999999908, 1.4358179999999265, 1.4742403000000195, 1.4406288000000131, 1.4640528999998423, 1.3852674999998271, 1.4518133999999918, 1.4902563000000555, 1.4800461999998333, 1.4302444999998443, 1.3652859999997418, 1.4730992000004335, 1.4548015999998825, 1.4588002999998935, 1.4560089999999946, 1.4791396999999051, 1.5236773999999969, 1.4357360999997582, 1.4784998999998606, 1.4708628999997018, 1.5085426999999072, 1.4562175999999454, 1.4821320000000924, 1.4674439999998867, 1.4854680999997072, 1.4928955000000315, 1.4644536000000699, 1.5148420999998962, 1.455279999999675, 1.6244934999999714, 1.4936023000000205, 1.5355979000000843, 1.4311800000000403, 1.427345499999774, 1.4687453999999889, 1.482553199999984, 1.4899998000000778, 1.47801759999993, 1.5413275000000795, 1.5370378000002347, 1.523871699999745, 1.5023289999999179, 1.5064997999998013, 1.4955861000003097, 1.4555269000002227, 1.503651600000012, 1.5092914000001656, 1.526329799999985, 1.4947496999998293, 1.6479325999998764, 1.5144282000001112, 1.5486666999995577, 1.5017282999997406, 1.4884242000002814, 1.476010700000188], "benchmark": [1.4565536999998585, 1.486509500000011, 1.4983880999998291, 1.49723479999966, 1.5061673000000155, 1.51345050000009, 1.469135499999993, 1.4790557000001172, 1.5046280999999908, 1.4816479000000982, 1.4885684000000765, 1.4844687999998314, 1.5686098000001039, 1.4450271000000612, 1.560546599999725, 1.483901699999933, 1.4741125000000466, 1.4959626999998363, 1.4979597999999896, 1.470019300000331, 1.5109572000001208, 1.4036550999999236, 1.4676895000002332, 1.4787727999996605, 1.5017511000000923, 1.4701956999997492, 1.4721724000000904, 1.4798765999998977, 1.4807778000003964, 1.4785407999997915, 1.5776790999998411, 1.4607215999999426, 1.4567615000000842, 1.5459925999998632, 1.4432514000000083, 1.5009005000001707, 1.5477967000001627, 1.4565201999998862, 1.478841999999986, 1.4815659000000778, 1.4801875000002838, 1.5206457999997838, 1.448150700000042, 1.5268071000000418, 1.514478699999927, 1.4761621000002378, 1.4750502000001688, 1.4736885000002076, 1.4622400000002926, 1.4750063000001319, 1.40818470000022, 1.460855399999673, 1.4742427999999563, 1.4804463999998916, 1.4790855000001102, 1.48671000000013, 1.587302500000078, 1.4965293999998721, 1.4778064000001905, 1.4742860000001201, 1.4859827999998743, 1.4590565000003153, 1.4900884000003316, 1.4780210999997507, 1.5255011999997805, 1.4601481999998214, 1.4827625000007174, 1.4939173000002484, 1.4594322000002649, 1.474179699999695, 1.4481644000006781, 1.4682253999999375, 1.4660291999998663, 1.4559952999998131, 1.4995518000005177, 1.4759688000003734, 1.4959452999992209, 1.44808809999995, 1.5163485000002765, 1.5002211999999417, 1.4780082999996011, 1.483754300000328, 1.4941791999999623, 1.4517738999993526, 1.4330220000001646, 1.400365800000145, 1.4942864999993617, 1.428128900000047, 1.4537746000005427, 1.4233689000002414, 1.4664880999998786, 1.5020712000005005, 1.4786647000000812, 1.403700800000479, 1.4863051000002088, 1.4712589000000662, 1.4684203999995589, 1.4611807999999655, 1.47379809999984, 1.4409144999999626]}, "cpython": {"warmup": [1.5733763999996881, 1.6200294999998732, 1.5788131999997859, 1.510528499999964, 1.507898899999418, 1.5471981000000596, 1.6424547999995411, 1.5296303000004627, 1.4646646999999575, 1.5121598000005179, 1.5262480000001233, 1.486948000000666, 1.5142462000003434, 1.5109479000002466, 1.5237617999991926, 1.5269529999995939, 1.648517300000094, 1.5053134999998292, 1.4602084999996805, 1.6361501999999746, 1.5436521999999968, 1.5385029999997641, 1.5230605000006108, 1.6165855999997802, 1.5326937999998336, 1.4936757000004945, 1.4815048999998908, 1.5306147999999666, 1.4951983999999356, 1.5365343000003122, 1.5061519000000771, 1.4988468999999895, 1.7031439000002138, 1.5165909999996074, 1.5313802999999098, 1.5221510000001217, 1.5644833999995171, 1.6311590000004799, 1.450198999999884, 1.5929544000000533, 1.4937659999995958, 1.484251900000345, 1.5897116999994978, 1.526237800000672, 1.5346645999998145, 1.5033792999993238, 1.5482320000000982, 1.4572422000001097, 1.524239200000011, 1.5139642999993157, 1.5004619000001185, 1.5052706000005855, 1.5273839999999836, 1.5473663000002489, 1.6564700999997513, 1.5525508000000627, 1.5460512999998173, 1.4287482999998247, 1.642966599999454, 1.5228956999999355, 1.513924899999438, 1.535636099999465, 1.5209938999996666, 1.6388150000002497, 1.542228399999658, 1.5383947999998782, 1.5159351000002061, 1.4980845999998564, 1.4408310999997411, 1.5147798000007242, 1.5364615999997113, 1.53198330000032, 1.439584200000354, 1.5690480000002935, 1.4600321999996595, 1.489491199999975, 1.54821930000071, 1.4452099999998609, 1.572945300000356, 1.5268161000003602, 1.579208899999685, 1.5124892000003456, 1.5187315000002855, 1.4863159000005908, 1.4989574999999604, 1.5428064999996423, 1.5405134000002363, 1.5376131000002715, 1.5012528000006569, 1.5079090999997788, 1.5441714999997203, 1.5524374999995416, 1.5305895999999848, 1.4961170999995375, 1.4277560999998968, 1.5009392000001753, 1.4174763999999413, 1.5341969999999492, 1.5509111999999732, 1.5216151000004174], "benchmark": [1.4971073999995497, 1.645328800000243, 1.5716950000005454, 1.4729317999999694, 1.5399303000003783, 1.4923847000000023, 1.525003900000229, 1.5025673000000097, 1.5109081999999034, 1.508284000000458, 1.508689499999491, 1.5171669999999722, 1.543012400000407, 1.5573442000004434, 1.5627724999994825, 1.562098800000058, 1.6373051000000487, 1.5665601000000606, 1.5329024000002391, 1.5417539999998553, 1.6706749999993917, 1.5043316000001141, 1.5801473000001351, 1.758350099999916, 1.5427589000000808, 1.4930135999993581, 1.5623079999995753, 1.5664096000000427, 1.4377343999994991, 1.4528387999998813, 1.5243496000002779, 1.4236554000008255, 1.524785300000076, 1.5958015000005616, 1.4865680000002612, 1.5374345999998695, 1.438220299999557, 1.4376204000000143, 1.5093716000001223, 1.547210200000336, 1.5151326000004701, 1.673842600000171, 1.5153461999998399, 1.4236848000000464, 1.4950459000001501, 1.5740694999994957, 1.495289500000581, 1.5154138999996576, 1.5189432999995915, 1.5259012000005896, 1.6122207999997045, 1.5844055000006847, 1.5613766000005853, 1.5767043999994712, 1.5474472000005335, 1.6367037999998502, 1.5771889999996347, 1.51126369999929, 1.5381993999999395, 1.497769600000538, 1.5071533000000272, 1.6530271999999968, 1.5288737999999285, 1.6286888000004183, 1.4979651000003287, 1.4754661999995733, 1.4813830999992206, 1.4477986000001692, 1.5000481999995827, 1.5133273000001282, 1.5096057000000656, 1.56581290000031, 1.5003224000001865, 1.5224496999999246, 1.5600578000003225, 1.5001949999996214, 1.5230430999999953, 1.5288534999999683, 1.5714034000002357, 1.5509110000002693, 1.4172116999998252, 1.4828210999994553, 1.443423900000198, 1.4458115999996153, 1.4458184999994046, 1.5015072000005603, 1.4153199000002132, 1.6066639999999097, 1.4907719000002544, 1.4274835000005623, 1.5491400999999314, 1.5626273000007131, 1.542522399999143, 1.6822868999997809, 1.503045899999961, 1.4820669999999154, 1.509510599999885, 1.4486152999998012, 1.412684299999455, 1.521916699999565]}}