{"nuitka": {"warmup": [1.8292579999979353, 1.6866096000012476, 1.5482118999934755, 1.6776219000021229, 1.6655500999913784, 1.5742172000027495, 1.6781425999943167, 1.6495118999882834, 1.5418090000021039, 1.595970499998657, 1.5555667000007816, 1.6126423999958206, 1.6667559000052279, 1.8262859999958891, 1.5873672000016086, 1.719104799994966, 1.5845763000106672, 1.5742987000121502, 1.6541275999916252, 1.5911631999915699, 1.5944854999979725, 1.5931744999979855, 1.623710600004415, 1.5860644999920623, 1.481634399999166, 1.4877542999893194, 1.498211199999787, 1.6156826999940677, 1.5226398999948287, 1.5824391999922227, 1.6145526000036625, 1.606887399990228, 1.6473576999997022, 1.4833032000024104, 1.5878263999911724, 1.5811997999990126, 1.5947031999967294, 1.57669960000203, 1.5511403999989852, 1.6009900000062771, 1.5154080999927828, 1.5820745999953942, 1.5214414999936707, 1.5671467000065604, 1.5924204999901121, 1.5873260999942431, 1.5348716000007698, 1.6170368000020972, 1.591167399994447, 1.6089346000080695, 1.6104243000008864, 1.5051138999988325, 1.6056623999902513, 1.6335712000000058, 1.6102432000043336, 1.5795164000010118, 1.699589299998479, 1.5745183000108227, 1.6562113999971189, 1.5454260999977123, 1.5663576000079047, 1.6194230999972206, 1.4791697000036947, 1.5862624000001233, 1.6149836000113282, 1.5848326999985147, 1.5076801000104751, 1.70868569999584, 1.5821565000078408, 1.5681295999966096, 1.5940504000027431, 1.6063724999985425, 1.5613224999979138, 1.585365599996294, 1.4806773000018438, 1.5868590000027325, 1.6159656999952858, 1.4861464999994496, 1.457180999990669, 1.4768821999896318, 1.5991658999992069, 1.6075415999948746, 1.4912806000065757, 1.476250199993956, 1.5836869000049774, 1.60520569999062, 1.4667171000037342, 1.5999845000042114, 1.5291905000049155, 1.4705819999944651, 1.5756948000052944, 1.5810430999990785, 1.4927212999900803, 1.6130791999894427, 1.5697202000010293, 1.4794867000018712, 1.4803481999988435, 1.8098101999930805, 1.622562000004109, 1.6163293999998132], "benchmark": [1.5041257999982918, 1.7725579000107246, 1.4187364000099478, 1.6062867000000551, 1.4953647000074852, 1.616032299993094, 1.5679927000019234, 1.6008582999929786, 1.4264510000066366, 1.5139358000014909, 1.6058533000032185, 1.4757702000060817, 1.549906500003999, 1.580558799993014, 1.4756538000074215, 1.5728020999958972, 1.491010700003244, 1.647085300006438, 1.6206526000023587, 1.4324982999969507, 1.6235464999917895, 1.5250980999990134, 1.5521448000072269, 1.5856108000007225, 1.6285604000004241, 1.4900194000074407, 1.493877800006885, 1.5021348000009311, 1.4727031999937026, 1.6203462999983458, 1.6030802999885054, 1.528680000003078, 1.5748534000013024, 1.5723794999939855, 1.579857599994284, 1.5761149999889312, 1.4982474999997066, 1.4592883000004804, 1.4932698000047822, 1.5880209000024479, 1.5907524000067497, 1.5819951000012225, 1.583218100000522, 1.5833472999947844, 1.4872139000071911, 1.5903513000084786, 1.579203699991922, 1.5156515999988187, 1.5264960000058636, 1.4823659999965457, 1.4142914000112796, 1.5318384999991395, 1.497183399987989, 1.5749837000039406, 1.5001746999914758, 1.6227830999996513, 1.5729046999913407, 1.5838950000033947, 1.5508007000025827, 1.486758799990639, 1.489642200001981, 1.4848381000047084, 1.571687000003294, 1.5901210000010906, 1.573137899991707, 1.5195073000068078, 1.5828919000050519, 1.4769296000013128, 1.6244633000023896, 1.5337182999937795, 1.6000315999990562, 1.5920308000058867, 1.5864855999971041, 1.6389618999965023, 1.5738166000082856, 1.5772911999956705, 1.5729830999916885, 1.4912176999932854, 1.608701100005419, 1.5013708999904338, 1.4387293000036152, 1.561016199993901, 1.515195500003756, 1.6023781999974744, 1.4945922000042628, 1.468351800009259, 1.5581688999955077, 1.571824500002549, 1.6658544999954756, 1.583043100006762, 1.4822774000058416, 1.5922622999933083, 1.6111441999964882, 1.5965525999927195, 1.570545000009588, 1.5780202000023564, 1.585167699988233, 1.620871499995701, 1.627362200000789, 1.487096199998632]}, "cpython": {"warmup": [1.6380627999897115, 1.6381780000083381, 1.8135585999989416, 1.5704428000026383, 1.6643830999964848, 1.5241240000032121, 1.6312160000088625, 1.5180300000065472, 1.5418384000076912, 1.8099871000013081, 1.6225245999958133, 1.7115393999993103, 1.6258014000050025, 1.622650799996336, 1.7404619000008097, 1.5983836999948835, 1.836491499998374, 1.6011629999993602, 1.561844600000768, 1.5661309999995865, 1.6590064999909373, 1.5744632999994792, 1.6405918000091333, 1.5239561999915168, 1.5860816000058549, 1.8263097999879392, 1.6181274999980815, 1.6037053000036394, 1.7833954999950947, 1.6114609000069322, 1.622696399994311, 1.6314052999950945, 1.562194800004363, 1.5653775999962818, 1.547098900002311, 1.5154284000018379, 1.6931200999970315, 1.623917299992172, 1.8076048000075389, 1.6362910000025295, 1.8246227000054205, 1.5560001999983797, 1.592212899995502, 1.551949999993667, 1.589307900008862, 1.6626997999992454, 1.6296714000054635, 1.8113163000089116, 1.5055844000016805, 1.515996100002667, 1.6551889999973355, 1.5964938000106486, 1.6425708000024315, 1.6977452999999514, 1.590635900007328, 1.6402198000141652, 1.4858456000074511, 1.703120400008629, 1.835081999990507, 1.4948931999970227, 1.8144915000011679, 1.6367221999971662, 1.5867995000007795, 1.5727519999927608, 1.6330618000065442, 1.6043267999921227, 1.8136184999893885, 1.5764455000025919, 1.6667751999921165, 1.5345131999929436, 1.5962084000057075, 1.6169577999971807, 1.8304692999954568, 1.6488110999925993, 1.575699999986682, 1.5063851000013528, 1.666752399993129, 1.6473464000009699, 1.8136532999924384, 1.5897687999968184, 1.6361183000117308, 1.818125300007523, 1.6316701999894576, 1.5175292000058107, 1.6364651000039885, 1.6736091000057058, 1.632433700011461, 1.8281030999933137, 1.7349707999965176, 1.5946967000054428, 1.831424700008938, 1.604621499995119, 1.6765559000050416, 1.5129234999913024, 1.828080500010401, 1.534755300002871, 1.8015013999975054, 1.6852400000061607, 1.5006078999867896, 1.5107520999881672], "benchmark": [1.52900039999804, 1.8480971999961184, 1.4667830999969738, 1.7060224999877391, 1.5687196000071708, 1.6152506999933394, 1.7932041000021854, 1.5999694999918574, 1.6981881999963662, 1.632794199991622, 1.65716099999554, 1.4676678999967407, 1.4647754000034183, 1.5999586000107229, 1.7150353999895742, 1.5646433999936562, 1.6980387999938102, 1.708511599994381, 1.6930959000019357, 1.4985966999956872, 1.582250200008275, 1.693888199995854, 1.5792235999979312, 1.7049238000035984, 1.725960000010673, 1.811368400012725, 1.6221107000019401, 1.5598938999901293, 1.5945618999976432, 1.7280984000099124, 1.6272724000009475, 1.5420245999994222, 1.6673579000052996, 1.6163303999928758, 1.4336364999908255, 1.561623999994481, 1.8176054000068689, 1.5320130000036443, 1.636288900001091, 1.601056100000278, 1.8222167999920202, 1.6000498999928823, 1.8467933000065386, 1.5180796999920858, 1.5134151999955066, 1.7152626000024611, 1.5908144999993965, 1.7265058000048157, 1.6636193999875104, 1.6062827999994624, 1.7134591999929398, 1.5318780999950832, 1.6354902000020957, 1.6057798999972874, 1.580148699998972, 1.6119331999943824, 1.6928691000066465, 1.6895990000048187, 1.5740931000036653, 1.640128700004425, 1.6174100000062026, 1.7015283000073396, 1.5482219999976223, 1.6196930000005523, 1.7057841000059852, 1.5700791999988724, 1.685832399991341, 1.5899445000104606, 1.6276739000022644, 1.711801800003741, 1.510344599999371, 1.4381744999991497, 1.7889259999938076, 1.6042919000028633, 1.6210793999925954, 1.5727056000032462, 1.7998019000078784, 1.499836899994989, 1.563818299997365, 1.4717787999979919, 1.5585170999984257, 1.5999462000036146, 1.4963327000004938, 1.591958999997587, 1.517602000007173, 1.6947132000059355, 1.6393265000078827, 1.5975540000072215, 1.517028999995091, 1.8013503999973182, 1.462670300010359, 1.6211113999888767, 1.8122081000037724, 1.6041943000018364, 1.6144577000086429, 1.607292000000598, 1.6009338000003481, 1.6888180999958422, 1.603573000000324, 1.8146248999983072]}}