{"nuitka": {"warmup": [1.5505454000085592, 1.4484694999991916, 1.4098830000002636, 1.3880942999967374, 1.4157080000004498, 1.400980400008848, 1.4046875000058208, 1.397403299997677, 1.3895741000014823, 1.3863602000055835, 1.3907120999938343, 1.3891546000086237, 1.393584599994938, 1.3585652000037953, 1.3740681999915978, 1.4013467999902787, 1.3597227000136627, 1.3479005999979563, 1.3489662000065437, 1.33153750000929, 1.4108851999917533, 1.339322700005141, 1.360245700008818, 1.344695199994021, 1.3248134000023128, 1.3458068000036292, 1.3295326000079513, 1.3347282000031555, 1.340459600003669, 1.3722072999953525, 1.3323890000028769, 1.4257230999937747, 1.345442899997579, 1.3904749000066658, 1.3566264000110095, 1.2613263999955961, 1.394539699991583, 1.360731599997962, 1.3220899000007194, 1.372618199995486, 1.3686788999912096, 1.3423337999993237, 1.4197638999903575, 1.3380977000051644, 1.3315435999975307, 1.3582574999891222, 1.3572134999994887, 1.348528799993801, 1.3579530000133673, 1.3117930000007618, 1.323641700000735, 1.3925952999998117, 1.2746235999948112, 1.2846191999997245, 1.3439475000050152, 1.3994716000015615, 1.3427901999966707, 1.4029204999969807, 1.3256462999997893, 1.3748492000013357, 1.3431823999999324, 1.344513799995184, 1.340405799986911, 1.334532399996533, 1.3291902000055416, 1.367375500005437, 1.363233100011712, 1.2844605000136653, 1.3107710000040242, 1.3907585999986622, 1.3949195999884978, 1.3828702999890083, 1.3399171000055503, 1.3508871999947587, 1.365936200003489, 1.3432681999984197, 1.3939289999980247, 1.4001370999903884, 1.385318400003598, 1.4258549000078347, 1.384804900008021, 1.4351765000028536, 1.418752499987022, 1.414247400010936, 1.420013499999186, 1.283630699996138, 1.35220069999923, 1.3525101999985054, 1.3223088999948232, 1.3336092999961693, 1.364781900003436, 1.3860318000079133, 1.3425238000054378, 1.3303515000006882, 1.3189991999970516, 1.3332475000061095, 1.376836600000388, 1.2825430000084452, 1.3537292000110028, 1.3394038999977056], "benchmark": [1.325611599997501, 1.3123936999909347, 1.3314668999955757, 1.3567959000065457, 1.338167699999758, 1.326071999996202, 1.3484788999921875, 1.3481509999983246, 1.3228435999917565, 1.3075455999933183, 1.3831462000089232, 1.3834048000135226, 1.3084897999942768, 1.3807396999909543, 1.3202619999938179, 1.3416463999892585, 1.3123934000032023, 1.3910057000030065, 1.2803664000093704, 1.251606299993, 1.328117500001099, 1.3242745000025025, 1.320217500004219, 1.3181465999950888, 1.4674470999889309, 1.3269943999912357, 1.3206907999992836, 1.306837700001779, 1.3210636000003433, 1.3184468999970704, 1.324471400002949, 1.323393099999521, 1.3254798999987543, 1.3362258999986807, 1.2965627000085078, 1.3215305999910925, 1.3046830999956, 1.3143565999926068, 1.3422511999960989, 1.3044249000085983, 1.3346562999940943, 1.309897400002228, 1.3261440999922343, 1.3264784000057261, 1.2649702000053367, 1.331371799999033, 1.3086801999888849, 1.3300377999985358, 1.4676428999955533, 1.319324800002505, 1.3331496000027983, 1.3243192999943858, 1.3065150000038557, 1.3505170999997063, 1.307338600003277, 1.3482847999985097, 1.3424662000034004, 1.308070900005987, 1.3334026999946218, 1.3185551000060514, 1.371932599999127, 1.325637599991751, 1.3257302999991225, 1.3126302000018768, 1.3400321999943117, 1.4939295999938622, 1.3277199000003748, 1.472766100006993, 1.3410912999970606, 1.3340088999975706, 1.318797000014456, 1.3947152000037022, 1.4036214999941876, 1.3785070000012638, 1.3181085999967763, 1.3648179000010714, 1.298410799994599, 1.3614371000003302, 1.5783776000025682, 1.3493369000061648, 1.4389790000132052, 1.3547472999925958, 1.284533799989731, 1.4242314000002807, 1.4095521999988705, 1.3634760999993887, 1.362707300009788, 1.3241751000023214, 1.3160709000076167, 1.3406989999930374, 1.319494700001087, 1.3439610000059474, 1.3690255999972578, 1.3949744999990799, 1.3443098999996437, 1.3501833000045735, 1.3302700000058394, 1.3262480999983381, 1.3577552000060678, 1.3833867000066675]}, "cpython": {"warmup": [1.4875172000029124, 1.3832518999988679, 1.346037499999511, 1.3096320999902673, 1.368815200010431, 1.5553435000038007, 1.3697488000034355, 1.3908622000017203, 1.4411382999969646, 1.4406937000021571, 1.5481009000068298, 1.515358600008767, 1.46607640000002, 1.4397662999981549, 1.531336400003056, 1.3917375000019092, 1.5325505000073463, 1.5093995999923209, 1.4421946999937063, 1.3518801999889547, 1.3334042000060435, 1.3636283000087133, 1.5046750000037719, 1.5518052999977954, 1.3248862999898847, 1.5497502000071108, 1.3585095000016736, 1.4525123999919742, 1.4381791000050725, 1.3445022000087192, 1.3447351999930106, 1.3888067999941995, 1.3318220999935875, 1.4439819999970496, 1.4447725999925751, 1.4702789000002667, 1.4288711999979569, 1.4487609000061639, 1.4242249000089942, 1.5265393000008771, 1.5422887000022456, 1.4519493999978295, 1.3359078000066802, 1.3248027999943588, 1.3821243999991566, 1.510156400006963, 1.5289263000013307, 1.3805698999931337, 1.3626748000096995, 1.373853400000371, 1.310344299999997, 1.5272916999965673, 1.3914082999981474, 1.5207190999935847, 1.4914093999977922, 1.3209423000080278, 1.5550958999956492, 1.3764671999961138, 1.5336506999883568, 1.5330536999972537, 1.2749252999929013, 1.522435000006226, 1.4227888000023086, 1.520129700002144, 1.327694599996903, 1.3766568999999436, 1.3695655000046827, 1.3689542000065558, 1.5264277000096627, 1.5746282000036445, 1.3876610000006622, 1.6515465999982553, 2.4897897000046214, 1.3798032999911811, 1.5728091999917524, 1.4949775999994017, 1.5596648000064306, 1.4618154000054346, 1.5113009000051534, 1.3971664999990026, 1.5882113999978174, 1.4792568999982905, 1.4819992999982787, 1.5757410999940475, 1.4795654000045033, 1.5906633999984479, 1.3963675999984844, 1.3726966999965953, 1.4478631999954814, 1.5258668000024045, 1.5439651000051526, 1.4351405000052182, 1.4025293000013335, 1.3307194000080926, 1.431659399997443, 1.5335329000081401, 1.5368969999981346, 1.428183000010904, 1.3278700000082608, 1.4394413999980316], "benchmark": [1.5136895000032382, 1.4439295999909518, 1.3232540000026347, 1.4318802999914624, 1.4773244999960298, 1.4490158000116935, 1.439876299991738, 1.433362900002976, 1.381077500001993, 1.3704923000041163, 1.3718298000021605, 1.422709099992062, 1.3788497000059579, 1.3873428000079002, 1.404664200003026, 1.3572469999926398, 1.3422501999884844, 1.341617199999746, 1.380388799996581, 1.3754694999952335, 1.4239909000025364, 1.3530535000027157, 1.3597243999975035, 1.3667685999971582, 1.5473372999986168, 1.4630337999988114, 1.5497481999918818, 1.441621000005398, 1.3916619999945397, 1.4179332000057912, 1.4393868000042858, 1.5123755999957211, 1.3734833999915281, 1.334252500004368, 1.5127936999924714, 1.3503486999979941, 1.536509899990051, 1.548856399997021, 1.4358823999937158, 1.564350500004366, 1.3924153999978444, 1.428605699999025, 1.5203801999887219, 1.548541900003329, 1.36107319999428, 1.4354590000002645, 1.3737631999974838, 1.5429873999964911, 1.4763283000065712, 1.428618899997673, 1.4072128999978304, 1.4308457000006456, 1.380293399997754, 1.3561466000101063, 1.5252755999972578, 1.5307680999976583, 1.4038937000004807, 1.5375197999965167, 1.3395919999893522, 1.5713826999999583, 1.3599559999856865, 1.4400391999952262, 1.5219699000008404, 1.5281372999888845, 1.519230099991546, 1.3745897000044351, 1.3588502999919, 1.3676957999996375, 1.5422658000024967, 1.427742899992154, 1.5871745999902487, 1.3928665999992518, 1.3718540999980178, 1.3968337999976939, 1.5163058000034653, 1.4045241000130773, 1.3462684999976773, 1.3667622999928426, 1.401684500000556, 1.359318999995594, 1.3601049999997485, 1.3130107000033604, 1.368419200007338, 1.5441569999966305, 1.4033456000033766, 1.3797549000009894, 1.5164358999900287, 1.3795013000053586, 1.4382660999981454, 1.5221574000024702, 1.419980899998336, 1.429930999991484, 1.3700356000044849, 1.279503300000215, 1.532688399995095, 1.5163551999867195, 1.5309068000060506, 1.3521181999967666, 1.3819933000049787, 1.4357017000002088]}}