{"nuitka": {"warmup": [2.2509690999868326, 1.3781665999995312, 1.335959100004402, 1.3339599000028102, 1.338673899997957, 1.3757255999953486, 1.3437865000014426, 1.3806093000021065, 1.3388646000094013, 1.3368413999996847, 1.3439052000030642, 1.3787710000033258, 1.3778355000104057, 1.3754258999979356, 1.377030100004049, 1.3776022999954876, 1.3325155000056839, 1.3357703000074252, 1.3355659999942873, 1.3353265000041574, 1.3763837000005879, 1.3321785999869462, 1.3346397999994224, 1.3837466999975732, 1.389403900000616, 1.3360331000003498, 1.3342676000029314, 1.3330107999936445, 1.3489746999985073, 1.3957239000010304, 1.3126175999932457, 1.3387374000012642, 1.3359343000047375, 1.3786067000037292, 1.3404636000050232, 1.3773830000136513, 1.3774839000107022, 1.3339280999935, 1.3780235000012908, 1.33705829999235, 1.3792933000077028, 1.3754402000049595, 1.3953600999957416, 1.315567400000873, 1.3160207999899285, 1.3354124000034062, 1.3792743000085466, 1.374773199990159, 1.3354306999972323, 1.3344136999949114, 1.330991000009817, 1.3777322999958415, 1.398485099998652, 1.3777049999916926, 1.3398426000057952, 1.3760137999925064, 1.3159727000020212, 1.377156600006856, 1.3768683999951463, 1.376045700002578, 1.377188300000853, 1.3779401000065263, 1.3333065999904647, 1.3342629999970086, 1.379428000000189, 1.337296800003969, 1.3329157000116538, 1.376865899990662, 1.3421339000051375, 1.3706490000040503, 1.3352264999994077, 1.3146076999983052, 1.374884299992118, 1.3326918999955524, 1.336332199993194, 1.3321699000080116, 1.3755257000011625, 1.373441300005652, 1.3336048000055598, 1.3787463000044227, 1.380821400001878, 1.3337595000048168, 1.3148533000057796, 1.3319627000018954, 1.3833287000015844, 1.3336618000030285, 1.3777395999932196, 1.3875546000053873, 1.333677100003115, 1.375914299991564, 1.3788343999913195, 1.336332199993194, 1.3956536000041524, 1.3462230000004638, 1.314391699997941, 1.3320868000009796, 1.3393059999943944, 1.38885649999429, 1.3338720000028843, 1.3452271999994991], "benchmark": [1.377707299994654, 1.3447435000125552, 1.3750999999901978, 1.3113149999990128, 1.3331963999953587, 1.3990897000039695, 1.3765612999995938, 1.3768065000040224, 1.397086600001785, 1.3335173000086797, 1.3563092000113102, 1.3773041000094963, 1.3975656000111485, 1.3399289999942994, 1.3502155000023777, 1.3796982000058051, 1.3951264999923296, 1.335492099999101, 1.3617037999938475, 1.3750688000000082, 1.3818030999973416, 1.3364387000037823, 1.335917000003974, 1.378251200003433, 1.332815899993875, 1.3938830999977654, 1.3785557000082918, 1.3952465999900596, 1.3401588999986416, 1.3333272000018042, 1.3806544999970356, 1.3352963000070304, 1.3770635999972, 1.3391393999918364, 1.3329658000002382, 1.3307760000025155, 1.3466339000005974, 1.3328065999958199, 1.3134258999925805, 1.3479927000007592, 1.3735780999995768, 1.3369649999949615, 1.377713699999731, 1.3333358999952907, 1.373976999995648, 1.3355509999964852, 1.3751627000019653, 1.3816436000051908, 1.3448371999984374, 1.3353938999935053, 1.3343391999951564, 1.3788219999987632, 1.3380522999941604, 1.3776270000089426, 1.3331732000078773, 1.3333806000009645, 1.3370817999966675, 1.376100100009353, 1.3792568000062602, 1.3304835000017192, 1.3324194000015268, 1.325401799986139, 1.3303373000089778, 1.3330925000045681, 1.3379765999998199, 1.334839599992847, 1.3357606999925338, 1.3788342000043485, 1.3746670999971684, 1.3374156999925617, 1.3957216999988304, 1.3567896000022301, 1.3345316000049934, 1.3161738999915542, 1.3371738999994704, 1.3330879999994067, 1.3338663000031374, 1.3795608999935212, 1.3379394999938086, 1.3818678000097862, 1.379496499997913, 1.380678600005922, 1.3772882000048412, 1.3786418000090634, 1.3809783000033349, 1.3767191999941133, 1.3825072000036016, 1.3914181000000099, 1.3858861000044271, 1.3317729999980656, 1.3347492000029888, 1.3341498000081629, 1.335017199991853, 1.3752475999935996, 1.333253999997396, 1.3817935999977635, 1.4036666000029072, 1.3832488000043668, 1.3357109999924432, 1.3350065999984508]}, "cpython": {"warmup": [1.4422591000038665, 1.4841853999969317, 1.4272798000019975, 1.4238534000032814, 1.4090905000048224, 1.4893278000090504, 1.4826794999971753, 1.4248162000003504, 1.4849779999931343, 1.41016959999979, 1.4310313000023598, 1.4809325999958673, 1.430657599994447, 1.4264810000022408, 1.4876704999915091, 1.4782776000065496, 1.47820870000578, 1.4781446999986656, 1.428802700000233, 1.3889793999987887, 1.4865514999983134, 1.4689342000056058, 1.4652383000066038, 1.4695236999978079, 1.4882281000027433, 1.3975583999999799, 1.5122303000098327, 1.4592131999961566, 1.48166659999697, 1.392361099991831, 1.4760084000008646, 1.5215736999962246, 1.4245370999997249, 1.4233199000009336, 1.4964709000050789, 1.48319490000722, 1.4780025999934878, 1.4886648999963654, 1.4269062000093982, 1.429116499988595, 1.512796700000763, 1.4934607000031974, 1.4303614999953425, 1.4755201999942074, 1.477884299994912, 1.427039500005776, 1.4849411999894073, 1.4776568000088446, 1.4817228999891086, 1.501210100002936, 1.4782632999995258, 1.4855049000034342, 1.441985299999942, 1.4087044000043534, 1.4382368999940809, 1.413332600001013, 1.4260610999917844, 1.4257957999943756, 1.43224540000665, 1.446875399997225, 1.4699834000057308, 1.5182572999910917, 1.476158299992676, 1.4996222000045236, 1.4814944000099786, 1.4086308000114514, 1.4601536999980453, 1.4433846000029007, 1.4124653000035323, 1.426798600004986, 1.4242260000028182, 1.4822731000022031, 1.4294679000013275, 1.4248556999955326, 1.4255894999951124, 1.3962778999994043, 1.4792650000017602, 1.4253226000000723, 1.503410299992538, 1.4842329999955837, 1.4848990000027698, 1.484608400001889, 1.4845991000038339, 1.4860131000023102, 1.4945882000029087, 1.3993259999988368, 1.427965499999118, 1.3952469999931054, 1.394575900005293, 1.489748599997256, 1.4698799000034342, 1.4224550000071758, 1.4897300000011455, 1.4624312999949325, 1.4839969000022393, 1.4949534000043059, 1.4778089000028558, 1.5102227000024868, 1.4131439000047976, 1.417712600014056], "benchmark": [1.4986225999891758, 1.516560300005949, 1.488142100002733, 1.4488333000044804, 1.4822763000120176, 1.42738150000514, 1.487536700005876, 1.429516700009117, 1.4823686000017915, 1.4762458000041079, 1.4222313000063878, 1.4863935000030324, 1.4823487999965437, 1.481794200008153, 1.4277067000075476, 1.4849057000101311, 1.4791784999979427, 1.5178398999996716, 1.482025800010888, 1.4286785000003874, 1.5032624000014039, 1.4224442999984603, 1.4278494999889517, 1.484784700005548, 1.4908283999975538, 1.4870110000047134, 1.4867308999964735, 1.5024522000021534, 1.4797664000070654, 1.4846701999922516, 1.4229346000065561, 1.4210587999987183, 1.4762495999893872, 1.452315999995335, 1.3899305000086315, 1.4812165000039386, 1.4067045999981929, 1.4838394000107655, 1.4305026000074577, 1.4806276000017533, 1.3898140999954194, 1.3965802999882726, 1.4428192999912426, 1.446932899998501, 1.4273348999995505, 1.4079301000019768, 1.4284238999971421, 1.4095208999933675, 1.4239777000038885, 1.411889599999995, 1.478050699995947, 1.4642756999965059, 1.4809229000093183, 1.488705800002208, 1.503344599987031, 1.4486788000067463, 1.412492299990845, 1.4620337000087602, 1.4306431000004523, 1.397048500002711, 1.4883300999936182, 1.4723104000004241, 1.4291702000045916, 1.4306083999981638, 1.4307635000004666, 1.4843605999922147, 1.4903364000056172, 1.4342832999973325, 1.4301931000081822, 1.4888597999961348, 1.5168135999992955, 1.4302113000012469, 1.4872734999953536, 1.4278946999984328, 1.4852308999979869, 1.512771599998814, 1.479918799988809, 1.4874572999979137, 1.485956399992574, 1.4898260000045411, 1.4273720000055619, 1.486559600001783, 1.7196876000089105, 1.4889541000011377, 1.5139551000029314, 1.4000149999919813, 1.4277561999915633, 1.5254601999913575, 1.4245358999905875, 1.4825036999973236, 1.39122769999085, 1.486008000007132, 1.4940949000010733, 1.7439960000046995, 1.4854072000016458, 1.4277912999968976, 1.5065841000032378, 1.3978097999934107, 1.478555099994992, 1.4399049000057857]}}