{"nuitka": {"warmup": [1.457585399999516, 1.412499400001252, 1.414389099998516, 1.4174457999906735, 1.4078305000002729, 1.4191071999957785, 1.407783600006951, 1.421875200001523, 1.4078633000026457, 1.4142232000012882, 1.4135449000023073, 1.4148310999880778, 1.412307000005967, 1.4236549999914132, 1.4123582000029273, 1.4214524999988498, 1.419364499990479, 1.410673799997312, 1.4147639000002528, 1.4115459000022383, 1.4144189000071492, 1.4198069999984, 1.4150182999874232, 1.4163941000006162, 1.4148070999945048, 1.4273538999987068, 1.4233775999891805, 1.420114199994714, 1.4164720999979181, 1.4221854000061285, 1.409615800002939, 1.4166869999899063, 1.4235545999981696, 1.4128562999976566, 1.4145008999912534, 1.419151400012197, 1.4411671000125352, 1.4146830999961821, 1.4204680999973789, 1.417487099999562, 1.442067699987092, 1.4136661999946227, 1.4198974999890197, 1.4171073000034085, 1.4230712999997195, 1.426053499992122, 1.4241458000033163, 1.4188978000020143, 1.4172521000000415, 1.4219501000043238, 1.4256368999922415, 1.4319061999995029, 1.4200257999909809, 1.4191563999920618, 1.4170538999896962, 1.4086363999958849, 1.4255982999893604, 1.4056775999924866, 1.4130545999942115, 1.421148000008543, 1.409668000007514, 1.4222851000085939, 1.4166093000094406, 1.4242819000064628, 1.4233837999927346, 1.4309727000072598, 1.4185876999981701, 1.4128280000004452, 1.4152446999942185, 1.4225664999976289, 1.4224933999939822, 1.4175694000005024, 1.4242869000008795, 1.4208446000120603, 1.4129276000021491, 1.4235062999941874, 1.4173338999971747, 1.4184440999961225, 1.4310049999912735, 1.4241515999892727, 1.4419889999990119, 1.4214705000049435, 1.4210731000057422, 1.4237499000009848, 1.4246140999894124, 1.4304570999956923, 1.420383699995, 1.4231474999978673, 1.411674100003438, 1.416027600003872, 1.4144755999877816, 1.434075799988932, 1.4223040999931982, 1.4213988999981666, 1.418976599990856, 1.4164308000035817, 1.4186718999990262, 1.41506830000435, 1.4276892999914708, 1.4127827000047546], "benchmark": [1.4162209000060102, 1.4239974999945844, 1.4289235000032932, 1.4226791999972193, 1.4187174000107916, 1.4294487000006484, 1.4136080000025686, 1.4184509999904549, 1.4179731999902287, 1.4132375000044703, 1.4314774999947986, 1.4225321000121767, 1.4287466000096174, 1.4156520999968052, 1.4200476999976672, 1.419139699995867, 1.431804399995599, 1.4162705000053393, 1.4208134000073187, 1.4142337999946903, 1.4307174999994459, 1.4282601000013528, 1.4197409999906085, 1.4236427999858279, 1.408862299998873, 1.4159494999912567, 1.4246391999913612, 1.4156068000011146, 1.416614199988544, 1.4251993999932893, 1.4195283000008203, 1.4232979999942472, 1.4354594000033103, 1.4140240999986418, 1.4203622000059113, 1.419392700001481, 1.4271272999903886, 1.4262794999958714, 1.4212960000004387, 1.4135325999959605, 1.426529099990148, 1.4282741000060923, 1.4172289999987697, 1.4166406999866012, 1.4223133000050439, 1.426235099992482, 1.4205959000100847, 1.4205751999979839, 1.4169765999977244, 1.419949799994356, 1.4077336999907857, 1.4097439000033773, 1.4140737999987323, 1.4187513000069885, 1.4108479999995325, 1.4245926000003237, 1.413292699988233, 1.4227376999915577, 1.4062373000051593, 1.4078088000096614, 1.4201137000054587, 1.4098913999914657, 1.4033934000035515, 1.406929000004311, 1.4113003999955254, 1.4074396999931196, 1.4138442999974359, 1.406545299993013, 1.4155829999945126, 1.4090145000081975, 1.4122861000068951, 1.4056525000050897, 1.40455180000572, 1.4066825000045355, 1.407915400006459, 1.4055768999969587, 1.4077700000052573, 1.4050855999958003, 1.4108378999953857, 1.4142974999995204, 1.4380424999981187, 1.4408620000031078, 1.4569893000007141, 1.4051408000086667, 1.4055880999949295, 1.4078817999979947, 1.4112836999993306, 1.4118936000013491, 1.4126916999957757, 1.40828980000515, 1.4046831000014208, 1.4061668000067584, 1.419811200001277, 1.4103975000034552, 1.4110014000034425, 1.42762240000593, 1.4146708000043873, 1.4308521000057226, 1.4245740000042133, 1.4234690000012051]}, "cpython": {"warmup": [1.6634066999977222, 1.6394748000020627, 1.654162400009227, 1.644371999995201, 1.641334799991455, 1.6321272000059253, 1.6260039000044344, 1.6453698000113945, 1.6491467999876477, 1.6334007999976166, 1.6377451000007568, 1.6454431000020122, 1.6313265999924624, 1.6340271000080975, 1.6385588999983156, 1.6347597999993013, 1.6320298999926308, 1.6359451000025729, 1.6282197999971686, 1.6336119000043254, 1.630253499999526, 1.6438391999981832, 1.6383693999960087, 1.628195199999027, 1.6308288000000175, 1.6354800999979489, 1.6499017000023741, 1.6301698000024771, 1.6413711000059266, 1.643867600010708, 1.6342313999921316, 1.6329573999973945, 1.6396375999902375, 1.6304951000056462, 1.6333698999951594, 1.6325911000021733, 1.6221559000114212, 1.6383613999933004, 1.6238547000102699, 1.6252100999990944, 1.6361659999965923, 1.630474299992784, 1.624534999995376, 1.6288282000023173, 1.6386961000098381, 1.6399931000050856, 1.6410618999943836, 1.6306700999994064, 1.630978100001812, 1.6461503000027733, 1.6445214999985183, 1.6383172000059858, 1.6377221000002464, 1.6317931999947177, 1.6459925999952247, 1.64405179998721, 1.6326611999975285, 1.6288748000079067, 1.6244509999960428, 1.640634900002624, 1.635997600009432, 1.633189100000891, 1.6334322999900905, 1.6312581999955, 1.6372551000094973, 1.645651300001191, 1.643528900007368, 1.6387583000032464, 1.6383637000108138, 1.6303142999968259, 1.6371504999988247, 1.6304863999976078, 1.625667500004056, 1.6342331999912858, 1.635623799986206, 1.628186400004779, 1.6429803000064567, 1.6334465000109049, 1.6321576000045752, 1.6248854999867035, 1.6281309000041801, 1.6251424999936717, 1.6344564000028186, 1.6368224999896483, 1.634219800005667, 1.6286800999951083, 1.633444100007182, 1.6251606000005268, 1.623510499994154, 1.6258507000020472, 1.6240994999971008, 1.638830700001563, 1.6254579000087688, 1.6303011999989394, 1.63351950001379, 1.6292129999928875, 1.6360892000084277, 1.6249313000007533, 1.6336668999865651, 1.6250222000089707], "benchmark": [1.6291538999939803, 1.6339917000004789, 1.629728600004455, 1.6379847000062, 1.636839200000395, 1.6311083000036888, 1.6306927999976324, 1.6246524999878602, 1.6304323999938788, 1.6325610999920173, 1.6288452000007965, 1.625214399988181, 1.6235541000060039, 1.6321620999951847, 1.6227169000048889, 1.6204137000022456, 1.6251440000050934, 1.6267080000106944, 1.6292284000082873, 1.631532100000186, 1.6267908000008902, 1.6243696000019554, 1.6253991999983555, 1.6229286000016145, 1.6223683999996865, 1.6258118999976432, 1.625797100001364, 1.6215981999994256, 1.619647299987264, 1.6275124000094365, 1.6343405999941751, 1.622438599995803, 1.6273072000039974, 1.633589099990786, 1.6305694000038784, 1.6262952999968547, 1.6235091999988072, 1.6257646000012755, 1.622308799996972, 1.6274568000080762, 1.6209469000023091, 1.6252146999904653, 1.6322554999933345, 1.6269581000087783, 1.634112700005062, 1.6379326000023866, 1.6224545000004582, 1.6312509999988833, 1.6287344000011217, 1.6249926000018604, 1.6226544999954058, 1.628336699999636, 1.6355186000000685, 1.6276910999877146, 1.6350938000105089, 1.6309686000022339, 1.6361257999960799, 1.6335083000012673, 1.6246458000096027, 1.624532600006205, 1.635374099991168, 1.6416962000075728, 1.6406889999925625, 1.6323142000037478, 1.627986100007547, 1.6297291999944719, 1.6274873000074876, 1.627603500004625, 1.6265652000001865, 1.625009900002624, 1.623990699998103, 1.638206799994805, 1.6269580999942264, 1.6346129000012297, 1.6364964000094915, 1.6250323000131175, 1.6249322999938158, 1.6250457999994978, 1.637209000007715, 1.6307473999913782, 1.6263532000011764, 1.632558199999039, 1.6315406000067014, 1.6305006000038702, 1.6268163000058848, 1.628958600005717, 1.6465442000044277, 1.6271999000018695, 1.62929160000931, 1.629826399992453, 1.6341799000074388, 1.6313247999933083, 1.639958799991291, 1.625393799986341, 1.6363552999973763, 1.6467255000025034, 1.6450867999956245, 1.642566499998793, 1.6443300000100862, 1.63359679999121]}}