{"nuitka": {"warmup": [1.4504349999915576, 1.3937397999980021, 1.3970050999923842, 1.3936150000081398, 1.3899612999957753, 1.3901236999954563, 1.3891157000034582, 1.404879500012612, 1.3946728000009898, 1.3930258000036702, 1.3985304000088945, 1.400780099997064, 1.412981999994372, 1.3960763000068255, 1.3932120999961626, 1.3978001000068616, 1.4093136000010418, 1.4038258000073256, 1.4026863000035519, 1.397225900000194, 1.3905781000066781, 1.3962320999999065, 1.390881500003161, 1.4012068000010913, 1.3963160999992397, 1.3952093999978388, 1.4039818000019295, 1.395600400006515, 1.396632199990563, 1.3967699000058929, 1.3983460000017658, 1.3964638000034029, 1.4046044999995502, 1.4018991999910213, 1.4000666000065394, 1.3969372999999905, 1.4056998000014573, 1.39405689999694, 1.4006439999939175, 1.3941425000084564, 1.3986346000019694, 1.3912338000081945, 1.4001363999996101, 1.3994588999921689, 1.3967390000034356, 1.3956305000028806, 1.3925624000112293, 1.4045263000007253, 1.3898359000013443, 1.4004085000051418, 1.3996977000060724, 1.3906763999984832, 1.3963440999941668, 1.3913036000012653, 1.3891169999988051, 1.4062428000033833, 1.3986892999964766, 1.393708699994022, 1.396365099994, 1.3964740999945207, 1.3953897999890614, 1.389764199993806, 1.4040378000063356, 1.396785600009025, 1.3973183000052813, 1.4018614999949932, 1.4044486000057077, 1.3917592999932822, 1.4015446999983396, 1.3914732999983244, 1.3985969000059413, 1.3947753000102239, 1.3949122000049101, 1.3891682000103174, 1.398445900005754, 1.3907073000009404, 1.3992888999928255, 1.3985184999910416, 1.398490200008382, 1.397538600009284, 1.4020851000095718, 1.4034370000008494, 1.4103400000021793, 1.4006675999989966, 1.3927060999994865, 1.3952255000040168, 1.3926723999902606, 1.390096100003575, 1.3946581999916816, 1.4062405999866314, 1.3941708999918774, 1.4036149000021396, 1.3932925999979489, 1.3976356000057422, 1.4068593999982113, 1.3927831000037258, 1.3984124999988126, 1.400979499987443, 1.4008502000069711, 1.3948838999931468], "benchmark": [1.4019001000124263, 1.3964317999925697, 1.3945071000052849, 1.4055079000099795, 1.3925576000037836, 1.39053600000625, 1.3898145999992266, 1.397841600002721, 1.4018171000061557, 1.4042062000080477, 1.3895305000041844, 1.394177000009222, 1.4016189999965718, 1.4055839000066044, 1.399194500001613, 1.402286800002912, 1.3977183000097284, 1.3937883999897167, 1.3930255999875953, 1.3991626000060933, 1.3987773999979254, 1.4051614000054542, 1.3989292000042042, 1.392453899999964, 1.400888300006045, 1.3987440000055358, 1.3950984999974025, 1.3983000999869546, 1.3984463999950094, 1.3976885000010952, 1.3940761999983806, 1.3865443999966374, 1.393785400010529, 1.4043851000024006, 1.3946500000020023, 1.3933045000012498, 1.394925599990529, 1.3941215000086231, 1.396181300005992, 1.3940721999970265, 1.3911718000017572, 1.3882335999951465, 1.3964135000132956, 1.397157999992487, 1.401119700007257, 1.3954287999949884, 1.4031514000089373, 1.3963679000007687, 1.4018917999928817, 1.4106864999921527, 1.3895831999980146, 1.3977088999963598, 1.4061622000008356, 1.396384500010754, 1.4064643000019714, 1.3997628999932203, 1.4021891000011237, 1.399496199999703, 1.3980873999971664, 1.4073836999887135, 1.3921936000115238, 1.4035624000098323, 1.399953900006949, 1.3999867999955313, 1.400834299987764, 1.4059445000020787, 1.3974138000048697, 1.3944100999942748, 1.3955531000101473, 1.4001609000115423, 1.4080226000078255, 1.4009818000049563, 1.395167800001218, 1.3902071000047727, 1.40254460000142, 1.4049599999998463, 1.3937858999997843, 1.3969424999959301, 1.3954763000074308, 1.3981382999918424, 1.3959457000019029, 1.3905188999924576, 1.4011878999881446, 1.3906171999988146, 1.4056793000054313, 1.3927893999934895, 1.410920399997849, 1.4091524999967078, 1.4004056999983732, 1.3977682999975514, 1.4064807999966433, 1.3917054000048665, 1.3989897999999812, 1.3938011999998707, 1.3984745999914594, 1.3970916999969631, 1.3991336000035517, 1.3928582000080496, 1.4036507999990135, 1.3936477999959607]}, "cpython": {"warmup": [1.7623409999941941, 1.7449869999982184, 1.7516284000012092, 1.7514573999942513, 1.7458881999918958, 1.7499974999955157, 1.751611600004253, 1.7550097999919672, 1.7610448000050383, 1.7519966999971075, 1.7561159000033513, 1.7503576000017347, 1.755285899998853, 1.746903499995824, 1.7454682999959914, 1.7452607000013813, 1.748895500000799, 1.749602199997753, 1.7519820000015898, 1.745174900002894, 1.7421347000054084, 1.754864999995334, 1.7457259000075283, 1.7461351999954786, 1.7545225999929244, 1.755187200004002, 1.7478623000060907, 1.7442758999968646, 1.7493675000005169, 1.7481228999968152, 1.752421899989713, 1.7449746999918716, 1.7517645000043558, 1.762178999997559, 1.7471935000066878, 1.7597299999906681, 1.7528045999933966, 1.7465183999884175, 1.7532213999947999, 1.7510885999945458, 1.747683399997186, 1.7563872000027914, 1.7501688999909675, 1.7547285000036936, 1.7456933000066783, 1.7493031000049086, 1.7598801999993157, 1.7394666000036523, 1.747332600003574, 1.7489057000057073, 1.7498495999898296, 1.7483799000037834, 1.7383193999994546, 1.7524654000008013, 1.7479845000052592, 1.7524139999877661, 1.7542204999917885, 1.7539243000064744, 1.7447732000000542, 1.7556540999939898, 1.7510468999971636, 1.7498959000076866, 1.7536228999961168, 1.7477472000027774, 1.753688199998578, 1.7384661999967648, 1.7410134999954607, 1.7522900000039954, 1.7523457000061171, 1.7476638999942224, 1.7542293000005884, 1.7560389999998733, 1.7550590000028023, 1.7450890000036452, 1.746122500000638, 1.7569012000021758, 1.7574204999982612, 1.74932629999239, 1.7490358999930322, 1.7487200000032317, 1.7474729999958072, 1.750384099999792, 1.7548363000096288, 1.7563833999884082, 1.7526031000015792, 1.7610786000004737, 1.746870700008003, 1.753527100008796, 1.7528138000052422, 1.7512891000078525, 1.7419668000075035, 1.7479587999987416, 1.7441516000108095, 1.7454628999985289, 1.7434771999978693, 1.7565678999962984, 1.7414864000020316, 1.7431975999934366, 1.7584319000015967, 1.75692239998898], "benchmark": [1.7495743000035873, 1.7516412999975728, 1.7435559000005014, 1.7576671999995597, 1.7420205000089481, 1.741535199995269, 1.752909600007115, 1.7495024999952875, 1.746852399999625, 1.7492296999989776, 1.7435333000030369, 1.7492609000037191, 1.7675874999986263, 1.742307400010759, 1.7500434999965364, 1.750110400011181, 1.7428130000043893, 1.7492535000055796, 1.7423693999880925, 1.7488280000106897, 1.7462076999945566, 1.7520898999937344, 1.7492134999920381, 1.747487300002831, 1.7412134999904083, 1.7557873000041582, 1.7484200000035344, 1.750858600003994, 1.758619500003988, 1.7525821000017459, 1.7474748999957228, 1.7516075000021374, 1.7448273000045447, 1.7497465000051307, 1.7500753000058467, 1.7449476000037976, 1.7535557000082918, 1.7476424000051338, 1.7513303000014275, 1.7503929000085918, 1.7465910000028089, 1.7454142000060529, 1.7529810999985784, 1.7515769000019645, 1.7504850999976043, 1.7508605000039097, 1.7521992999973008, 1.7614394999982323, 1.7473227000009501, 1.7466983000049368, 1.7532875000033528, 1.7430223999981536, 1.7415708000044106, 1.746480200003134, 1.7537798999983352, 1.7468697000003885, 1.7533536999981152, 1.7514264999917941, 1.7497666999988724, 1.7606040999962715, 1.7572833000012906, 1.7515915999974823, 1.747935099992901, 1.7417781000112882, 1.756798099988373, 1.7415333000099054, 1.7499106000032043, 1.7467284000013024, 1.7485847000061767, 1.74963019999268, 1.749878799993894, 1.7520494000054896, 1.7544696999975713, 1.7497344000003068, 1.7547541999956593, 1.755769400013378, 1.743744899999001, 1.7574249000026612, 1.7502650000096764, 1.7471523999993224, 1.7453313000005437, 1.750252099998761, 1.7589901999890571, 1.7454813000076683, 1.7498078000062378, 1.7405878999998095, 1.7618383999943035, 1.7460391000058735, 1.7498520000081044, 1.7443500999943353, 1.7772630999970715, 1.7668141000031028, 1.7474515000067186, 1.7563345999951707, 1.7460274000040954, 1.7472236000030534, 1.7461524000100326, 1.749887600002694, 1.7481436999951256, 1.742252500000177]}}