{"nuitka": {"warmup": [0.951549099991098, 0.9389214999973774, 0.9308008000080008, 0.9254037999926368, 0.9259262999985367, 0.9353326999989804, 0.9283023000025423, 0.9265551999997115, 0.9423303999938071, 0.92519120000361, 0.9275028999982169, 0.9352250999945682, 0.9254584000009345, 0.9307773000036832, 0.929408500000136, 0.9358012000011513, 0.930615499994019, 0.9457097999984398, 0.9255054999957792, 0.9293776999984402, 0.9371650999964913, 0.9263857999903848, 0.9264309999998659, 0.9271136000024853, 0.9263608000037493, 1.0052260999946157, 0.9279765000101179, 0.9297829999995884, 0.9271183000091696, 0.9454317000054289, 0.9247606999997515, 0.9300041000096826, 0.9271439000003738, 0.929078599991044, 0.9340975000086473, 0.9273201000032714, 0.9331009000015911, 0.9256753999943612, 0.923855499990168, 0.9350810000032652, 0.9276575000112643, 0.9254574999940814, 0.9325574999966193, 0.9400329000054626, 0.9279509000043618, 0.9259730000048876, 0.9243142000050284, 0.9447498999943491, 0.9342959999921732, 0.9337085000006482, 0.9412355000094976, 0.9295226000103867, 0.9315628000040306, 0.9284169999882579, 0.9278265999892028, 0.9483526999974856, 0.9311547999968752, 0.9340834000031464, 0.970298800006276, 0.9340796999895247, 0.9260225000034552, 0.9401178999978583, 0.9643961000110721, 0.9290642999985721, 0.9426674999995157, 0.9314124999946216, 0.9357013000117149, 0.9476162000064505, 0.9340412000019569, 0.9293144999974174, 0.9411540000000969, 0.948969400007627, 0.9251403999951435, 0.938629199998104, 0.9382178999949247, 0.9479897999990499, 0.9256497000023955, 0.9379581999965012, 0.9360615000041435, 0.93588419999287, 0.9380118000117363, 0.9266481999948155, 0.9275800000032177, 0.9279167000058806, 0.9513948999956483, 0.9300291999970796, 0.9284808000084013, 0.9236826999986079, 0.9489185999991605, 0.9351212000037776, 0.9238227000023471, 0.9303571000054944, 0.9267720000061672, 0.928086700005224, 0.9716490999999223, 0.9259722999995574, 0.929465799999889, 0.9354203999973834, 0.9459532000037143, 0.9343747000093572], "benchmark": [0.9737065999943297, 0.9276546000037342, 0.9325070999911986, 0.9373049000132596, 0.9313563999894541, 0.9771242999995593, 0.9316060999990441, 0.9297032999893418, 0.9293376999994507, 0.9401916999922832, 0.9356779000081588, 0.9299858000013046, 0.9490879000077257, 0.9332881000009365, 0.9267094999959227, 0.9412407000054372, 0.940460300000268, 0.9374849000014365, 0.9348545000102604, 0.9405778999935137, 0.9380606999911834, 0.9296935000020312, 0.9439363999990746, 0.9428215000079945, 0.9438536000088789, 0.931051400009892, 0.926625599997351, 0.926346399995964, 0.936695199998212, 0.9243083000037586, 0.9345730999921216, 0.9261002999992343, 0.9302882000047248, 0.9265428000071552, 0.9267483000003267, 0.9531283999967854, 0.9319178000005195, 0.931287200000952, 0.9409723999997368, 0.9398110000038287, 0.9438731999980519, 0.9478360999928555, 0.9305412999965483, 0.9256373000098392, 0.9292979000019841, 0.9405070999928284, 0.9249851000058698, 0.9397146999981487, 0.9376810999965528, 0.931155199999921, 0.92707540000265, 0.9333102000091458, 0.9330385000066599, 0.9358887999987928, 0.9295429000048898, 0.9264466000022367, 0.9299475000007078, 0.9408035999949789, 0.9251355000014883, 0.928037999998196, 0.9511700000002747, 0.943690299987793, 0.9356811000034213, 0.9284661999990931, 0.9805412999994587, 0.9265866000059759, 0.9264930999925127, 0.9312236999976449, 0.9291164000023855, 0.9248798000044189, 0.9276824999978999, 0.9231966999941505, 0.9280871000082698, 0.9428706999897258, 0.9425562000105856, 0.9296265000011772, 0.9251039000082528, 0.9249363000126323, 0.9276634999987436, 0.9390920000005281, 0.9385554000036791, 0.9332177000032971, 0.9245914000057383, 0.9313603000045987, 0.9247370999946725, 0.926750800004811, 0.9399938999995356, 0.9277103999920655, 0.9229342000035103, 0.9321288999926765, 0.9314663999975892, 0.9301662999932887, 0.928125500009628, 0.9514329999947222, 0.9417073000076925, 0.9486303000012413, 0.927067900003749, 0.9276079999981448, 0.9293787999922642, 0.9353669000120135]}, "cpython": {"warmup": [0.7616185999941081, 0.7530092999950284, 0.7631732000008924, 0.7577928999962751, 0.7557654999982333, 0.7526121999981115, 0.7511908000014955, 0.7452288000058616, 0.7551964000012958, 0.771495099994354, 0.7457324999995762, 0.7818885000015143, 0.7742522999906214, 0.786080400008359, 0.7504955000040354, 0.7578976999939186, 0.7562281999998959, 0.7446176999947056, 0.7689500999986194, 0.7525598999927752, 0.7606088999891654, 0.75298190000467, 0.7679448999988381, 0.7685577000083867, 0.7520378999906825, 0.7456831000017701, 0.7487451000051806, 0.7847405999928014, 0.754934399999911, 0.757086600002367, 0.755751099990448, 0.7519239999965066, 0.7573025000019697, 0.753194099990651, 0.7532750999962445, 0.75486830000591, 0.7506510999955935, 0.7594761999935145, 0.7510360000014771, 0.7636497999919811, 0.7578401000064332, 0.772484799992526, 0.7469879999989644, 0.7567884000018239, 0.7466977000003681, 0.752274700003909, 0.7500664999970468, 0.7556289999920409, 0.7500125999940792, 0.7612981999991462, 0.7449610999901779, 0.7736046000063652, 0.7661340000049677, 0.7666186999995261, 0.769925599990529, 0.74613970000064, 0.7535295999987284, 0.7506184999947436, 0.7782148999976926, 0.7524318999930983, 0.7810967999976128, 0.7530109000072116, 0.7597878999949899, 0.745773000002373, 0.7913623000058578, 0.7469353999913437, 0.7489752999972552, 0.7667978999961633, 0.7580333999940194, 0.753254499999457, 0.7483800999907544, 0.7522934000007808, 0.7509205000096699, 0.7607180000049993, 0.7517576000100235, 0.7550176000077045, 0.7530394999921555, 0.7502334000018891, 0.7523491000029026, 0.772533299998031, 0.7566138999973191, 0.7507859000033932, 0.7547290999937104, 0.7534723999997368, 0.755718699991121, 0.7624232999951346, 0.7527957999991486, 0.7533524000027683, 0.7590267999912612, 0.7515675999893574, 0.7517600999999559, 0.7536867000017082, 0.7737558999942848, 0.7747877000074368, 0.7785183000087272, 0.7834288999874843, 0.7633812999993097, 0.7480144000001019, 0.7568824000045424, 0.7815913000085857],