{"nuitka": {"warmup": [1.3651236000005156, 1.2195176999957766, 1.221087300000363, 1.226839299997664, 1.2301324000000022, 1.2204021000070497, 1.2268001000047661, 1.2271620000101393, 1.2138979000010295, 1.2259556999924826, 1.2236632999993162, 1.2354583999986062, 1.2191332000074908, 1.2163108000095235, 1.2180685000057565, 1.2212348000030033, 1.2278189999924507, 1.2194047999946633, 1.220811799998046, 1.2168077000096673, 1.2266472999908729, 1.2244286999921314, 1.2157683999976143, 1.2253591999906348, 1.2155513999896357, 1.2150368000002345, 1.2261799999978393, 1.2145804000028875, 1.2186723000049824, 1.2163933999981964, 1.2235061000101268, 1.227549100003671, 1.2178301999956602, 1.2183107000018936, 1.2296932000026572, 1.2164426999952411, 1.221003099999507, 1.2191848999937065, 1.2135873999941396, 1.2228744000021834, 1.2221007000043755, 1.2142696999944746, 1.2155394000001252, 1.2195712999964599, 1.2183717000007164, 1.2242072999943048, 1.2250634000083664, 1.2286475000000792, 1.2208326999971177, 1.2292054999998072, 1.2142367999913404, 1.2202337000053376, 1.2167427999957, 1.222387499990873, 1.2184154999995371, 1.2338714999932563, 1.2285381999972742, 1.2165814000036335, 1.2278745000076015, 1.2154191000008723, 1.2222498999908566, 1.21991140001046, 1.2226205000042683, 1.2228447999950731, 1.2206252000032691, 1.2151299999968614, 1.2323382000031415, 1.2234239999961574, 1.2164013000001432, 1.2217313000001013, 1.2185860000026878, 1.21540780000214, 1.2259324000042398, 1.2191790999931982, 1.225194400001783, 1.2243928000098094, 1.2133564000105252, 1.2138938999996753, 1.2138670999993337, 1.211457999990671, 1.2164250999921933, 1.223835600001621, 1.2209289000020362, 1.2153315000032308, 1.2241869999998016, 1.2192504000122426, 1.2186828999983845, 1.2254915999947116, 1.2186809000122594, 1.2304041000024881, 1.215684800001327, 1.2208010000031209, 1.221998299995903, 1.221506000001682, 1.2192403000080958, 1.2252425999904517, 1.2175239000061993, 1.2189655999973183, 1.2331558000005316, 1.21632390000741], "benchmark": [1.2285389000026044, 1.2392328999994788, 1.2214724000077695, 1.2281016999913845, 1.2153738999913912, 1.2214321000064956, 1.220487200000207, 1.2194741000130307, 1.2205957000114722, 1.2232135999947786, 1.217569000000367, 1.2137868999998318, 1.2295574999880046, 1.2168686999939382, 1.2287776000011945, 1.2267773000057787, 1.2217377000051783, 1.217522499995539, 1.226760200006538, 1.2277615000057267, 1.215010899992194, 1.2170151000027545, 1.2186394999880577, 1.2208325000101468, 1.221685799988336, 1.2190120000013849, 1.2133595000050263, 1.2195964999991702, 1.2135542000032729, 1.2974296000029426, 1.2098665999947116, 1.2167367000074591, 1.2146574999933364, 1.227828100003535, 1.2174552000069525, 1.2162595999980113, 1.2243422000028659, 1.2148561000067275, 1.2233389000030002, 1.2169061999884434, 1.2152157999953488, 1.2197442000033334, 1.2239497999980813, 1.222530300001381, 1.2133227000012994, 1.2194599999929778, 1.2166484000044875, 1.2231993000023067, 1.2132743999973172, 1.2133840000024065, 1.2240158999920823, 1.2290506999997888, 1.225664700003108, 1.2153963000018848, 1.2223089000035543, 1.2263283000065712, 1.2215691000019433, 1.2161287999915658, 1.2173548999999184, 1.2156486000021687, 1.21874489999027, 1.2211245999933453, 1.2230114999983925, 1.2140510000026552, 1.2201159999967786, 1.2167238000110956, 1.2203405999898678, 1.2214045000000624, 1.2227062000019941, 1.2288352999894414, 1.2240238999947906, 1.2178401999990456, 1.2156898999965051, 1.2168310999986716, 1.2226086999871768, 1.2147907000035048, 1.2246411000087392, 1.2266568000050029, 1.2244623000005959, 1.2224437999975635, 1.2185444999922765, 1.2256237999972655, 1.22122040000977, 1.2269731999986107, 1.2285382999980357, 1.2215403000009246, 1.2171684999921126, 1.2184148999949684, 1.2250125999999, 1.2207296999986283, 1.2143837999901734, 1.2134517999948002, 1.2174612000089837, 1.2155468999990262, 1.2183743000059621, 1.2120859999995446, 1.218161600001622, 1.215320299990708, 1.221510200004559, 1.226242100005038]}, "cpython": {"warmup": [1.4681720999942627, 1.450879600000917, 1.4661782000039238, 1.4527620000008028, 1.455705800006399, 1.4565543000062462, 1.4545118999958504, 1.4597225000034086, 1.4524452000041492, 1.4533323000068776, 1.457066399991163, 1.4557730000087759, 1.4542473000037717, 1.4646144999860553, 1.4541387999925064, 1.4554466999979923, 1.4652170999906957, 1.4566226000024471, 1.4494133999978658, 1.4584232999914093, 1.4831719999929192, 1.4507351999927778, 1.4505693999963114, 1.4602692000044044, 1.4519972999987658, 1.4459448999987217, 1.4537270000000717, 1.4603375000006054, 1.4528107000078307, 1.455202699988149, 1.4471644000004744, 1.4464666999992914, 1.4503948999918066, 1.4465972000034526, 1.455050399992615, 1.4474585999996634, 1.4557992999907583, 1.4514752999966731, 1.452284899991355, 1.4542786999954842, 1.4665872000041418, 1.4550237000075867, 1.4592684999952326, 1.4550649000011617, 1.4579566000029445, 1.4559365000022808, 1.4592712000012398, 1.4608234999905108, 1.4534805999865057, 1.4485997000010684, 1.4574589999974705, 1.4497128000075463, 1.4600261999876238, 1.4584654000063892, 1.4477849999966566, 1.4563678999984404, 1.4487525000004098, 1.451939599995967, 1.455127299996093, 1.4487377000041306, 1.4464852999954019, 1.456263999993098, 1.450007999999798, 1.453333900004509, 1.4503751000011107, 1.4514641999994637, 1.4493577999965055, 1.453114399992046, 1.4661365000065416, 1.4456906999985222, 1.4604158000001917, 1.4497009000042453, 1.4611217000056058, 1.4525133999995887, 1.4492081000062171, 1.4484071000042604, 1.4545255999983056, 1.46227760000329, 1.450304199999664, 1.4562407000048552, 1.4456831999996211, 1.4557211000064854, 1.4450986000010744, 1.4442930000077467, 1.4527889000019059, 1.4457888000033563, 1.452907500002766, 1.4508982000115793, 1.4559248000005027, 1.4477220999979181, 1.4573329000122612, 1.4498566999973264, 1.4553580000065267, 1.4488465000031283, 1.4555660000041826, 1.4581526999972994, 1.4530710999970324, 1.4624617000081344, 1.4551549000025261, 1.4426926000014646], "benchmark": [1.4477097999915713, 1.4496354000002611, 1.4548730999958934, 1.4514383999921847, 1.4480995999911102, 1.45206720000715, 1.4556621999945492, 1.4606867999973474, 1.4479978000017582, 1.4609165000001667, 1.46896420000121, 1.4500318999926094, 1.4548769999964861, 1.4562178999913158, 1.4457106000045314, 1.453777499991702, 1.4498568999988493, 1.451306900009513, 1.4474208000028739, 1.4577526000066428, 1.465690299999551, 1.448276299997815, 1.4623505999916233, 1.4572617000085302, 1.4596134000021266, 1.4499119999964023, 1.463845800011768, 1.456153600011021, 1.4605140999919968, 1.4564905000006547, 1.4517524000111734, 1.4436530000093626, 1.4501922000054037, 1.4541785000037635, 1.4594574000075227, 1.4510739999968791, 1.4446228000015253, 1.4767872999946121, 1.4615505000110716, 1.4508943999971962, 1.4498146999976598, 1.4553993000008631, 1.4662864999991143, 1.4556347999896389, 1.4655008999980055, 1.4449052999989362, 1.4532001000043238, 1.448789999994915, 1.4488522000028752, 1.453930699994089, 1.4482388000033097, 1.4645866999926511, 1.4569114000041736, 1.4476059000007808, 1.4492564999964088, 1.454300500001409, 1.459673000004841, 1.4485054000106174, 1.4587789000070188, 1.4551833999867085, 1.4540592999983346, 1.451822800008813, 1.4581087999977171, 1.4490617999981623, 1.459587699995609, 1.4587027999950806, 1.4540034999954514, 1.4559032000106527, 1.4638814000063576, 1.4493784999940544, 1.4444951000041328, 1.4667067999980645, 1.4520859999902314, 1.4473066000064136, 1.4559769000043161, 1.4507479000021704, 1.4524399999936577, 1.4514302000025054, 1.4522067999932915, 1.4552680000051623, 1.4630020000040531, 1.455981499995687, 1.4470209999999497, 1.4682486000092467, 1.4449098000040976, 1.4730102000030456, 1.4477240999985952, 1.449248599994462, 1.4589208999968832, 1.4492783999885432, 1.4554486999986693, 1.455216999995173, 1.455148699998972, 1.4516925999923842, 1.4552052999933949, 1.4569633000064641, 1.4477066999970702, 1.449735200003488, 1.452042499993695, 1.4501301999989664]}}