{"nuitka": {"warmup": [1.3339145999925677, 1.3230579000082798, 1.3273878000036348, 1.3262713000003714, 1.3197279000014532, 1.327390699996613, 1.330217700000503, 1.3225345999962883, 1.3181928999983938, 1.3241358999948716, 1.3185337000031723, 1.3193762000009883, 1.3324221999937436, 1.3301555999933043, 1.323730500007514, 1.32252879999578, 1.3188075000070967, 1.3262962000007974, 1.3256734999886248, 1.3261023000086425, 1.3284201999922516, 1.32797670000582, 1.3191826999973273, 1.3297132000006968, 1.3243587000033585, 1.3199591000011424, 1.3225205000053393, 1.3280365999962669, 1.319665899995016, 1.3162007000064477, 1.330893099991954, 1.3206563999992795, 1.327230499999132, 1.330167200008873, 1.3210949999920558, 1.3227714000095148, 1.3303022000036435, 1.3244815000070957, 1.3206527000002097, 1.3208723999996437, 1.3192552000109572, 1.3256224000069778, 1.3200480999948923, 1.325859100004891, 1.3198416999948677, 1.3291863999911584, 1.321190699993167, 1.3189416999957757, 1.321774700001697, 1.3203592999925604, 1.3239806000055978, 1.3335158999980194, 1.3257130999991205, 1.319914699997753, 1.319541199991363, 1.3175521999946795, 1.333777200008626, 1.3268041999981506, 1.3200255999981891, 1.3285307999904035, 1.3207997999998042, 1.328878000000259, 1.3210848000016995, 1.3295879999932367, 1.3452831999893533, 1.322896799989394, 1.3281310000020312, 1.3232733999902848, 1.329439299996011, 1.3222621000022627, 1.3289780000050087, 1.3259103000018513, 1.3211642000096617, 1.324037700003828, 1.329964899996412, 1.3163354999996955, 1.3276657999958843, 1.3310550000023795, 1.3184399000019766, 1.3216489000042202, 1.3176741000061156, 1.326681299993652, 1.3227757999993628, 1.3284327000001213, 1.3198936999979196, 1.3214462000032654, 1.3197064999985741, 1.3217345000011846, 1.319173399999272, 1.3155106000049273, 1.3264977000071667, 1.324838800006546, 1.3287394999933895, 1.319899499998428, 1.327009899992845, 1.3229823000001488, 1.3296714999887627, 1.327219700004207, 1.322421899996698, 1.3180805000010878], "benchmark": [1.3305918999976711, 1.3205151000001933, 1.331426200005808, 1.3360108999913791, 1.3296820999967167, 1.3261823000066215, 1.3203778000024613, 1.322069100002409, 1.3230558999930508, 1.3307059000071604, 1.325318100003642, 1.3259694000007585, 1.3216695000010077, 1.3257960000046296, 1.3139954000071157, 1.3201259999914328, 1.3238057999988087, 1.3244613999995636, 1.3241616000013892, 1.31958019999729, 1.327251900002011, 1.3258530000020983, 1.3258929000003263, 1.3330577000015182, 1.3913410999957705, 1.32615620001161, 1.3298217999981716, 1.317788999993354, 1.324187799997162, 1.3288088999979664, 1.3173354000027757, 1.3314968000049703, 1.3147713000071235, 1.32226480000827, 1.316200100001879, 1.3209176999953343, 1.3237686999927973, 1.332911100005731, 1.322755799992592, 1.3821184999978868, 1.3255083999974886, 1.3189027999906102, 1.322699600001215, 1.330666800000472, 1.3192024000018137, 1.3329524000000674, 1.3194386000104714, 1.3266187999979593, 1.3228280000039376, 1.321275299997069, 1.3178629000030924, 1.3186464000027627, 1.3260356000100728, 1.324057999998331, 1.3226989999966463, 1.319977099992684, 1.321272000001045, 1.3361586999963038, 1.3231805999967037, 1.3233839000022272, 1.3310739000007743, 1.3294949999981327, 1.3380828999943333, 1.3223670000006678, 1.3220697999931872, 1.3189926000050036, 1.3223558999889065, 1.3314744999952381, 1.3279061999928672, 1.335197500011418, 1.3357016000081785, 1.3200410999997985, 1.322063800005708, 1.342643299998599, 1.326881000000867, 1.3170884999999544, 1.325122599999304, 1.3290337000071304, 1.3248929000110365, 1.319684000001871, 1.3304067999997642, 1.3209266000048956, 1.3246526000002632, 1.3222413999901619, 1.328467900006217, 1.3318820999993477, 1.3203811999992467, 1.3188439999939874, 1.3249680000008084, 1.3199065999942832, 1.3303440000017872, 1.3248581999941962, 1.323950700010755, 1.3227680999989389, 1.3288888000097359, 1.3194819999916945, 1.3195227999967756, 1.323076000000583, 1.3296780999953626, 1.3300077000021702]}, "cpython": {"warmup": [1.5945674999966286, 1.5934735000046203, 1.5895727000024635, 1.5758383000065805, 1.5993308999895817, 1.5862526999990223, 1.5873149000108242, 1.5856477999914205, 1.5918290999979945, 1.585728599995491, 1.5988436000043293, 1.59432740000193, 1.5853061999951024, 1.5797437000001082, 1.5787196000019321, 1.5782267000031425, 1.590345900011016, 1.5825951999868266, 1.5878267000080086, 1.5811788999999408, 1.5803530999983195, 1.5867788000032306, 1.5851875000080327, 1.5917555000050925, 1.5852438000001712, 1.5747489000059431, 1.5831536000041524, 1.580016899999464, 1.5799621999904048, 1.5971647999976994, 1.591415600007167, 1.5838315000000875, 1.581441399990581, 1.5875597999984166, 1.6046119999955408, 1.5749532999907387, 1.5764556000067387, 1.585633399998187, 1.5853380999906221, 1.5798076999926707, 1.581731900005252, 1.5798099000094226, 1.5863282999926014, 1.5800727000023471, 1.598445299998275, 1.5775256999913836, 1.593526299999212, 1.5889534000016283, 1.5855205999978352, 1.5789151999924798, 1.5830959000013536, 1.5797294999938458, 1.5890270999952918, 1.5754177999915555, 1.588297700000112, 1.5919852000079118, 1.5846302999998443, 1.587376299998141, 1.5827435000101104, 1.5842064000025857, 1.5868283000017982, 1.5783610999933444, 1.5778910999943037, 1.5768968000047607, 1.5835391000000527, 1.5832201000011992, 1.5816805999929784, 1.5801264000037918, 1.5833808000024874, 1.585767600001418, 1.5930309000104899, 1.5778163000068162, 1.5789930000028107, 1.5859805999934906, 1.5765410000021802, 1.5823342999938177, 1.5800917000015033, 1.5889028999954462, 1.5797587999986717, 1.591851700010011, 1.586293200001819, 1.581425099997432, 1.5818438999995124, 1.5998530999931972, 1.5884355000016512, 1.5911015000019688, 1.5854987999919103, 1.5941592999879504, 1.5852373000088846, 1.576091599999927, 1.5777462999976706, 1.5847494000045117, 1.5781073999969522, 1.5767312999960268, 1.5965836999966996, 1.5816083999961847, 1.5800260999967577, 1.5806584000092698, 1.5871156999928644, 1.5793142000038642], "benchmark": [1.5789098999957787, 1.5819086999981664, 1.5794719000114128, 1.590325600001961, 1.5825815999996848, 1.5864713000046322, 1.5848332999885315, 1.5850977000081912, 1.5857936999964295, 1.580074000012246, 1.588239299991983, 1.5790130000095814, 1.5809949999966193, 1.5903164999908768, 1.5877532999875257, 1.5882125000061933, 1.5948156000085874, 1.5769180999923265, 1.5831870999973034, 1.5880809000082081, 1.5895620000083, 1.5761582999984967, 1.5799677000031807, 1.5898171000008006, 1.5860480999981519, 1.584070500000962, 1.5818506999930833, 1.5896340000035707, 1.5750777999928687, 1.5913217999914195, 1.5793012999929488, 1.582372500008205, 1.5769538000022294, 1.583186800009571, 1.5827718999935314, 1.5783242999896174, 1.5796940000000177, 1.5824385000014445, 1.5858975000010105, 1.6064218000101391, 1.5821330999897327, 1.581087499987916, 1.5747226000094088, 1.5759610999957658, 1.5963602999981958, 1.577793999997084, 1.5829750999982934, 1.5747180999896955, 1.5943390000029467, 1.5847416000033263, 1.5917342000029748, 1.574406599989743, 1.5883035000006203, 1.5739881000044988, 1.5856071000016527, 1.5796770000015385, 1.584357400002773, 1.5793573999981163, 1.5895995000028051, 1.586212299996987, 1.5995245999947656, 1.5912144000030821, 1.5810769000090659, 1.5789855000039097, 1.5831353999965359, 1.5888388000021223, 1.5756051999924239, 1.585156699991785, 1.5819044999952894, 1.5874101999943377, 1.5849625999981072, 1.5900374000048032, 1.58135370000673, 1.6121655000024475, 1.5771030000032624, 1.5799569000082556, 1.5925521000026492, 1.5793840999976965, 1.5862421000056202, 1.5859305999911157, 1.5893364000075962, 1.5799545000045327, 1.5808204999921145, 1.5770927999983542, 1.5895180000079563, 1.5833259000064572, 1.5890386999963084, 1.579684800002724, 1.5818436999979895, 1.5808776000048965, 1.5943937000120059, 1.5954806999943685, 1.5794483000063337, 1.5826559999986785, 1.5913039000006393, 1.5851378999941517, 1.5766232000023592, 1.5737559999979567, 1.590307100006612, 1.596894299989799]}}