{"nuitka": {"warmup": [1.088387399999192, 1.0694694000121672, 1.0752410999994026, 1.0794459999888204, 1.0740707999939332, 1.0760157000040635, 1.0676730999985011, 1.0636001999955624, 1.080302300004405, 1.084118099999614, 1.074145500009763, 1.0797878000012133, 1.0805737000046065, 1.0687445999938063, 1.0802217999880668, 1.0845447999890894, 1.0865751000092132, 1.0710537000122713, 1.0864995000010822, 1.0686600000044564, 1.0711508999957005, 1.085344500010251, 1.0771180000010645, 1.0718874000012875, 1.075385100004496, 1.0678576999926008, 1.0825210999901174, 1.0739002999907825, 1.0730123999965144, 1.0763535000005504, 1.0772810999915237, 1.0724653000070248, 1.0758709000074305, 1.0772768999886466, 1.0752871000004234, 1.0759686999954283, 1.0743249999941327, 1.068988700004411, 1.0785723000008147, 1.0785643999988679, 1.084128899994539, 1.0764449999987846, 1.0813808999955654, 1.0774409000005107, 1.080857399996603, 1.071354200001224, 1.0723006000043824, 1.0730757000128506, 1.0761763000045903, 1.099259599999641, 1.086668699994334, 1.073933899999247, 1.0782857000012882, 1.078674400007003, 1.074037899990799, 1.0716482999996515, 1.0727463999937754, 1.08618430000206, 1.0743290999962483, 1.0887922999972943, 1.0671210000000428, 1.0741321999958018, 1.082882899994729, 1.0903044000006048, 1.0831203999987338, 1.0812020000012126, 1.078678799996851, 1.0641919000045164, 1.0667056999955093, 1.077963699994143, 1.0705366000038339, 1.073983499998576, 1.0663203000003705, 1.066002399995341, 1.0687802999891574, 1.0675760000012815, 1.0716833000042243, 1.072431399996276, 1.0638482000067597, 1.0718250000063563, 1.061805600009393, 1.074279899999965, 1.0635640999971656, 1.0732974999991711, 1.0733980999939376, 1.0694779000041308, 1.0658204999926966, 1.0630455999926198, 1.0717192000010982, 1.0721911000000546, 1.0782178999943426, 1.0666261999867857, 1.064996200002497, 1.077909700004966, 1.069145200002822, 1.0646268999989843, 1.0748830999946222, 1.0807301000022562, 1.0659215000050608, 1.0676479999965522], "benchmark": [1.0765625000058208, 1.0820955999952275, 1.065666800001054, 1.0707220000040252, 1.0658129999937955, 1.0667685000080382, 1.0789510000031441, 1.0838177000114229, 1.067066799994791, 1.0884886999992887, 1.0834121999942, 1.0663601999985985, 1.0781945000053383, 1.081231200005277, 1.0890902999963146, 1.069768599991221, 1.0788211000035517, 1.072649600013392, 1.0670239000028232, 1.0709772999980487, 1.085421399999177, 1.0753570000088075, 1.0787907999911113, 1.0723807999893324, 1.0738380999973742, 1.0670973999949638, 1.0710504000016954, 1.0694788999971934, 1.077610399996047, 1.074581599998055, 1.074290700009442, 1.0626358999870718, 1.0756313000019873, 1.0751910000108182, 1.074148800005787, 1.0711136999889277, 1.0755243000021437, 1.072248500000569, 1.070590599993011, 1.080262000003131, 1.062827500005369, 1.079498599996441, 1.0808858999953372, 1.0742231999902287, 1.0805297999904724, 1.0676944000006188, 1.0796610999968834, 1.0882232000003569, 1.0785618999943836, 1.085260500010918, 1.075131399993552, 1.081743299990194, 1.078073900003801, 1.078749299995252, 1.083838000005926, 1.0769750999897951, 1.0823285000078613, 1.0762156999990111, 1.0763384999881964, 1.0724190999899292, 1.0855397999985144, 1.0820530000055442, 1.0773711999936495, 1.0833835000084946, 1.0702810999937356, 1.0726312000042526, 1.0723786000016844, 1.0724904000089737, 1.0800633000035305, 1.0688145000021905, 1.08578409999609, 1.072132600005716, 1.070761199996923, 1.0779904000082752, 1.072907199995825, 1.0781737999932375, 1.0792408999986947, 1.072620899998583, 1.081568800000241, 1.0687121999944793, 1.0851090000069235, 1.071950300000026, 1.071662100002868, 1.0696801000012783, 1.077035700000124, 1.0739223000127822, 1.0796254000015324, 1.087801000001491, 1.0991230999934487, 1.075188499991782, 1.0740217999991728, 1.074779500006116, 1.0744753999897512, 1.0761305000050925, 1.077194600002258, 1.0823466000001645, 1.0772146999952383, 1.0793384999997215, 1.0752777000016067, 1.0725743000075454]}, "cpython": {"warmup": [1.0933956999942893, 1.1056356999906711, 1.1174506000097608, 1.0957679999992251, 1.0981878000020515, 1.0864403000014136, 1.1074172999942675, 1.1024691999919014, 1.0980661999928998, 1.1023171999986516, 1.086133000004338, 1.1038389000023017, 1.0888294999895152, 1.0841089000023203, 1.0935268999892287, 1.092526499996893, 1.0942673000099603, 1.08280069999455, 1.0942731000104686, 1.125383199992939, 1.0935545000102138, 1.1070761000009952, 1.090716299993801, 1.0973531000054209, 1.0924593999952776, 1.0938787999912165, 1.0928699000069173, 1.0870380999986082, 1.1042215000052238, 1.097424099993077, 1.0904044000053545, 1.1026107000070624, 1.1069007999903988, 1.0898248000012245, 1.0925975999998627, 1.1104507999989437, 1.090382700000191, 1.1046883999952115, 1.0887717000005068, 1.098050600005081, 1.1049365999933798, 1.0885584999923594, 1.0972900000051595, 1.0993787000043085, 1.0900132000097074, 1.097285900003044, 1.094184800007497, 1.086625500000082, 1.097425200001453, 1.103036600004998, 1.1028760000044713, 1.0877328000060515, 1.1189572000002954, 1.0863177999999607, 1.090352700004587, 1.089614900003653, 1.0897140000015497, 1.093384399995557, 1.0897712000005413, 1.0918268999957945, 1.1126765999943018, 1.0868218999967212, 1.0924388999992516, 1.11065139999846, 1.093871200006106, 1.1014333999919472, 1.0948726999922656, 1.0910469999944326, 1.0959402000007685, 1.0890139000111958, 1.0894372000038857, 1.1038381999969715, 1.0900669999973616, 1.0926693999936106, 1.088673000005656, 1.0992249000119045, 1.0886543999949936, 1.0906973999954062, 1.0888630999979796, 1.0905877000041073, 1.0910526999941794, 1.0957809999963501, 1.0930582000000868, 1.1020828000037, 1.0874542000092333, 1.0939485999988392, 1.1034966000006534, 1.0873216000036336, 1.1109221000078833, 1.1039110999990953, 1.1018421999906423, 1.0913370000052964, 1.0867623999947682, 1.0980876999965403, 1.1036632000032114, 1.0922656000038842, 1.0873662999947555, 1.0980009000049904, 1.0900322999950731, 1.086829799998668], "benchmark": [1.0965668999997433, 1.104550099989865, 1.0844123999995645, 1.0961816999915754, 1.0965632000006735, 1.0875460000097519, 1.0950527000095462, 1.106225199997425, 1.1021993000031216, 1.1123678000003565, 1.0950313999928767, 1.0904498000018066, 1.0954236000106903, 1.0923678999970434, 1.0932246000011219, 1.0900365999987116, 1.0859115999919595, 1.0932423000049312, 1.092450899988762, 1.0918568999913987, 1.1000088000000687, 1.1002882000029786, 1.0922743999981321, 1.089427600003546, 1.0834178999939468, 1.0880777000129456, 1.0900564000039594, 1.0845860999979777, 1.0971289000008255, 1.0924277000012808, 1.0926787999924272, 1.0919181000062963, 1.104010199996992, 1.0878668999939691, 1.0950828000059118, 1.092076700006146, 1.0907533999998122, 1.0987376999983098, 1.0938127000117674, 1.0904604000097606, 1.092909699989832, 1.0972701999999117, 1.092500700004166, 1.0928187999961665, 1.0885806000005687, 1.095449100001133, 1.094873900001403, 1.0877299999992829, 1.0971114999993006, 1.0876254000031622, 1.086315900000045, 1.0915034000063315, 1.0951785999932326, 1.0961720999912359, 1.086855999994441, 1.0895557000039844, 1.09146999999939, 1.0933433000027435, 1.0917945000110194, 1.0916828999907011, 1.094336399997701, 1.0954001999925822, 1.095255799998995, 1.0863068999897223, 1.087559899999178, 1.1017029999929946, 1.0948883999953978, 1.1128822000027867, 1.0919319999957224, 1.0844441999943228, 1.0993466999934753, 1.0857357000058983, 1.0846909000101732, 1.09320079999452, 1.0871592999901623, 1.0928487000055611, 1.0917876999883447, 1.0939229000068735, 1.101435999997193, 1.1013815999904182, 1.090259899996454, 1.1038422999990871, 1.0919464999897173, 1.100210300006438, 1.1057361999992281, 1.0896422000078019, 1.0921735999872908, 1.0986028000043007, 1.0954781000036746, 1.104255700003705, 1.0995242000062717, 1.0912461999978404, 1.0886929999978747, 1.0940620999899693, 1.093143100006273, 1.089936000003945, 1.0860069999907864, 1.1069851000065682, 1.087413099987316, 1.0922894000104861]}}