{"nuitka": {"warmup": [1.3543104999989737, 1.3479905000131112, 1.3676239000051282, 1.3487355000106618, 1.3370555999863427, 1.34283169999253, 1.3481872999982443, 1.3504429000022355, 1.3424545000016224, 1.3424286000081338, 1.356130599975586, 1.3385924999893177, 1.3307810999976937, 1.337684199999785, 1.3373398999974597, 1.3273230000049807, 1.3385724000108894, 1.342865199985681, 1.3409241000190377, 1.3384234000113793, 1.3475698999827728, 1.3428508000215515, 1.3753601999778766, 1.3455275000014808, 1.346871599991573, 1.3745212999929208, 1.369458700006362, 1.3437583000049926, 1.33202779997373, 1.339171300001908, 1.3459149999835063, 1.3437160000030417, 1.332552100007888, 1.331879300007131, 1.3630226999812294, 1.3509359000017866, 1.3315333999926224, 1.3484864000056405, 1.3220740999968257, 1.3429542999947444, 1.344627299986314, 1.3436868999851868, 1.330206199985696, 1.3701452999957837, 1.3481560999935027, 1.3408042000082787, 1.3485198999987915, 1.3502230999874882, 1.364203200006159, 1.3363825999840628, 1.3350475000042934, 1.3516334000159986, 1.3306777000252623, 1.3378407999989577, 1.3430555000086315, 1.3422302000108175, 1.338799300021492, 1.328700399986701, 1.3417711000074632, 1.3347662999876775, 1.3566401000134647, 1.3424592000083067, 1.3232951000100002, 1.3397227999812458, 1.342558900010772, 1.3682051000068896, 1.3454594999784604, 1.3660407999996096, 1.3241663000080734, 1.3576570999866817, 1.3352035999996588, 1.318392200017115, 1.3488798000034876, 1.340551500004949, 1.3438489999971353, 1.3436872999882326, 1.3389849999803118, 1.3705735000257846, 1.3414683000009973, 1.3545475999999326, 1.364155999996001, 1.3505563999933656, 1.3344105000142008, 1.3765397999959532, 1.3327502000029199, 1.3339583999768365, 1.317230600019684, 1.341117200005101, 1.3323992000077851, 1.335564200009685, 1.3320601000159513, 1.3287067000055686, 1.3437322000099812, 1.3304071000020485, 1.3373703999968711, 1.3324216000037268, 1.338138799997978, 1.358543100010138, 1.340940900001442, 1.3422518000006676], "benchmark": [1.3387018000066746, 1.3398987999826204, 1.3809451000124682, 1.3836438999860547, 1.3327146999945398, 1.3323393999889959, 1.3323170999938156, 1.3406178000150248, 1.3354045000160113, 1.3209589000034612, 1.3424278000020422, 1.3265529999916907, 1.3291217000223696, 1.336756599979708, 1.338599200011231, 1.35832929998287, 1.3302259000192862, 1.3450203000102192, 1.3376976999861654, 1.3352911999973003, 1.3435917000169866, 1.344603699981235, 1.347597300016787, 1.3354362999962177, 1.3451366999943275, 1.3505461000022478, 1.3296431000053417, 1.3322488999983761, 1.345134200004395, 1.3339932999806479, 1.328337700018892, 1.344433799997205, 1.3588938000029884, 1.3377625000139233, 1.3487513000145555, 1.3469272000074852, 1.3327875999966636, 1.3410595000023022, 1.353346000018064, 1.3479170000064187, 1.357114599988563, 1.3364937000151258, 1.3390552000200842, 1.3485447999846656, 1.3404590999998618, 1.344512300012866, 1.3533275999943726, 1.3462369999906514, 1.3303089000110049, 1.343829999997979, 1.3443314000032842, 1.340173100004904, 1.3370725999993738, 1.3353676999977324, 1.3458871000038926, 1.3326137000112794, 1.391371400008211, 1.346400000009453, 1.3643175000033807, 1.350446099997498, 1.3842136000166647, 1.3275778000243008, 1.3390488000004552, 1.3531694000121206, 1.3483741999953054, 1.3590929000056349, 1.3271396000054665, 1.355775400006678, 1.3419236000045203, 1.330213699984597, 1.343515100015793, 1.3390217999985907, 1.341668999986723, 1.3541709999844898, 1.3252558000094723, 1.3383140999940224, 1.329713500017533, 1.3386232000193559, 1.334490499983076, 1.3397062000003643, 1.3381879999942612, 1.3336519000004046, 1.3355575000168756, 1.339563099987572, 1.3458699000184424, 1.3482683000038378, 1.3506873000005726, 1.3341837000043597, 1.3392275999940466, 1.3338751000119373, 1.344188299990492, 1.3664062999887392, 1.323493400006555, 1.3424283000058495, 1.3552716000122018, 1.3917223000025842, 1.3486981999885757, 1.3231528000032995, 1.3403703999938443, 1.3549202999856789]}, "cpython": {"warmup": [1.2276328000007197, 1.2337398000236135, 1.2625520000001416, 1.22106260000146, 1.2244314999843482, 1.2050625999982003, 1.2241123999992851, 1.1921854999964125, 1.2323504000087269, 1.2099324999726377, 1.221794899989618, 1.2097701000166126, 1.197443299985025, 1.2736270999885164, 1.1986078000045381, 1.2110322999942582, 1.2278514000063296, 1.2291327999846544, 1.260025299998233, 1.2279076999984682, 1.2088512999762315, 1.196569100022316, 1.2198946000135038, 1.2262883000075817, 1.2234862999757752, 1.2283992000157014, 1.205487200000789, 1.2004920000035781, 1.2171269000100438, 1.2232768000103533, 1.203665999986697, 1.2296658999985084, 1.2089674999879207, 1.2301023000036366, 1.2054892999876756, 1.2062656999914907, 1.2441679000039585, 1.2189310000103433, 1.2006626999936998, 1.2348554000200238, 1.2019594000012148, 1.2385919999796897, 1.2072164000128396, 1.215043699980015, 1.2255996000021696, 1.2212738000089303, 1.1932401999947615, 1.2042171999928541, 1.2359172999858856, 1.2088800999918021, 1.2115963000105694, 1.2165222999756224, 1.2026106000121217, 1.2057767999940552, 1.2648830999969505, 1.210130499996012, 1.2574262999987695, 1.204702000017278, 1.2156296000175644, 1.231360300007509, 1.197885400004452, 1.2248852999764495, 1.213178500009235, 1.2206365000165533, 1.2008760999888182, 1.2014935000042897, 1.2177419000072405, 1.2599914000020362, 1.2251211999973748, 1.2061425999854691, 1.212885799992364, 1.2335882000043057, 1.2193899999838322, 1.2182690000045113, 1.206590799993137, 1.2268919000052847, 1.202751900011208, 1.2369325000036042, 1.2253461999935098, 1.240439300017897, 1.2261180999921635, 1.1984220999875106, 1.1958904000057373, 1.1997478000121191, 1.2337341999809723, 1.2015719000191893, 1.1979157000023406, 1.2001636999775656, 1.2040956000273582, 1.2161691000219434, 1.227177099994151, 1.2239778999937698, 1.2214041000115685, 1.2463598000176717, 1.204805999994278, 1.207608099997742, 1.2293469999858644, 1.2249264999991283, 1.2027509000035934, 1.205638600018574], "benchmark": [1.1995451000111643, 1.2297302999941166, 1.2147424999857321, 1.2097875000035856, 1.2147984000039287, 1.203145300009055, 1.2431188999908045, 1.1970403000013903, 1.226511799992295, 1.1913804000068922, 1.226935599988792, 1.2183974000217859, 1.2207698000129312, 1.2217368000128772, 1.1997501000005286, 1.210534199984977, 1.2096982999937609, 1.2417596000013873, 1.2002352999988943, 1.2425689000228886, 1.2011605000006966, 1.2251619000162464, 1.2001626000273973, 1.2270835999806877, 1.2292402999883052, 1.204115600005025, 1.2150809000013396, 1.2241940000094473, 1.2141014999942854, 1.211966200004099, 1.2024495000077877, 1.2359354000072926, 1.2100329000095371, 1.2226555999950506, 1.2275046999857295, 1.2522656999935862, 1.248752899991814, 1.2041044000070542, 1.222780000010971, 1.2047156999760773, 1.2181737000064459, 1.2314478999760468, 1.2223569999914616, 1.2121748000208754, 1.203341399988858, 1.1999172999931034, 1.198761800013017, 1.249506799998926, 1.2112941999803297, 1.2108679999946617, 1.2360635999939404, 1.2066916000039782, 1.2184479999996256, 1.227250299998559, 1.2407420999952592, 1.2199086000036914, 1.1972273999999743, 1.2186155999952462, 1.21919999999227, 1.2288388000160921, 1.2012996999837924, 1.201597800012678, 1.2233084000181407, 1.22644460000447, 1.19610339999781, 1.2225532999727875, 1.199741600023117, 1.2037802999839187, 1.2244386000093073, 1.2022859000135213, 1.2096734999795444, 1.2020873000146821, 1.2607592999993358, 1.2053701999830082, 1.1966331000148784, 1.233716299990192, 1.2131471000029705, 1.2117827000038233, 1.1959749999805354, 1.2136312999937218, 1.1942385000002105, 1.201747700019041, 1.203418299992336, 1.2241996999946423, 1.2152591999911238, 1.197729299979983, 1.196219299978111, 1.2366760000004433, 1.207434000010835, 1.205507899983786, 1.2191239999956451, 1.2425680999876931, 1.2068776999949478, 1.2475099000148475, 1.2048200000135694, 1.202095399989048, 1.1956103999982588, 1.225339399999939, 1.2375914999865927, 1.2038644000131171]}}