{"nuitka": {"warmup": [1.1417010000004666, 1.1234566000057384, 1.1199226000026101, 1.1113266000029398, 1.1163315999874612, 1.1265711000014562, 1.1168612999899779, 1.1419223999982933, 1.1174456000007922, 1.1110628000024008, 1.1427365000126883, 1.1187091000028886, 1.1214302999869687, 1.1196411000128137, 1.1180554000020493, 1.120656200000667, 1.120255299989367, 1.1212344000086887, 1.1301059999968857, 1.1148092999937944, 1.1195569999981672, 1.1150992000038968, 1.120312400002149, 1.1168154000042705, 1.1081758999935118, 1.1234353999898303, 1.1415201000054367, 1.1099796000053175, 1.1437833999953, 1.1131017000006977, 1.1227684999903431, 1.118262499992852, 1.1254388999950606, 1.1200735000020359, 1.1429048999998486, 1.1476514000096358, 1.1193871999857947, 1.1128140000073472, 1.1172581999999238, 1.1220280000125058, 1.1703255999891553, 1.1154240000032587, 1.1162334000109695, 1.140266899994458, 1.1232453000120586, 1.1201311999902828, 1.113966699995217, 1.1152041999885114, 1.1151205000060145, 1.1159127999999328, 1.1434625999972923, 1.121527099996456, 1.1339140000054613, 1.1236457000049995, 1.1380608000035863, 1.1085057000018423, 1.1157842999964487, 1.1192247999861138, 1.1133220000047004, 1.1170050999935484, 1.117789099997026, 1.1302675000042655, 1.1167226000106893, 1.1092390999983763, 1.1188553999963915, 1.1181940999958897, 1.1230306000070414, 1.117293500006781, 1.1227385000092909, 1.1191663000063272, 1.1234969000070123, 1.1125362000020687, 1.1194990999938454, 1.1148761000076775, 1.1155969999963418, 1.1494355000031646, 1.1121401999989757, 1.1235332999931416, 1.1210407000035048, 1.12013830000069, 1.116633700003149, 1.1098501999949804, 1.1224724000057904, 1.1151088000042364, 1.1859273000009125, 1.1222326999995857, 1.1142892999923788, 1.1107964999973774, 1.1085223999980371, 1.1389002000069013, 1.1174510999990162, 1.1175081999972463, 1.1201075999997556, 1.1136622999911197, 1.1132426999974996, 1.1424996999994619, 1.1207530999963637, 1.117167899996275, 1.1446857999981148, 1.124755599987111], "benchmark": [1.1488675000000512, 1.117007900000317, 1.1202434000006178, 1.120255099987844, 1.1144722999888472, 1.1120362000074238, 1.1145857000083197, 1.1302483999897959, 1.1242659999988973, 1.1392995999922277, 1.1116284000017913, 1.108137799994438, 1.1199807000084547, 1.1178063999977894, 1.1220976000040537, 1.1236104999989038, 1.119605900006718, 1.1124835000082385, 1.1223840000020573, 1.1154976000107126, 1.1226663000124972, 1.125233800004935, 1.1219444000016665, 1.1187180999986595, 1.1167340999963926, 1.116493299996364, 1.133989299996756, 1.1153871999995317, 1.1173472999944352, 1.1433165999915218, 1.1192174000025261, 1.11472440000216, 1.145410199998878, 1.1428672000038205, 1.1138292000105139, 1.119249299998046, 1.1364160999946762, 1.119298700010404, 1.177100100001553, 1.1182465000019874, 1.1197848000010708, 1.118432399991434, 1.1418361999967601, 1.1366848000034224, 1.1274361000105273, 1.1389108000003034, 1.1206959999981336, 1.145942399991327, 1.125177399997483, 1.117201600005501, 1.1168529999995371, 1.1123690999957034, 1.1218133999936981, 1.1341384000115795, 1.1189435999986017, 1.1202530000009574, 1.1337830999982543, 1.1126193999953102, 1.1115526999928989, 1.1118528000079095, 1.118630299999495, 1.118328599986853, 1.117140800008201, 1.1180412999965483, 1.1143803000013577, 1.1316919999953825, 1.122402900000452, 1.1125772999948822, 1.1823322999989614, 1.1174132000014652, 1.1169410000002244, 1.1143840000004275, 1.124137000006158, 1.1396386999986134, 1.1194402999972226, 1.1398749000072712, 1.1168270000052871, 1.1362559999979567, 1.1273067000001902, 1.1125811000092654, 1.1230934000050183, 1.1140198999928543, 1.1185168999945745, 1.1192730000038864, 1.117892499998561, 1.1208626000006916, 1.1236809999973048, 1.1171782000019448, 1.1147853000002215, 1.117484800008242, 1.162708100004238, 1.1240032000059728, 1.1191649999964284, 1.1205290000070818, 1.114590600001975, 1.1289515999960713, 1.1214319999999134, 1.1447465999954147, 1.119348300009733, 1.1396096999960719]}, "cpython": {"warmup": [1.1217252999922493, 1.1194329999998445, 1.1782505999872228, 1.1158826000028057, 1.1774889000080293, 1.142809999990277, 1.1189225999987684, 1.1204081000032602, 1.1922587000008207, 1.1198793000075966, 1.1225464000017382, 1.1192474999988917, 1.1316583000007086, 1.1217067999969004, 1.1234035000088625, 1.1167611999990186, 1.1213724999979604, 1.13214390000212, 1.14053089999652, 1.137635599996429, 1.1252547000040067, 1.1272448999952758, 1.1191314000025159, 1.1219883999874583, 1.199649700007285, 1.1297227000031853, 1.1200134999962756, 1.1392550000018673, 1.1246245999936946, 1.11575989999983, 1.129581799992593, 1.126193100004457, 1.1262394999939715, 1.1262358999956632, 1.124911200007773, 1.1318547999981092, 1.124825899998541, 1.116938899998786, 1.1247951999976067, 1.1228302999952575, 1.1273663000029046, 1.141414600002463, 1.1386407999962103, 1.118802400000277, 1.19820760001312, 1.1426695999980439, 1.1232550999993691, 1.1471898999880068, 1.190617200001725, 1.12120340000547, 1.1270750000112457, 1.193257499995525, 1.122416999991401, 1.1304180000006454, 1.1238065999932587, 1.1218078000092646, 1.1178033999894978, 1.1197859000094468, 1.1282413000008091, 1.1242815000005066, 1.1830094000033569, 1.1481855000020005, 1.1312084999954095, 1.135817300004419, 1.1671035000035772, 1.1220593000034569, 1.120426800000132, 1.1296219000068959, 1.1193588000023738, 1.122376900006202, 1.1255684000061592, 1.1251302000018768, 1.1274148000084097, 1.1235382000013487, 1.1166006999992533, 1.122511300010956, 1.1223563000094146, 1.191604699997697, 1.1269610000017565, 1.157071099994937, 1.1188672999996925, 1.1506175999966217, 1.1261972000065725, 1.1288717999996152, 1.119544400004088, 1.1163559000124224, 1.1342663999967044, 1.1209680000029039, 1.1466628000052879, 1.1218520999973407, 1.1265893999952823, 1.1194840999960434, 1.1226568999991287, 1.1203572999947937, 1.1295443999988493, 1.1333424000040395, 1.1263823000044795, 1.2172846000030404, 1.1510055000107968, 1.1272331000072882], "benchmark": [1.151502900000196, 1.1500661000027321, 1.11585180000111, 1.1226741999998922, 1.120436899989727, 1.1270693999977084, 1.119411300009233, 1.150782500000787, 1.1239512999891303, 1.1389262000011513, 1.12356359999103, 1.1241966000088723, 1.1224195000104373, 1.1200692999991588, 1.1335862999985693, 1.1442057999956887, 1.12357750000956, 1.1218360000057146, 1.1243622000038158, 1.137306400007219, 1.1299623000086285, 1.131136099997093, 1.120757800003048, 1.1318547999981092, 1.1271462000004249, 1.123242299989215, 1.1317055999970762, 1.1311787000013283, 1.1226827000064077, 1.1245417000027373, 1.1496409999963362, 1.1322248999931617, 1.1247220000077505, 1.118037499996717, 1.12247539999953, 1.1307019999949262, 1.1180838000000222, 1.1285414999874774, 1.1194714000012027, 1.1294435000017984, 1.1273615999962203, 1.1219306999992114, 1.1928698999981862, 1.1252472000051057, 1.120769700006349, 1.1235185999976238, 1.1346942999953171, 1.1252873000048567, 1.1205215999943903, 1.1257210999901872, 1.1540183000033721, 1.1225923000019975, 1.1680140999960713, 1.1783338000095682, 1.1328435999894282, 1.1653934000059962, 1.1924012999952538, 1.129114600000321, 1.1176335000054678, 1.1304305999947246, 1.1260142999963136, 1.1295326999970712, 1.218082700012019, 1.1224188000051072, 1.1557674999930896, 1.1455207000108203, 1.123165200013318, 1.128105299998424, 1.181205900007626, 1.1207161999918753, 1.1208330999943428, 1.1197217000008095, 1.1908415999932913, 1.1185416000080295, 1.1277267999976175, 1.1637222999997903, 1.1205614999926183, 1.1216353000054369, 1.1165637999947648, 1.124887400001171, 1.119035999989137, 1.1485134999966249, 1.1225983000040287, 1.1204054999980144, 1.123193599996739, 1.205660200008424, 1.14487449999433, 1.1412712999881478, 1.1236350999970455, 1.1263335999974515, 1.1195407000050182, 1.14609379999456, 1.1985354999924311, 1.1241217000060715, 1.1183162999950582, 1.1245961999957217, 1.1186132000002544, 1.133464800004731, 1.1208548000140581, 1.1196303999895463]}}