{"nuitka": {"warmup": [1.3915471999935107, 1.372301299998071, 1.3650491000007605, 1.3741264999989653, 1.3708481000066968, 1.3672220000007655, 1.3683976999891456, 1.3661876999976812, 1.3675796000025002, 1.3728981000022031, 1.3631323000008706, 1.3814179000037257, 1.394474500004435, 1.377402099999017, 1.3883934999903431, 1.3659203999995952, 1.376121500012232, 1.3692245999991428, 1.37205580000591, 1.3784507999953348, 1.3739715999981854, 1.3809051999996882, 1.3860406000021612, 1.3665795999986585, 1.3869733000028646, 1.3702953000029083, 1.3717304000019794, 1.369206999996095, 1.387199300006614, 1.3818914999865228, 1.3868291999970097, 1.365522800013423, 1.3730966000002809, 1.3709373000019696, 1.3684786999947391, 1.3790409000066575, 1.3869151000108104, 1.3692759000114165, 1.3670074999972712, 1.369346100007533, 1.3779257999995025, 1.3742650000058347, 1.3724492000037571, 1.393540099990787, 1.3737650999973994, 1.3676957999996375, 1.3670451000070898, 1.3674896000011358, 1.3879617000056896, 1.3770236000127625, 1.3718978999968385, 1.4131975999916904, 1.3689767999894684, 1.3797351000102935, 1.3917339000036009, 1.3726425999921048, 1.3659678999974858, 1.3863866000028793, 1.3965419000014663, 1.3731107999919914, 1.3734227999957511, 1.3872082000016235, 1.3821362000016961, 1.3699131999892415, 1.3903090999956476, 1.3664061000017682, 1.385313100006897, 1.3628690000041388, 1.3647389999969164, 1.3672928000014508, 1.3819305000070017, 1.3754466000100365, 1.3841131000081077, 1.3817613999999594, 1.3667226000106893, 1.3761039999953937, 1.3765169000107562, 1.3738167000119574, 1.3714145999983884, 1.3756697000062559, 1.3698085000069113, 1.3842768000031356, 1.3742268000059994, 1.3641725000052247, 1.3685320999938995, 1.364234699998633, 1.3677211999893188, 1.3850313000002643, 1.3854493999970146, 1.3755237000004854, 1.364325300004566, 1.373971499997424, 1.3742965000128606, 1.3675558999966597, 1.3641774999996414, 1.3860741999960737, 1.37780250000651, 1.3692428999929689, 1.3663247999938903, 1.3662267000036081], "benchmark": [1.3683228000008967, 1.3664595000009285, 1.374880100003793, 1.375553999998374, 1.3883326000068337, 1.3683117000036873, 1.377670300003956, 1.3661819999979343, 1.3762724999978673, 1.36699929999304, 1.3780410000035772, 1.3667676000040956, 1.382998300003237, 1.3721288999950048, 1.3748399000032805, 1.3690235999965807, 1.3726083999936236, 1.3636283999949228, 1.3751346000062767, 1.3721768999967026, 1.4190614999970421, 1.377957200005767, 1.376738099992508, 1.3899241000035545, 1.3739159999968251, 1.3756984000065131, 1.3692623000097228, 1.3737063000007765, 1.3799409000057494, 1.3636520000000019, 1.3665317999984836, 1.3778664999990724, 1.37629799998831, 1.449727500003064, 1.3948409999866271, 1.3667349000024842, 1.4530965999874752, 1.3887841000105254, 1.4222126000095159, 1.3677054999861866, 1.3736041999945883, 1.3842278999945847, 1.367026599997189, 1.3747842000011588, 1.3901083999953698, 1.3689916000002995, 1.4283400999993319, 1.3667813000065507, 1.3756375999946613, 2.6698255999945104, 1.3719459000130882, 1.3974145000101998, 1.369627699998091, 1.3793416999978945, 1.382956400004332, 1.3860310000018217, 1.376187799993204, 4.422953300003428, 1.3702919999923324, 1.3662871999986237, 1.3747413999954006, 1.4039545000123326, 1.3847891999903368, 1.3710279999941122, 1.3899896000075387, 1.375523399998201, 1.3742835000011837, 1.3691887000022689, 1.3914560999983223, 1.3835814999911236, 1.3829095999972196, 1.3729897000011988, 1.3685597000003327, 1.371002200001385, 1.3809363000036683, 1.365820100007113, 1.3743299999914598, 1.3680540999921504, 1.384630999993533, 1.371390899992548, 1.3773571000056108, 1.3711831999971764, 1.3780141000024742, 1.3881177000002936, 1.3741116999881342, 1.3623157999973046, 1.3658270000014454, 1.3837103999976534, 1.3901460000051884, 1.368964799999958, 1.3650172999914503, 1.3779439999925671, 1.3837425999954576, 1.3735738999966998, 1.3706596000120044, 1.3694875999935903, 1.3708462000067811, 1.3798977000114974, 1.370249600004172, 1.4344790000031935]}, "cpython": {"warmup": [1.3893224999919767, 1.4020066000084626, 1.39064439998765, 1.386411200001021, 1.3859518000099342, 1.3878695000021253, 1.4065504000027431, 1.3865708999946946, 1.3838026000012178, 1.3993748000066262, 1.4056278999923961, 1.3898388000088744, 1.4186874000006355, 1.3867065000085859, 1.3876560000062454, 1.3883308000076795, 1.3980218000069726, 1.3925815999973565, 1.3860616000019945, 1.3861692000064068, 1.385651999997208, 1.3826854999933857, 1.392362200000207, 1.386545000001206, 1.383525199998985, 1.4041002000012668, 1.3855544999969425, 1.3842436999984784, 1.4025557000131812, 1.392790400001104, 1.3985379000077955, 1.3871729999955278, 1.413109600005555, 1.3885145999956876, 1.3962239000102272, 1.4131081999948947, 1.3950350999948569, 1.3870585000113351, 1.3847501999989618, 1.4359504999883939, 1.3939199000014924, 1.3866960999876028, 1.3979678000032436, 1.3864809999940917, 1.3882597000047099, 1.3896932000061497, 1.3852887999964878, 1.386452399994596, 1.3868244000041159, 1.3848716000065906, 1.3949360999977216, 1.4207853999978397, 1.3899324999947567, 1.3873017000005348, 1.3894767999881878, 1.3942740000056801, 1.3859701000037603, 1.391941299996688, 1.3874996999948053, 1.3834982000116725, 1.3925559999916004, 1.3866087999922456, 1.3881111000082456, 1.3824165999976685, 1.3881907000031788, 1.393596299996716, 1.3839930000103777, 1.392221599991899, 1.395118200001889, 1.4101675000129035, 1.396888499992201, 1.394314499993925, 1.3887714000011329, 1.3909583000058774, 1.3924894999945536, 1.3876692000048934, 1.3873915000003763, 1.4036827999952948, 1.390697499999078, 1.3887219000025652, 1.3846441000059713, 1.393427499991958, 1.3907240999978967, 1.4010180000041146, 1.3841721000062535, 1.4009741000045324, 1.3882268000015756, 1.3856449000013527, 1.389654699989478, 1.3984334000124363, 1.402015500003472, 1.38165840000147, 1.3963158999977168, 1.4012058000080287, 1.383785900005023, 1.3848838999983855, 1.3853334000014002, 1.384404700002051, 1.393454599994584, 1.3952454999962356], "benchmark": [1.387385699999868, 1.3917362999927718, 1.3935050000000047, 1.388162099989131, 1.3918914000096265, 1.3901507999980822, 1.3983252000034554, 1.4098775999882491, 1.3963782000064384, 1.3908243999903789, 1.3875751000014134, 1.3918695000029402, 1.391424499990535, 1.3969846999971196, 1.3880195999954594, 1.3870214000053238, 1.3865173999947729, 1.3916502999927616, 1.3927442999993218, 1.3890897999954177, 1.383743600003072, 1.3888388000050327, 1.3830940000043483, 1.393545599989011, 1.3968535000021802, 1.3849460000055842, 1.3887940999993589, 1.3969647000049008, 1.3972987000015564, 1.3873902000050293, 1.402501000004122, 1.4005747999908635, 1.3856193000101484, 1.3857581000047503, 1.3949761999974726, 1.3979087000043364, 1.386549399991054, 1.3926264999900013, 1.3820089000073494, 1.3960013000032632, 1.3953285000025062, 1.3833653000037884, 1.3876555000024382, 1.386056000003009, 1.3994479999964824, 1.3815562999952817, 1.39220970000315, 1.3878478999977233, 1.39789560000645, 1.3963356000022031, 1.4015369999979157, 1.385936300008325, 1.406903399998555, 1.3868973000062397, 1.393310500003281, 1.3957271000108449, 1.3969730000098934, 1.402967300004093, 1.385889600001974, 1.3992731000034837, 1.3877549000026193, 1.3925923999922816, 1.381945999994059, 1.3829833999916445, 1.3899909000028856, 1.3918768000003183, 1.3938960999948904, 1.3992150999984005, 1.3937728000018978, 1.38520969999081, 1.4224284000083571, 1.391998600010993, 1.3963061999966158, 1.394067699991865, 1.3849410000111675, 1.3878822999977274, 1.4000099999975646, 1.391994200006593, 1.3982250000117347, 1.3844165000045905, 1.3855378000007477, 1.3917336000013165, 1.380723800000851, 1.3840847000101348, 1.3914345000084722, 1.3887953000084963, 1.3943265999987489, 1.3908206000050995, 1.3891005000041332, 1.38384359999327, 1.40069150000636, 1.4016588000085903, 1.3872683999943547, 1.3917212999949697, 1.3890098999982001, 1.3864601999957813, 1.3875665999948978, 1.384201499997289, 1.3893969999917317, 1.3820131000102265]}}