{"nuitka": {"warmup": [1.8857599000039045, 1.827982399991015, 1.832273800013354, 1.8098472999990918, 1.782754700005171, 1.7491143000079319, 1.7660831000102917, 1.7805281000037212, 1.7489198999974178, 1.7413459999952465, 1.779934799997136, 1.8221496000041952, 1.7625313000025926, 1.8133378999918932, 1.7932045000052312, 1.7608120000077179, 1.778976599991438, 1.7877017999999225, 1.7687527000089176, 1.7834823000011966, 1.7973147999873618, 1.7790990000066813, 1.7885871999897063, 1.761965700003202, 1.8693759000016144, 1.8054647999961162, 1.8041044999990845, 1.8827864000049885, 1.7666864999919198, 1.8766868999955477, 1.7547401000047103, 1.7554437999933725, 1.8450815999967745, 1.7973247999907471, 1.8141269000043394, 1.7817727999936324, 1.7599095000041416, 1.7936121999955503, 1.809600100008538, 1.78924189999816, 1.8459537000017008, 1.7958595999953104, 1.7697403999918606, 1.8288039000035496, 1.8338882000098238, 1.8322030999988783, 1.9149240999977337, 1.7698721000051592, 1.8041447999858065, 1.8440331000019796, 1.7688988000008976, 1.80009710000013, 1.7799119999981485, 1.8351584999909392, 1.8701301999972202, 1.7677941999863833, 1.8149330000014743, 1.7592872000095667, 1.8486425000010058, 1.7693564999935916, 1.781137600002694, 1.7876860999967903, 1.7540752000059001, 1.7523174000089057, 1.773619300001883, 1.7974344999965979, 1.8120552999898791, 1.7814376000023913, 1.778245199995581, 1.8013245000038296, 1.780914599992684, 1.8118176000134554, 1.757217300008051, 1.766950299992459, 1.7749347000062698, 1.7454946999932872, 1.8001386000105413, 1.7523841000074754, 1.7654264000011608, 1.761176100000739, 1.7742647000122815, 1.7968698000040604, 1.7950927000056254, 1.7621619000128703, 1.7710382999939611, 1.7564663999946788, 1.7837789000041084, 1.7397190000046976, 1.8212440999923274, 1.8054161999898497, 1.7587478999921586, 1.8031044999952428, 1.7717797999939648, 1.7946401999943191, 1.78073920001043, 1.7939096000045538, 1.7793201000022236, 1.8120771999965655, 1.8071215999952983, 1.783933500002604], "benchmark": [1.780272200005129, 1.803398299991386, 1.7718004999915138, 1.7698078999965219, 1.7574240999965696, 1.773703899991233, 1.8302108000061708, 1.808087000012165, 1.760854099993594, 1.7485759000119288, 1.7565895000007004, 1.7582631999976002, 1.8008173999987775, 1.756762000004528, 1.7701309000112815, 1.8022547000000486, 1.8295328999956837, 1.8381745999940904, 1.7848204000038095, 1.7947945000050822, 1.745602399998461, 1.7463297999929637, 1.8198846000013873, 1.801261800006614, 1.7773500999901444, 1.788085600011982, 1.7479759999987436, 1.877435099988361, 1.8059490000014193, 1.7711527000064962, 1.7483760000031907, 1.737396099997568, 1.7698310999985551, 1.8089340000005905, 1.8106988999934401, 1.786528199998429, 1.7978172000002814, 1.7686959999991814, 1.7803636000026017, 1.7617561999941245, 1.8824473999993643, 1.750539700005902, 1.8340577999915695, 1.802534000002197, 1.8006408000073861, 1.794069399998989, 1.843202799995197, 1.744567100002314, 1.8004513000050792, 1.8303047999943374, 1.7577504999935627, 1.8186549999954877, 1.7376547000021674, 1.780769599994528, 1.7813373999961186, 1.7612916000070982, 1.7709495000017341, 1.8282617000077153, 1.7930089000001317, 1.7434764000063296, 1.771953300005407, 1.7732172999967588, 1.7604029000067385, 1.8767641999875195, 1.7600474000064423, 1.776184899994405, 1.7443569000024581, 1.7708014999952866, 1.748998399998527, 1.781537999995635, 1.8158783999970183, 1.7479007999936584, 1.7578746000071988, 1.8214086999942083, 1.7785521000041626, 1.7898050999938278, 1.7753297000017483, 1.7717116999992868, 1.7852539000014076, 1.8237756000016816, 1.7463656999898376, 1.8025025999959325, 1.8289357000030577, 1.7697354999982053, 1.7602154999913182, 1.815165199994226, 1.7471610000065994, 1.8707654000027105, 1.8178618999954779, 1.7407980999996653, 1.7407144000026165, 1.7701843000104418, 1.808022199998959, 1.834007900004508, 1.796800299998722, 1.8078054000070551, 1.7943565000023227, 1.7944443000014871, 1.8128286999999546, 1.7544420000049286]}, "cpython": {"warmup": [2.2487416000076337, 2.2361860999953933, 2.318237500003306, 2.302051999999094, 2.305476699999417, 2.334277899994049, 2.2399223999964306, 2.335899199999403, 2.3306527999957325, 2.237449200008996, 2.283177200006321, 2.2745712000032654, 2.3067154999880586, 2.271965799998725, 2.309818499998073, 2.291041899996344, 2.3471875000104774, 2.2331667999969795, 2.268339100002777, 2.2379123999999138, 2.2708511000091676, 2.265830600008485, 2.2298592000006465, 2.3123495999898296, 2.2900419999932637, 2.3012637000065297, 2.2925918999972055, 2.3308995999977924, 2.2318305000080727, 2.2525546999968356, 2.2518799000099534, 2.283770400012145, 2.267851199998404, 2.2643981000001077, 2.337979699994321, 2.2941877999983262, 2.3433493000047747, 2.2395546000043396, 2.2855356999934884, 2.272345999997924, 2.295767000003252, 2.350694199994905, 2.2514297000016086, 2.299472099999548, 2.235824000003049, 2.3563254999899073, 2.223414899999625, 2.321940800000448, 2.2308720000000903, 2.2680919999984326, 2.3078811000013957, 2.2617227000009734, 2.2495570000028238, 2.273154099995736, 2.2704416000051424, 2.256131899994216, 2.37056009999651, 2.2652529000042705, 2.2455068999988725, 2.228572799998801, 2.2831711000035284, 2.2752045999950496, 2.2714902000006987, 2.282449699996505, 2.273422500002198, 2.2256518000067445, 2.328561599992099, 2.263056099996902, 2.245257500006119, 2.287982900001225, 2.2374467000045115, 2.2851273999986006, 2.2760816999943927, 2.2226988000038546, 2.2837083999911556, 2.2995191999943927, 2.25051660000463, 2.315123799999128, 2.226542699994752, 2.2668376000074204, 2.2460396000096807, 2.2343312000011792, 2.222564199997578, 2.2384137000044575, 2.2324115999945207, 2.319205599997076, 2.30170559999533, 2.2670486999995774, 2.279196100003901, 2.2929598999908194, 2.2512418999976944, 2.297066300001461, 2.263257899991004, 2.285917500004871, 2.254398399993079, 2.2492144999996526, 2.3471306999999797, 2.267796299987822, 2.302208699999028, 2.2714495999971405], "benchmark": [2.232405300004757, 2.2472126000066055, 2.315880800000741, 2.2601848999911454, 2.332964700006414, 2.274077699999907, 2.2481673000002047, 2.238093799998751, 2.2792753000103403, 2.2481406000006245, 2.2424548999988474, 2.315087199996924, 2.2716068000008818, 2.3071923999959836, 2.3059431000001496, 2.302812800000538, 2.2392663000064204, 2.247254999994766, 2.293921300006332, 2.3471436999971047, 2.2773663999978453, 2.2364696999866283, 2.3358427999919513, 2.2974293000006583, 2.2965311000007205, 2.225407099991571, 2.371381899996777, 2.2916922999866074, 2.2769461999996565, 2.3163950000016484, 2.24370479999925, 2.2429808999877423, 2.234949699995923, 2.2642087999993237, 2.2823157999955583, 2.300284400000237, 2.2955220000003465, 2.2360975999908987, 2.294422699997085, 2.2306035999936284, 2.27693089999957, 2.271354700002121, 2.248531200006255, 2.2446856000024127, 2.243676099998993, 2.280467899996438, 2.2688293999963207, 2.2676210000063293, 2.271184600002016, 2.272576300005312, 2.2389514000096824, 2.274995499989018, 2.3077176999941003, 2.2279993999982253, 2.2720478999981424, 2.2410761999926763, 2.3014383999980055, 2.3747531000117306, 2.2285184000065783, 2.3041580999997677, 2.2915598999970825, 2.2854965000005905, 2.342411899997387, 2.2853264000004856, 2.293298999997205, 2.287934599997243, 2.253676699998323, 2.302898499998264, 2.241420099991956, 2.3900528000085615, 2.2698715000005905, 2.2770717999956105, 2.2619075999973575, 2.2415561999951024, 2.251708800002234, 2.2634637000010116, 2.2562390999955824, 2.338577200003783, 2.2409972000023117, 2.3269584999943618, 2.2821317999914754, 2.265263799999957, 2.227717899993877, 2.3229552999982843, 2.2233431999920867, 2.2893421000044327, 2.255185400004848, 2.34000539999397, 2.2452826000080677, 2.257094299988239, 2.3123371000110637, 2.2393184000102337, 2.260979099999531, 2.232356200009235, 2.227084600002854, 2.2769860999978846, 2.2500100000033854, 2.3263734000065597, 2.2452475000027334, 2.3102757000015117]}}