{"nuitka": {"warmup": [1.2093395999982022, 1.1861905000114348, 1.1862929000053555, 1.1812275999982376, 1.1990831999864895, 1.1915422000165563, 1.2051894000032917, 1.2036213999963365, 1.1978551999782212, 1.1867880999925546, 1.1818298999860417, 1.199812100006966, 1.2043237000179943, 1.19221340000513, 1.1862443999852985, 1.2066961000091396, 1.2097923000110313, 1.1925679999985732, 1.1884329000022262, 1.1897020999749657, 1.2059504000062589, 1.178797200002009, 1.182027000002563, 1.202007899992168, 1.1938808000122663, 1.191599200014025, 1.185385300021153, 1.1787720999855082, 1.1954903000150807, 1.2015108999912627, 1.1786289000010584, 1.207566900004167, 1.181747800001176, 1.184836100001121, 1.1889681000029668, 1.1812283000035677, 1.1946087999967858, 1.1892396000039298, 1.185440400004154, 1.1789455000252929, 1.1981726000085473, 1.188092800002778, 1.1890473999956157, 1.202667499979725, 1.1879972000024281, 1.216351900016889, 1.180704300000798, 1.1889858999929857, 1.1855115999933332, 1.207194700022228, 1.1962597999954596, 1.199335900018923, 1.185884399979841, 1.1880751000135206, 1.1767765999829862, 1.1829735000210349, 1.175381999986712, 1.2062020999728702, 1.180452000000514, 1.1827901000215206, 1.1884998000168707, 1.186792799999239, 1.1921455999836326, 1.189925700018648, 1.1890773999912199, 1.1817811999935657, 1.1878331000043545, 1.1814846999768633, 1.1972400000086054, 1.1939608000102453, 1.1882801000028849, 1.1858108000014909, 1.1948245000094175, 1.212085000006482, 1.1810622999910265, 1.1877398999931756, 1.194037200009916, 1.205621200002497, 1.192754399991827, 1.1941485999850556, 1.1820876999991015, 1.19687229997362, 1.2001641999813728, 1.1962453000014648, 1.18639020001865, 1.1867615999944974, 1.1898841999936849, 1.18351669999538, 1.1889439999940805, 1.1818717000132892, 1.1886417999921832, 1.1857958000036888, 1.2084304000018165, 1.1951461000135168, 1.2050118999904953, 1.184861199988518, 1.187776800012216, 1.1818550000025425, 1.1997160000028089, 1.1817946000082884], "benchmark": [1.1919338000006974, 1.1979499000008218, 1.1812159000255633, 1.1844929000071716, 1.2200972999853548, 1.1919533000036608, 1.1928921999933664, 1.1788218000147026, 1.1891799000150058, 1.1977119999937713, 1.1913780999893788, 1.2079611000081059, 1.1868504000012763, 1.181543300015619, 1.1907475999905728, 1.1889383999805432, 1.198526500025764, 1.1851973000157159, 1.2116618000145536, 1.1926433000189718, 1.1981326000241097, 1.1813495999958832, 1.220002200017916, 1.1921125999942888, 1.190087399998447, 1.1813524999888614, 1.1854902999766637, 1.1833083999808878, 1.1809238999849185, 1.1936255999899004, 1.183081899973331, 1.1994017000251915, 1.1857104999944568, 1.1848913000139873, 1.2098235999874305, 1.190178399992874, 1.1845573999744374, 1.1888533999735955, 1.188803299999563, 1.2003469000046607, 1.1879075000179, 1.211256799986586, 1.1939286999986507, 1.1942613999999594, 1.1954475999809802, 1.1880093999789096, 1.1892852000019047, 1.1900950999988709, 1.1821396999876015, 1.1847459000127856, 1.1914057999965735, 1.1942273000022396, 1.1869470000092406, 1.1743467999913264, 1.184285600000294, 1.1855285000056028, 1.1918765000009444, 1.1926049999892712, 1.1922899000055622, 1.2126244999817573, 1.2128926000150386, 1.1974515999900177, 1.182300300017232, 1.206572299997788, 1.2015480999834836, 1.1928900000057183, 1.1892472000035923, 1.178815899998881, 1.1800638000131585, 1.1887528000224847, 1.1874662000045646, 1.1922521000087727, 1.2004673999908846, 1.1972401000093669, 1.1793808999937028, 1.1854132000007667, 1.1829370000050403, 1.1883260000031441, 1.1911369000154082, 1.1848378000140656, 1.1781760000158101, 1.1820647999993525, 1.1817554000008386, 1.1842802000173833, 1.1891341999871656, 1.1836732999945525, 1.18976570002269, 1.1974999000085518, 1.2083930999797303, 1.1841362999984995, 1.1813922000001185, 1.1793883999926038, 1.1827122000104282, 1.1869483000191394, 1.1781589999736752, 1.1905367999861483, 1.187279200006742, 1.1781473999726586, 1.1828411999740638, 1.1858386999811046]}, "cpython": {"warmup": [1.2145679999957792, 1.2143829999840818, 1.2193350000015926, 1.2174126000027172, 1.2070171000086702, 1.2115056000184268, 1.2023087000125088, 1.2212274000048637, 1.2237651000032201, 1.2212067999935243, 1.2209798000112642, 1.2110784999968018, 1.221752200013725, 1.205042899993714, 1.2254625000059605, 1.2099139000056311, 1.2048893999890424, 1.2050713000062387, 1.2339941000100225, 1.2154882999893744, 1.2061001000110991, 1.2054751999967266, 1.2063632999779657, 1.2160343999858014, 1.2130785000044852, 1.2147144000045955, 1.2090323000156786, 1.2091289999953005, 1.2215164999943227, 1.2314962999953423, 1.2136547999980394, 1.2152461000077892, 1.2064523000153713, 1.2108138999901712, 1.2106620999984443, 1.2072619999817107, 1.204790799994953, 1.2137025000120047, 1.2162763000233099, 1.2283649000164587, 1.207233199995244, 1.2126864999881946, 1.2116918000101577, 1.2188836999994237, 1.2031141000043135, 1.2221721000096295, 1.2137100000109058, 1.2127824000199325, 1.2081471999990754, 1.213375499995891, 1.2183190999785438, 1.207859499991173, 1.2133372999960557, 1.2231697000097483, 1.206953999993857, 1.220144100021571, 1.2119579999998678, 1.2159818000218365, 1.2168387999990955, 1.2283712000062224, 1.2290659999998752, 1.216857399995206, 1.2119553000084125, 1.222922799992375, 1.2283646000141744, 1.2157744000141975, 1.2031525000056718, 1.220422000013059, 1.2045271999959368, 1.2045227999915369, 1.2130065000092145, 1.2349686000088695, 1.2421924000082072, 1.214724000019487, 1.2048780999903101, 1.2092264000093564, 1.2114690000016708, 1.2177458999794908, 1.2144323000102304, 1.220054400007939, 1.2194486999942455, 1.2187058000126854, 1.2112950999871828, 1.2216684000159148, 1.2117793000070378, 1.2115696999826469, 1.2075252000067849, 1.215462899999693, 1.2123129999963567, 1.2091221000009682, 1.2334257999900728, 1.2478683000081219, 1.2146673999959603, 1.216811599995708, 1.2267067999928258, 1.2334907000185922, 1.2133929000119679, 1.2135465999890584, 1.2311247999896295, 1.2121094000176527], "benchmark": [1.2295168999989983, 1.207145299995318, 1.2123671000008471, 1.2039785999804735, 1.2128358999907505, 1.222670899995137, 1.2276490000076592, 1.2191844999906607, 1.201909000024898, 1.2093718000105582, 1.2130686999880709, 1.213926900003571, 1.2105234000191558, 1.2035614999767859, 1.2083617000025697, 1.2363150999881327, 1.2506203000084497, 1.19829000000027, 1.2107305999961682, 1.1989997000200674, 1.1947129000036512, 1.2031258000060916, 1.218038199993316, 1.2004096999880858, 1.212603299994953, 1.226761700003408, 1.2150567000207957, 1.2070666999788955, 1.2258367999747861, 1.2152022999944165, 1.2010405999899376, 1.23355299999821, 1.2150319000065792, 1.2305931999871973, 1.2391195000091102, 1.2213759000005666, 1.2027866000134964, 1.2139662000117823, 1.1992210999887902, 1.2267583000066224, 1.2664043999975547, 1.1991479999851435, 1.2015383999969345, 1.2157065999927, 1.2272861000092234, 1.2304226999985985, 1.2135326999996323, 1.2053339999984019, 1.2053671999892686, 1.229466200020397, 1.211849399987841, 1.218022099987138, 1.206438099994557, 1.2150140999874566, 1.2251814000192098, 1.205314199993154, 1.2121173999912571, 1.2045783000066876, 1.2083389000035822, 1.2002324000059161, 1.2119888000015635, 1.2644826999749057, 1.2337832000048365, 1.210710299987113, 1.2190389000170399, 1.2143820000055712, 1.2104058999975678, 1.2160531000117771, 1.2071526999934576, 1.2178648999833968, 1.203288499993505, 1.2203565000090748, 1.2224338999949396, 1.212133699998958, 1.1986139999935403, 1.2040386000007857, 1.2046200999757275, 1.2238111000042409, 1.2101373999903444, 1.326206399971852, 1.2242951999942306, 1.2251224000065122, 1.220565900002839, 1.2225318999844603, 1.2236483999877237, 1.204834000003757, 1.2085588999907486, 1.2129799000103958, 1.2353023999894504, 1.2101018000103068, 1.221557800017763, 1.203516799985664, 1.2079832000017632, 1.2045741000038106, 1.2176619000092614, 1.2265444999793544, 1.2283651999896392, 1.2110388000146486, 1.2177926000149455, 1.197950400004629]}}